gamma,competitor_index,classification,re_phi_m,im_phi_m,im_mod_abs,full_conv2_exponent,lambda_exact_interp,abs_gap_to_exact,signed_re_gap_vs_seed,z_distance_from_seed,physically_feasible,impossible_if_physical,strict_exact_match,loose_exact_match,near_real_phase,high_re_bad_match
-0.3,0,physical_feasible_but_not_explanatory,-0.05028420162654845,0.12343690899690224,0.12343690899690207,-0.7398935766265484,-0.5576450530090665,0.1822485236174819,-0.18880818701077995,1.803911850571737,True,False,False,False,False,False
-0.3,1,physical_feasible_but_not_explanatory,-1.4727113546722297,-0.6184641283317323,0.6184641283317323,-2.1623207296722295,-0.5576450530090665,1.6046756766631631,-1.6112353400564612,3.618057924825923,True,False,False,False,False,False
-0.3,2,physical_feasible_but_not_explanatory,-0.21697053618019901,0.09126187085995839,0.09126187085995818,-0.906579911180199,-0.5576450530090665,0.34893485817113246,-0.3554945215644305,2.0727566603037486,True,False,False,False,False,False
-0.3,3,physical_feasible_but_not_explanatory,0.019856198152791937,0.5096497137034777,0.5096497137034777,-0.669753176847208,-0.5576450530090665,0.1121081238381415,-0.11866778723143956,3.223678782948449,True,False,False,False,False,False
-0.3,4,physical_feasible_but_not_explanatory,-1.6640021305806205,-0.4727257839207475,0.4727257839207475,-2.3536115055806204,-0.5576450530090665,1.795966452571554,-1.802526115964852,3.927078924198981,True,False,False,False,False,False
-0.3,5,physical_feasible_but_not_explanatory,-1.2815373512800794,5.617958685145593,0.6652266220339929,-1.9711467262800793,-0.5576450530090665,1.4135016732710128,-1.420061336664311,4.050214185346387,True,False,False,False,False,False
-0.3,6,physical_feasible_but_not_explanatory,-1.0442719024989664,0.5423778482750052,0.542377848275005,-1.7338812774989663,-0.5576450530090665,1.1762362244898998,-1.182795887883198,3.047768986583716,True,False,False,False,False,False
-0.3,7,physical_feasible_but_not_explanatory,-0.21697053618020035,-0.09126187085995906,0.09126187085995907,-0.9065799111802003,-0.5576450530090665,0.3489348581711338,-0.35549452156443184,2.0727566603037433,True,False,False,False,False,False
-0.3,8,physical_feasible_but_not_explanatory,-0.050284201626546454,-0.1234369089969015,0.12343690899690163,-0.7398935766265464,-0.5576450530090665,0.1822485236174799,-0.18880818701077795,1.8039118505717027,True,False,False,False,False,False
-0.3,9,physical_feasible_but_not_explanatory,-1.2815373512800816,-5.617958685145594,0.665226622033992,-1.9711467262800815,-0.5576450530090665,1.413501673271015,-1.4200613366643131,4.050214185346376,True,False,False,False,False,False
-0.3,10,physical_feasible_but_not_explanatory,-1.4727113546722328,0.6184641283317327,0.6184641283317327,-2.1623207296722327,-0.5576450530090665,1.6046756766631662,-1.6112353400564643,3.6180579248259193,True,False,False,False,False,False
-0.3,11,physical_feasible_but_not_explanatory,-4.859935511918897,-4.047680392330644,2.235504914848942,-5.549544886918897,-0.5576450530090665,4.99189983390983,-4.998459497303128,3.0232005974256304,True,False,False,False,False,False
-0.3,12,physical_feasible_but_not_explanatory,-3.655902645762735,4.402224186450895,1.8809611207286911,-4.345512020762735,-0.5576450530090665,3.7878669677536685,-3.7944266311469663,3.9113573498828025,True,False,False,False,False,False
-0.3,13,physical_feasible_but_not_explanatory,-1.0391978759393807,-0.7535596368772541,0.7535596368772541,-1.7288072509393806,-0.5576450530090665,1.1711621979303142,-1.1777218613236122,2.8217764609223113,True,False,False,False,False,False
-0.3,14,physical_feasible_but_not_explanatory,-0.7600747048598822,0.9980320476298539,0.9980320476298541,-1.4496840798598822,-0.5576450530090665,0.8920390268508157,-0.8985986902441137,2.918626226699035,True,False,False,False,False,False
-0.3,15,physical_feasible_but_not_explanatory,-3.6559026457627333,-4.402224186450894,1.880961120728692,-4.345512020762733,-0.5576450530090665,3.7878669677536667,-3.7944266311469645,3.9113573498827994,True,False,False,False,False,False
-0.3,16,physical_feasible_but_not_explanatory,0.06033836350568422,-1.848367523984793,1.848367523984793,-0.6292710114943157,-0.5576450530090665,0.07162595848524922,-0.07818562187854727,3.9721253342155527,True,False,False,False,False,False
-0.3,17,physical_feasible_but_not_explanatory,-2.004271310686775,1.7318864653617165,1.7318864653617165,-2.693880685686775,-0.5576450530090665,2.1362356326777086,-2.1427952960710064,3.130747896863663,True,False,False,False,False,False
-0.3,18,physical_feasible_but_not_explanatory,-1.6640021305806196,0.47272578392074616,0.47272578392074616,-2.3536115055806195,-0.5576450530090665,1.795966452571553,-1.8025261159648511,3.9270789241989816,True,False,False,False,False,False
-0.3,19,physical_feasible_but_not_explanatory,-3.5002617406832277,4.469735451898925,1.8134498552806608,-4.189871115683228,-0.5576450530090665,3.632226062674161,-3.638785726067459,4.510850380445036,True,False,False,False,False,False
-0.3,20,physical_feasible_but_not_explanatory,-2.153397522440601,0.4643528539108905,0.4643528539108903,-2.843006897440601,-0.5576450530090665,2.2853618444315345,-2.2919215078248323,3.72183682704637,True,False,False,False,False,False
-0.3,21,physical_feasible_but_not_explanatory,-0.18228775980290568,0.6547348659451288,0.6547348659451289,-0.8718971348029056,-0.5576450530090665,0.3142520817938391,-0.3208117451871372,4.242216504734186,True,False,False,False,False,False
-0.3,22,physical_feasible_but_not_explanatory,-4.682736063335611,-2.263139195672802,2.263139195672802,-5.372345438335611,-0.5576450530090665,4.814700385326544,-4.821260048719842,4.448196389515595,True,False,False,False,False,False
-0.3,23,physical_feasible_but_not_explanatory,0.019856198152792492,-0.5096497137034783,0.5096497137034781,-0.6697531768472075,-0.5576450530090665,0.11210812383814095,-0.118667787231439,3.223678782948443,True,False,False,False,False,False
-0.3,24,physical_feasible_but_not_explanatory,-1.0391978759393812,0.7535596368772549,0.753559636877255,-1.728807250939381,-0.5576450530090665,1.1711621979303146,-1.1777218613236127,2.8217764609223117,True,False,False,False,False,False
-0.3,25,physical_feasible_but_not_explanatory,-2.4759212119270892,1.2479211336988445,1.2479211336988447,-3.165530586927089,-0.5576450530090665,2.6078855339180227,-2.614445197311321,3.5862341165735705,True,False,False,False,False,False
-0.3,26,physical_feasible_but_not_explanatory,-2.439851342081379,-1.4746022759729462,1.4746022759729462,-3.129460717081379,-0.5576450530090665,2.5718156640723127,-2.5783753274656105,4.866462881113097,True,False,False,False,False,False
-0.3,27,physical_feasible_but_not_explanatory,-3.500261740683229,-4.469735451898925,1.8134498552806608,-4.189871115683229,-0.5576450530090665,3.632226062674163,-3.6387857260674608,4.510850380445005,True,False,False,False,False,False
-0.3,28,physical_feasible_but_not_explanatory,-2.4759212119270924,-1.2479211336988447,1.2479211336988447,-3.165530586927092,-0.5576450530090665,2.607885533918026,-2.6144451973113236,3.5862341165735954,True,False,False,False,False,False
-0.3,29,physical_feasible_but_not_explanatory,-0.5791834064913042,-1.1188255929408697,1.11882559294087,-1.268792781491304,-0.5576450530090665,0.7111477284822375,-0.7177073918755357,3.1883404560697453,True,False,False,False,False,False
-0.3,30,physical_feasible_but_not_explanatory,-2.3346199587209058,1.3617500656891384,1.3617500656891384,-3.0242293337209056,-0.5576450530090665,2.466584280711839,-2.4731439441051375,3.5338986544115545,True,False,False,False,False,False
-0.3,31,physical_feasible_but_not_explanatory,-4.354414317662723,-1.1144524582733744,1.1144524582733744,-5.044023692662723,-0.5576450530090665,4.4863786396536565,-4.492938303046954,3.1930844202093556,True,False,False,False,False,False
-0.3,32,physical_feasible_but_not_explanatory,-6.848636881573109,3.161107765474301,3.122077541705285,-7.5382462565731085,-0.5576450530090665,6.980601203564042,-6.98716086695734,6.087934165304546,True,False,False,False,False,False
-0.3,33,physical_feasible_but_not_explanatory,-0.06540390563643383,-1.0518828045329327,1.0518828045329327,-0.7550132806364338,-0.5576450530090665,0.19736822762736728,-0.20392789102066533,3.8118071737503993,True,False,False,False,False,False
-0.3,34,physical_feasible_but_not_explanatory,0.5427990564699808,-0.019049299294936928,0.01904929929493715,-0.14681031853001913,-0.5576450530090665,0.4108347344790474,0.40427507108574934,4.487601850128448,True,False,False,False,True,True
-0.3,35,physical_feasible_but_not_explanatory,0.6562697158672415,-0.6884877984205588,0.6884877984205588,-0.03333965913275849,-0.5576450530090665,0.524305393876308,0.51774573048301,3.2923364469305416,True,False,False,False,False,True
-0.3,36,physical_feasible_but_not_explanatory,-4.739389584784527,2.114112102396416,2.1141121023964153,-5.4289989597845265,-0.5576450530090665,4.87135390677546,-4.877913570168758,3.8165305005538617,True,False,False,False,False,False
-0.3,37,physical_feasible_but_not_explanatory,-0.822086743301,-1.5206665637998837,1.5206665637998837,-1.5116961183009998,-0.5576450530090665,0.9540510652919333,-0.9606107286852315,32.70431500824402,True,False,False,False,False,False
-0.3,38,physical_feasible_but_not_explanatory,-0.7600747048598825,-0.998032047629853,0.9980320476298532,-1.4496840798598825,-0.5576450530090665,0.8920390268508159,-0.898598690244114,2.9186262266990357,True,False,False,False,False,False
-0.3,39,physical_feasible_but_not_explanatory,-2.805663918592215,-1.0983013578567313,1.098301357856731,-3.495273293592215,-0.5576450530090665,2.9376282405831486,-2.944187903976447,3.714029058162558,True,False,False,False,False,False
-0.3,40,physical_feasible_but_not_explanatory,-0.5791834064913035,1.1188255929408697,1.11882559294087,-1.2687927814913036,-0.5576450530090665,0.7111477284822371,-0.717707391875535,3.1883404560697466,True,False,False,False,False,False
-0.3,41,physical_feasible_but_not_explanatory,-0.18228775980290834,-0.6547348659451266,0.6547348659451266,-0.8718971348029083,-0.5576450530090665,0.3142520817938418,-0.32081174518713984,4.242216504734182,True,False,False,False,False,False
-0.3,42,physical_feasible_but_not_explanatory,-1.9396012109200513,-0.5363396153119662,0.5363396153119662,-2.629210585920051,-0.5576450530090665,2.0715655329109848,-2.078125196304283,3.5277558028390357,True,False,False,False,False,False
-0.3,43,physical_feasible_but_not_explanatory,-4.859935511918897,4.047680392330643,2.235504914848943,-5.549544886918897,-0.5576450530090665,4.99189983390983,-4.998459497303128,3.0232005974256597,True,False,False,False,False,False
-0.3,44,algebraic_only_positive_full,2.981199214591655,5.234991102414692,1.0481942047648936,2.291589839591655,-0.5576450530090665,2.8492348926007214,2.8426752292074235,5.801296884657777,False,True,False,False,False,True
-0.3,45,physical_feasible_but_not_explanatory,-4.189782838816269,0.037935916352809684,0.037935916352809684,-4.879392213816269,-0.5576450530090665,4.3217471608072024,-4.3283068242005,4.123136601648208,True,False,False,False,True,False
-0.3,46,physical_feasible_but_not_explanatory,-1.4779992275297036,-0.1707900091368244,0.1707900091368244,-2.1676086025297034,-0.5576450530090665,1.609963549520637,-1.616523212913935,4.952552587926573,True,False,False,False,False,False
-0.3,47,physical_feasible_but_not_explanatory,-0.06540390563643717,1.0518828045329343,1.0518828045329345,-0.7550132806364371,-0.5576450530090665,0.1973682276273706,-0.20392789102066866,3.8118071737503927,True,False,False,False,False,False
-0.3,48,physical_feasible_but_not_explanatory,-0.6360202180540125,1.3037946461782075,1.3037946461782077,-1.3256295930540125,-0.5576450530090665,0.767984540044946,-0.774544203438244,4.584606945688396,True,False,False,False,False,False
-0.3,49,physical_feasible_but_not_explanatory,-2.262796567669257,6.355452368184243,0.07226706100465563,-2.952405942669257,-0.5576450530090665,2.3947608896601906,-2.4013205530534885,3.9644203306618175,True,False,False,False,False,False
-0.3,50,physical_feasible_but_not_explanatory,-1.044271902498965,-0.5423778482750043,0.5423778482750041,-1.733881277498965,-0.5576450530090665,1.1762362244898985,-1.1827958878831966,3.0477689865837014,True,False,False,False,False,False
-0.3,51,physical_feasible_but_not_explanatory,-1.0407148734314007,-6.290603802727287,0.007418495547701021,-1.7303242484314008,-0.5576450530090665,1.1726791954223343,-1.1792388588156322,3.5768657766382588,True,False,False,False,True,False
-0.3,52,physical_feasible_but_not_explanatory,-2.9313476541803665,0.44976521103497635,0.44976521103497635,-3.6209570291803663,-0.5576450530090665,3.0633119761713,-3.0698716395645977,5.068607090789211,True,False,False,False,False,False
-0.3,53,physical_feasible_but_not_explanatory,-3.8000845497041613,1.3591268127055027,1.3591268127055027,-4.489693924704161,-0.5576450530090665,3.9320488716950948,-3.9386085350883926,3.527379486582553,True,False,False,False,False,False
-0.3,54,physical_feasible_but_not_explanatory,-3.1063463765639927,-0.7184545039656052,0.7184545039656052,-3.7959557515639926,-0.5576450530090665,3.238310698554926,-3.244870361948224,4.7079507014339566,True,False,False,False,False,False
-0.3,55,physical_feasible_but_not_explanatory,-1.005126207047025,-1.1895356906704475,1.1895356906704475,-1.694735582047025,-0.5576450530090665,1.1370905290379585,-1.1436501924312565,3.28663695770027,True,False,False,False,False,False
-0.3,56,physical_feasible_but_not_explanatory,-1.9396012109200527,0.536339615311967,0.536339615311967,-2.6292105859200525,-0.5576450530090665,2.071565532910986,-2.078125196304284,3.527755802839036,True,False,False,False,False,False
-0.3,57,physical_feasible_but_not_explanatory,-0.7012653704235698,0.36910015262283463,0.3691001526228348,-1.3908747454235697,-0.5576450530090665,0.8332296924145032,-0.8397893558078013,2.88428101050002,True,False,False,False,False,False
-0.3,58,physical_feasible_but_not_explanatory,0.5427990564699807,0.01904929929493604,0.01904929929493626,-0.14681031853001925,-0.5576450530090665,0.4108347344790473,0.4042750710857492,4.48760185012852,True,False,False,False,True,True
-0.3,59,physical_feasible_but_not_explanatory,-3.1063463765639936,0.7184545039656087,0.7184545039656087,-3.7959557515639935,-0.5576450530090665,3.238310698554927,-3.244870361948225,4.707950701433933,True,False,False,False,False,False
-0.3,60,physical_feasible_but_not_explanatory,-4.7947965029928685,-0.40132833791179723,0.4013283379117971,-5.484405877992868,-0.5576450530090665,4.926760824983802,-4.9333204883771,3.888722414297276,True,False,False,False,False,False
-0.3,61,physical_feasible_but_not_explanatory,-4.809298267712592,-2.0898737348961784,2.0898737348961784,-5.498907642712592,-0.5576450530090665,4.941262589703525,-4.947822253096823,3.1772900888467226,True,False,False,False,False,False
-0.3,62,physical_feasible_but_not_explanatory,-4.809298267712592,2.089873734896175,2.089873734896175,-5.498907642712592,-0.5576450530090665,4.941262589703525,-4.947822253096823,3.177290088846759,True,False,False,False,False,False
-0.3,63,physical_feasible_but_not_explanatory,-3.2193787081953475,-0.8026541807795151,0.8026541807795153,-3.9089880831953474,-0.5576450530090665,3.351343030186281,-3.357902693579579,3.2671718847172464,True,False,False,False,False,False
-0.3,64,physical_feasible_but_not_explanatory,-4.125693575822435,0.1814086347407533,0.18140863474075353,-4.815302950822435,-0.5576450530090665,4.257657897813369,-4.264217561206666,3.736176006597214,True,False,False,False,False,False
-0.3,65,physical_feasible_but_not_explanatory,-4.739389584784532,-2.1141121023964176,2.1141121023964176,-5.428998959784532,-0.5576450530090665,4.871353906775465,-4.877913570168763,3.8165305005538412,True,False,False,False,False,False
-0.3,66,physical_feasible_but_not_explanatory,-4.902756914379603,-5.611078471659758,0.6721068355198279,-5.592366289379603,-0.5576450530090665,5.034721236370537,-5.0412808997638345,6.720004256196637,True,False,False,False,False,False
-0.3,67,physical_feasible_but_not_explanatory,-3.6631417332648617,-1.33817485515504,1.33817485515504,-4.352751108264862,-0.5576450530090665,3.795106055255795,-3.801665718649093,4.149610102853952,True,False,False,False,False,False
-0.3,68,physical_feasible_but_not_explanatory,-5.300618576414317,2.3533017152198807,2.3533017152198807,-5.990227951414317,-0.5576450530090665,5.432582898405251,-5.4391425617985485,3.7347377791972853,True,False,False,False,False,False
-0.3,69,physical_feasible_but_not_explanatory,-4.189782838816263,-0.037935916352800136,0.037935916352799914,-4.879392213816263,-0.5576450530090665,4.321747160807196,-4.328306824200494,4.123136601648213,True,False,False,False,True,False
-0.3,70,physical_feasible_but_not_explanatory,-2.3346199587209107,-1.361750065689139,1.361750065689139,-3.0242293337209105,-0.5576450530090665,2.466584280711844,-2.473143944105142,3.533898654411639,True,False,False,False,False,False
-0.3,71,physical_feasible_but_not_explanatory,-4.873158431220718,-2.2996698988673407,2.2996698988673407,-5.562767806220718,-0.5576450530090665,5.005122753211651,-5.011682416604949,4.384215035527742,True,False,False,False,False,False
-0.3,72,physical_feasible_but_not_explanatory,-3.80008454970416,-1.359126812705501,1.359126812705501,-4.48969392470416,-0.5576450530090665,3.932048871695094,-3.9386085350883917,3.5273794865825177,True,False,False,False,False,False
-0.3,73,physical_feasible_but_not_explanatory,-5.641052799334309,-2.5637941025651214,2.5637941025651214,-6.330662174334309,-0.5576450530090665,5.773017121325243,-5.77957678471854,2.7378541821335958,True,False,False,False,False,False
-0.3,74,physical_feasible_but_not_explanatory,-0.6360202180540141,-1.303794646178206,1.303794646178206,-1.325629593054014,-0.5576450530090665,0.7679845400449475,-0.7745442034382456,4.584606945688396,True,False,False,False,False,False
-0.3,75,physical_feasible_but_not_explanatory,-1.0051262070470257,1.1895356906704486,1.1895356906704482,-1.6947355820470258,-0.5576450530090665,1.1370905290379594,-1.1436501924312572,3.2866369577002774,True,False,False,False,False,False
-0.3,76,physical_feasible_but_not_explanatory,-4.816711281862959,3.62347542495003,2.6597098822295564,-5.506320656862959,-0.5576450530090665,4.948675603853893,-4.955235267247191,4.491957924059716,True,False,False,False,False,False
-0.3,77,physical_feasible_but_not_explanatory,-5.66746702331175,-4.9700236933071125,1.3131616138724738,-6.35707639831175,-0.5576450530090665,5.799431345302684,-5.805991008695981,4.598433824650993,True,False,False,False,False,False
-0.3,78,physical_feasible_but_not_explanatory,-0.933314675960438,2.4041505271909696,2.4041505271909696,-1.622924050960438,-0.5576450530090665,1.0652789979513715,-1.0718386613446695,4.188287029057711,True,False,False,False,False,False
-0.3,79,physical_feasible_but_not_explanatory,-4.020897649128306,-0.07602420538263743,0.07602420538263743,-4.710507024128306,-0.5576450530090665,4.15286197111924,-4.159421634512538,2.62012326916423,True,False,False,False,False,False
-0.3,80,algebraic_only_positive_full,1.377058284263104,3.8862708459815463,2.3969144611980404,0.6874489092631041,-0.5576450530090665,1.2450939622721706,1.2385342988788726,4.351054437669518,False,True,False,False,False,True
-0.3,81,physical_feasible_but_not_explanatory,-4.682736063335615,2.2631391956728053,2.263139195672805,-5.372345438335615,-0.5576450530090665,4.814700385326549,-4.8212600487198465,4.4481963895155925,True,False,False,False,False,False
-0.3,82,physical_feasible_but_not_explanatory,-1.2503434265285525,-2.861280525531905,2.861280525531905,-1.9399528015285523,-0.5576450530090665,1.382307748519486,-1.388867411912784,3.8895070947626498,True,False,False,False,False,False
-0.3,83,physical_feasible_but_not_explanatory,-2.805663918592214,1.0983013578567293,1.0983013578567293,-3.4952732935922137,-0.5576450530090665,2.9376282405831473,-2.944187903976445,3.7140290581625366,True,False,False,False,False,False
-0.3,84,physical_feasible_but_not_explanatory,-3.924944599783819,-0.5808333665492478,0.580833366549248,-4.614553974783819,-0.5576450530090665,4.0569089217747525,-4.06346858516805,3.414234444590295,True,False,False,False,False,False
-0.3,85,physical_feasible_but_not_explanatory,-4.99306156959009,2.908357842583033,2.908357842583033,-5.68267094459009,-0.5576450530090665,5.125025891581023,-5.131585554974321,3.0421187036242543,True,False,False,False,False,False
-0.3,86,physical_feasible_but_not_explanatory,-4.993061569590086,-2.908357842583032,2.908357842583032,-5.682670944590086,-0.5576450530090665,5.12502589158102,-5.1315855549743175,3.0421187036241566,True,False,False,False,False,False
-0.6,0,physical_feasible_but_not_explanatory,-1.5037089016305858,-5.3778398478075315,0.9053454593720547,-2.1933182766305857,-0.49039039325750927,1.7029278833730763,-1.7122894548247949,3.8038096751101103,True,False,False,False,False,False
-0.6,1,physical_feasible_but_not_explanatory,-0.14334637693227825,-6.654143980606987,0.37095867342740085,-0.8329557519322782,-0.49039039325750927,0.34256535867476895,-0.35192693012648735,5.115557635931667,True,False,False,False,False,False
-0.6,2,physical_feasible_but_not_explanatory,-2.7233632760719373,0.19066229440963212,0.19066229440963234,-3.412972651071937,-0.49039039325750927,2.922582257814428,-2.9319438292661464,5.075060005462767,True,False,False,False,False,False
-0.6,3,physical_feasible_but_not_explanatory,-0.10362535721730415,-0.11195882199814414,0.11195882199814422,-0.7932347322173041,-0.49039039325750927,0.30284433895979485,-0.31220591041151324,2.045721290616576,True,False,False,False,False,False
-0.6,4,physical_feasible_but_not_explanatory,0.05110362195712537,0.48553393260350697,0.4855339326035071,-0.6385057530428746,-0.49039039325750927,0.14811535978536533,-0.15747693123708373,2.963498828587826,True,False,False,False,False,False
-0.6,5,physical_feasible_but_not_explanatory,-0.4913646623372778,0.8436400583422052,0.8436400583422055,-1.1809740373372777,-0.49039039325750927,0.6905836440797684,-0.6999452155314869,3.2304841270268456,True,False,False,False,False,False
-0.6,6,physical_feasible_but_not_explanatory,-0.10362535721730598,0.11195882199814386,0.11195882199814378,-0.7932347322173059,-0.49039039325750927,0.3028443389597966,-0.3122059104115151,2.0457212906165916,True,False,False,False,False,False
-0.6,7,physical_feasible_but_not_explanatory,-1.2260381373641098,-5.343264964955356,0.9399203422242302,-1.9156475123641097,-0.49039039325750927,1.4252571191066004,-1.434618690558319,4.459590863013417,True,False,False,False,False,False
-0.6,8,physical_feasible_but_not_explanatory,-1.5648938698094934,-0.7083056384417601,0.7083056384417601,-2.2545032448094933,-0.49039039325750927,1.764112851551984,-1.7734744230037025,3.7445362955431145,True,False,False,False,False,False
-0.6,9,physical_feasible_but_not_explanatory,-4.480408251417145,-2.0170301673368187,2.0170301673368187,-5.1700176264171445,-0.49039039325750927,4.679627233159636,-4.688988804611354,4.024757192604378,True,False,False,False,False,False
-0.6,10,physical_feasible_but_not_explanatory,-3.3185143741378704,-4.243668300379116,2.0395170068004704,-4.00812374913787,-0.49039039325750927,3.517733355880361,-3.5270949273320795,4.795307746608158,True,False,False,False,False,False
-0.6,11,physical_feasible_but_not_explanatory,-2.282079926085671,5.873513939036665,0.40967136814292004,-2.9716893010856706,-0.49039039325750927,2.4812989078281613,-2.49066047927988,4.041197340395633,True,False,False,False,False,False
-0.6,12,physical_feasible_but_not_explanatory,-0.40120880174934204,-0.10492956991718803,0.10492956991718794,-1.090818176749342,-0.49039039325750927,0.6004277834918326,-0.6097893549435511,2.2530219453318048,True,False,False,False,False,False
-0.6,13,physical_feasible_but_not_explanatory,-0.039628033111502314,0.6030935837485352,0.6030935837485352,-0.7292374081115023,-0.49039039325750927,0.238847014853993,-0.2482085863057114,3.2577562569160814,True,False,False,False,False,False
-0.6,14,physical_feasible_but_not_explanatory,-1.2364834379673453,0.6668230905267382,0.666823090526738,-1.9260928129673451,-0.49039039325750927,1.4357024197098358,-1.4450639911615544,3.039009501164547,True,False,False,False,False,False
-0.6,15,physical_feasible_but_not_explanatory,-4.159191130582714,-1.010320850072102,1.0103208500721017,-4.848800505582714,-0.49039039325750927,4.358410112325205,-4.367771683776923,2.5540595949497793,True,False,False,False,False,False
-0.6,16,physical_feasible_but_not_explanatory,-0.1433463769322748,6.654143980606992,0.3709586734274062,-0.8329557519322748,-0.49039039325750927,0.3425653586747655,-0.3519269301264839,5.115557635931494,True,False,False,False,False,False
-0.6,17,physical_feasible_but_not_explanatory,0.05110362195712692,-0.4855339326035056,0.48553393260350575,-0.638505753042873,-0.49039039325750927,0.14811535978536378,-0.15747693123708217,2.963498828587865,True,False,False,False,False,False
-0.6,18,physical_feasible_but_not_explanatory,-1.2260381373641085,5.343264964955358,0.9399203422242284,-1.9156475123641084,-0.49039039325750927,1.425257119106599,-1.4346186905583176,4.459590863013406,True,False,False,False,False,False
-0.6,19,physical_feasible_but_not_explanatory,-0.6569101755944384,-0.9890190080504812,0.989019008050481,-1.3465195505944383,-0.49039039325750927,0.856129157336929,-0.8654907287886475,3.4836326453895032,True,False,False,False,False,False
-0.6,20,physical_feasible_but_not_explanatory,-1.5037089016305827,5.377839847807532,0.9053454593720538,-2.1933182766305825,-0.49039039325750927,1.7029278833730732,-1.7122894548247918,3.8038096751101156,True,False,False,False,False,False
-0.6,21,physical_feasible_but_not_explanatory,-0.40120880174934204,0.10492956991718864,0.10492956991718883,-1.090818176749342,-0.49039039325750927,0.6004277834918326,-0.6097893549435511,2.253021945331804,True,False,False,False,False,False
-0.6,22,physical_feasible_but_not_explanatory,-3.5145049051918194,4.137185566514612,2.1459997406649745,-4.20411428019182,-0.49039039325750927,3.7137238869343103,-3.7230854583860284,3.9608329790845804,True,False,False,False,False,False
-0.6,23,physical_feasible_but_not_explanatory,-4.64571940975426,-2.944381608412746,2.944381608412746,-5.335328784754259,-0.49039039325750927,4.8449383914967505,-4.854299962948469,2.961797113478564,True,False,False,False,False,False
-0.6,24,physical_feasible_but_not_explanatory,-4.4714850692722345,3.731765558078565,2.5514197491010213,-5.161094444272234,-0.49039039325750927,4.6707040510147255,-4.680065622466444,3.240676322448806,True,False,False,False,False,False
-0.6,25,physical_feasible_but_not_explanatory,-1.8558294841640257,1.5408562806046286,1.540856280604629,-2.5454388591640256,-0.49039039325750927,2.0550484659065162,-2.064410037358235,4.015094629719993,True,False,False,False,False,False
-0.6,26,physical_feasible_but_not_explanatory,-2.266099256856672,-2.0870052427223613,2.0870052427223613,-2.955708631856672,-0.49039039325750927,2.4653182385991625,-2.474679810050881,3.030502436255699,True,False,False,False,False,False
-0.6,27,physical_feasible_but_not_explanatory,-3.9203678266822526,0.09404813153203806,0.09404813153203806,-4.609977201682253,-0.49039039325750927,4.119586808424744,-4.128948379876462,4.042713706047227,True,False,False,False,False,False
-0.6,28,physical_feasible_but_not_explanatory,-1.0385633197571464,0.7592302748468562,0.759230274846856,-1.7281726947571463,-0.49039039325750927,1.237782301499637,-1.2471438729513555,3.1417440311793556,True,False,False,False,False,False
-0.6,29,physical_feasible_but_not_explanatory,-2.2803567294099474,-1.189672328268597,1.189672328268597,-2.9699661044099472,-0.49039039325750927,2.479575711152438,-2.4889372826041565,3.858870739622924,True,False,False,False,False,False
-0.6,30,physical_feasible_but_not_explanatory,-5.822538431645726,1.1531791279798809,1.1531791279798806,-6.512147806645726,-0.49039039325750927,6.021757413388217,-6.031118984839935,3.4034454316412903,True,False,False,False,False,False
-0.6,31,physical_feasible_but_not_explanatory,-1.2097663594583992,-1.1085778661514776,1.1085778661514776,-1.899375734458399,-0.49039039325750927,1.4089853412008897,-1.4183469126526083,3.277057598588072,True,False,False,False,False,False
-0.6,32,physical_feasible_but_not_explanatory,-0.0681305039261293,-1.9070492153056104,1.9070492153056104,-0.7577398789261293,-0.49039039325750927,0.26734948566862,-0.2767110571203384,4.207173172618784,True,False,False,False,False,False
-0.6,33,physical_feasible_but_not_explanatory,0.0021962909956624033,-0.8275649297296662,0.8275649297296663,-0.6874130840043375,-0.49039039325750927,0.19702269074682827,-0.2063842621985467,4.528852717143236,True,False,False,False,False,False
-0.6,34,physical_feasible_but_not_explanatory,-0.8150174359011485,0.8728394584662992,0.8728394584662995,-1.5046268109011485,-0.49039039325750927,1.0142364176436391,-1.0235979890953577,3.0774060815568722,True,False,False,False,False,False
-0.6,35,physical_feasible_but_not_explanatory,-2.854368035896668,-0.18627022356280865,0.18627022356280865,-3.5439774108966677,-0.49039039325750927,3.0535870176391584,-3.062948589090877,8.912497864625772,True,False,False,False,False,False
-0.6,36,physical_feasible_but_not_explanatory,-0.9694247277472011,-5.645354679508971,0.6378306276706152,-1.659034102747201,-0.49039039325750927,1.1686437094896918,-1.1780052809414103,3.321189246748792,True,False,False,False,False,False
-0.6,37,physical_feasible_but_not_explanatory,-1.0385633197571478,-0.7592302748468538,0.7592302748468538,-1.7281726947571476,-0.49039039325750927,1.2377823014996383,-1.2471438729513569,3.1417440311793605,True,False,False,False,False,False
-0.6,38,physical_feasible_but_not_explanatory,-1.368160338663086,-1.38377892985446,1.38377892985446,-2.057769713663086,-0.49039039325750927,1.5673793204055766,-1.5767408918572952,3.3797157453257998,True,False,False,False,False,False
-0.6,39,physical_feasible_but_not_explanatory,-4.304170692987879,-2.407323642128475,2.407323642128475,-4.9937800679878785,-0.49039039325750927,4.50338967473037,-4.512751246182088,3.9537906904779136,True,False,False,False,False,False
-0.6,40,physical_feasible_but_not_explanatory,0.00219629099566207,0.8275649297296664,0.8275649297296663,-0.6874130840043379,-0.49039039325750927,0.1970226907468286,-0.20638426219854702,4.528852717143227,True,False,False,False,False,False
-0.6,41,physical_feasible_but_not_explanatory,-4.531228153534015,2.101329972725464,2.1013299727254644,-5.220837528534015,-0.49039039325750927,4.730447135276506,-4.739808706728224,3.145575568704281,True,False,False,False,False,False
-0.6,42,physical_feasible_but_not_explanatory,-3.9507443200471144,4.120267114355374,2.162918192824212,-4.640353695047114,-0.49039039325750927,4.149963301789605,-4.1593248732413235,6.600030274989205,True,False,False,False,False,False
-0.6,43,physical_feasible_but_not_explanatory,-1.2364834379673455,-0.666823090526739,0.6668230905267389,-1.9260928129673456,-0.49039039325750927,1.4357024197098363,-1.4450639911615546,3.0390095011645495,True,False,False,False,False,False
-0.6,44,physical_feasible_but_not_explanatory,-0.9722558785767608,-2.473283209222335,2.473283209222335,-1.6618652535767606,-0.49039039325750927,1.1714748603192513,-1.1808364317709699,4.226030200744877,True,False,False,False,False,False
-0.6,45,physical_feasible_but_not_explanatory,-4.13282606519164,2.73517651371317,2.73517651371317,-4.82243544019164,-0.49039039325750927,4.332045046934131,-4.341406618385849,8.559817025540266,True,False,False,False,False,False
-0.6,46,physical_feasible_but_not_explanatory,-2.280356729409947,1.1896723282685997,1.1896723282685997,-2.969966104409947,-0.49039039325750927,2.4795757111524375,-2.488937282604156,3.858870739622922,True,False,False,False,False,False
-0.6,47,physical_feasible_but_not_explanatory,-2.8520492502987165,0.9886757113551371,0.9886757113551372,-3.5416586252987163,-0.49039039325750927,3.051268232041207,-3.0606298034929256,3.8722631806182193,True,False,False,False,False,False
-0.6,48,physical_feasible_but_not_explanatory,-3.1853597430696756,4.419716760428507,1.8634685467510792,-3.8749691180696755,-0.49039039325750927,3.384578724812166,-3.3939402962638847,3.778896462079748,True,False,False,False,False,False
-0.6,49,physical_feasible_but_not_explanatory,-4.034882637855758,-4.745715610435922,1.5374696967436643,-4.724492012855758,-0.49039039325750927,4.234101619598249,-4.243463191049967,5.628803022010701,True,False,False,False,False,False
-0.6,50,physical_feasible_but_not_explanatory,0.6353859113034344,-0.05674166918632895,0.05674166918632917,-0.05422346369656561,-0.49039039325750927,0.43616692956094366,0.42680535810922526,6.3049049243840205,True,False,False,False,False,True
-0.6,51,physical_feasible_but_not_explanatory,-3.3185143741378695,4.243668300379116,2.0395170068004704,-4.008123749137869,-0.49039039325750927,3.51773335588036,-3.5270949273320786,4.795307746608156,True,False,False,False,False,False
-0.6,52,physical_feasible_but_not_explanatory,-2.8718786305824677,3.544446190757845,2.7387391164217414,-3.5614880055824676,-0.49039039325750927,3.0710976123249583,-3.080459183776677,5.1975688761553345,True,False,False,False,False,False
-0.6,53,physical_feasible_but_not_explanatory,-0.8612889273475965,-2.021023198649864,2.021023198649864,-1.5508983023475964,-0.49039039325750927,1.060507909090087,-1.0698694805418056,4.2462633532770955,True,False,False,False,False,False
-0.6,54,physical_feasible_but_not_explanatory,-1.5588866237909509,-0.18359019680015898,0.18359019680015898,-2.248495998790951,-0.49039039325750927,1.7581056055334416,-1.76746717698516,5.353640851446857,True,False,False,False,False,False
-0.6,55,physical_feasible_but_not_explanatory,-1.5588866237909553,0.18359019680016253,0.18359019680016253,-2.2484959987909554,-0.49039039325750927,1.758105605533446,-1.7674671769851644,5.353640851446835,True,False,False,False,False,False
-0.6,56,physical_feasible_but_not_explanatory,-4.409581813510712,2.1928362629200056,2.1928362629200056,-5.099191188510712,-0.49039039325750927,4.608800795253203,-4.618162366704921,4.600523945280145,True,False,False,False,False,False
-0.6,57,physical_feasible_but_not_explanatory,-0.06813050392613063,1.907049215305611,1.9070492153056104,-0.7577398789261306,-0.49039039325750927,0.2673494856686213,-0.2767110571203397,4.207173172618781,True,False,False,False,False,False
-0.6,58,physical_feasible_but_not_explanatory,-0.6569101755944435,0.9890190080504797,0.9890190080504802,-1.3465195505944436,-0.49039039325750927,0.8561291573369343,-0.8654907287886526,3.483632645389415,True,False,False,False,False,False
-0.6,59,physical_feasible_but_not_explanatory,-1.2249908189271703,-5.745189469817059,0.5379958373625273,-1.9146001939271704,-0.49039039325750927,1.424209800669661,-1.4335713721213794,6.552356565569831,True,False,False,False,False,False
-0.6,60,algebraic_only_positive_full,2.6041603181976,12.777390602596505,0.21101998823733226,1.9145509431976002,-0.49039039325750927,2.4049413364551095,2.395579765003391,9.218806667900141,False,True,False,False,False,True
-0.6,61,physical_feasible_but_not_explanatory,-3.9203678266822535,-0.09404813153203173,0.09404813153203184,-4.609977201682254,-0.49039039325750927,4.119586808424745,-4.128948379876462,4.042713706047234,True,False,False,False,False,False
-0.6,62,physical_feasible_but_not_explanatory,-3.514504905191818,-4.137185566514611,2.1459997406649753,-4.204114280191818,-0.49039039325750927,3.7137238869343085,-3.723085458386027,3.9608329790845556,True,False,False,False,False,False
-0.6,63,physical_feasible_but_not_explanatory,-0.815017435901152,-0.8728394584662987,0.8728394584662986,-1.504626810901152,-0.49039039325750927,1.0142364176436427,-1.0235979890953613,3.0774060815569095,True,False,False,False,False,False
-0.6,64,physical_feasible_but_not_explanatory,-2.1710930104012713,6.196407095224726,0.08677821195486146,-2.860702385401271,-0.49039039325750927,2.370311992143762,-2.3796735635954804,4.353112374677414,True,False,False,False,False,False
-0.6,65,physical_feasible_but_not_explanatory,-3.65218799777721,0.1905199500378294,0.1905199500378294,-4.34179737277721,-0.49039039325750927,3.8514069795197003,-3.860768550971419,2.7600491165807832,True,False,False,False,False,False
-0.6,66,physical_feasible_but_not_explanatory,-1.2784650315327069,17.362379091025417,1.4871768305133415,-1.9680744065327067,-0.49039039325750927,1.4776840132751974,-1.487045584726916,58.42850523133398,True,False,False,False,False,False
-0.6,67,physical_feasible_but_not_explanatory,-0.9694247277472003,5.6453546795089675,0.6378306276706187,-1.6590341027472002,-0.49039039325750927,1.1686437094896909,-1.1780052809414094,3.3211892467488453,True,False,False,False,False,False
-0.6,68,physical_feasible_but_not_explanatory,-0.973247293231895,-0.2728786354024553,0.2728786354024555,-1.6628566682318948,-0.49039039325750927,1.1724662749743855,-1.181827846426104,2.9447262831746293,True,False,False,False,False,False
-0.6,69,physical_feasible_but_not_explanatory,-1.209766359458397,1.108577866151477,1.1085778661514771,-1.8993757344583968,-0.49039039325750927,1.4089853412008875,-1.418346912652606,3.2770575985880717,True,False,False,False,False,False
-0.6,70,algebraic_only_positive_full,2.73860248583748,-5.034583610489598,1.2486016966899882,2.04899311083748,-0.49039039325750927,2.5393835040949893,2.5300219326432707,7.80172575528192,False,True,False,False,False,True
-0.6,71,physical_feasible_but_not_explanatory,-3.5633609754837106,1.5281304131633078,1.528130413163308,-4.252970350483711,-0.49039039325750927,3.7625799572262015,-3.7719415286779197,3.457567339931578,True,False,False,False,False,False
-0.6,72,physical_feasible_but_not_explanatory,-4.471485069272236,-3.731765558078564,2.551419749101022,-5.161094444272236,-0.49039039325750927,4.670704051014727,-4.680065622466445,3.240676322448809,True,False,False,False,False,False
-0.6,73,physical_feasible_but_not_explanatory,-2.8543680358966723,0.18627022356280687,0.18627022356280687,-3.543977410896672,-0.49039039325750927,3.053587017639163,-3.0629485890908814,8.912497864625783,True,False,False,False,False,False
-0.6,74,physical_feasible_but_not_explanatory,-2.422285542455917,1.34923620845054,1.3492362084505398,-3.111894917455917,-0.49039039325750927,2.6215045241984076,-2.630866095650126,5.183068763688939,True,False,False,False,False,False
-0.6,75,physical_feasible_but_not_explanatory,-4.507173773298023,3.1415926535897927,3.141592653589793,-5.196783148298023,-0.49039039325750927,4.706392755040514,-4.715754326492232,2.6842940512527913,True,False,False,False,False,False
-0.6,76,algebraic_only_positive_full,2.7838425522428443,5.882350926687091,0.4008343804924941,2.0942331772428444,-0.49039039325750927,2.5846235705003537,2.575261999048635,8.43255771595536,False,True,False,False,False,True
-0.6,77,physical_feasible_but_not_explanatory,-1.564893869809491,0.7083056384417614,0.7083056384417614,-2.254503244809491,-0.49039039325750927,1.7641128515519817,-1.7734744230037,3.7445362955430346,True,False,False,False,False,False
-0.6,78,physical_feasible_but_not_explanatory,-0.039628033111502536,-0.6030935837485345,0.6030935837485343,-0.7292374081115025,-0.49039039325750927,0.23884701485399323,-0.24820858630571163,3.257756256916109,True,False,False,False,False,False
-0.6,79,physical_feasible_but_not_explanatory,-4.480408251417138,2.017030167336812,2.017030167336812,-5.170017626417138,-0.49039039325750927,4.679627233159629,-4.6889888046113475,4.024757192604387,True,False,False,False,False,False
-0.6,80,physical_feasible_but_not_explanatory,-4.195647067649437,0.10894074280366972,0.10894074280366972,-4.885256442649437,-0.49039039325750927,4.394866049391928,-4.404227620843646,5.518484113696798,True,False,False,False,False,False
-0.6,81,physical_feasible_but_not_explanatory,-5.720422738885535,3.7739495732557233,2.5092357339238625,-6.410032113885535,-0.49039039325750927,5.919641720628026,-5.929003292079744,4.453449695209001,True,False,False,False,False,False
-0.6,82,physical_feasible_but_not_explanatory,-4.034882637855758,4.745715610435919,1.537469696743667,-4.724492012855758,-0.49039039325750927,4.234101619598249,-4.243463191049967,5.628803022010654,True,False,False,False,False,False
-0.6,83,physical_feasible_but_not_explanatory,-4.675953174013291,2.1623922101053137,2.1623922101053132,-5.3655625490132905,-0.49039039325750927,4.875172155755782,-4.8845337272075,4.339913765799914,True,False,False,False,False,False
-0.6,84,physical_feasible_but_not_explanatory,-2.2820799260856672,-5.8735139390366635,0.4096713681429227,-2.971689301085667,-0.49039039325750927,2.4812989078281578,-2.4906604792798763,4.041197340395629,True,False,False,False,False,False
-0.6,85,physical_feasible_but_not_explanatory,0.1262743727616745,0.7432774334753884,0.7432774334753884,-0.5633350022383254,-0.49039039325750927,0.07294460898081617,-0.0823061804325346,4.99589274951048,True,False,False,False,False,False
-0.6,86,physical_feasible_but_not_explanatory,-1.8252342789529494,-0.7768436466510715,0.7768436466510718,-2.5148436539529495,-0.49039039325750927,2.02445326069544,-2.0338148321471587,7.637243308162162,True,False,False,False,False,False
-0.6,87,physical_feasible_but_not_explanatory,-0.635133122121293,-1.238005922406362,1.238005922406362,-1.324742497121293,-0.49039039325750927,0.8343521038637838,-0.8437136753155021,4.861047339642783,True,False,False,False,False,False
-0.6,88,physical_feasible_but_not_explanatory,-2.85204925029872,-0.9886757113551405,0.9886757113551408,-3.54165862529872,-0.49039039325750927,3.0512682320412106,-3.060629803492929,3.872263180618156,True,False,False,False,False,False
-0.6,89,algebraic_only_positive_full,2.9508364682631227,6.010193265861978,0.27299204131760746,2.261227093263123,-0.49039039325750927,2.751617486520632,2.7422559150689136,9.072335994566343,False,True,False,False,False,True
-0.6,90,physical_feasible_but_not_explanatory,-3.1853597430696703,-4.419716760428501,1.8634685467510854,-3.87496911806967,-0.49039039325750927,3.384578724812161,-3.3939402962638794,3.7788964620797514,True,False,False,False,False,False
-0.6,91,algebraic_only_positive_full,0.8751885630180674,-6.045002186934976,0.23818312024461008,0.1855791880180674,-0.49039039325750927,0.6759695812755766,0.6666080098238583,5.286068583534446,False,True,False,False,False,True
-0.6,92,physical_feasible_but_not_explanatory,-4.531228153534014,-2.1013299727254613,2.1013299727254613,-5.220837528534014,-0.49039039325750927,4.730447135276505,-4.7398087067282235,3.1455755687042304,True,False,False,False,False,False
-0.6,93,physical_feasible_but_not_explanatory,-2.0685847824304133,-1.476487445036772,1.476487445036772,-2.758194157430413,-0.49039039325750927,2.267803764172904,-2.2771653356246224,3.420212285628212,True,False,False,False,False,False
-0.6,94,strict_exact_match_phase_unresolved,0.21785646998270458,-0.7403595472619238,0.7403595472619235,-0.4717529050172954,-0.49039039325750927,0.018637488240213884,0.009275916788495486,2.970214944830339,True,False,True,True,False,False
-0.6,95,physical_feasible_but_not_explanatory,-6.973326368147472,-0.07934766229596285,0.0793476622959628,-7.662935743147472,-0.49039039325750927,7.172545349889963,-7.181906921341681,7.602442846659763,True,False,False,False,False,False
-0.6,96,physical_feasible_but_not_explanatory,-3.5633609754837146,-1.5281304131633084,1.5281304131633084,-4.252970350483714,-0.49039039325750927,3.762579957226205,-3.7719415286779236,3.457567339931483,True,False,False,False,False,False
-0.6,97,physical_feasible_but_not_explanatory,-2.7913812175945125,-5.442449667414486,0.8407356397651,-3.4809905925945124,-0.49039039325750927,2.990600199337003,-2.9999617707887216,5.558641605967935,True,False,False,False,False,False
-0.6,98,physical_feasible_but_not_explanatory,-6.443576755629094,-2.4745138372321644,2.4745138372321644,-7.133186130629094,-0.49039039325750927,6.642795737371585,-6.652157308823303,7.584411655881827,True,False,False,False,False,False
-0.6,99,physical_feasible_but_not_explanatory,-1.8844033930554391,-0.8790249062528432,0.8790249062528432,-2.574012768055439,-0.49039039325750927,2.0836223747979297,-2.0929839462496482,3.508378518011903,True,False,False,False,False,False
-0.6,100,strict_exact_match_phase_unresolved,0.21785646998270503,0.7403595472619227,0.7403595472619227,-0.47175290501729494,-0.49039039325750927,0.018637488240214328,0.00927591678849593,2.970214944830327,True,False,True,True,False,False
-0.6,101,physical_feasible_but_not_explanatory,-0.18434815620299716,-1.3261931910380615,1.3261931910380615,-0.8739575312029971,-0.49039039325750927,0.38356713794548786,-0.39292870939720626,2.762852291027135,True,False,False,False,False,False
-0.6,102,physical_feasible_but_not_explanatory,-4.066922966151432,0.8510464955500988,0.8510464955500989,-4.7565323411514315,-0.49039039325750927,4.266141947893923,-4.275503519345641,7.764019760583545,True,False,False,False,False,False
-0.6,103,physical_feasible_but_not_explanatory,-3.959091422746131,-0.06610365801961104,0.06610365801961127,-4.648700797746131,-0.49039039325750927,4.158310404488622,-4.1676719759403404,4.225037378587509,True,False,False,False,False,False
-0.6,104,physical_feasible_but_not_explanatory,-3.863912152482136,0.36641944431862505,0.36641944431862505,-4.553521527482136,-0.49039039325750927,4.063131134224627,-4.0724927056763445,4.011742050243356,True,False,False,False,False,False
-0.6,105,physical_feasible_but_not_explanatory,-0.973247293231895,0.2728786354024558,0.27287863540245594,-1.6628566682318948,-0.49039039325750927,1.1724662749743855,-1.181827846426104,2.944726283174593,True,False,False,False,False,False
-0.6,106,physical_feasible_but_not_explanatory,-0.3465751841776896,-2.8084237170511526,2.8084237170511526,-1.0361845591776895,-0.49039039325750927,0.5457941659201802,-0.5551557373718987,3.7130662121358182,True,False,False,False,False,False
-0.6,107,physical_feasible_but_not_explanatory,-4.744213557791916,-0.29160792217888876,0.29160792217888876,-5.433822932791916,-0.49039039325750927,4.943432539534407,-4.952794110986125,3.3271403347228232,True,False,False,False,False,False
-0.6,108,physical_feasible_but_not_explanatory,-1.5727453100431315,-5.6320490422440255,0.6511362649355608,-2.2623546850431313,-0.49039039325750927,1.771964291785622,-1.7813258632373405,4.539005150983853,True,False,False,False,False,False
-0.6,109,physical_feasible_but_not_explanatory,-4.409581813510712,-2.192836262920003,2.192836262920003,-5.099191188510712,-0.49039039325750927,4.608800795253203,-4.618162366704921,4.600523945280152,True,False,False,False,False,False
-0.6,110,physical_feasible_but_not_explanatory,-4.675953174013291,-2.1623922101053106,2.1623922101053106,-5.3655625490132905,-0.49039039325750927,4.875172155755782,-4.8845337272075,4.339913765799912,True,False,False,False,False,False
-0.6,111,physical_feasible_but_not_explanatory,0.12627437276167378,-0.7432774334753884,0.7432774334753884,-0.5633350022383262,-0.49039039325750927,0.07294460898081695,-0.08230618043253532,4.99589274951048,True,False,False,False,False,False
-0.6,112,algebraic_only_positive_full,1.9520587441437622,-2.1142873837055256,2.1142873837055256,1.2624493691437624,-0.49039039325750927,1.7528397624012717,1.7434781909495531,9.133443936546659,False,True,False,False,False,True
-0.6,113,physical_feasible_but_not_explanatory,-0.6351331221212915,1.238005922406358,1.2380059224063578,-1.3247424971212913,-0.49039039325750927,0.834352103863782,-0.8437136753155006,4.861047339642801,True,False,False,False,False,False
-0.6,114,physical_feasible_but_not_explanatory,-7.602798378786459,0.19285232791438167,0.19285232791438167,-8.29240775378646,-0.49039039325750927,7.802017360528951,-7.811378931980668,4.675567170728445,True,False,False,False,False,False
-0.6,115,physical_feasible_but_not_explanatory,-5.897490773381827,-0.542515130306026,0.5425151303060263,-6.587100148381827,-0.49039039325750927,6.096709755124318,-6.1060713265760365,6.048557299711513,True,False,False,False,False,False
-0.6,116,physical_feasible_but_not_explanatory,-4.812248992869305,-1.1053584179943516,1.1053584179943519,-5.501858367869305,-0.49039039325750927,5.011467974611796,-5.020829546063514,3.500685694167985,True,False,False,False,False,False
-0.6,117,physical_feasible_but_not_explanatory,-3.959091422746128,0.06610365801961449,0.06610365801961438,-4.648700797746128,-0.49039039325750927,4.158310404488619,-4.167671975940337,4.225037378587518,True,False,False,False,False,False
-0.6,118,physical_feasible_but_not_explanatory,-4.475857966610656,1.5993034118310787,1.5993034118310785,-5.165467341610656,-0.49039039325750927,4.675076948353147,-4.684438519804865,3.798127550042969,True,False,False,False,False,False
-0.6,119,physical_feasible_but_not_explanatory,-2.392795445778501,1.0658028254265626,1.0658028254265624,-3.0824048207785006,-0.49039039325750927,2.5920144275209913,-2.60137599897271,3.713768095619559,True,False,False,False,False,False
-0.6,120,physical_feasible_but_not_explanatory,-3.6779808183752856,-4.423792014651929,1.859393292527657,-4.367590193375285,-0.49039039325750927,3.877199800117776,-3.8865613715694947,4.336550182208673,True,False,False,False,False,False
-0.83,0,physical_feasible_but_not_explanatory,-0.5155095039612845,-0.11047966479964572,0.11047966479964577,-1.2051188789612843,-0.4756304867728265,0.7294883921884578,-0.7384880351331569,2.3168583626532286,True,False,False,False,False,False
-0.83,1,physical_feasible_but_not_explanatory,-0.15138989663902336,0.11169677128588323,0.1116967712858834,-0.8409992716390233,-0.4756304867728265,0.36536878486619684,-0.37436842781089574,2.1592652891203854,True,False,False,False,False,False
-0.83,2,physical_feasible_but_not_explanatory,-1.2366200235533007,5.206643472494774,1.0765418346848126,-1.9262293985533008,-0.4756304867728265,1.4505989117804743,-1.459598554725173,4.7182736447693845,True,False,False,False,False,False
-0.83,3,physical_feasible_but_not_explanatory,0.037563615011251494,-0.45884467691772635,0.45884467691772635,-0.6520457599887485,-0.4756304867728265,0.17641527321592199,-0.1854149161606209,2.7731455930534694,True,False,False,False,False,False
-0.83,4,physical_feasible_but_not_explanatory,-1.1204168147615712,-0.23819423755727234,0.23819423755727254,-1.810026189761571,-0.4756304867728265,1.3343957029887445,-1.3433953459334436,2.9579668666866255,True,False,False,False,False,False
-0.83,5,physical_feasible_but_not_explanatory,-4.524850138172459,3.32425988163251,2.9589254255470756,-5.214459513172459,-0.4756304867728265,4.738829026399633,-4.747828669344331,2.928335890260249,True,False,False,False,False,False
-0.83,6,physical_feasible_but_not_explanatory,-1.2366200235533036,-5.206643472494775,1.0765418346848108,-1.9262293985533034,-0.4756304867728265,1.450598911780477,-1.459598554725176,4.718273644769399,True,False,False,False,False,False
-0.83,7,physical_feasible_but_not_explanatory,-2.3785725032656924,0.9990848328600221,0.9990848328600226,-3.068181878265692,-0.4756304867728265,2.592551391492866,-2.6015510344375645,3.7809763148880196,True,False,False,False,False,False
-0.83,8,physical_feasible_but_not_explanatory,-0.5155095039612849,0.1104796647996461,0.11047966479964622,-1.2051188789612848,-0.4756304867728265,0.7294883921884583,-0.7384880351331573,2.3168583626531736,True,False,False,False,False,False
-0.83,9,physical_feasible_but_not_explanatory,-0.4961161678265227,0.31987520762521027,0.31987520762521005,-1.1857255428265225,-0.4756304867728265,0.710095056053696,-0.7190946989983951,6.345449391944926,True,False,False,False,False,False
-0.83,10,physical_feasible_but_not_explanatory,-0.08658394759370724,-6.4641612115662435,0.18097590438665723,-0.7761933225937072,-0.4756304867728265,0.3005628358208807,-0.30956247876557963,4.670766390510294,True,False,False,False,False,False
-0.83,11,physical_feasible_but_not_explanatory,-0.8602035200053478,0.827516424155491,0.8275164241554909,-1.5498128950053478,-0.4756304867728265,1.0741824082325213,-1.08318205117722,3.157022521452369,True,False,False,False,False,False
-0.83,12,physical_feasible_but_not_explanatory,-2.5955930162696217,-11.830507816172933,0.7358627981862398,-3.2852023912696215,-0.4756304867728265,2.809571904496795,-2.8185715474414943,6.197937292935606,True,False,False,False,False,False
-0.83,13,physical_feasible_but_not_explanatory,-0.3838154748573467,-6.292591231223324,0.009405924043737635,-1.0734248498573467,-0.4756304867728265,0.5977943630845202,-0.6067940060292191,3.5120574433931737,True,False,False,False,True,False
-0.83,14,physical_feasible_but_not_explanatory,-1.0676259303843412,0.8681401603871117,0.868140160387112,-1.757235305384341,-0.4756304867728265,1.2816048186115145,-1.2906044615562136,3.2104017818120605,True,False,False,False,False,False
-0.83,15,physical_feasible_but_not_explanatory,-1.5686983198765652,0.8227697207074727,0.8227697207074725,-2.258307694876565,-0.4756304867728265,1.7826772081037385,-1.7916768510484375,3.7316292875001515,True,False,False,False,False,False
-0.83,16,physical_feasible_but_not_explanatory,-4.319376552816548,-2.1496017537074015,2.1496017537074015,-5.008985927816548,-0.4756304867728265,4.533355441043722,-4.54235508398842,4.732665350057693,True,False,False,False,False,False
-0.83,17,physical_feasible_but_not_explanatory,-1.3265415961471818,1.0724108106001549,1.0724108106001546,-2.016150971147182,-0.4756304867728265,1.5405204843743554,-1.5495201273190542,3.275118967983206,True,False,False,False,False,False
-0.83,18,physical_feasible_but_not_explanatory,-0.15138989663902414,-0.11169677128588329,0.1116967712858834,-0.8409992716390241,-0.4756304867728265,0.3653687848661976,-0.3743684278108965,2.1592652891203934,True,False,False,False,False,False
-0.83,19,physical_feasible_but_not_explanatory,-3.48276095264373,4.015099345419776,2.2680859617598106,-4.17237032764373,-0.4756304867728265,3.6967398408709036,-3.705739483815602,4.066616860885412,True,False,False,False,False,False
-0.83,20,physical_feasible_but_not_explanatory,-0.018951921834780838,-0.4376237259205804,0.4376237259205804,-0.7085612968347808,-0.4756304867728265,0.23293081006195426,-0.24193045300665322,3.1628371094773255,True,False,False,False,False,False
-0.83,21,physical_feasible_but_not_explanatory,-4.40088704792111,-1.963817016264735,1.963817016264735,-5.09049642292111,-0.4756304867728265,4.614865936148283,-4.623865579092982,4.195341887533481,True,False,False,False,False,False
-0.83,22,physical_feasible_but_not_explanatory,0.1220426185631606,0.460445883432016,0.460445883432016,-0.5675667564368394,-0.4756304867728265,0.09193626966401292,-0.10093591260871179,4.44975450897801,True,False,False,False,False,False
-0.83,23,physical_feasible_but_not_explanatory,-1.5383295204226686,7.029868846026892,0.7466835388473054,-2.2279388954226684,-0.4756304867728265,1.752308408649842,-1.761308051594541,4.515411669056585,True,False,False,False,False,False
-0.83,24,physical_feasible_but_not_explanatory,-2.1936404207630464,1.8920417504258393,1.8920417504258396,-2.8832497957630463,-0.4756304867728265,2.4076193089902196,-2.416618951934919,3.25478124682554,True,False,False,False,False,False
-0.83,25,physical_feasible_but_not_explanatory,-3.815451645906476,-0.34281504936957075,0.3428150493695705,-4.505061020906476,-0.4756304867728265,4.02943053413365,-4.038430177078348,3.8496455311955087,True,False,False,False,False,False
-0.83,26,algebraic_only_positive_full,1.5473288209214293,-4.700388059097768,1.5827972480818184,0.8577194459214293,-0.4756304867728265,1.3333499326942557,1.324350289749557,4.897987901804868,False,True,False,False,False,True
-0.83,27,physical_feasible_but_not_explanatory,-0.018951921834782726,0.4376237259205811,0.43762372592058085,-0.7085612968347828,-0.4756304867728265,0.23293081006195626,-0.2419304530066551,3.1628371094773797,True,False,False,False,False,False
-0.83,28,physical_feasible_but_not_explanatory,-0.8602035200053472,-0.8275164241554916,0.8275164241554918,-1.5498128950053471,-0.4756304867728265,1.0741824082325206,-1.0831820511772197,3.1570225214523666,True,False,False,False,False,False
-0.83,29,physical_feasible_but_not_explanatory,-1.3496294934859745,0.6333401356882624,0.6333401356882624,-2.0392388684859744,-0.4756304867728265,1.5636083817131479,-1.5726080246578469,3.1419130382499136,True,False,False,False,False,False
-0.83,30,physical_feasible_but_not_explanatory,-0.7202184412281163,-0.94095094288115,0.94095094288115,-1.4098278162281161,-0.4756304867728265,0.9341973294552897,-0.9431969723999887,3.648890763371022,True,False,False,False,False,False
-0.83,31,physical_feasible_but_not_explanatory,-0.08658394759370602,6.464161211566244,0.18097590438665812,-0.776193322593706,-0.4756304867728265,0.3005628358208795,-0.3095624787655784,4.670766390510314,True,False,False,False,False,False
-0.83,32,physical_feasible_but_not_explanatory,-4.202468650809937,0.07213977601741028,0.07213977601741028,-4.892078025809937,-0.4756304867728265,4.416447539037111,-4.425447181981809,5.659505374264525,True,False,False,False,False,False
-0.83,33,physical_feasible_but_not_explanatory,-1.5686983198765656,-0.8227697207074731,0.8227697207074733,-2.2583076948765655,-0.4756304867728265,1.782677208103739,-1.791676851048438,3.7316292875001396,True,False,False,False,False,False
-0.83,34,physical_feasible_but_not_explanatory,-3.274501986839537,4.134525648308793,2.148659658870793,-3.964111361839537,-0.4756304867728265,3.4884808750667107,-3.4974805180114092,5.061188739738858,True,False,False,False,False,False
-0.83,35,algebraic_only_positive_full,2.4854160156380867,5.599382030193925,0.6838032769856603,1.7958066406380868,-0.4756304867728265,2.2714371274109135,2.262437484466214,8.26875506959697,False,True,False,False,False,True
-0.83,36,physical_feasible_but_not_explanatory,-3.8836514695833926,0.0970869289615996,0.09708692896159965,-4.573260844583393,-0.4756304867728265,4.097630357810567,-4.106630000755265,4.291676262500796,True,False,False,False,False,False
-0.83,37,physical_feasible_but_not_explanatory,-1.5543427755885382,-5.245674378202269,1.0375109289773174,-2.2439521505885383,-0.4756304867728265,1.7683216638157118,-1.7773213067604106,3.9166992995785312,True,False,False,False,False,False
-0.83,38,physical_feasible_but_not_explanatory,-4.3447144594116445,3.5998366780656292,2.683348629113957,-5.034323834411644,-0.4756304867728265,4.558693347638818,-4.567692990583517,3.427996337073839,True,False,False,False,False,False
-0.83,39,physical_feasible_but_not_explanatory,-0.7202184412281152,0.9409509428811512,0.9409509428811509,-1.4098278162281153,-0.4756304867728265,0.9341973294552888,-0.9431969723999876,3.648890763371052,True,False,False,False,False,False
-0.83,40,physical_feasible_but_not_explanatory,-1.067625930384348,-0.8681401603871091,0.8681401603871093,-1.7572353053843481,-0.4756304867728265,1.2816048186115216,-1.2906044615562204,3.2104017818120583,True,False,False,False,False,False
-0.83,41,physical_feasible_but_not_explanatory,-1.5604154971256148,5.266687836619596,1.0164974705599903,-2.2500248721256146,-0.4756304867728265,1.7743943853527882,-1.7833940282974872,4.399483260155797,True,False,False,False,False,False
-0.83,42,physical_feasible_but_not_explanatory,-0.7295587358735376,0.8349156327084579,0.8349156327084577,-1.4191681108735374,-0.4756304867728265,0.943537624100711,-0.95253726704541,3.2091591914836517,True,False,False,False,False,False
-0.83,43,algebraic_only_positive_full,2.307356444088743,-1.3237487064134483,1.3237487064134483,1.6177470690887432,-0.4756304867728265,2.0933775558615695,2.084377912916871,4.244200629178106,False,True,False,False,False,True
-0.83,44,physical_feasible_but_not_explanatory,-1.554342775588541,5.245674378202271,1.0375109289773157,-2.243952150588541,-0.4756304867728265,1.7683216638157144,-1.7773213067604134,3.916699299578536,True,False,False,False,False,False
-0.83,45,physical_feasible_but_not_explanatory,-3.2745019868395344,-4.134525648308793,2.148659658870793,-3.9641113618395343,-0.4756304867728265,3.488480875066708,-3.4974805180114066,5.061188739738875,True,False,False,False,False,False
-0.83,46,physical_feasible_but_not_explanatory,-3.5022176037595627,-1.6072553592962877,1.6072553592962877,-4.191826978759563,-0.4756304867728265,3.7161964919867367,-3.7251961349314353,3.455981121363821,True,False,False,False,False,False
-0.83,47,algebraic_only_positive_full,0.7803065588651714,-5.82221272948269,0.4609725776968965,0.09069718386517145,-0.4756304867728265,0.5663276706379979,0.557328027693299,5.152396321633112,False,True,False,False,False,True
-0.83,48,physical_feasible_but_not_explanatory,-3.8590599427009824,-0.07144845106316011,0.07144845106316033,-4.548669317700982,-0.4756304867728265,4.073038830928156,-4.082038473872855,4.224222420218052,True,False,False,False,False,False
-0.83,49,physical_feasible_but_not_explanatory,-1.5287723269664317,-5.318078243535992,0.9651070636435941,-2.2183817019664316,-0.4756304867728265,1.742751215193605,-1.7517508581383041,4.499487467924145,True,False,False,False,False,False
-0.83,50,physical_feasible_but_not_explanatory,-4.104437065659019,-0.056141112027696005,0.05614111202769578,-4.794046440659018,-0.4756304867728265,4.318415953886192,-4.327415596830891,4.540550860672707,True,False,False,False,False,False
-0.83,51,physical_feasible_but_not_explanatory,-4.344714459411646,-3.599836678065628,2.683348629113958,-5.034323834411646,-0.4756304867728265,4.55869334763882,-4.567692990583518,3.427996337073849,True,False,False,False,False,False
-0.83,52,physical_feasible_but_not_explanatory,-3.9971666842957547,-1.139193701321861,1.1391937013218607,-4.686776059295755,-0.4756304867728265,4.211145572522929,-4.220145215467627,2.587694279273018,True,False,False,False,False,False
-0.83,53,physical_feasible_but_not_explanatory,0.03756361501125016,0.4588446769177259,0.4588446769177259,-0.6520457599887498,-0.4756304867728265,0.17641527321592332,-0.18541491616062222,2.7731455930535422,True,False,False,False,False,False
-0.83,54,physical_feasible_but_not_explanatory,-2.895537904322442,0.9495783939491038,0.9495783939491034,-3.5851472793224417,-0.4756304867728265,3.1095167925496154,-3.118516435494314,3.9501619591247668,True,False,False,False,False,False
-0.83,55,physical_feasible_but_not_explanatory,-4.091459131714207,-1.3660465423643957,1.3660465423643957,-4.781068506714207,-0.4756304867728265,4.305438019941381,-4.314437662886079,3.193778006034023,True,False,False,False,False,False
-0.83,56,physical_feasible_but_not_explanatory,-0.1631572898735878,-1.9418904387515699,1.9418904387515699,-0.8527666648735878,-0.4756304867728265,0.3771361781007613,-0.3861358210454602,4.369634333274712,True,False,False,False,False,False
-0.83,57,physical_feasible_but_not_explanatory,-0.9789732077045343,5.371028903378963,0.9121564038006227,-1.6685825827045342,-0.4756304867728265,1.1929520959317077,-1.2019517388764067,3.7345787066527283,True,False,False,False,False,False
-0.83,58,algebraic_only_positive_full,0.712346539827287,3.2596112755926008,3.0235740315869855,0.02273716482728705,-0.4756304867728265,0.49836765160011354,0.48936800865541463,4.829072243551209,False,True,False,False,False,True
-0.83,59,physical_feasible_but_not_explanatory,-3.4827609526437344,-4.015099345419779,2.268085961759807,-4.172370327643734,-0.4756304867728265,3.696739840870908,-3.7057394838156066,4.066616860885409,True,False,False,False,False,False
-0.83,60,physical_feasible_but_not_explanatory,-4.174217004752275,0.2939197154431925,0.2939197154431925,-4.8638263797522745,-0.4756304867728265,4.388195892979448,-4.397195535924147,3.7925769991169727,True,False,False,False,False,False
-0.83,61,physical_feasible_but_not_explanatory,-4.5248501381724555,-3.324259881632511,2.9589254255470756,-5.214459513172455,-0.4756304867728265,4.738829026399629,-4.747828669344328,2.9283358902602483,True,False,False,False,False,False
-0.83,62,physical_feasible_but_not_explanatory,-1.5604154971256141,-5.266687836619598,1.0164974705599885,-2.250024872125614,-0.4756304867728265,1.7743943853527877,-1.7833940282974865,4.399483260155796,True,False,False,False,False,False
-0.83,63,physical_feasible_but_not_explanatory,-4.585196104314729,-2.1173461497049035,2.1173461497049035,-5.274805479314729,-0.4756304867728265,4.799174992541903,-4.808174635486601,4.519476653079928,True,False,False,False,False,False
-0.83,64,physical_feasible_but_not_explanatory,-5.105467004865298,2.336324265796055,2.336324265796055,-5.795076379865298,-0.4756304867728265,5.319445893092472,-5.3284455360371705,3.85311115585618,True,False,False,False,False,False
-0.83,65,algebraic_only_positive_full,2.724547351418338,-5.730405308697383,0.5527799984822028,2.034937976418338,-0.4756304867728265,2.5105684631911647,2.501568820246465,8.957379530658942,False,True,False,False,False,True
-0.83,66,physical_feasible_but_not_explanatory,-1.6840429455208323,-0.6456957738541167,0.6456957738541167,-2.3736523205208324,-0.4756304867728265,1.898021833748006,-1.9070214766927047,7.969533522738119,True,False,False,False,False,False
-0.83,67,physical_feasible_but_not_explanatory,-3.681245992385584,-3.90141107460751,2.3817742325720763,-4.370855367385584,-0.4756304867728265,3.8952248806127576,-3.904224523557456,3.6814954169011584,True,False,False,False,False,False
-0.83,68,physical_feasible_but_not_explanatory,-2.2831508055574545,-1.1272976487432107,1.1272976487432107,-2.9727601805574544,-0.4756304867728265,2.497129693784628,-2.5061293367293267,4.0501966445499695,True,False,False,False,False,False
-0.83,69,physical_feasible_but_not_explanatory,-2.3045364746029744,-5.64869086571572,0.6344944414638665,-2.9941458496029743,-0.4756304867728265,2.518515362830148,-2.5275150057748466,4.091442473888762,True,False,False,False,False,False
-0.83,70,physical_feasible_but_not_explanatory,-3.0311092529487604,4.320488883298874,1.962696423880712,-3.7207186279487603,-0.4756304867728265,3.245088141175934,-3.2540877841206326,6.000461106575793,True,False,False,False,False,False
-0.83,71,physical_feasible_but_not_explanatory,-4.447176322438294,-1.5945734187757588,1.5945734187757588,-5.1367856974382935,-0.4756304867728265,4.661155210665467,-4.670154853610166,3.942374778809793,True,False,False,False,False,False
-0.83,72,physical_feasible_but_not_explanatory,-3.0311092529487613,-4.320488883298875,1.9626964238807112,-3.720718627948761,-0.4756304867728265,3.245088141175935,-3.2540877841206335,6.00046110657578,True,False,False,False,False,False
-0.83,73,physical_feasible_but_not_explanatory,0.1119237964543376,0.918821682284626,0.9188216822846265,-0.5776855785456624,-0.4756304867728265,0.10205509177283589,-0.11105473471753478,4.836122793947871,True,False,False,False,False,False
-0.83,74,physical_feasible_but_not_explanatory,0.11192379645433802,-0.9188216822846269,0.9188216822846269,-0.5776855785456619,-0.4756304867728265,0.10205509177283545,-0.11105473471753437,4.8361227939478715,True,False,False,False,False,False
-0.83,75,physical_feasible_but_not_explanatory,0.4629893164419374,-0.5082551663166637,0.5082551663166637,-0.22662005855806255,-0.4756304867728265,0.24901042821476393,0.24001078527006503,3.5649173459059966,True,False,False,False,False,False
-0.83,76,physical_feasible_but_not_explanatory,-2.3785725032656924,-0.999084832860025,0.9990848328600253,-3.068181878265692,-0.4756304867728265,2.592551391492866,-2.6015510344375645,3.780976314888016,True,False,False,False,False,False
-0.83,77,physical_feasible_but_not_explanatory,-4.400887047921106,1.9638170162647393,1.9638170162647395,-5.090496422921106,-0.4756304867728265,4.61486593614828,-4.623865579092978,4.195341887533474,True,False,False,False,False,False
-0.83,78,physical_feasible_but_not_explanatory,-0.38349574583594315,-6.385822538328174,0.10263723114858792,-1.073105120835943,-0.4756304867728265,0.5974746340631165,-0.6064742770078155,5.0821207104078665,True,False,False,False,False,False
-0.83,79,physical_feasible_but_not_explanatory,-1.3265415961471794,-1.0724108106001549,1.0724108106001546,-2.0161509711471792,-0.4756304867728265,1.5405204843743527,-1.5495201273190518,3.2751189679832002,True,False,False,False,False,False
-0.83,80,physical_feasible_but_not_explanatory,-3.681245992385589,3.9014110746075095,2.381774232572077,-4.370855367385589,-0.4756304867728265,3.895224880612763,-3.9042245235574615,3.6814954169011442,True,False,False,False,False,False
-0.83,81,physical_feasible_but_not_explanatory,-5.09407145020944,1.299095147714697,1.2990951477146968,-5.78368082520944,-0.4756304867728265,5.308050338436614,-5.317049981381312,6.2345977709355775,True,False,False,False,False,False
-0.83,82,physical_feasible_but_not_explanatory,-1.3496294934859723,-0.6333401356882628,0.6333401356882629,-2.039238868485972,-0.4756304867728265,1.5636083817131456,-1.5726080246578447,3.1419130382499163,True,False,False,False,False,False
-0.83,83,physical_feasible_but_not_explanatory,-4.308790927897846,-0.030237938640809814,0.030237938640810036,-4.998400302897846,-0.4756304867728265,4.522769816125019,-4.531769459069718,4.818145688215491,True,False,False,False,True,False
-0.83,84,physical_feasible_but_not_explanatory,-2.797128391855817,-3.4625381987478216,2.820647108431764,-3.486737766855817,-0.4756304867728265,3.0111072800829906,-3.020106923027689,5.5380239454799,True,False,False,False,False,False
-0.83,85,physical_feasible_but_not_explanatory,-3.793022986198908,-0.5544365349011889,0.554436534901189,-4.482632361198908,-0.4756304867728265,4.007001874426082,-4.01600151737078,6.596597087334726,True,False,False,False,False,False
-0.83,86,physical_feasible_but_not_explanatory,0.33784229005118105,-6.677042708888787,0.3938574017092007,-0.3517670849488189,-0.4756304867728265,0.12386340182400757,0.11486375887930866,5.52175318214866,True,False,False,False,False,False
-0.83,87,physical_feasible_but_not_explanatory,-2.6701086965143688,0.0842534802849344,0.0842534802849344,-3.3597180715143686,-0.4756304867728265,2.8840875847415424,-2.893087227686241,3.686924511921638,True,False,False,False,False,False
-0.83,88,physical_feasible_but_not_explanatory,-5.534871162574662,5.595670211510766,0.6875150956688199,-6.224480537574662,-0.4756304867728265,5.748850050801836,-5.757849693746534,4.977758333695456,True,False,False,False,False,False
-0.83,89,physical_feasible_but_not_explanatory,-3.597523714176777,-4.193114856549242,2.0900704506303445,-4.287133089176777,-0.4756304867728265,3.8115026024039507,-3.8205022453486492,4.643768545552483,True,False,False,False,False,False
-0.83,90,physical_feasible_but_not_explanatory,-4.688964570539924,-0.3589192524527349,0.3589192524527349,-5.378573945539924,-0.4756304867728265,4.902943458767098,-4.911943101711796,3.4997978408958974,True,False,False,False,False,False
-0.83,91,physical_feasible_but_not_explanatory,0.611685152768298,3.8630054109727356,2.42017989620685,-0.07792422223170192,-0.4756304867728265,0.39770626454112457,0.38870662159642566,5.0447356197436894,True,False,False,False,False,True
-0.83,92,physical_feasible_but_not_explanatory,0.3921605047005561,-1.799957527063866,1.799957527063866,-0.2974488702994439,-0.4756304867728265,0.1781816164733826,0.1691819735286837,9.097161507480664,True,False,False,False,False,False
-0.83,93,algebraic_only_positive_full,0.7538347029274832,-0.1495017244203123,0.14950172442031207,0.06422532792748326,-0.4756304867728265,0.5398558147003097,0.5308561717556108,7.902907899470021,False,True,False,False,False,True
-0.83,94,physical_feasible_but_not_explanatory,-4.127067729474085,2.6336879674168974,2.633687967416897,-4.816677104474085,-0.4756304867728265,4.3410466177012585,-4.350046260645957,8.172356781956204,True,False,False,False,False,False
-0.83,95,physical_feasible_but_not_explanatory,-3.566414908029455,4.1499117774041,2.1332735297754866,-4.256024283029455,-0.4756304867728265,3.7803937962566287,-3.7893934392013273,4.520202505966763,True,False,False,False,False,False
-0.83,96,physical_feasible_but_not_explanatory,-3.9741446952156187,-2.1472254914108904,2.1472254914108904,-4.663754070215619,-0.4756304867728265,4.188123583442793,-4.197123226387491,4.737137211129401,True,False,False,False,False,False
-0.83,97,physical_feasible_but_not_explanatory,-4.938047157738715,-2.392930653052667,2.392930653052667,-5.6276565327387145,-0.4756304867728265,5.152026045965888,-5.161025688910587,6.503085308791923,True,False,False,False,False,False
-0.83,98,physical_feasible_but_not_explanatory,-1.9142857519486833,4.018790142426932,2.2643951647526546,-2.603895126948683,-0.4756304867728265,2.128264640175857,-2.1372642831205555,4.409346086731786,True,False,False,False,False,False
-0.83,99,physical_feasible_but_not_explanatory,-4.911660517856794,1.8972988998294136,1.8972988998294138,-5.601269892856794,-0.4756304867728265,5.125639406083968,-5.134639049028666,3.4527948387849747,True,False,False,False,False,False
-0.83,100,physical_feasible_but_not_explanatory,-2.670108696514373,-0.08425348028493618,0.08425348028493618,-3.359718071514373,-0.4756304867728265,2.884087584741547,-2.8930872276862454,3.6869245119216503,True,False,False,False,False,False
-0.83,101,physical_feasible_but_not_explanatory,-4.386791766806818,-0.12033977247734229,0.12033977247734207,-5.076401141806818,-0.4756304867728265,4.600770655033991,-4.60977029797869,3.9485102762655333,True,False,False,False,False,False
-0.83,102,algebraic_only_positive_full,0.7958794021492186,-2.7294089035623195,2.7294089035623195,0.10627002714921863,-0.4756304867728265,0.5819005139220451,0.5729008709773462,3.7555389442345297,False,True,False,False,False,True
-0.83,103,physical_feasible_but_not_explanatory,-2.1289714374886044,6.510096075687137,0.2269107685075511,-2.8185808124886043,-0.4756304867728265,2.342950325715778,-2.3519499686604766,7.197301091093188,True,False,False,False,False,False
-0.83,104,physical_feasible_but_not_explanatory,-1.0327798516920672,2.5092895051582436,2.509289505158243,-1.722389226692067,-0.4756304867728265,1.2467587399192406,-1.2557583828639396,4.279365868422409,True,False,False,False,False,False
-0.83,105,physical_feasible_but_not_explanatory,-3.5022176037595627,1.6072553592962833,1.6072553592962837,-4.191826978759563,-0.4756304867728265,3.7161964919867367,-3.7251961349314353,3.4559811213638354,True,False,False,False,False,False
-0.83,106,physical_feasible_but_not_explanatory,0.3378422900511784,6.677042708888785,0.39385740170919803,-0.3517670849488216,-0.4756304867728265,0.1238634018240049,0.114863758879306,5.521753182148641,True,False,False,False,False,False
-0.83,107,physical_feasible_but_not_explanatory,-6.082914645030485,-1.6460180912834392,1.6460180912834392,-6.772524020030485,-0.4756304867728265,6.296893533257658,-6.305893176202357,4.3240111158658925,True,False,False,False,False,False
-0.83,108,physical_feasible_but_not_explanatory,-0.38381547485734513,6.292591231223325,0.009405924043738523,-1.073424849857345,-0.4756304867728265,0.5977943630845186,-0.6067940060292175,3.512057443393221,True,False,False,False,True,False
-0.83,109,physical_feasible_but_not_explanatory,-4.028789163098224,0.8320493780233413,0.8320493780233411,-4.718398538098224,-0.4756304867728265,4.242768051325398,-4.251767694270097,8.010580696141288,True,False,False,False,False,False
-0.83,110,physical_feasible_but_not_explanatory,-2.12338867594516,-1.3743666443836615,1.3743666443836615,-2.81299805094516,-0.4756304867728265,2.3373675641723333,-2.3463672071170327,3.5657090279980346,True,False,False,False,False,False
-0.83,111,physical_feasible_but_not_explanatory,-1.1082015924431612,-0.011443895635903645,0.011443895635903534,-1.7978109674431613,-0.4756304867728265,1.3221804806703348,-1.3311801236150336,6.525996404294843,True,False,False,False,True,False
-0.83,112,physical_feasible_but_not_explanatory,-0.3058791887718444,-3.3487926073636167,2.9343926998159695,-0.9954885637718444,-0.4756304867728265,0.5198580769990179,-0.5288577199437168,4.8403789521086535,True,False,False,False,False,False
-0.83,113,physical_feasible_but_not_explanatory,-4.3869106541793315,-2.296084835917906,2.296084835917906,-5.076520029179331,-0.4756304867728265,4.600889542406505,-4.609889185351204,2.9672420742723893,True,False,False,False,False,False
-0.83,114,physical_feasible_but_not_explanatory,-3.0355974719762897,0.2048047015770158,0.2048047015770158,-3.7252068469762896,-0.4756304867728265,3.249576360203463,-3.2585760031481623,3.2172098871867427,True,False,False,False,False,False
-0.83,115,physical_feasible_but_not_explanatory,-4.582624614473694,-4.729421455924125,1.5537638512554608,-5.272233989473694,-0.4756304867728265,4.796603502700868,-4.805603145645566,3.815400560775547,True,False,False,False,False,False
-0.83,116,physical_feasible_but_not_explanatory,-4.705273731680494,-1.0894957673085903,1.0894957673085903,-5.394883106680494,-0.4756304867728265,4.919252619907668,-4.928252262852366,3.8022485350750537,True,False,False,False,False,False
-0.83,117,physical_feasible_but_not_explanatory,-5.094071450209446,-1.2990951477146961,1.2990951477146961,-5.783680825209446,-0.4756304867728265,5.30805033843662,-5.317049981381318,6.234597770935651,True,False,False,False,False,False
-0.83,118,physical_feasible_but_not_explanatory,-0.3834957458359425,6.385822538328172,0.10263723114858614,-1.0731051208359426,-0.4756304867728265,0.5974746340631161,-0.6064742770078149,5.082120710407876,True,False,False,False,False,False
-0.83,119,physical_feasible_but_not_explanatory,-4.585196104314728,2.1173461497049084,2.1173461497049084,-5.274805479314728,-0.4756304867728265,4.799174992541902,-4.8081746354866,4.519476653079926,True,False,False,False,False,False
-0.83,120,physical_feasible_but_not_explanatory,-2.8344971185814822,0.5547984204441532,0.5547984204441532,-3.524106493581482,-0.4756304867728265,3.048476006808656,-3.0574756497533544,3.987424403782099,True,False,False,False,False,False
-0.83,121,physical_feasible_but_not_explanatory,-7.97259675829193,2.359848163097056,2.3598481630970554,-8.66220613329193,-0.4756304867728265,8.186575646519103,-8.195575289463802,5.011478215794721,True,False,False,False,False,False
-0.83,122,physical_feasible_but_not_explanatory,-2.1289714374886013,-6.510096075687142,0.22691076850755554,-2.818580812488601,-0.4756304867728265,2.3429503257157744,-2.351949968660474,7.197301091093185,True,False,False,False,False,False
-0.83,123,physical_feasible_but_not_explanatory,-2.2831508055574505,1.1272976487432116,1.1272976487432116,-2.9727601805574504,-0.4756304867728265,2.4971296937846237,-2.506129336729323,4.050196644549977,True,False,False,False,False,False
-0.83,124,physical_feasible_but_not_explanatory,0.00811408052322049,0.7454553402360125,0.7454553402360125,-0.6814952944767795,-0.4756304867728265,0.205864807703953,-0.2148644506486519,2.8310040183739873,True,False,False,False,False,False
-0.83,125,physical_feasible_but_not_explanatory,-4.93804715773871,2.392930653052666,2.392930653052666,-5.62765653273871,-0.4756304867728265,5.152026045965884,-5.161025688910582,6.503085308791911,True,False,False,False,False,False
-0.83,126,physical_feasible_but_not_explanatory,-3.997166684295752,1.1391937013218607,1.1391937013218607,-4.686776059295752,-0.4756304867728265,4.211145572522926,-4.220145215467625,2.587694279273024,True,False,False,False,False,False
-0.83,127,algebraic_only_positive_full,1.4507282063043707,-1.2776838366845586,1.2776838366845586,0.7611188313043707,-0.4756304867728265,1.2367493180771971,1.2277496751324983,8.774939163292979,False,True,False,False,False,True
-0.83,128,physical_feasible_but_not_explanatory,-4.028789163098224,-0.8320493780233346,0.8320493780233345,-4.718398538098224,-0.4756304867728265,4.242768051325398,-4.251767694270097,8.010580696141329,True,False,False,False,False,False
-0.83,129,physical_feasible_but_not_explanatory,-5.822248189858828,-3.1888993925161233,3.0942859146634625,-6.511857564858828,-0.4756304867728265,6.036227078086002,-6.0452267210307005,4.321910342092266,True,False,False,False,False,False
-0.83,130,physical_feasible_but_not_explanatory,-5.163356996749034,-1.7303638392855603,1.7303638392855603,-5.852966371749034,-0.4756304867728265,5.377335884976207,-5.386335527920906,8.097302465110372,True,False,False,False,False,False
-0.83,131,physical_feasible_but_not_explanatory,-0.16315728987359046,1.941890438751567,1.9418904387515674,-0.8527666648735904,-0.4756304867728265,0.37713617810076394,-0.38613582104546285,4.369634333274696,True,False,False,False,False,False
-0.83,132,physical_feasible_but_not_explanatory,-2.76820799084289,-0.23140908714376662,0.23140908714376662,-3.4578173658428897,-0.4756304867728265,2.9821868790700634,-2.991186522014762,8.468570498470305,True,False,False,False,False,False
-0.83,133,physical_feasible_but_not_explanatory,-2.768207990842892,0.23140908714376307,0.23140908714376307,-3.457817365842892,-0.4756304867728265,2.982186879070065,-2.9911865220147646,8.468570498470205,True,False,False,False,False,False
-0.83,134,physical_feasible_but_not_explanatory,0.005898787789018645,5.78732731194024,0.49585799523934604,-0.6837105872109813,-0.4756304867728265,0.20808010043815484,-0.21707974338285374,4.400022641319955,True,False,False,False,False,False
-0.83,135,physical_feasible_but_not_explanatory,-0.9789732077045357,-5.3710289033789635,0.9121564038006227,-1.6685825827045355,-0.4756304867728265,1.192952095931709,-1.201951738876408,3.734578706652722,True,False,False,False,False,False
-0.83,136,physical_feasible_but_not_explanatory,-3.508712018576969,0.350890493285025,0.350890493285025,-4.198321393576969,-0.4756304867728265,3.722690906804143,-3.7316905497488415,3.414822000142546,True,False,False,False,False,False
-0.83,137,physical_feasible_but_not_explanatory,-5.396106397683526,0.8499835345834459,0.8499835345834459,-6.085715772683526,-0.4756304867728265,5.610085285910699,-5.619084928855398,3.9637370672655097,True,False,False,False,False,False
-0.83,138,physical_feasible_but_not_explanatory,-4.319376552816538,2.1496017537073997,2.1496017537073993,-5.008985927816538,-0.4756304867728265,4.533355441043712,-4.542355083988411,4.732665350057694,True,False,False,False,False,False
-0.83,139,physical_feasible_but_not_explanatory,-3.79302298619891,0.5544365349011825,0.5544365349011824,-4.4826323611989105,-0.4756304867728265,4.007001874426084,-4.016001517370783,6.596597087334736,True,False,False,False,False,False
-0.83,140,physical_feasible_but_not_explanatory,-2.5657105959086146,-1.0200959511881433,1.0200959511881433,-3.2553199709086145,-0.4756304867728265,2.7796894841357878,-2.788689127080487,4.483806439816883,True,False,False,False,False,False
-0.83,141,physical_feasible_but_not_explanatory,-4.174217004752269,-0.2939197154431865,0.2939197154431863,-4.863826379752269,-0.4756304867728265,4.388195892979443,-4.3971955359241415,3.7925769991169704,True,False,False,False,False,False
-0.83,142,algebraic_only_positive_full,2.500298559512209,-1.5619596171508274,1.5619596171508274,1.810689184512209,-0.4756304867728265,2.2863196712850353,2.2773200283403368,4.608304669927478,False,True,False,False,False,True
-0.83,143,physical_feasible_but_not_explanatory,-1.5287723269664293,5.318078243535994,0.9651070636435932,-2.2183817019664294,-0.4756304867728265,1.7427512151936029,-1.7517508581383017,4.499487467924133,True,False,False,False,False,False
-0.83,144,physical_feasible_but_not_explanatory,-0.6680463611054877,1.2052520192106622,1.2052520192106622,-1.3576557361054875,-0.4756304867728265,0.882025249332661,-0.89102489227736,4.945212998965269,True,False,False,False,False,False
-1.0,0,physical_feasible_but_not_explanatory,-0.0596847830082714,-6.365806171675942,0.08262086449635575,-0.7492941580082714,-0.48162216837042415,0.2676719896378472,-0.27581942247108765,4.429087688435918,True,False,False,False,False,False
-1.0,1,physical_feasible_but_not_explanatory,-2.33422191251793,-5.522833415724019,0.7603518914555671,-3.02383128751793,-0.48162216837042415,2.542209119147506,-2.5503565519807463,4.171083221650941,True,False,False,False,False,False
-1.0,2,physical_feasible_but_not_explanatory,-0.19547492314627712,-0.11401171733558824,0.11401171733558835,-0.8850842981462771,-0.48162216837042415,0.40346212977585294,-0.41160956260909337,2.2181732130464886,True,False,False,False,False,False
-1.0,3,physical_feasible_but_not_explanatory,0.005299938191831055,0.436745157184847,0.4367451571848471,-0.6843094368081689,-0.48162216837042415,0.20268726843774476,-0.2108347012709852,2.7384251533248873,True,False,False,False,False,False
-1.0,4,physical_feasible_but_not_explanatory,-0.5986060578491781,0.1131972188097389,0.11319721880973876,-1.288215432849178,-0.48162216837042415,0.8065932644787538,-0.8147406973119944,2.344094681430569,True,False,False,False,False,False
-1.0,5,physical_feasible_but_not_explanatory,0.005299938191831721,-0.43674515718484597,0.43674515718484574,-0.6843094368081682,-0.48162216837042415,0.2026872684377441,-0.21083470127098453,2.738425153324893,True,False,False,False,False,False
-1.0,6,physical_feasible_but_not_explanatory,-1.5961270571276294,0.8885527300362495,0.888552730036249,-2.2857364321276292,-0.48162216837042415,1.8041142637572052,-1.8122616965904457,3.7387788677921954,True,False,False,False,False,False
-1.0,7,physical_feasible_but_not_explanatory,-1.6230452848340629,5.186983308252825,1.0962019989267624,-2.3126546598340627,-0.48162216837042415,1.8310324914636387,-1.8391799242968792,4.543557895142636,True,False,False,False,False,False
-1.0,8,physical_feasible_but_not_explanatory,-1.604797464445562,-5.17127173163309,1.1119135755464962,-2.294406839445562,-0.48162216837042415,1.8127846710751379,-1.8209321039083783,3.979950411564102,True,False,False,False,False,False
-1.0,9,physical_feasible_but_not_explanatory,-0.5986060578491772,-0.11319721880973727,0.11319721880973743,-1.288215432849177,-0.48162216837042415,0.8065932644787529,-0.8147406973119935,2.344094681430583,True,False,False,False,False,False
-1.0,10,physical_feasible_but_not_explanatory,0.0008716227749717143,0.35628674747654154,0.35628674747654143,-0.6887377522250282,-0.48162216837042415,0.20711558385460405,-0.21526301668784453,3.3810521222627172,True,False,False,False,False,False
-1.0,11,physical_feasible_but_not_explanatory,-1.5961270571276316,-0.8885527300362477,0.8885527300362477,-2.2857364321276314,-0.48162216837042415,1.8041142637572074,-1.812261696590448,3.7387788677921963,True,False,False,False,False,False
-1.0,12,physical_feasible_but_not_explanatory,-1.2652166233014412,5.124900185627531,1.1582851215520549,-1.954825998301441,-0.48162216837042415,1.473203829931017,-1.4813512627642575,4.88401823115695,True,False,False,False,False,False
-1.0,13,physical_feasible_but_not_explanatory,-0.39063526824798467,6.209159160265844,0.07402614691374154,-1.0802446432479846,-0.48162216837042415,0.5986224748775605,-0.6067699077108009,3.155178504092415,True,False,False,False,False,False
-1.0,14,physical_feasible_but_not_explanatory,-1.8210567273607485,-2.2272177338864796,2.2272177338864796,-2.5106661023607484,-0.48162216837042415,2.0290439339903243,-2.037191366823565,2.984803820652747,True,False,False,False,False,False
-1.0,15,physical_feasible_but_not_explanatory,-4.47766333486401,3.3152166174290847,2.967968689750501,-5.16727270986401,-0.48162216837042415,4.685650541493586,-4.693797974326826,2.9056610043767446,True,False,False,False,False,False
-1.0,16,physical_feasible_but_not_explanatory,-0.05968478300827018,6.365806171675943,0.08262086449635575,-0.7492941580082702,-0.48162216837042415,0.267671989637846,-0.27581942247108643,4.4290876884359935,True,False,False,False,False,False
-1.0,17,physical_feasible_but_not_explanatory,-0.19547492314627846,0.11401171733558979,0.11401171733558968,-0.8850842981462784,-0.48162216837042415,0.4034621297758543,-0.4116095626090947,2.2181732130464584,True,False,False,False,False,False
-1.0,18,physical_feasible_but_not_explanatory,-1.2652166233014428,-5.124900185627531,1.1582851215520549,-1.9548259983014429,-0.48162216837042415,1.4732038299310188,-1.481351262764259,4.884018231156989,True,False,False,False,False,False
-1.0,19,physical_feasible_but_not_explanatory,0.000871622774971742,-0.35628674747654276,0.35628674747654276,-0.6887377522250282,-0.48162216837042415,0.20711558385460405,-0.2152630166878445,3.381052122262717,True,False,False,False,False,False
-1.0,20,physical_feasible_but_not_explanatory,-0.9020058136213918,-0.8060156969189314,0.8060156969189314,-1.5916151886213918,-0.48162216837042415,1.1099930202509678,-1.118140453084208,3.193252575449512,True,False,False,False,False,False
-1.0,21,physical_feasible_but_not_explanatory,-1.408727287836736,-1.0521572818274594,1.0521572818274594,-2.098336662836736,-0.48162216837042415,1.6167144944663119,-1.6248619272995524,3.2706486174351124,True,False,False,False,False,False
-1.0,22,physical_feasible_but_not_explanatory,-1.4087272878367374,1.0521572818274612,1.0521572818274612,-2.0983366628367373,-0.48162216837042415,1.6167144944663132,-1.6248619272995537,3.2706486174351146,True,False,False,False,False,False
-1.0,23,algebraic_only_positive_full,0.8455987143560955,0.564283801874442,0.564283801874442,0.1559893393560955,-0.48162216837042415,0.6376115077265196,0.6294640748932792,8.223806991763507,False,True,False,False,False,True
-1.0,24,physical_feasible_but_not_explanatory,-4.398905879903753,-2.1158711961311383,2.1158711961311383,-5.0885152549037524,-0.48162216837042415,4.606893086533328,-4.615040519366569,3.170469240151718,True,False,False,False,False,False
-1.0,25,algebraic_only_positive_full,2.338738467629545,1.5989438638916171,1.5989438638916171,1.6491290926295452,-0.48162216837042415,2.1307512609999693,2.1226038281667288,4.373434415121851,False,True,False,False,False,True
-1.0,26,physical_feasible_but_not_explanatory,0.11724347266929397,-0.3162465232403737,0.3162465232403737,-0.572365902330706,-0.48162216837042415,0.09074373396028179,-0.09889116679352228,4.111651096676725,True,False,False,False,False,False
-1.0,27,physical_feasible_but_not_explanatory,-1.9789618713318426,-1.6592820015849943,1.6592820015849943,-2.6685712463318425,-0.48162216837042415,2.1869490779614185,-2.195096510794659,4.137083051720532,True,False,False,False,False,False
-1.0,28,physical_feasible_but_not_explanatory,-4.042701760862031,-0.8200427851119257,0.8200427851119256,-4.732311135862031,-0.48162216837042415,4.250688967491607,-4.258836400324848,8.313137225747875,True,False,False,False,False,False
-1.0,29,physical_feasible_but_not_explanatory,-2.9360538718191433,0.9305298324894089,0.9305298324894089,-3.625663246819143,-0.48162216837042415,3.144041078448719,-3.1521885112819596,3.9906399967211956,True,False,False,False,False,False
-1.0,30,physical_feasible_but_not_explanatory,-1.516693975050194,-5.145381738776395,1.137803568403191,-2.206303350050194,-0.48162216837042415,1.7246811816797698,-1.7328286145130103,4.665460040723143,True,False,False,False,False,False
-1.0,31,physical_feasible_but_not_explanatory,-4.376698321333886,1.929353411781066,1.929353411781066,-5.066307696333886,-0.48162216837042415,4.584685527963462,-4.592832960796702,4.3062338736271295,True,False,False,False,False,False
-1.0,32,physical_feasible_but_not_explanatory,-3.4921774005643864,1.6519202096304129,1.651920209630413,-4.181786775564387,-0.48162216837042415,3.7001646071939627,-3.7083120400272027,3.459335195709644,True,False,False,False,False,False
-1.0,33,physical_feasible_but_not_explanatory,-1.9789618713318429,1.659282001584996,1.6592820015849963,-2.668571246331843,-0.48162216837042415,2.186949077961419,-2.195096510794659,4.1370830517204835,True,False,False,False,False,False
-1.0,34,physical_feasible_but_not_explanatory,-0.7737661919968852,-0.917059607837432,0.917059607837432,-1.463375566996885,-0.48162216837042415,0.9817533986264609,-0.9899008314597015,3.7434105821388868,True,False,False,False,False,False
-1.0,35,physical_feasible_but_not_explanatory,-4.289726098881298,2.123869278886116,2.123869278886116,-4.979335473881298,-0.48162216837042415,4.497713305510874,-4.505860738344114,4.840380256919826,True,False,False,False,False,False
-1.0,36,physical_feasible_but_not_explanatory,-6.160432958532495,5.0656864208625985,1.2174988863169887,-6.850042333532495,-0.48162216837042415,6.368420165162071,-6.376567597995312,6.784059690254458,True,False,False,False,False,False
-1.0,37,physical_feasible_but_not_explanatory,-0.23923369636523129,1.9635833907719225,1.9635833907719222,-0.9288430713652313,-0.48162216837042415,0.4472209029948071,-0.45536833582804753,4.474132453070381,True,False,False,False,False,False
-1.0,38,physical_feasible_but_not_explanatory,-3.275691959867069,4.071066254213204,2.212119052966382,-3.965301334867069,-0.48162216837042415,3.483679166496645,-3.4918265993298854,5.274533544723058,True,False,False,False,False,False
-1.0,39,physical_feasible_but_not_explanatory,-0.773766191996887,0.9170596078374356,0.9170596078374356,-1.4633755669968869,-0.48162216837042415,0.9817533986264627,-0.9899008314597033,3.7434105821389303,True,False,False,False,False,False
-1.0,40,physical_feasible_but_not_explanatory,-1.104391352382878,-0.9325597031498825,0.9325597031498827,-1.794000727382878,-0.48162216837042415,1.312378559012454,-1.3205259918456944,3.3134677183640875,True,False,False,False,False,False
-1.0,41,physical_feasible_but_not_explanatory,-3.860450107550368,0.11015050302397361,0.11015050302397356,-4.550059482550368,-0.48162216837042415,4.068437314179944,-4.076584747013184,4.317359598605771,True,False,False,False,False,False
-1.0,42,physical_feasible_but_not_explanatory,-3.827703044135922,0.31097636028402453,0.31097636028402453,-4.517312419135922,-0.48162216837042415,4.035690250765498,-4.043837683598738,3.931031194885283,True,False,False,False,False,False
-1.0,43,physical_feasible_but_not_explanatory,-1.0402813531492112,0.8385323845583184,0.8385323845583184,-1.7298907281492113,-0.48162216837042415,1.2482685597787873,-1.2564159926120275,4.070975783744745,True,False,False,False,False,False
-1.0,44,physical_feasible_but_not_explanatory,-3.8604501075503745,-0.11015050302397272,0.11015050302397267,-4.550059482550375,-0.48162216837042415,4.068437314179951,-4.07658474701319,4.317359598605772,True,False,False,False,False,False
-1.0,45,physical_feasible_but_not_explanatory,-2.388052385206227,0.9664898426387512,0.9664898426387509,-3.077661760206227,-0.48162216837042415,2.596039591835803,-2.6041870246690433,3.805179281544172,True,False,False,False,False,False
-1.0,46,physical_feasible_but_not_explanatory,-1.6047974644455618,5.171271731633094,1.1119135755464917,-2.294406839445562,-0.48162216837042415,1.8127846710751379,-1.8209321039083781,3.979950411564103,True,False,False,False,False,False
-1.0,47,physical_feasible_but_not_explanatory,-3.9241337945701273,-1.225130612031673,1.225130612031673,-4.613743169570127,-0.48162216837042415,4.132121001199703,-4.140268434032944,2.9489382090247784,True,False,False,False,False,False
-1.0,48,physical_feasible_but_not_explanatory,-7.293246244976317,0.11578765582003481,0.11578765582003481,-7.982855619976317,-0.48162216837042415,7.501233451605893,-7.509380884439134,5.487887411101968,True,False,False,False,False,False
-1.0,49,physical_feasible_but_not_explanatory,-1.1043913523828792,0.9325597031498829,0.9325597031498827,-1.7940007273828793,-0.48162216837042415,1.3123785590124553,-1.3205259918456955,3.3134677183640857,True,False,False,False,False,False
-1.0,50,physical_feasible_but_not_explanatory,-4.298040774911213,3.5275306567130125,2.7556546504665738,-4.987650149911213,-0.48162216837042415,4.506027981540789,-4.514175414374029,3.555602019372913,True,False,False,False,False,False
-1.0,51,physical_feasible_but_not_explanatory,-4.5070509263757295,-11.918663873903103,0.6477067404560692,-5.196660301375729,-0.48162216837042415,4.715038133005305,-4.723185565838546,75.95411327184192,True,False,False,False,False,False
-1.0,52,physical_feasible_but_not_explanatory,-0.39063526824798456,-6.209159160265844,0.07402614691374243,-1.0802446432479846,-0.48162216837042415,0.5986224748775605,-0.6067699077108009,3.1551785040924436,True,False,False,False,False,False
-1.0,53,physical_feasible_but_not_explanatory,-2.9360538718191416,-0.9305298324894107,0.9305298324894107,-3.6256632468191414,-0.48162216837042415,3.1440410784487174,-3.152188511281958,3.990639996721195,True,False,False,False,False,False
-1.0,54,physical_feasible_but_not_explanatory,-1.2197195120111153,0.22150800092475598,0.22150800092475587,-1.9093288870111151,-0.48162216837042415,1.427706718640691,-1.4358541514739316,2.954295147163398,True,False,False,False,False,False
-1.0,55,physical_feasible_but_not_explanatory,-3.9434697406206274,4.449898442404756,1.8332868647748306,-4.633079115620627,-0.48162216837042415,4.151456947250203,-4.159604380083444,4.918893151689641,True,False,False,False,False,False
-1.0,56,physical_feasible_but_not_explanatory,-1.6230452848340644,-5.186983308252825,1.0962019989267615,-2.3126546598340645,-0.48162216837042415,1.8310324914636404,-1.8391799242968807,4.543557895142725,True,False,False,False,False,False
-1.0,57,physical_feasible_but_not_explanatory,-3.6926370456404385,3.863645533363358,2.4195397738162283,-4.382246420640438,-0.48162216837042415,3.9006242522700143,-3.908771685103255,3.7106635714895058,True,False,False,False,False,False
-1.0,58,physical_feasible_but_not_explanatory,-4.289726098881296,-2.1238692788861098,2.1238692788861098,-4.979335473881296,-0.48162216837042415,4.497713305510872,-4.505860738344112,4.840380256919826,True,False,False,False,False,False
-1.0,59,physical_feasible_but_not_explanatory,-1.4298832052748751,0.6160785870575269,0.6160785870575269,-2.119492580274875,-0.48162216837042415,1.637870411904451,-1.6460178447376914,3.196368922223792,True,False,False,False,False,False
-1.0,60,physical_feasible_but_not_explanatory,-2.649579091538469,0.20991706687604506,0.20991706687604506,-3.339188466538469,-0.48162216837042415,2.8575662981680447,-2.8657137310012852,3.5112510373574524,True,False,False,False,False,False
-1.0,61,physical_feasible_but_not_explanatory,-2.3342219125179318,5.522833415724016,0.7603518914555707,-3.0238312875179316,-0.48162216837042415,2.5422091191475076,-2.550356551980748,4.171083221650945,True,False,False,False,False,False
-1.0,62,physical_feasible_but_not_explanatory,-3.4852210696861237,3.9449848777365926,2.3382004294429937,-4.1748304446861235,-0.48162216837042415,3.6932082763156995,-3.70135570914894,4.148867105735117,True,False,False,False,False,False
-1.0,63,physical_feasible_but_not_explanatory,-1.588914642568617,-0.5689043787764221,0.5689043787764221,-2.2785240175686168,-0.48162216837042415,1.7969018491981927,-1.8050492820314332,8.24037060719828,True,False,False,False,False,False
-1.0,64,physical_feasible_but_not_explanatory,0.11724347266929272,0.31624652324037195,0.31624652324037195,-0.5723659023307073,-0.48162216837042415,0.09074373396028312,-0.09889116679352353,4.111651096676683,True,False,False,False,False,False
-1.0,65,physical_feasible_but_not_explanatory,-4.441062757744522,3.1415926535897905,3.1415926535897905,-5.130672132744522,-0.48162216837042415,4.649049964374098,-4.657197397207338,2.8317839710907773,True,False,False,False,False,False
-1.0,66,physical_feasible_but_not_explanatory,-1.0950046313595148,4.7862612095913875,1.4969240975881988,-1.7846140063595146,-0.48162216837042415,1.3029918379890906,-1.311139270822331,5.391190542675619,True,False,False,False,False,False
-1.0,67,physical_feasible_but_not_explanatory,-3.4852210696861214,-3.944984877736591,2.3382004294429954,-4.174830444686122,-0.48162216837042415,3.6932082763156977,-3.7013557091489377,4.14886710573511,True,False,False,False,False,False
-1.0,68,physical_feasible_but_not_explanatory,-1.5889146425686234,0.5689043787764239,0.5689043787764239,-2.2785240175686234,-0.48162216837042415,1.7969018491981994,-1.8050492820314397,8.240370607198289,True,False,False,False,False,False
-1.0,69,physical_feasible_but_not_explanatory,-4.143729243199028,-2.575441625495486,2.575441625495486,-4.833338618199027,-0.48162216837042415,4.351716449828603,-4.359863882661844,8.037845699161458,True,False,False,False,False,False
-1.0,70,physical_feasible_but_not_explanatory,-5.443099381311888,1.4152834813982267,1.4152834813982267,-6.132708756311888,-0.48162216837042415,5.651086587941464,-5.659234020774704,3.328841718039883,True,False,False,False,False,False
-1.0,71,physical_feasible_but_not_explanatory,-1.6890921395174654,5.800940374357435,0.48224493282215164,-2.3787015145174655,-0.48162216837042415,1.8970793461470414,-1.9052267789802817,5.025406549920725,True,False,False,False,False,False
-1.0,72,physical_feasible_but_not_explanatory,-3.492177400564384,-1.6519202096304066,1.6519202096304066,-4.181786775564384,-0.48162216837042415,3.70016460719396,-3.7083120400272005,3.459335195709624,True,False,False,False,False,False
-1.0,73,physical_feasible_but_not_explanatory,-1.0907937379691353,-2.5302537155503746,2.5302537155503746,-1.7804031129691351,-0.48162216837042415,1.298780944598711,-1.3069283774319516,4.318459859272299,True,False,False,False,False,False
-1.0,74,physical_feasible_but_not_explanatory,-0.7076625137932688,1.1862935194850288,1.1862935194850284,-1.3972718887932687,-0.48162216837042415,0.9156497204228445,-0.9237971532560851,4.9581617852529245,True,False,False,False,False,False
-1.0,75,physical_feasible_but_not_explanatory,-4.092071443880677,-1.4037013610619955,1.4037013610619955,-4.781680818880677,-0.48162216837042415,4.300058650510253,-4.308206083343493,3.1934835912070914,True,False,False,False,False,False
-1.0,76,physical_feasible_but_not_explanatory,-2.3020096437695696,1.0971697354623955,1.097169735462396,-2.9916190187695695,-0.48162216837042415,2.5099968503991454,-2.518144283232386,4.16659568840406,True,False,False,False,False,False
-1.0,77,physical_feasible_but_not_explanatory,0.09638245415803381,5.030926167534613,1.2522591396449734,-0.5932269208419662,-0.48162216837042415,0.111604752471542,-0.11975218530478243,3.339550639801951,True,False,False,False,False,False
-1.0,78,physical_feasible_but_not_explanatory,-1.4298832052748738,-0.6160785870575275,0.6160785870575274,-2.1194925802748736,-0.48162216837042415,1.6378704119044496,-1.64601784473769,3.196368922223794,True,False,False,False,False,False
-1.0,79,physical_feasible_but_not_explanatory,-0.3275894840346756,-0.12891094842788542,0.12891094842788542,-1.0171988590346754,-0.48162216837042415,0.5355766906642513,-0.5437241234974919,6.092262125556749,True,False,False,False,False,False
-1.0,80,physical_feasible_but_not_explanatory,-3.057153712402333,-4.261951456455154,2.021233850724432,-3.746763087402333,-0.48162216837042415,3.265140919031909,-3.2732883518651494,5.80342288609104,True,False,False,False,False,False
-1.0,81,physical_feasible_but_not_explanatory,-4.315684535842941,0.02550245982703958,0.02550245982703947,-5.005293910842941,-0.48162216837042415,4.523671742472517,-4.531819175305757,4.930475993435864,True,False,False,False,True,False
-1.0,82,physical_feasible_but_not_explanatory,-2.6928688685435174,-3.9900751381618074,2.293110169017779,-3.3824782435435172,-0.48162216837042415,2.900856075173093,-2.9090035080063337,4.072577015201492,True,False,False,False,False,False
-1.0,83,physical_feasible_but_not_explanatory,-3.2756919598670686,-4.0710662542132035,2.212119052966383,-3.9653013348670685,-0.48162216837042415,3.4836791664966444,-3.491826599329885,5.27453354472306,True,False,False,False,False,False
-1.0,84,physical_feasible_but_not_explanatory,-4.092071443880674,1.4037013610619993,1.4037013610619997,-4.781680818880674,-0.48162216837042415,4.30005865051025,-4.3082060833434905,3.1934835912070927,True,False,False,False,False,False
-1.0,85,physical_feasible_but_not_explanatory,-1.516693975050193,5.145381738776397,1.1378035684031893,-2.206303350050193,-0.48162216837042415,1.724681181679769,-1.7328286145130094,4.665460040723059,True,False,False,False,False,False
-1.0,86,physical_feasible_but_not_explanatory,-0.902005813621396,0.806015696918933,0.8060156969189332,-1.5916151886213958,-0.48162216837042415,1.1099930202509718,-1.1181404530842123,3.1932525754494763,True,False,False,False,False,False
-1.0,87,physical_feasible_but_not_explanatory,-2.493908094833102,-1.2633656054476903,1.2633656054476903,-3.183517469833102,-0.48162216837042415,2.701895301462678,-2.7100427342959184,5.285431693640803,True,False,False,False,False,False
-1.0,88,physical_feasible_but_not_explanatory,-4.47766333486401,-3.3152166174290842,2.967968689750502,-5.16727270986401,-0.48162216837042415,4.685650541493586,-4.693797974326826,2.9056610043767397,True,False,False,False,False,False
-1.0,89,physical_feasible_but_not_explanatory,-1.010095084837544,-5.221598981342731,1.0615863258368554,-1.6997044598375441,-0.48162216837042415,1.21808229146712,-1.2262297243003604,3.9851353562825746,True,False,False,False,False,False
-1.0,90,physical_feasible_but_not_explanatory,-3.452266849017593,0.4568634379936114,0.4568634379936114,-4.141876224017593,-0.48162216837042415,3.6602540556471688,-3.6684014884804093,3.7356451409052145,True,False,False,False,False,False
-1.0,91,physical_feasible_but_not_explanatory,-4.398905879903756,2.115871196131137,2.1158711961311365,-5.088515254903756,-0.48162216837042415,4.606893086533332,-4.6150405193665724,3.170469240151718,True,False,False,False,False,False
-1.0,92,physical_feasible_but_not_explanatory,-2.581930453240331,0.5275687257136602,0.5275687257136603,-3.2715398282403307,-0.48162216837042415,2.7899176598699067,-2.798065092703147,4.027398591003045,True,False,False,False,False,False
-1.0,93,physical_feasible_but_not_explanatory,-3.7844087854431283,1.6456895330870012,1.6456895330870012,-4.474018160443128,-0.48162216837042415,3.992395992072704,-4.000543424905945,7.505058792797392,True,False,False,False,False,False
-1.0,94,loose_exact_match,0.18432368028053603,-0.9745097798681117,0.9745097798681117,-0.5052856947194639,-0.48162216837042415,0.023663526349039787,-0.03181095918228022,5.102107670335138,True,False,False,True,False,False
-1.0,95,physical_feasible_but_not_explanatory,-2.77381056818854,5.448048892240855,0.8351364149387308,-3.4634199431885397,-0.48162216837042415,2.9817977748181157,-2.989945207651356,5.481774781855867,True,False,False,False,False,False
-1.0,96,physical_feasible_but_not_explanatory,-3.3703822077901826,-0.4483963708468951,0.4483963708468952,-4.0599915827901825,-0.48162216837042415,3.5783694144197584,-3.586516847252999,3.9161488635940986,True,False,False,False,False,False
-1.0,97,physical_feasible_but_not_explanatory,-2.1564459754285106,3.3889806371835283,2.894204669996058,-2.8460553504285104,-0.48162216837042415,2.3644331820580864,-2.372580614891327,4.803776868909507,True,False,False,False,False,False
-1.0,98,physical_feasible_but_not_explanatory,-0.7076625137932724,-1.1862935194850288,1.1862935194850288,-1.3972718887932722,-0.48162216837042415,0.9156497204228481,-0.9237971532560887,4.958161785252966,True,False,False,False,False,False
-1.0,99,physical_feasible_but_not_explanatory,-2.7788229990099644,3.4111511998376827,2.8720341073419036,-3.4684323740099643,-0.48162216837042415,2.9868102056395402,-2.9949576384727807,5.754792909612483,True,False,False,False,False,False
-1.0,100,physical_feasible_but_not_explanatory,-3.8429060185035078,-0.06456133903644057,0.06456133903644057,-4.532515393503508,-0.48162216837042415,4.050893225133084,-4.059040657966324,4.336659249292516,True,False,False,False,False,False
-1.0,101,loose_exact_match,0.18432368028053153,0.9745097798681132,0.9745097798681135,-0.5052856947194684,-0.48162216837042415,0.023663526349044228,-0.031810959182284715,5.102107670335085,True,False,False,True,False,False
-1.0,102,physical_feasible_but_not_explanatory,-3.1337243016255254,-4.077657928211896,2.20552737896769,-3.8233336766255253,-0.48162216837042415,3.341711508255101,-3.3498589410883417,4.233719781664127,True,False,False,False,False,False
-1.0,103,physical_feasible_but_not_explanatory,-4.359789907755619,-3.257022779414402,3.026162527765184,-5.049399282755619,-0.48162216837042415,4.567777114385195,-4.575924547218436,2.573019534189505,True,False,False,False,False,False
-1.0,104,physical_feasible_but_not_explanatory,-4.580395633269491,2.056952244754869,2.0569522447548696,-5.270005008269491,-0.48162216837042415,4.788382839899067,-4.796530272732308,4.256649128001017,True,False,False,False,False,False
-1.0,105,algebraic_only_positive_full,2.1932797928460293,-1.3505146408371882,1.3505146408371882,1.5036704178460294,-0.48162216837042415,1.9852925862164534,1.977145153383213,3.937406636176787,False,True,False,False,False,True
-1.0,106,algebraic_only_positive_full,0.6953761669807563,5.704263617074039,0.5789216901055472,0.005766791980756358,-0.48162216837042415,0.4873889603511805,0.4792415275179401,5.134141499925729,False,True,False,False,False,True
-1.0,107,physical_feasible_but_not_explanatory,-1.0100950848375434,5.221598981342731,1.0615863258368563,-1.6997044598375433,-0.48162216837042415,1.2180822914671192,-1.2262297243003597,3.9851353562825746,True,False,False,False,False,False
-1.0,108,physical_feasible_but_not_explanatory,-2.649579091538469,-0.20991706687604283,0.20991706687604283,-3.339188466538469,-0.48162216837042415,2.8575662981680447,-2.8657137310012852,3.5112510373574364,True,False,False,False,False,False
-1.0,109,physical_feasible_but_not_explanatory,-0.39752450416530416,-6.276097255761657,0.007088051417929009,-1.0871338791653042,-0.48162216837042415,0.6055117107948801,-0.6136591436281205,4.732359964575613,True,False,False,False,True,False
-1.0,110,physical_feasible_but_not_explanatory,-1.9612903118788092,-1.1099864273565836,1.1099864273565836,-2.6508996868788093,-0.48162216837042415,2.1692775185083852,-2.1774249513416253,3.5916992932581344,True,False,False,False,False,False
-1.0,111,physical_feasible_but_not_explanatory,-2.388052385206227,-0.96648984263875,0.96648984263875,-3.077661760206227,-0.48162216837042415,2.596039591835803,-2.6041870246690433,3.80517928154417,True,False,False,False,False,False
-1.0,112,physical_feasible_but_not_explanatory,-1.3132782931105687,-5.452457174867886,0.8307281323117,-2.0028876681105685,-0.48162216837042415,1.5212654997401445,-1.529412932573385,5.592555185537426,True,False,False,False,False,False
-1.0,113,algebraic_only_positive_full,2.6260227843041397,4.931431036025967,1.3517542711536201,1.9364134093041399,-0.48162216837042415,2.418035577674564,2.4098881448413234,11.063024603146024,False,True,False,False,False,True
-1.0,114,physical_feasible_but_not_explanatory,-0.05686311369502128,2.9613425838823724,2.961342583882372,-0.7464724886950213,-0.48162216837042415,0.2648503203245971,-0.27299775315783753,3.0228734026114834,True,False,False,False,False,False
-1.0,115,physical_feasible_but_not_explanatory,-3.8534065110361553,6.599194646417054,0.31600933923746766,-4.543015886036155,-0.48162216837042415,4.061393717665731,-4.069541150498972,3.851335478666093,True,False,False,False,False,False
-1.0,116,physical_feasible_but_not_explanatory,-3.924133794570129,1.2251306120316694,1.2251306120316698,-4.613743169570129,-0.48162216837042415,4.132121001199705,-4.140268434032945,2.9489382090247966,True,False,False,False,False,False
-1.0,117,physical_feasible_but_not_explanatory,-1.19562495803459,11.440608532997683,1.12576208136149,-1.8852343330345898,-0.48162216837042415,1.4036121646641657,-1.4117595974974062,5.840236295451716,True,False,False,False,False,False
-1.0,118,physical_feasible_but_not_explanatory,-3.6304580948519787,4.120593909328021,2.162591397851565,-4.3200674698519785,-0.48162216837042415,3.8384453014815545,-3.846592734314795,4.7173358536539896,True,False,False,False,False,False
-1.0,119,physical_feasible_but_not_explanatory,-3.1337243016255303,4.077657928211898,2.2055273789676884,-3.82333367662553,-0.48162216837042415,3.341711508255106,-3.3498589410883466,4.2337197816641226,True,False,False,False,False,False
-1.0,120,physical_feasible_but_not_explanatory,-3.670730042249311,1.6475689075337163,1.6475689075337163,-4.360339417249311,-0.48162216837042415,3.8787172488788872,-3.8868646817121273,3.9158525860216566,True,False,False,False,False,False
-1.0,121,algebraic_only_positive_full,1.2933118137135389,1.9105995823294912,1.9105995823294908,0.6037024387135389,-0.48162216837042415,1.085324607083963,1.0771771742507226,6.936224431904694,False,True,False,False,False,True
-1.0,122,algebraic_only_positive_full,2.5774555070031795,-5.576499429280506,0.7066858778990799,1.8878461320031796,-0.48162216837042415,2.3694683003736037,2.361320867540363,8.918860312202993,False,True,False,False,False,True
-1.0,123,physical_feasible_but_not_explanatory,-4.298040774911215,-3.5275306567130125,2.7556546504665738,-4.9876501499112145,-0.48162216837042415,4.50602798154079,-4.514175414374031,3.5556020193729063,True,False,False,False,False,False
-1.0,124,physical_feasible_but_not_explanatory,-0.4150525972054018,-0.42269860761954314,0.42269860761954314,-1.1046619722054016,-0.48162216837042415,0.6230398038349775,-0.6311872366682181,3.5401501318030584,True,False,False,False,False,False
-1.0,125,physical_feasible_but_not_explanatory,-3.675442174152269,-2.4508106622977657,2.4508106622977657,-4.365051549152269,-0.48162216837042415,3.8834293807818447,-3.8915768136150852,7.679020202351506,True,False,False,False,False,False
-1.0,126,physical_feasible_but_not_explanatory,-1.0907937379691357,2.530253715550373,2.530253715550373,-1.7804031129691356,-0.48162216837042415,1.2987809445987115,-1.306928377431952,4.318459859272302,True,False,False,False,False,False
-1.0,127,physical_feasible_but_not_explanatory,-2.384308580308763,0.4648639115982036,0.4648639115982034,-3.073917955308763,-0.48162216837042415,2.592295786938339,-2.6004432197715794,3.992574537002067,True,False,False,False,False,False
-1.0,128,physical_feasible_but_not_explanatory,-1.6890921395174672,-5.800940374357435,0.48224493282215164,-2.3787015145174673,-0.48162216837042415,1.8970793461470432,-1.9052267789802835,5.025406549920743,True,False,False,False,False,False
-1.0,129,physical_feasible_but_not_explanatory,-2.302009643769569,-1.097169735462393,1.0971697354623933,-2.991619018769569,-0.48162216837042415,2.509996850399145,-2.5181442832323855,4.166595688404058,True,False,False,False,False,False
-1.0,130,loose_exact_match,0.25507625304058124,3.986876769998733,2.2963085371808534,-0.43453312195941873,-0.48162216837042415,0.04708904641100542,0.03894161357776499,4.949950985541372,True,False,False,True,False,False
-1.0,131,algebraic_only_positive_full,1.7242847285833984,-4.377345397163386,1.9058399100162005,1.0346753535833986,-0.48162216837042415,1.5162975219538226,1.5081500891205821,4.538771569224702,False,True,False,False,False,True
-1.0,132,algebraic_only_positive_full,0.6953761669807577,-5.704263617074039,0.5789216901055472,0.005766791980757691,-0.48162216837042415,0.48738896035118184,0.4792415275179414,5.13414149992573,False,True,False,False,False,True
-1.0,133,physical_feasible_but_not_explanatory,-5.0253743595822895,2.3601927277397174,2.360192727739717,-5.714983734582289,-0.48162216837042415,5.233361566211865,-5.241508999045106,4.201604832278527,True,False,False,False,False,False
-1.0,134,physical_feasible_but_not_explanatory,-0.39752450416530327,6.276097255761662,0.00708805141792368,-1.0871338791653034,-0.48162216837042415,0.6055117107948792,-0.6136591436281196,4.732359964575647,True,False,False,False,True,False
-1.0,135,algebraic_only_positive_full,2.2945647466367043,-5.448492700805071,0.8346926063745155,1.6049553716367044,-0.48162216837042415,2.0865775400071285,2.078430107173888,8.205775006966876,False,True,False,False,False,True
-1.0,136,physical_feasible_but_not_explanatory,-5.316731813994336,-0.4300139313216307,0.4300139313216307,-6.006341188994336,-0.48162216837042415,5.524719020623912,-5.532866453457152,3.306209918068959,True,False,False,False,False,False
-1.0,137,algebraic_only_positive_full,2.6260227843041393,-4.931431036025972,1.351754271153614,1.9364134093041394,-0.48162216837042415,2.4180355776745635,2.409888144841323,11.06302460314645,False,True,False,False,False,True
-1.0,138,physical_feasible_but_not_explanatory,-4.205091865176534,3.4772370039548126,2.805948303224774,-4.894701240176534,-0.48162216837042415,4.41307907180611,-4.421226504639351,3.7909359469732764,True,False,False,False,False,False
-1.0,139,physical_feasible_but_not_explanatory,0.3428408737735791,-0.536581929204544,0.536581929204544,-0.3467685012264209,-0.48162216837042415,0.13485366714400326,0.12670623431076283,3.3460944370393086,True,False,False,False,False,False
-1.0,140,algebraic_only_positive_full,2.193279792846031,1.3505146408371884,1.3505146408371882,1.5036704178460312,-0.48162216837042415,1.9852925862164552,1.9771451533832147,3.9374066361767706,False,True,False,False,False,True
-1.0,141,physical_feasible_but_not_explanatory,-1.551927765168113,-1.3391212058861508,1.3391212058861508,-2.241537140168113,-0.48162216837042415,1.7599149717976887,-1.7680624046309292,6.424345306853127,True,False,False,False,False,False
-1.0,142,physical_feasible_but_not_explanatory,-0.32758948403467647,0.12891094842788187,0.12891094842788187,-1.0171988590346763,-0.48162216837042415,0.5355766906642522,-0.5437241234974928,6.0922621255567595,True,False,False,False,False,False
-1.0,143,physical_feasible_but_not_explanatory,-2.742049852914397,1.6422518240522952,1.6422518240522948,-3.431659227914397,-0.48162216837042415,2.950037059543973,-2.9581844923772134,4.8392547080859085,True,False,False,False,False,False
-1.0,144,physical_feasible_but_not_explanatory,-0.1457327860157473,2.606541980033516,2.6065419800335157,-0.8353421610157472,-0.48162216837042415,0.35371999264532306,-0.36186742547856354,4.616048856514607,True,False,False,False,False,False
-1.0,145,physical_feasible_but_not_explanatory,-3.630458094851976,-4.120593909328021,2.162591397851565,-4.320067469851976,-0.48162216837042415,3.838445301481552,-3.8465927343147923,4.717335853653988,True,False,False,False,False,False
-1.0,146,physical_feasible_but_not_explanatory,-4.376698321333884,-1.9293534117810678,1.9293534117810678,-5.066307696333884,-0.48162216837042415,4.58468552796346,-4.5928329607967004,4.306233873627139,True,False,False,False,False,False
-1.6,0,physical_feasible_but_not_explanatory,-1.8039824730040532,1.0513458157750923,1.0513458157750923,-2.493591848004053,-0.5929285146186167,1.9006633333854364,-1.901607441713865,3.771464034769073,True,False,False,False,False,False
-1.6,1,physical_feasible_but_not_explanatory,-1.4721911829493282,-4.905519086575002,1.377666220604584,-2.161800557949328,-0.5929285146186167,1.5688720433307113,-1.56981615165914,5.331868218110082,True,False,False,False,False,False
-1.6,2,physical_feasible_but_not_explanatory,-0.41559856515694715,0.13007163335396865,0.13007163335396843,-1.105207940156947,-0.5929285146186167,0.5122794255383303,-0.513223533866759,2.3091832085093893,True,False,False,False,False,False
-1.6,3,physical_feasible_but_not_explanatory,-7.0444490041556955,1.25895662056404,1.2589566205640397,-7.734058379155695,-0.5929285146186167,7.141129864537079,-7.142073972865507,3.5812857121757204,True,False,False,False,False,False
-1.6,4,physical_feasible_but_not_explanatory,-0.04866458004504928,6.160990526393778,0.12219478078580792,-0.7382739550450492,-0.5929285146186167,0.1453454404264325,-0.14628954875486114,4.137908871844632,True,False,False,False,False,False
-1.6,5,physical_feasible_but_not_explanatory,-2.1513444124461643,-2.027872667231625,2.027872667231625,-2.840953787446164,-0.5929285146186167,2.2480252728275474,-2.248969381155976,2.939353624705234,True,False,False,False,False,False
-1.6,6,physical_feasible_but_not_explanatory,-0.048664580045046896,-6.160990526393777,0.12219478078580881,-0.7382739550450469,-0.5929285146186167,0.14534544042643016,-0.14628954875485875,4.137908871844616,True,False,False,False,False,False
-1.6,7,physical_feasible_but_not_explanatory,-2.2575287611105224,4.5179801725958395,1.7652051345837467,-2.947138136110522,-0.5929285146186167,2.3542096214919055,-2.3551537298203344,4.252382272099466,True,False,False,False,False,False
-1.6,8,loose_exact_match,0.06207887036917037,0.035547138419885105,0.035547138419885105,-0.6275305046308296,-0.5929285146186167,0.03460199001221287,-0.035546098340641485,2.798253514515434,True,False,False,True,True,False
-1.6,9,physical_feasible_but_not_explanatory,-0.41559856515694626,-0.13007163335397043,0.1300716333539702,-1.1052079401569461,-0.5929285146186167,0.5122794255383294,-0.5132235338667581,2.3091832085094044,True,False,False,False,False,False
-1.6,10,physical_feasible_but_not_explanatory,-0.4962521986594832,6.04489141061378,0.23829389656580702,-1.185861573659483,-0.5929285146186167,0.5929330590408664,-0.5938771673692951,2.8468253041080884,True,False,False,False,False,False
-1.6,11,physical_feasible_but_not_explanatory,-0.15356042469828113,0.10123829036750154,0.10123829036750154,-0.8431697996982811,-0.5929285146186167,0.25024128507966437,-0.251185393408093,6.211676763045165,True,False,False,False,False,False
-1.6,12,physical_feasible_but_not_explanatory,-2.7543309557860414,0.49308744495582246,0.49308744495582246,-3.4439403307860412,-0.5929285146186167,2.8510118161674245,-2.8519559244958534,3.1761624038758876,True,False,False,False,False,False
-1.6,13,physical_feasible_but_not_explanatory,-0.9158937608188262,0.11812580260168548,0.11812580260168559,-1.605503135818826,-0.5929285146186167,1.0125746212002094,-1.013518729528638,2.3550452313000356,True,False,False,False,False,False
-1.6,14,loose_exact_match,0.06207887036917237,-0.03554713841988466,0.03554713841988466,-0.6275305046308276,-0.5929285146186167,0.03460199001221087,-0.03554609834063949,2.798253514515728,True,False,False,True,True,False
-1.6,15,loose_exact_match,0.07459440376423088,-0.17379740020263423,0.17379740020263412,-0.6150149712357691,-0.5929285146186167,0.02208645661715236,-0.023030564945580978,4.687764987747386,True,False,False,True,False,False
-1.6,16,algebraic_only_positive_full,1.4065893226649768,0.6360830338410761,0.6360830338410759,0.7169799476649769,-0.5929285146186167,1.3099084622835937,1.308964353955165,2.411100368688556,False,True,False,False,False,True
-1.6,17,physical_feasible_but_not_explanatory,-0.012976212949552757,1.0950182323500028,1.0950182323500028,-0.7025855879495527,-0.5929285146186167,0.109657073330936,-0.11060118165936461,7.898747848013783,True,False,False,False,False,False
-1.6,18,loose_exact_match,0.07459440376422921,0.17379740020263684,0.1737974002026368,-0.6150149712357708,-0.5929285146186167,0.022086456617154027,-0.023030564945582643,4.687764987747369,True,False,False,True,False,False
-1.6,19,physical_feasible_but_not_explanatory,-1.233626419310676,4.86778260721845,1.4154026999611364,-1.923235794310676,-0.5929285146186167,1.3303072796920592,-1.331251388020488,4.6008998779966435,True,False,False,False,False,False
-1.6,20,physical_feasible_but_not_explanatory,-3.269180475369481,3.7969919355362434,2.486193371643343,-3.958789850369481,-0.5929285146186167,3.365861335750864,-3.3668054440792927,4.654224735416051,True,False,False,False,False,False
-1.6,21,physical_feasible_but_not_explanatory,-1.01558033566354,-0.8689537117684206,0.8689537117684205,-1.7051897106635399,-0.5929285146186167,1.1122611960449231,-1.1132053043733519,3.9329127206654904,True,False,False,False,False,False
-1.6,22,physical_feasible_but_not_explanatory,-2.3224216712095425,7.085482076936797,0.802296769757211,-3.0120310462095423,-0.5929285146186167,2.4191025315909256,-2.420046639919354,4.882508893671361,True,False,False,False,False,False
-1.6,23,physical_feasible_but_not_explanatory,-3.91445290499517,0.06940555701857809,0.06940555701857809,-4.60406227999517,-0.5929285146186167,4.011133765376553,-4.012077873704982,4.6143071471041335,True,False,False,False,False,False
-1.6,24,physical_feasible_but_not_explanatory,-3.6051930249891844,1.7592254213857572,1.7592254213857572,-4.294802399989185,-0.5929285146186167,3.701873885370568,-3.7028179936989964,3.450025885016984,True,False,False,False,False,False
-1.6,25,physical_feasible_but_not_explanatory,-3.472468981480982,-5.528234833755267,0.7549504734243193,-4.162078356480982,-0.5929285146186167,3.569149841862365,-3.5700939501907936,4.1050597831433295,True,False,False,False,False,False
-1.6,26,physical_feasible_but_not_explanatory,-1.472191182949326,4.905519086575002,1.3776662206045849,-2.161800557949326,-0.5929285146186167,1.568872043330709,-1.5698161516591378,5.331868218110094,True,False,False,False,False,False
-1.6,27,physical_feasible_but_not_explanatory,-0.21724452702508845,0.3834480637016295,0.3834480637016293,-0.9068539020250884,-0.5929285146186167,0.3139253874064717,-0.3148694957349003,2.8593364216457218,True,False,False,False,False,False
-1.6,28,algebraic_only_positive_full,2.4720258577256837,4.889335523694066,1.3938497834855212,1.7824164827256839,-0.5929285146186167,2.3753449973443006,2.374400889015872,13.7422817404954,False,True,False,False,False,True
-1.6,29,physical_feasible_but_not_explanatory,-3.8496998944449254,3.7702616845319312,2.512923622647655,-4.539309269444925,-0.5929285146186167,3.9463807548263086,-3.947324863154737,3.7773739006806983,True,False,False,False,False,False
-1.6,30,physical_feasible_but_not_explanatory,-0.048070901548833866,-5.969585745012775,0.31359956216681084,-0.7376802765488338,-0.5929285146186167,0.1447517619302171,-0.14569587025864572,4.295721488857445,True,False,False,False,False,False
-1.6,31,physical_feasible_but_not_explanatory,-0.9158937608188271,-0.11812580260168501,0.11812580260168515,-1.605503135818827,-0.5929285146186167,1.0125746212002102,-1.013518729528639,2.3550452313000516,True,False,False,False,False,False
-1.6,32,physical_feasible_but_not_explanatory,-1.8577481609903974,-1.2924432217213637,1.2924432217213637,-2.5473575359903973,-0.5929285146186167,1.9544290213717805,-1.9553731297002093,4.142214207554954,True,False,False,False,False,False
-1.6,33,physical_feasible_but_not_explanatory,-2.5124648303815595,-1.080267607571836,1.080267607571836,-3.2020742053815594,-0.5929285146186167,2.6091456907629427,-2.610089799091371,4.166993736491223,True,False,False,False,False,False
-1.6,34,physical_feasible_but_not_explanatory,-1.319319596705995,1.0979714348913217,1.0979714348913214,-2.008928971705995,-0.5929285146186167,1.416000457087378,-1.4169445654158068,3.5710699036593665,True,False,False,False,False,False
-1.6,35,physical_feasible_but_not_explanatory,-2.6651082122948138,-1.6577114755219506,1.6577114755219506,-3.3547175872948136,-0.5929285146186167,2.761789072676197,-2.7627331810046254,4.804389600719031,True,False,False,False,False,False
-1.6,36,physical_feasible_but_not_explanatory,-0.1766448830766678,-4.773909219811835,1.509276087367751,-0.8662542580766678,-0.5929285146186167,0.27332574345805105,-0.27426985178647967,2.78069772914719,True,False,False,False,False,False
-1.6,37,physical_feasible_but_not_explanatory,-3.934090690859252,0.11115248513937748,0.11115248513937726,-4.623700065859252,-0.5929285146186167,4.030771551240635,-4.0317156595690635,4.465363684241894,True,False,False,False,False,False
-1.6,38,physical_feasible_but_not_explanatory,-3.3227542819436255,-0.2680313205259038,0.2680313205259037,-4.012363656943625,-0.5929285146186167,3.4194351423250087,-3.420379250653437,5.015067041685276,True,False,False,False,False,False
-1.6,39,physical_feasible_but_not_explanatory,-1.3193195967059976,-1.097971434891319,1.0979714348913188,-2.0089289717059975,-0.5929285146186167,1.4160004570873808,-1.4169445654158095,3.5710699036593665,True,False,False,False,False,False
-1.6,40,physical_feasible_but_not_explanatory,-1.732375203970511,0.5785760994725524,0.5785760994725524,-2.421984578970511,-0.5929285146186167,1.829056064351894,-1.8300001726803228,3.285087891835043,True,False,False,False,False,False
-1.6,41,physical_feasible_but_not_explanatory,-0.5028125483377117,-6.040472549945389,0.24271275723419716,-1.1924219233377116,-0.5929285146186167,0.5994934087190948,-0.6004375170475236,3.7446802636668326,True,False,False,False,False,False
-1.6,42,physical_feasible_but_not_explanatory,-3.923954918435901,0.13835790420685481,0.1383579042068548,-4.613564293435901,-0.5929285146186167,4.020635778817284,-4.0215798871457125,4.134180298538713,True,False,False,False,False,False
-1.6,43,physical_feasible_but_not_explanatory,-1.3020629024303354,-0.35504505913018514,0.35504505913018525,-1.9916722774303355,-0.5929285146186167,1.3987437628117187,-1.3996878711401473,9.061512640442603,True,False,False,False,False,False
-1.6,44,physical_feasible_but_not_explanatory,-0.5594610772776925,-2.0213178171931316,2.0213178171931316,-1.2490704522776923,-0.5929285146186167,0.6561419376590756,-0.6570860459875043,4.741834666387892,True,False,False,False,False,False
-1.6,45,physical_feasible_but_not_explanatory,-4.453426277226273,4.2108017226039625,2.0723835845756238,-5.143035652226273,-0.5929285146186167,4.5501071376076565,-4.551051245936085,4.356748175587431,True,False,False,False,False,False
-1.6,46,physical_feasible_but_not_explanatory,-3.4724689814809877,5.528234833755267,0.7549504734243193,-4.162078356480988,-0.5929285146186167,3.5691498418623713,-3.5700939501908,4.1050597831433295,True,False,False,False,False,False
-1.6,47,physical_feasible_but_not_explanatory,-2.2575287611105197,-4.5179801725958395,1.7652051345837467,-2.9471381361105196,-0.5929285146186167,2.354209621491903,-2.3551537298203318,4.252382272099451,True,False,False,False,False,False
-1.6,48,physical_feasible_but_not_explanatory,-4.4389643491947846,2.14438394673472,2.1443839467347203,-5.128573724194784,-0.5929285146186167,4.535645209576168,-4.536589317904596,3.2044901254857994,True,False,False,False,False,False
-1.6,49,physical_feasible_but_not_explanatory,-3.6140217332986513,3.7659662211595784,2.517219086020008,-4.303631108298651,-0.5929285146186167,3.7107025936800344,-3.711646702008463,4.40874334142527,True,False,False,False,False,False
-1.6,50,physical_feasible_but_not_explanatory,-0.21724452702508845,-0.38344806370163087,0.3834480637016311,-0.9068539020250884,-0.5929285146186167,0.3139253874064717,-0.3148694957349003,2.8593364216457346,True,False,False,False,False,False
-1.6,51,algebraic_only_positive_full,0.8509077055064367,-4.940581581592321,1.3426037255872654,0.16129833050643672,-0.5929285146186167,0.7542268451250534,0.7532827367966248,4.9954246183136295,False,True,False,False,False,True
-1.6,52,physical_feasible_but_not_explanatory,-1.7323752039705136,-0.578576099472554,0.5785760994725537,-2.4219845789705134,-0.5929285146186167,1.8290560643518967,-1.8300001726803254,3.2850878918350688,True,False,False,False,False,False
-1.6,53,physical_feasible_but_not_explanatory,-2.5287895058546317,5.216211515997166,1.06697379118242,-3.2183988808546315,-0.5929285146186167,2.625470366236015,-2.6264144745644433,4.520375491528927,True,False,False,False,False,False
-1.6,54,physical_feasible_but_not_explanatory,-2.532202001570065,-4.351151154216003,1.932034152963583,-3.2218113765700647,-0.5929285146186167,2.628882861951448,-2.6298269702798764,7.217136973935897,True,False,False,False,False,False
-1.6,55,physical_feasible_but_not_explanatory,-1.1147822158826375,0.7666353335172641,0.766635333517264,-1.8043915908826373,-0.5929285146186167,1.2114630762640206,-1.2124071845924493,3.1717943374652013,True,False,False,False,False,False
-1.6,56,algebraic_only_positive_full,2.090711684533341,5.210024830705709,1.073160476473877,1.401102309533341,-0.5929285146186167,1.9940308241519578,1.993086715823529,8.916329341902626,False,True,False,False,False,True
-1.6,57,physical_feasible_but_not_explanatory,-3.3855699684221476,0.10458842367570131,0.10458842367570131,-4.075179343422148,-0.5929285146186167,3.482250828803531,-3.4831949371319597,4.865721713326746,True,False,False,False,False,False
-1.6,58,physical_feasible_but_not_explanatory,-0.2894463471793607,-4.55660471857584,1.7265805886037464,-0.9790557221793607,-0.5929285146186167,0.3861272075607439,-0.38707131588917254,5.795226203323957,True,False,False,False,False,False
-1.6,59,physical_feasible_but_not_explanatory,-3.4343848706591746,3.8887691288355795,2.3944161783440068,-4.1239942456591745,-0.5929285146186167,3.5310657310405578,-3.5320098393689863,5.710217551688089,True,False,False,False,False,False
-1.6,60,physical_feasible_but_not_explanatory,-1.89853653244771,1.9493885478172954,1.9493885478172954,-2.58814590744771,-0.5929285146186167,1.995217392829093,-1.9961615011575218,3.105389225863408,True,False,False,False,False,False
-1.6,61,physical_feasible_but_not_explanatory,-1.2336264193106774,-4.8677826072184525,1.4154026999611338,-1.9232357943106773,-0.5929285146186167,1.3303072796920605,-1.3312513880204893,4.600899877996633,True,False,False,False,False,False
-1.6,62,physical_feasible_but_not_explanatory,-1.7162245235294349,-6.652457557526215,0.36927225034662836,-2.4058338985294347,-0.5929285146186167,1.812905383910818,-1.8138494922392467,4.4663577230143074,True,False,False,False,False,False
-1.6,63,physical_feasible_but_not_explanatory,-1.1147822158826415,-0.7666353335172595,0.7666353335172595,-1.8043915908826413,-0.5929285146186167,1.2114630762640246,-1.2124071845924533,3.1717943374652195,True,False,False,False,False,False
-1.6,64,physical_feasible_but_not_explanatory,-4.437503663275327,-1.8259825175518944,1.8259825175518944,-5.1271130382753265,-0.5929285146186167,4.53418452365671,-4.535128631985138,4.6099499078512345,True,False,False,False,False,False
-1.6,65,physical_feasible_but_not_explanatory,-2.52878950585463,-5.216211515997169,1.0669737911824173,-3.2183988808546298,-0.5929285146186167,2.625470366236013,-2.6264144745644415,4.520375491528915,True,False,False,False,False,False
-1.6,66,physical_feasible_but_not_explanatory,-3.486671897920978,-3.650424790543405,2.632760516636181,-4.176281272920978,-0.5929285146186167,3.583352758302361,-3.5842968666307895,4.962023484831979,True,False,False,False,False,False
-1.6,67,physical_feasible_but_not_explanatory,-3.84969989444492,-3.7702616845319294,2.512923622647657,-4.53930926944492,-0.5929285146186167,3.9463807548263032,-3.9473248631547317,3.7773739006806943,True,False,False,False,False,False
-1.6,68,physical_feasible_but_not_explanatory,-1.9083271293861963,4.980107682986993,1.3030776241925928,-2.597936504386196,-0.5929285146186167,2.0050079897675794,-2.0059520980960084,4.9546518929252645,True,False,False,False,False,False
-1.6,69,physical_feasible_but_not_explanatory,-3.6140217332986495,-3.7659662211595766,2.5172190860200097,-4.303631108298649,-0.5929285146186167,3.7107025936800326,-3.711646702008461,4.408743341425255,True,False,False,False,False,False
-1.6,70,physical_feasible_but_not_explanatory,-0.5028125483377117,6.04047254994539,0.24271275723419627,-1.1924219233377116,-0.5929285146186167,0.5994934087190948,-0.6004375170475236,3.744680263666849,True,False,False,False,False,False
-1.6,71,physical_feasible_but_not_explanatory,-0.17664488307666515,4.773909219811835,1.509276087367751,-0.8662542580766651,-0.5929285146186167,0.2733257434580484,-0.274269851786477,2.780697729147184,True,False,False,False,False,False
-1.6,72,physical_feasible_but_not_explanatory,-3.2691804753694846,-3.7969919355362416,2.4861933716433446,-3.9587898503694845,-0.5929285146186167,3.3658613357508678,-3.3668054440792963,4.654224735416044,True,False,False,False,False,False
-1.6,73,physical_feasible_but_not_explanatory,-0.5440498347103464,0.7306432285293963,0.7306432285293964,-1.2336592097103463,-0.5929285146186167,0.6407306950917295,-0.6416748034201583,2.488156119595257,True,False,False,False,False,False
-1.6,74,physical_feasible_but_not_explanatory,-1.8577481609904014,1.2924432217213626,1.2924432217213626,-2.5473575359904013,-0.5929285146186167,1.9544290213717845,-1.9553731297002133,4.1422142075549395,True,False,False,False,False,False
-1.6,75,physical_feasible_but_not_explanatory,-4.218882578671211,-0.8838803042660102,0.8838803042660102,-4.908491953671211,-0.5929285146186167,4.315563439052594,-4.316507547381023,14.430770894119023,True,False,False,False,False,False
-1.6,76,physical_feasible_but_not_explanatory,-1.8039824730040546,-1.0513458157750912,1.0513458157750915,-2.4935918480040544,-0.5929285146186167,1.9006633333854377,-1.9016074417138664,3.771464034769091,True,False,False,False,False,False
-1.6,77,physical_feasible_but_not_explanatory,-2.3087026120688,-11.271866302984312,1.29450431137486,-2.9983119870687998,-0.5929285146186167,2.405383472450183,-2.406327580778612,5.155277017523381,True,False,False,False,False,False
-1.6,78,physical_feasible_but_not_explanatory,-1.0155803356635404,0.8689537117684205,0.8689537117684205,-1.7051897106635403,-0.5929285146186167,1.1122611960449236,-1.1132053043733523,3.932912720665505,True,False,False,False,False,False
-1.6,79,physical_feasible_but_not_explanatory,-3.3069222422299305,1.817251408856193,1.817251408856193,-3.9965316172299303,-0.5929285146186167,3.4036031026113136,-3.404547210939742,5.0425443966746135,True,False,False,False,False,False
-1.6,80,physical_feasible_but_not_explanatory,-1.121123563757974,0.8915720727974865,0.8915720727974863,-1.8107329387579738,-0.5929285146186167,1.217804424139357,-1.2187485324677858,3.759397098876298,True,False,False,False,False,False
-1.6,81,physical_feasible_but_not_explanatory,-1.952447769400277,-5.515907392974686,0.7672779142049002,-2.642057144400277,-0.5929285146186167,2.04912862978166,-2.0500727381100887,4.683308936166662,True,False,False,False,False,False
-1.6,82,physical_feasible_but_not_explanatory,-1.121123563757973,-0.8915720727974861,0.8915720727974863,-1.810732938757973,-0.5929285146186167,1.2178044241393562,-1.218748532467785,3.7593970988763044,True,False,False,False,False,False
-1.6,83,physical_feasible_but_not_explanatory,-0.15356042469828424,-0.10123829036750087,0.1012382903675011,-0.8431697996982842,-0.5929285146186167,0.2502412850796675,-0.2511853934080961,6.211676763044921,True,False,False,False,False,False
-1.6,84,physical_feasible_but_not_explanatory,-4.234037666552505,1.9721965862720656,1.9721965862720658,-4.923647041552504,-0.5929285146186167,4.330718526933888,-4.331662635262316,4.487226620481524,True,False,False,False,False,False
-1.6,85,physical_feasible_but_not_explanatory,-0.4962521986594828,-6.044891410613779,0.23829389656580702,-1.1858615736594826,-0.5929285146186167,0.5929330590408659,-0.5938771673692946,2.8468253041080724,True,False,False,False,False,False
-1.6,86,physical_feasible_but_not_explanatory,-3.605193024989184,-1.759225421385759,1.759225421385759,-4.294802399989184,-0.5929285146186167,3.701873885370567,-3.7028179936989956,3.4500258850169843,True,False,False,False,False,False
-1.6,87,physical_feasible_but_not_explanatory,-6.139843137208579,3.6062224064011166,2.67696290077847,-6.8294525122085785,-0.5929285146186167,6.236523997589962,-6.23746810591839,5.9780818990302595,True,False,False,False,False,False
-1.6,88,physical_feasible_but_not_explanatory,-2.4554546950524654,1.0412131527575974,1.0412131527575976,-3.1450640700524652,-0.5929285146186167,2.5521355554338485,-2.5530796637622775,4.440602933665644,True,False,False,False,False,False
-1.6,89,physical_feasible_but_not_explanatory,-4.689879039994944,0.9881663523546301,0.9881663523546305,-5.379488414994944,-0.5929285146186167,4.786559900376327,-4.787504008704755,4.563464518560505,True,False,False,False,False,False
-1.6,90,physical_feasible_but_not_explanatory,-1.5719685651993744,-4.739737375313895,1.5434479318656908,-2.2615779401993743,-0.5929285146186167,1.6686494255807576,-1.6695935339091863,5.098151807590102,True,False,False,False,False,False
-1.6,91,physical_feasible_but_not_explanatory,0.6694307355776559,-5.584541828924904,0.6986434782546826,-0.020178639422344102,-0.5929285146186167,0.5727498751962726,0.571805766867844,4.638527492756153,True,False,False,False,False,True
-1.6,92,physical_feasible_but_not_explanatory,-4.3205766961703596,-3.3539331076207186,2.929252199558867,-5.010186071170359,-0.5929285146186167,4.417257556551743,-4.418201664880171,3.920867643934454,True,False,False,False,False,False
-1.6,93,physical_feasible_but_not_explanatory,-1.3699932470601528,2.581208188281014,2.581208188281014,-2.0596026220601527,-0.5929285146186167,1.466674107441536,-1.4676182157699647,4.421585222518181,True,False,False,False,False,False
-1.6,94,physical_feasible_but_not_explanatory,-4.813689400992659,8.258144492919117,1.9749591857395306,-5.503298775992659,-0.5929285146186167,4.910370261374042,-4.91131436970247,4.824442197109956,True,False,False,False,False,False
-1.6,95,physical_feasible_but_not_explanatory,-1.9083271293861954,-4.980107682986993,1.3030776241925937,-2.5979365043861953,-0.5929285146186167,2.0050079897675785,-2.0059520980960075,4.954651892925254,True,False,False,False,False,False
-1.6,96,physical_feasible_but_not_explanatory,-4.100761698755517,-0.18484842782752664,0.18484842782752686,-4.790371073755517,-0.5929285146186167,4.1974425591369,-4.1983866674653285,3.9474997630692314,True,False,False,False,False,False
-1.6,97,physical_feasible_but_not_explanatory,-1.1603955889896476,5.447933751665124,0.8352515555144624,-1.8500049639896474,-0.5929285146186167,1.2570764493710307,-1.2580205576994594,4.466014232165477,True,False,False,False,False,False
-1.6,98,physical_feasible_but_not_explanatory,-0.039132766901067484,0.5848567691437259,0.5848567691437259,-0.7287421419010675,-0.5929285146186167,0.13581362728245072,-0.13675773561087934,3.03741277279279,True,False,False,False,False,False
-1.6,99,algebraic_only_positive_full,1.6930019237923863,-5.108763255840932,1.174422051338654,1.0033925487923865,-0.5929285146186167,1.5963210634110032,1.5953769550825745,8.126886709720843,False,True,False,False,False,True
-1.6,100,physical_feasible_but_not_explanatory,-1.6552430008107737,-5.2356640477762255,1.0475212594033607,-2.3448523758107735,-0.5929285146186167,1.7519238611921568,-1.7528679695205855,5.414884473839816,True,False,False,False,False,False
-1.6,101,physical_feasible_but_not_explanatory,-3.9144529049951666,-0.0694055570185741,0.0694055570185741,-4.6040622799951665,-0.5929285146186167,4.01113376537655,-4.012077873704978,4.614307147104128,True,False,False,False,False,False
-1.6,102,physical_feasible_but_not_explanatory,-0.048070901548830314,5.969585745012775,0.31359956216681084,-0.7376802765488303,-0.5929285146186167,0.14475176193021355,-0.14569587025864217,4.295721488857531,True,False,False,False,False,False
-1.6,103,physical_feasible_but_not_explanatory,-3.597937408805924,0.39254851946134406,0.39254851946134384,-4.287546783805924,-0.5929285146186167,3.6946182691873073,-3.695562377515736,4.116179899895905,True,False,False,False,False,False
-1.6,104,physical_feasible_but_not_explanatory,-1.5217775440933732,-3.1618719745376396,3.1213133326419467,-2.211386919093373,-0.5929285146186167,1.6184584044747563,-1.619402512803185,2.9274389692114493,True,False,False,False,False,False
-1.6,105,algebraic_only_positive_full,1.8544990083177622,1.695770431067846,1.6957704310678459,1.1648896333177623,-0.5929285146186167,1.757818147936379,1.7568740396079503,3.8255563034408184,False,True,False,False,False,True
-1.6,106,physical_feasible_but_not_explanatory,-4.668080522120901,4.5467120516633805,1.7364732555162057,-5.357689897120901,-0.5929285146186167,4.764761382502284,-4.765705490830713,5.619373247003054,True,False,False,False,False,False
-1.6,107,physical_feasible_but_not_explanatory,-3.637162944914831,-1.9552234557814745,1.9552234557814745,-4.326772319914831,-0.5929285146186167,3.733843805296214,-3.7347879136246425,6.960219880372846,True,False,False,False,False,False
-1.6,108,physical_feasible_but_not_explanatory,-2.7543309557860414,-0.4930874449558251,0.4930874449558251,-3.4439403307860412,-0.5929285146186167,2.8510118161674245,-2.8519559244958534,3.1761624038758742,True,False,False,False,False,False
-1.6,109,physical_feasible_but_not_explanatory,-3.4128274117447486,-2.2970065823040975,2.2970065823040975,-4.102436786744748,-0.5929285146186167,3.5095082721261317,-3.51045238045456,9.44700535363164,True,False,False,False,False,False
-1.6,110,physical_feasible_but_not_explanatory,-3.4343848706591755,-3.8887691288355803,2.394416178344006,-4.123994245659175,-0.5929285146186167,3.5310657310405587,-3.532009839368987,5.710217551688112,True,False,False,False,False,False
-1.6,111,physical_feasible_but_not_explanatory,-4.402424615285885,-1.770939278540226,1.770939278540226,-5.092033990285885,-0.5929285146186167,4.499105475667268,-4.500049583995697,4.7389340611794175,True,False,False,False,False,False
-1.6,112,physical_feasible_but_not_explanatory,-1.7156023131927869,1.002651488646988,1.002651488646988,-2.4052116881927867,-0.5929285146186167,1.81228317357417,-1.8132272819025987,3.217352684382612,True,False,False,False,False,False
-1.6,113,physical_feasible_but_not_explanatory,-2.542184827339443,-2.810402181392999,2.810402181392999,-3.231794202339443,-0.5929285146186167,2.638865687720826,-2.6398097960492546,4.367305520936622,True,False,False,False,False,False
-1.6,114,physical_feasible_but_not_explanatory,-1.3020629024303383,0.35504505913018913,0.35504505913018924,-1.9916722774303381,-0.5929285146186167,1.3987437628117214,-1.3996878711401501,9.061512640442768,True,False,False,False,False,False
-1.6,115,physical_feasible_but_not_explanatory,-0.5594610772776951,2.0213178171931334,2.0213178171931334,-1.249070452277695,-0.5929285146186167,0.6561419376590782,-0.657086045987507,4.741834666387958,True,False,False,False,False,False
-1.6,116,physical_feasible_but_not_explanatory,-4.724712078046133,-0.6104648503626735,0.6104648503626735,-5.414321453046133,-0.5929285146186167,4.8213929384275165,-4.822337046755945,6.710903527441714,True,False,False,False,False,False
-1.6,117,physical_feasible_but_not_explanatory,-0.5440498347103446,-0.7306432285293949,0.7306432285293951,-1.2336592097103445,-0.5929285146186167,0.6407306950917278,-0.6416748034201565,2.4881561195952697,True,False,False,False,False,False
-1.6,118,physical_feasible_but_not_explanatory,-4.437503663275325,1.8259825175518967,1.8259825175518962,-5.127113038275325,-0.5929285146186167,4.534184523656708,-4.5351286319851365,4.609949907851266,True,False,False,False,False,False
-1.6,119,physical_feasible_but_not_explanatory,-0.5161584734372102,2.3623468541158856,2.362346854115886,-1.20576784843721,-0.5929285146186167,0.6128393338185933,-0.6137834421470221,4.044121071560694,True,False,False,False,False,False
-1.6,120,physical_feasible_but_not_explanatory,-3.4732484549125133,1.1035969925286513,1.1035969925286508,-4.162857829912514,-0.5929285146186167,3.569929315293897,-3.5708734236223254,6.101481395677344,True,False,False,False,False,False
-1.6,121,physical_feasible_but_not_explanatory,-2.1513444124461616,2.027872667231624,2.027872667231624,-2.8409537874461614,-0.5929285146186167,2.2480252728275447,-2.2489693811559732,2.9393536247051975,True,False,False,False,False,False
-1.6,122,physical_feasible_but_not_explanatory,-5.443496093959842,-1.7527501694164718,1.7527501694164718,-6.133105468959842,-0.5929285146186167,5.540176954341225,-5.541121062669654,8.964270767754304,True,False,False,False,False,False
-1.6,123,physical_feasible_but_not_explanatory,0.29932426529106326,2.254447765465681,2.254447765465681,-0.3902851097089367,-0.5929285146186167,0.20264340490968002,0.2016992965812514,5.042615335021943,True,False,False,False,False,False
-1.6,124,physical_feasible_but_not_explanatory,-2.3372772118305933,1.9970884504186024,1.9970884504186026,-3.026886586830593,-0.5929285146186167,2.4339580722119765,-2.434902180540405,3.628564903475005,True,False,False,False,False,False
-1.6,125,physical_feasible_but_not_explanatory,-1.8677448870670912,5.601849901506949,0.6813354056726375,-2.5573542620670913,-0.5929285146186167,1.9644257474484745,-1.965369855776903,3.758039748320828,True,False,False,False,False,False
-1.6,126,physical_feasible_but_not_explanatory,-5.2743970296838,4.040725349954509,2.242459957225077,-5.9640064046838,-0.5929285146186167,5.371077890065183,-5.3720219983936115,4.1690076795742765,True,False,False,False,False,False
-1.6,127,physical_feasible_but_not_explanatory,-2.5253744922801094,0.8998720703438827,0.899872070343883,-3.214983867280109,-0.5929285146186167,2.6220553526614925,-2.622999460989921,3.6746853341458645,True,False,False,False,False,False
-1.6,128,physical_feasible_but_not_explanatory,0.2223822974755416,-2.9242913288849053,2.9242913288849053,-0.46722707752445836,-0.5929285146186167,0.12570143709415837,0.12475732876572976,3.6557939606588374,True,False,False,False,False,False
-1.6,129,physical_feasible_but_not_explanatory,-4.501580790933971,-0.23702807129186992,0.23702807129186976,-5.191190165933971,-0.5929285146186167,4.5982616513153545,-4.599205759643783,4.562370615855187,True,False,False,False,False,False
-1.6,130,physical_feasible_but_not_explanatory,-4.432909948064696,2.0799764079156646,2.079976407915664,-5.1225193230646955,-0.5929285146186167,4.529590808446079,-4.530534916774507,6.452597724991818,True,False,False,False,False,False
-1.6,131,physical_feasible_but_not_explanatory,-1.5719685651993764,4.7397373753138945,1.5434479318656917,-2.2615779401993765,-0.5929285146186167,1.6686494255807598,-1.6695935339091883,5.098151807590109,True,False,False,False,False,False
-1.6,132,physical_feasible_but_not_explanatory,-0.9311647227917614,1.1400493813684718,1.1400493813684722,-1.6207740977917613,-0.5929285146186167,1.0278455831731446,-1.0287896915015733,4.728685906734259,True,False,False,False,False,False
-1.6,133,physical_feasible_but_not_explanatory,-3.8145281439051266,0.1398216353570726,0.1398216353570727,-4.504137518905127,-0.5929285146186167,3.91120900428651,-3.9121531126149387,4.189721236645878,True,False,False,False,False,False
-1.6,134,physical_feasible_but_not_explanatory,-5.023038911255757,1.9303033010526367,1.9303033010526365,-5.712648286255757,-0.5929285146186167,5.11971977163714,-5.120663879965568,5.863514251123195,True,False,False,False,False,False
-1.6,135,physical_feasible_but_not_explanatory,-3.8966894819483047,-6.256569387281517,0.02661591989806933,-4.5862988569483045,-0.5929285146186167,3.993370342329688,-3.9943144506581163,3.861127321641294,True,False,False,False,True,False
-1.6,136,physical_feasible_but_not_explanatory,-3.9913416878645274,6.713855429144936,0.43067012196534904,-4.680951062864527,-0.5929285146186167,4.0880225482459105,-4.088966656574339,4.4804136157220915,True,False,False,False,False,False
-1.6,137,algebraic_only_positive_full,1.662264743866034,2.3289885275143685,2.328988527514369,0.9726553688660341,-0.5929285146186167,1.565583883484651,1.5646397751562222,7.396124820815146,False,True,False,False,False,True
-1.6,138,physical_feasible_but_not_explanatory,-3.1439646046971577,0.5388418145844796,0.5388418145844796,-3.8335739796971575,-0.5929285146186167,3.240645465078541,-3.2415895734069693,4.1309926988943415,True,False,False,False,False,False
-1.6,139,physical_feasible_but_not_explanatory,0.3316102446102631,-5.43333146757934,0.8498538396002466,-0.35799913038973685,-0.5929285146186167,0.23492938422887988,0.23398527590045126,5.207494727233622,True,False,False,False,False,False
-1.6,140,physical_feasible_but_not_explanatory,-4.542233997957451,3.1415926535897953,3.1415926535897913,-5.231843372957451,-0.5929285146186167,4.638914858338834,-4.639858966667263,3.0246943724146216,True,False,False,False,False,False
-1.6,141,physical_feasible_but_not_explanatory,-4.234037666552503,-1.9721965862720607,1.9721965862720607,-4.923647041552503,-0.5929285146186167,4.330718526933886,-4.331662635262314,4.487226620481503,True,False,False,False,False,False
-1.6,142,algebraic_only_positive_full,3.1106353442121977,-5.21173463192042,1.0714506752591664,2.421025969212198,-0.5929285146186167,3.0139544838308145,3.013010375502386,13.761008477756675,False,True,False,False,False,True
-1.6,143,physical_feasible_but_not_explanatory,-5.8604120683185785,2.721797327035095,2.7217973270350946,-6.550021443318578,-0.5929285146186167,5.957092928699962,-5.95803703702839,5.7826288688811385,True,False,False,False,False,False
-1.6,144,algebraic_only_positive_full,0.6916778637386578,5.532390471737904,0.7507948354416811,0.0020684887386578366,-0.5929285146186167,0.5949970033572746,0.594052895028846,6.316360001761109,False,True,False,False,False,True
-1.6,145,physical_feasible_but_not_explanatory,-1.3699932470601555,-2.5812081882810127,2.5812081882810127,-2.0596026220601553,-0.5929285146186167,1.4666741074415386,-1.4676182157699673,4.421585222518194,True,False,False,False,False,False
-1.6,146,physical_feasible_but_not_explanatory,-1.7487165412193362,6.45851312904872,0.17532782186913387,-2.4383259162193363,-0.5929285146186167,1.8453974016007195,-1.846341509929148,12.64959376093732,True,False,False,False,False,False
-1.6,147,physical_feasible_but_not_explanatory,-3.139603628456784,0.8932728994888391,0.8932728994888395,-3.829213003456784,-0.5929285146186167,3.236284488838167,-3.237228597166596,4.042531619529739,True,False,False,False,False,False
-1.6,148,physical_feasible_but_not_explanatory,-3.1396036284567823,-0.8932728994888341,0.8932728994888341,-3.829213003456782,-0.5929285146186167,3.2362844888381654,-3.2372285971665944,4.042531619529751,True,False,False,False,False,False
-1.6,149,physical_feasible_but_not_explanatory,-2.525374492280112,-0.8998720703438836,0.8998720703438838,-3.214983867280112,-0.5929285146186167,2.622055352661495,-2.6229994609899236,3.674685334145877,True,False,False,False,False,False
-1.6,150,physical_feasible_but_not_explanatory,-2.322421671209544,-7.085482076936799,0.8022967697572128,-3.0120310462095436,-0.5929285146186167,2.419102531590927,-2.420046639919356,4.882508893671383,True,False,False,False,False,False
-1.6,151,physical_feasible_but_not_explanatory,-0.30127546735662136,-6.299733540647889,0.016548233468302698,-0.9908848423566213,-0.5929285146186167,0.3979563277380046,-0.3989004360664332,4.756609736540961,True,False,False,False,True,False
-1.6,152,physical_feasible_but_not_explanatory,-1.6552430008107755,5.235664047776231,1.0475212594033554,-2.3448523758107753,-0.5929285146186167,1.7519238611921586,-1.7528679695205873,5.414884473839659,True,False,False,False,False,False
-1.6,153,physical_feasible_but_not_explanatory,-0.9227580795290953,-0.6718115063021936,0.6718115063021934,-1.6123674545290951,-0.5929285146186167,1.0194389399104784,-1.0203830482389071,7.278035300018226,True,False,False,False,False,False
-1.6,154,physical_feasible_but_not_explanatory,-3.8372231639074177,3.930145913451157,2.3530393937284293,-4.526832538907418,-0.5929285146186167,3.9339040242888013,-3.9348481326172298,4.918321004262639,True,False,False,False,False,False
-1.6,155,physical_feasible_but_not_explanatory,-2.218061170947778,1.3005021287020746,1.3005021287020746,-2.907670545947778,-0.5929285146186167,2.3147420313291613,-2.31568613965759,3.6848006731802045,True,False,False,False,False,False
-1.6,156,physical_feasible_but_not_explanatory,-3.637162944914831,1.9552234557814798,1.9552234557814803,-4.326772319914831,-0.5929285146186167,3.733843805296214,-3.7347879136246425,6.96021988037284,True,False,False,False,False,False
-1.6,157,physical_feasible_but_not_explanatory,-0.4470463014494541,-5.251244518429843,1.0319407887497434,-1.136655676449454,-0.5929285146186167,0.5437271618308372,-0.544671270159266,3.2875549341297523,True,False,False,False,False,False
-1.6,158,physical_feasible_but_not_explanatory,-4.590937355780168,-1.5498173157811423,1.5498173157811423,-5.280546730780168,-0.5929285146186167,4.687618216161551,-4.68856232448998,4.271675713946231,True,False,False,False,False,False
-1.6,159,physical_feasible_but_not_explanatory,-3.290501616973552,5.250725982122034,1.0324593250575518,-3.980110991973552,-0.5929285146186167,3.3871824773549353,-3.388126585683364,6.245451090358472,True,False,False,False,False,False
-1.6,160,physical_feasible_but_not_explanatory,-4.956208634491476,1.0220161237120537,1.0220161237120537,-5.645818009491476,-0.5929285146186167,5.0528894948728595,-5.053833603201288,4.148121840238815,True,False,False,False,False,False
-1.6,161,physical_feasible_but_not_explanatory,-6.934560348825872,-0.29360196704157615,0.2936019670415764,-7.624169723825871,-0.5929285146186167,7.031241209207255,-7.032185317535683,4.270622309479388,True,False,False,False,False,False
-1.6,162,physical_feasible_but_not_explanatory,-2.455454695052469,-1.0412131527575974,1.0412131527575976,-3.145064070052469,-0.5929285146186167,2.552135555433852,-2.553079663762281,4.440602933665651,True,False,False,False,False,False
-1.6,163,physical_feasible_but_not_explanatory,-3.4866718979209703,3.6504247905434033,2.632760516636183,-4.176281272920971,-0.5929285146186167,3.583352758302354,-3.5842968666307824,4.962023484831992,True,False,False,False,False,False
-1.6,164,physical_feasible_but_not_explanatory,-0.039132766901066596,-0.5848567691437263,0.5848567691437263,-0.7287421419010666,-0.5929285146186167,0.13581362728244983,-0.13675773561087845,3.0374127727927673,True,False,False,False,False,False
-1.6,165,physical_feasible_but_not_explanatory,-6.387167684828745,1.4297091684041348,1.429709168404135,-7.0767770598287445,-0.5929285146186167,6.483848545210128,-6.484792653538556,3.6555300626297877,True,False,False,False,False,False
-1.6,166,physical_feasible_but_not_explanatory,-0.7873878164764907,1.4930758155872677,1.493075815587268,-1.4769971914764906,-0.5929285146186167,0.8840686768578738,-0.8850127851863026,4.502475769301555,True,False,False,False,False,False
-1.6,167,physical_feasible_but_not_explanatory,-4.307041406264955,2.4100362955426684,2.4100362955426684,-4.996650781264955,-0.5929285146186167,4.403722266646338,-4.4046663749747665,8.088314241741166,True,False,False,False,False,False
-1.6,168,physical_feasible_but_not_explanatory,-1.445577778024857,-1.692760825808969,1.692760825808969,-2.135187153024857,-0.5929285146186167,1.5422586384062402,-1.543202746734669,7.460409913060417,True,False,False,False,False,False
-1.6,169,physical_feasible_but_not_explanatory,-3.814528143905133,-0.13982163535707381,0.13982163535707404,-4.504137518905133,-0.5929285146186167,3.9112090042865164,-3.912153112614945,4.189721236645856,True,False,False,False,False,False
-1.6,170,physical_feasible_but_not_explanatory,-3.415076385926111,0.17347587523132324,0.17347587523132324,-4.104685760926111,-0.5929285146186167,3.5117572463074946,-3.512701354635923,4.4617529521047015,True,False,False,False,False,False
-1.6,171,physical_feasible_but_not_explanatory,-2.2180611709477747,-1.3005021287020717,1.3005021287020717,-2.9076705459477745,-0.5929285146186167,2.314742031329158,-2.3156861396575863,3.6848006731802108,True,False,False,False,False,False
-1.6,172,physical_feasible_but_not_explanatory,-2.3908592822313817,-1.2037092922229469,1.2037092922229469,-3.0804686572313815,-0.5929285146186167,2.487540142612765,-2.4884842509411937,3.8363024276108324,True,False,False,False,False,False
-1.6,173,physical_feasible_but_not_explanatory,-3.640072034775386,3.6214432983399143,2.6617420088396724,-4.329681409775386,-0.5929285146186167,3.7367528951567692,-3.7376970034851977,7.19118304197246,True,False,False,False,False,False
-1.6,174,physical_feasible_but_not_explanatory,-1.9202626547652164,2.6074616931873487,2.607461693187348,-2.6098720297652163,-0.5929285146186167,2.0169435151465995,-2.017887623475028,3.2327280839173604,True,False,False,False,False,False
-1.6,175,physical_feasible_but_not_explanatory,-4.307041406264944,-2.4100362955426755,2.4100362955426755,-4.996650781264944,-0.5929285146186167,4.403722266646327,-4.404666374974756,8.088314241741129,True,False,False,False,False,False
-1.6,176,physical_feasible_but_not_explanatory,-2.5124648303815578,1.0802676075718372,1.0802676075718374,-3.2020742053815576,-0.5929285146186167,2.609145690762941,-2.6100897990913694,4.1669937364912135,True,False,False,False,False,False
-1.6,177,physical_feasible_but_not_explanatory,-3.236084674635034,-4.090376622419372,2.192808684760214,-3.925694049635034,-0.5929285146186167,3.332765535016417,-3.3337096433448457,5.618470077684572,True,False,False,False,False,False
-1.6,178,physical_feasible_but_not_explanatory,0.5770231162597841,-0.3291929616773912,0.329192961677391,-0.11258625874021588,-0.5929285146186167,0.48034225587840085,0.47939814754997223,8.30479956128362,True,False,False,False,False,True
-1.6,179,physical_feasible_but_not_explanatory,-3.9913416878645207,-6.7138554291449335,0.43067012196534726,-4.680951062864521,-0.5929285146186167,4.088022548245904,-4.088966656574333,4.480413615722105,True,False,False,False,False,False
-1.6,180,physical_feasible_but_not_explanatory,-2.9339089723803085,-3.814511473752141,2.468673833427445,-3.6235183473803083,-0.5929285146186167,3.0305898327616916,-3.03153394109012,4.985800453028174,True,False,False,False,False,False
-1.6,181,physical_feasible_but_not_explanatory,-1.715602313192786,-1.002651488646988,1.002651488646988,-2.405211688192786,-0.5929285146186167,1.8122831735741691,-1.8132272819025979,3.21735268438263,True,False,False,False,False,False
-1.6,182,physical_feasible_but_not_explanatory,-4.320576696170361,3.35393310762072,2.9292521995588663,-5.010186071170361,-0.5929285146186167,4.4172575565517445,-4.418201664880173,3.920867643934474,True,False,False,False,False,False
-1.6,183,physical_feasible_but_not_explanatory,-2.3093120328438728,-5.7402347867947325,0.5429505203848537,-2.9989214078438726,-0.5929285146186167,2.405992893225256,-2.4069370015536844,7.4099392524380265,True,False,False,False,False,False
-1.6,184,physical_feasible_but_not_explanatory,-4.402424615285888,1.77093927854023,1.7709392785402303,-5.092033990285888,-0.5929285146186167,4.499105475667271,-4.5000495839956995,4.738934061179432,True,False,False,False,False,False
-1.6,185,physical_feasible_but_not_explanatory,-7.508878417309302,-5.68713482291788,0.5960504842617063,-8.198487792309303,-0.5929285146186167,7.605559277690686,-7.606503386019114,8.721991812802939,True,False,False,False,False,False
-1.6,186,physical_feasible_but_not_explanatory,-3.236084674635036,4.090376622419371,2.192808684760215,-3.9256940496350357,-0.5929285146186167,3.332765535016419,-3.3337096433448474,5.618470077684567,True,False,False,False,False,False
-1.6,187,physical_feasible_but_not_explanatory,-4.9455341384766465,-10.606924844895591,1.9594457694635814,-5.635143513476646,-0.5929285146186167,5.04221499885803,-5.043159107186458,10.684330124869136,True,False,False,False,False,False
-1.6,188,physical_feasible_but_not_explanatory,-1.8677448870670939,-5.601849901506947,0.6813354056726393,-2.557354262067094,-0.5929285146186167,1.9644257474484772,-1.9653698557769057,3.7580397483207686,True,False,False,False,False,False
-1.6,189,physical_feasible_but_not_explanatory,-3.214211220893424,-2.055847634451049,2.055847634451049,-3.903820595893424,-0.5929285146186167,3.3108920812748073,-3.311836189603236,10.14033362072962,True,False,False,False,False,False
-1.6,190,physical_feasible_but_not_explanatory,-3.889020243036818,4.808779340490348,1.474405966689238,-4.5786296180368184,-0.5929285146186167,3.9857011034182017,-3.9866452117466302,3.823838428973823,True,False,False,False,False,False
-1.6,191,physical_feasible_but_not_explanatory,-1.8928989236617766,-4.262006256791043,2.021179050388543,-2.5825082986617764,-0.5929285146186167,1.9895797840431597,-1.9905238923715884,4.231560479951236,True,False,False,False,False,False
-1.6,192,physical_feasible_but_not_explanatory,-1.567670549254398,-0.19081220238481292,0.1908122023848131,-2.257279924254398,-0.5929285146186167,1.6643514096357812,-1.66529551796421,3.0149553439057213,True,False,False,False,False,False
-1.6,193,physical_feasible_but_not_explanatory,-1.567670549254398,0.19081220238481322,0.1908122023848131,-2.257279924254398,-0.5929285146186167,1.6643514096357812,-1.66529551796421,3.014955343905706,True,False,False,False,False,False
-1.6,194,physical_feasible_but_not_explanatory,-1.9524477694002815,5.515907392974686,0.7672779142049002,-2.6420571444002814,-0.5929285146186167,2.0491286297816647,-2.050072738110093,4.683308936166643,True,False,False,False,False,False
-1.6,195,physical_feasible_but_not_explanatory,-3.2830101233925184,2.731170531489017,2.731170531489017,-3.9726194983925183,-0.5929285146186167,3.3796909837739015,-3.38063509210233,6.008104083815717,True,False,False,False,False,False
-1.6,196,physical_feasible_but_not_explanatory,-3.889020243036821,-4.808779340490348,1.474405966689238,-4.578629618036821,-0.5929285146186167,3.9857011034182044,-3.986645211746633,3.823838428973815,True,False,False,False,False,False
-1.6,197,physical_feasible_but_not_explanatory,-5.187090838771038,-0.9752629315883402,0.9752629315883401,-5.876700213771038,-0.5929285146186167,5.283771699152421,-5.28471580748085,2.47902234079853,True,False,False,False,False,False
-1.6,198,physical_feasible_but_not_explanatory,-4.499692928108589,2.308851838197591,2.308851838197591,-5.1893023031085885,-0.5929285146186167,4.596373788489972,-4.5973178968184,3.462152362268695,True,False,False,False,False,False
-1.6,199,physical_feasible_but_not_explanatory,0.331610244610264,5.433331467579343,0.8498538396002431,-0.35799913038973596,-0.5929285146186167,0.23492938422888077,0.23398527590045215,5.207494727233636,True,False,False,False,False,False
-1.6,200,physical_feasible_but_not_explanatory,-1.7732365322761678,-4.906987294779999,1.3761980123995876,-2.4628459072761677,-0.5929285146186167,1.869917392657551,-1.8708615009859797,8.040306777599179,True,False,False,False,False,False
-1.6,201,physical_feasible_but_not_explanatory,-8.154002703185528,-16.894524910947318,1.9550310105914406,-8.843612078185528,-0.5929285146186167,8.250683563566911,-8.25162767189534,18.089831579364088,True,False,False,False,False,False
-1.6,202,physical_feasible_but_not_explanatory,0.5770231162597828,0.3291929616773921,0.32919296167739187,-0.11258625874021722,-0.5929285146186167,0.4803422558783995,0.4793981475499709,8.304799561283595,True,False,False,False,False,True
-1.6,203,physical_feasible_but_not_explanatory,-2.896044208799915,5.42435940981778,0.8588258973618075,-3.585653583799915,-0.5929285146186167,2.992725069181298,-2.9936691775097266,5.469633977733628,True,False,False,False,False,False
-1.6,204,physical_feasible_but_not_explanatory,-0.264276074493873,6.8520585810790156,0.5688732738994293,-0.953885449493873,-0.5929285146186167,0.36095693487525626,-0.3619010432036849,12.356893762360183,True,False,False,False,False,False
-1.6,205,physical_feasible_but_not_explanatory,-4.1755632015375,-0.11559746781504243,0.11559746781504243,-4.8651725765375,-0.5929285146186167,4.272244061918883,-4.273188170247312,3.90991835732176,True,False,False,False,False,False
-1.6,206,physical_feasible_but_not_explanatory,-2.1401567322694657,2.4117488474022446,2.4117488474022446,-2.8297661072694655,-0.5929285146186167,2.236837592650849,-2.2377817009792773,5.540310802694108,True,False,False,False,False,False
-2.0,0,strict_exact_and_near_real,0.007780734951116863,4.247016955736183e-16,4.440892098500626e-16,-0.6818286400488831,-0.6789843207113251,0.002844319337558021,0.046598140638742014,3.7845024801498717,True,False,True,True,True,False
-2.0,1,loose_exact_match,-0.038817405687627815,0.005857072455301315,0.005857072455301093,-0.7284267806876278,-0.6789843207113251,0.0494424599763027,-2.6645352591003757e-15,1.5077526914966581,True,False,False,True,True,False
-2.0,2,physical_feasible_but_not_explanatory,-0.2976623274813308,-0.5994414456999954,0.5994414456999952,-0.9872717024813308,-0.6789843207113251,0.3082873817700057,-0.25884492179370566,2.407348060679166,True,False,False,False,False,False
-2.0,3,physical_feasible_but_not_explanatory,-0.6615605554595794,0.12119544028770646,0.12119544028770646,-1.3511699304595792,-0.6789843207113251,0.6721856097482541,-0.6227431497719542,2.8128263587626368,True,False,False,False,False,False
-2.0,4,physical_feasible_but_not_explanatory,-0.09717921173531296,-6.092300188187215,0.19088511899237126,-0.7867885867353129,-0.6789843207113251,0.10780426602398785,-0.058361806047687814,4.303334708478893,True,False,False,False,False,False
-2.0,5,physical_feasible_but_not_explanatory,-1.5222100238727942,-1.1748451450569393,1.1748451450569393,-2.211819398872794,-0.6789843207113251,1.532835078161469,-1.483392618185169,3.710130768260911,True,False,False,False,False,False
-2.0,6,physical_feasible_but_not_explanatory,-0.6126590657457385,0.1424911495875446,0.14249114958754472,-1.3022684407457383,-0.6789843207113251,0.6232841200344132,-0.5738416600581133,2.1849212816009436,True,False,False,False,False,False
-2.0,7,physical_feasible_but_not_explanatory,-0.09717921173531274,6.092300188187215,0.19088511899237126,-0.7867885867353127,-0.6789843207113251,0.10780426602398763,-0.05836180604768759,4.563686778952614,True,False,False,False,False,False
-2.0,8,physical_feasible_but_not_explanatory,-2.080344476035184,-1.373545230055617,1.373545230055617,-2.7699538510351838,-0.6789843207113251,2.090969530323859,-2.0415270703475588,4.286067547988636,True,False,False,False,False,False
-2.0,9,physical_feasible_but_not_explanatory,-4.440652206981611,-3.274897811032286,3.0082874961473003,-5.13026158198161,-0.6789843207113251,4.451277261270286,-4.401834801293985,4.053704157077616,True,False,False,False,False,False
-2.0,10,physical_feasible_but_not_explanatory,-2.5838123543386313,-1.093100665878786,1.093100665878786,-3.273421729338631,-0.6789843207113251,2.5944374086273063,-2.544994948651006,4.175671345503277,True,False,False,False,False,False
-2.0,11,physical_feasible_but_not_explanatory,-1.452009014077153,4.709599437034364,1.573585870145222,-2.141618389077153,-0.6789843207113251,1.4626340683658279,-1.413191608389528,4.931992924803627,True,False,False,False,False,False
-2.0,12,physical_feasible_but_not_explanatory,-0.6126590657457376,-0.1424911495875445,0.14249114958754472,-1.3022684407457374,-0.6789843207113251,0.6232841200344124,-0.5738416600581124,2.436961358034826,True,False,False,False,False,False
-2.0,13,physical_feasible_but_not_explanatory,-1.6796052930482142,-4.794812114870876,1.4883731923087105,-2.369214668048214,-0.6789843207113251,1.690230347336889,-1.640787887360589,5.4770359354301705,True,False,False,False,False,False
-2.0,14,physical_feasible_but_not_explanatory,-1.1561040544900862,0.11933558132727276,0.11933558132727295,-1.845713429490086,-0.6789843207113251,1.166729108778761,-1.117286648802461,2.241553078182268,True,False,False,False,False,False
-2.0,15,physical_feasible_but_not_explanatory,-7.493316112094911,-2.797687823154078,2.797687823154078,-8.182925487094911,-0.6789843207113251,7.503941166383586,-7.454498706407286,3.6136443237082414,True,False,False,False,False,False
-2.0,16,physical_feasible_but_not_explanatory,0.32344749976397497,-2.814698717117064,2.814698717117064,-0.366161875236025,-0.6789843207113251,0.3128224454753001,0.3622649054516001,9.956500912384586,True,False,False,False,False,True
-2.0,17,physical_feasible_but_not_explanatory,-0.42433122256516764,0.36507827530389986,0.3650782753038997,-1.1139405975651675,-0.6789843207113251,0.4349562768538424,-0.3855138168775425,2.756686074128755,True,False,False,False,False,False
-2.0,18,physical_feasible_but_not_explanatory,-1.9613555600392516,0.5635754067490693,0.5635754067490693,-2.6509649350392515,-0.6789843207113251,1.9719806143279264,-1.9225381543516264,3.1462873736331836,True,False,False,False,False,False
-2.0,19,physical_feasible_but_not_explanatory,-4.598467814043611,-3.260796007297976,3.0223892998816098,-5.2880771890436105,-0.6789843207113251,4.609092868332286,-4.559650408355985,3.421735818306316,True,False,False,False,False,False
-2.0,20,physical_feasible_but_not_explanatory,-0.3041188029450419,5.776330665116829,0.5068546420627573,-0.9937281779450419,-0.6789843207113251,0.3147438572337168,-0.26530139725741675,3.311735388838296,True,False,False,False,False,False
-2.0,21,physical_feasible_but_not_explanatory,-2.0113888039866037,1.1250518050604725,1.1250518050604725,-2.7009981789866035,-0.6789843207113251,2.0220138582752787,-1.9725713982989785,3.6626849168623847,True,False,False,False,False,False
-2.0,22,physical_feasible_but_not_explanatory,-2.147832383622256,4.8796035475075215,1.4035817596720648,-2.837441758622256,-0.6789843207113251,2.158457437910931,-2.1090149779346308,5.216106560184776,True,False,False,False,False,False
-2.0,23,physical_feasible_but_not_explanatory,-1.3071946142148754,0.7534986121667887,0.7534986121667888,-1.9968039892148752,-0.6789843207113251,1.3178196685035501,-1.2683772085272502,2.933823502230314,True,False,False,False,False,False
-2.0,24,physical_feasible_but_not_explanatory,-4.626321511794617,1.9790743780702138,1.979074378070214,-5.315930886794617,-0.6789843207113251,4.636946566083292,-4.5875041061069926,6.733140246134712,True,False,False,False,False,False
-2.0,25,physical_feasible_but_not_explanatory,-3.7745747499777766,3.679001527399613,2.604183779779973,-4.464184124977777,-0.6789843207113251,3.785199804266452,-3.7357573442901515,4.62476292079926,True,False,False,False,False,False
-2.0,26,physical_feasible_but_not_explanatory,-0.42433122256516764,-0.36507827530390075,0.3650782753039006,-1.1139405975651675,-0.6789843207113251,0.4349562768538424,-0.3855138168775425,3.0002479809043634,True,False,False,False,False,False
-2.0,27,physical_feasible_but_not_explanatory,-2.8390718916815763,1.701387587007787,1.7013875870077868,-3.528681266681576,-0.6789843207113251,2.8496969459702512,-2.800254485993951,4.972842572035477,True,False,False,False,False,False
-2.0,28,physical_feasible_but_not_explanatory,-2.0113888039866037,-1.1250518050604712,1.1250518050604712,-2.7009981789866035,-0.6789843207113251,2.0220138582752787,-1.9725713982989785,3.88889837403835,True,False,False,False,False,False
-2.0,29,physical_feasible_but_not_explanatory,-0.3041188029450437,-5.776330665116828,0.5068546420627582,-0.9937281779450436,-0.6789843207113251,0.31474385723371856,-0.2653013972574185,4.804484286329481,True,False,False,False,False,False
-2.0,30,physical_feasible_but_not_explanatory,-3.7679457367193177,-1.8056436576791473,1.8056436576791473,-4.4575551117193175,-0.6789843207113251,3.7785707910079926,-3.7291283310316925,3.5377987455979,True,False,False,False,False,False
-2.0,31,physical_feasible_but_not_explanatory,-1.1561040544900898,-0.11933558132727423,0.11933558132727429,-1.8457134294900897,-0.6789843207113251,1.1667291087787646,-1.1172866488024646,2.456258062961997,True,False,False,False,False,False
-2.0,32,algebraic_only_positive_full,1.451712828082731,4.363894643218863,1.919290663960723,0.762103453082731,-0.6789843207113251,1.441087773794056,1.490530233770356,16.657197195136764,False,True,False,False,False,True
-2.0,33,physical_feasible_but_not_explanatory,0.10418996331111008,-0.093981540584468,0.09398154058446817,-0.5854194116888899,-0.6789843207113251,0.0935649090224352,0.14300736899873523,5.901952230411387,True,False,False,False,False,False
-2.0,34,physical_feasible_but_not_explanatory,-0.4134970584644737,-4.665804166231059,1.6173811409485275,-1.1031064334644736,-0.6789843207113251,0.4241221127531485,-0.37467965277684856,3.337772898470805,True,False,False,False,False,False
-2.0,35,physical_feasible_but_not_explanatory,-1.6796052930482137,4.794812114870872,1.488373192308714,-2.3692146680482136,-0.6789843207113251,1.6902303473368885,-1.6407878873605886,5.609513391200624,True,False,False,False,False,False
-2.0,36,physical_feasible_but_not_explanatory,-0.09368405549316017,-0.09639355725564802,0.0963935572556478,-0.7832934304931601,-0.6789843207113251,0.10430910978183505,-0.05486664980553502,7.518177391080256,True,False,False,False,False,False
-2.0,37,physical_feasible_but_not_explanatory,-4.432257247264688,-0.8345899908936982,0.834589990893698,-5.121866622264688,-0.6789843207113251,4.442882301553363,-4.393439841577063,15.387462698379737,True,False,False,False,False,False
-2.0,38,physical_feasible_but_not_explanatory,-2.7232869662094443,-5.075975361314691,1.2072099458648955,-3.412896341209444,-0.6789843207113251,2.733912020498119,-2.684469560521819,4.724452124526631,True,False,False,False,False,False
-2.0,39,physical_feasible_but_not_explanatory,-1.2191891074700871,0.852307831208182,0.852307831208182,-1.908798482470087,-0.6789843207113251,1.229814161758762,-1.180371701782462,3.840815366586141,True,False,False,False,False,False
-2.0,40,physical_feasible_but_not_explanatory,-4.565210807706543,-2.1655613409243992,2.1655613409243992,-5.254820182706543,-0.6789843207113251,4.575835861995218,-4.526393402018918,3.1054875668337827,True,False,False,False,False,False
-2.0,41,physical_feasible_but_not_explanatory,-3.9915768573536043,4.683058864003467,1.6001264431761193,-4.681186232353604,-0.6789843207113251,4.002201911642279,-3.952759451665979,4.190571537763985,True,False,False,False,False,False
-2.0,42,physical_feasible_but_not_explanatory,-2.4508221029180506,1.3814440731644606,1.3814440731644604,-3.1404314779180504,-0.6789843207113251,2.4614471572067256,-2.4120046972304254,3.5807358020735833,True,False,False,False,False,False
-2.0,43,physical_feasible_but_not_explanatory,-2.4943793372486223,-4.469875773322737,1.8133095338568497,-3.183988712248622,-0.6789843207113251,2.5050043915372973,-2.455561931560997,4.181052796079528,True,False,False,False,False,False
-2.0,44,physical_feasible_but_not_explanatory,-1.9613555600392498,-0.5635754067490721,0.5635754067490719,-2.6509649350392497,-0.6789843207113251,1.9719806143279246,-1.9225381543516247,3.4161873393178936,True,False,False,False,False,False
-2.0,45,physical_feasible_but_not_explanatory,-4.040447660038314,-0.08399910709111463,0.08399910709111458,-4.730057035038314,-0.6789843207113251,4.051072714326989,-4.0016302543506885,4.826627975132583,True,False,False,False,False,False
-2.0,46,physical_feasible_but_not_explanatory,-0.6070723322812834,5.960616454682268,0.32256885249731937,-1.2966817072812833,-0.6789843207113251,0.6176973865699582,-0.5682549265936583,4.165473576250739,True,False,False,False,False,False
-2.0,47,physical_feasible_but_not_explanatory,-2.080344476035182,1.3735452300556177,1.3735452300556172,-2.769953851035182,-0.6789843207113251,2.090969530323857,-2.041527070347557,4.156213602968254,True,False,False,False,False,False
-2.0,48,physical_feasible_but_not_explanatory,-3.4435565482437935,3.667995207590742,2.615190099588844,-4.133165923243793,-0.6789843207113251,3.4541816025324685,-3.4047391425561684,4.908332614277565,True,False,False,False,False,False
-2.0,49,physical_feasible_but_not_explanatory,-2.3888682911793104,-1.943147224810034,1.943147224810034,-3.0784776661793103,-0.6789843207113251,2.3994933454679854,-2.3500508854916853,2.6598687937919063,True,False,False,False,False,False
-2.0,50,physical_feasible_but_not_explanatory,0.10418996331110575,0.09398154058446545,0.0939815405844655,-0.5854194116888942,-0.6789843207113251,0.09356490902243086,0.1430073689987309,5.445587033738083,True,False,False,False,False,False
-2.0,51,physical_feasible_but_not_explanatory,-2.616074110392593,1.0254115049445254,1.0254115049445254,-3.305683485392593,-0.6789843207113251,2.626699164681268,-2.577256704704968,4.412894867882888,True,False,False,False,False,False
-2.0,52,physical_feasible_but_not_explanatory,0.4800042193066636,0.1721393220445666,0.1721393220445666,-0.20960515569333638,-0.6789843207113251,0.4693791650179887,0.5188216249942887,5.206511730535202,True,False,False,False,False,True
-2.0,53,physical_feasible_but_not_explanatory,-0.5631435219083505,-0.15350701001024047,0.15350701001024047,-1.2527528969083503,-0.6789843207113251,0.5737685761970253,-0.5243261162207253,3.509317131992232,True,False,False,False,False,False
-2.0,54,physical_feasible_but_not_explanatory,0.4101533783367648,5.359971660709665,0.9232136464699217,-0.2794559966632352,-0.6789843207113251,0.3995283240480899,0.44897078402438995,4.638836441051882,True,False,False,False,False,True
-2.0,55,physical_feasible_but_not_explanatory,-3.374510144759273,-2.1267939603881336,2.1267939603881336,-4.064119519759273,-0.6789843207113251,3.385135199047948,-3.3356927390716478,9.086465916665603,True,False,False,False,False,False
-2.0,56,physical_feasible_but_not_explanatory,-3.6042572993396957,5.382389131451307,0.9007961757282796,-4.293866674339696,-0.6789843207113251,3.6148823536283707,-3.5654398936520706,4.004297978704316,True,False,False,False,False,False
-2.0,57,physical_feasible_but_not_explanatory,-4.921360240409909,-1.960017542308768,1.960017542308768,-5.610969615409909,-0.6789843207113251,4.931985294698584,-4.882542834722283,3.2377171119444843,True,False,False,False,False,False
-2.0,58,physical_feasible_but_not_explanatory,-5.301088745426981,2.3869278033545824,2.386927803354583,-5.9906981204269805,-0.6789843207113251,5.311713799715656,-5.262271339739355,27.764890543581135,True,False,False,False,False,False
-2.0,59,physical_feasible_but_not_explanatory,-2.7232869662094457,5.075975361314688,1.2072099458648982,-3.4128963412094455,-0.6789843207113251,2.7339120204981207,-2.6844695605218205,4.76521380371536,True,False,False,False,False,False
-2.0,60,physical_feasible_but_not_explanatory,-2.580349578532023,1.157701051332825,1.1577010513328254,-3.269958953532023,-0.6789843207113251,2.590974632820698,-2.541532172844398,3.7852031135174697,True,False,False,False,False,False
-2.0,61,physical_feasible_but_not_explanatory,-1.6698697205324098,-4.5670635938649315,1.7161217133146547,-2.35947909553241,-0.6789843207113251,1.6804947748210848,-1.6310523148447846,5.22939883794266,True,False,False,False,False,False
-2.0,62,physical_feasible_but_not_explanatory,-4.289601043724391,-8.205326081263074,1.9221407740834877,-4.979210418724391,-0.6789843207113251,4.300226098013066,-4.250783638036767,11.660325799439098,True,False,False,False,False,False
-2.0,63,physical_feasible_but_not_explanatory,0.4515530063771953,-0.2336300824991635,0.23363008249916373,-0.23805636862280466,-0.6789843207113251,0.4409279520885204,0.49037041206482046,7.920572798257874,True,False,False,False,False,True
-2.0,64,physical_feasible_but_not_explanatory,-3.767945736719323,1.8056436576791464,1.8056436576791466,-4.457555111719323,-0.6789843207113251,3.778570791007998,-3.729128331031698,3.298288655114212,True,False,False,False,False,False
-2.0,65,physical_feasible_but_not_explanatory,-6.081012958962821,-2.499983176477587,2.499983176477587,-6.77062233396282,-0.6789843207113251,6.091638013251496,-6.042195553275196,5.933868479585402,True,False,False,False,False,False
-2.0,66,physical_feasible_but_not_explanatory,-4.564267903689314,1.7668036099040163,1.7668036099040165,-5.2538772786893135,-0.6789843207113251,4.574892957977989,-4.525450498001689,4.850325168031176,True,False,False,False,False,False
-2.0,67,physical_feasible_but_not_explanatory,-2.616074110392592,-1.0254115049445294,1.0254115049445294,-3.305683485392592,-0.6789843207113251,2.626699164681267,-2.577256704704967,4.648865997587132,True,False,False,False,False,False
-2.0,68,algebraic_only_positive_full,3.967034429174892,1.6409425391607173,1.6409425391607169,3.277425054174892,-0.6789843207113251,3.956409374886217,4.005851834862517,8.863390554679674,False,True,False,False,False,True
-2.0,69,physical_feasible_but_not_explanatory,-0.6070723322812817,-5.960616454682265,0.32256885249732115,-1.2966817072812815,-0.6789843207113251,0.6176973865699564,-0.5682549265936565,3.9242688995867328,True,False,False,False,False,False
-2.0,70,algebraic_only_positive_full,1.7240873768165534,-11.199982607584413,1.3663880067747591,1.0344780018165536,-0.6789843207113251,1.7134623225278787,1.7629047825041786,8.8572646087877,False,True,False,False,False,True
-2.0,71,physical_feasible_but_not_explanatory,-4.758975485614469,1.520722359832287,1.5207223598322868,-5.448584860614469,-0.6789843207113251,4.769600539903144,-4.720158079926843,4.483289549646929,True,False,False,False,False,False
-2.0,72,physical_feasible_but_not_explanatory,-2.779731850646753,-2.8295884807032836,2.8295884807032836,-3.469341225646753,-0.6789843207113251,2.790356904935428,-2.740914444959128,4.523299651671932,True,False,False,False,False,False
-2.0,73,physical_feasible_but_not_explanatory,-2.1478323836222613,-4.879603547507523,1.403581759672063,-2.837441758622261,-0.6789843207113251,2.1584574379109362,-2.109014977934636,5.073428259709054,True,False,False,False,False,False
-2.0,74,physical_feasible_but_not_explanatory,-1.452009014077154,-4.709599437034368,1.5735858701452186,-2.141618389077154,-0.6789843207113251,1.4626340683658288,-1.4131916083895288,4.802859446908898,True,False,False,False,False,False
-2.0,75,physical_feasible_but_not_explanatory,-4.419879847666369,1.5080069034019847,1.5080069034019843,-5.109489222666369,-0.6789843207113251,4.430504901955044,-4.381062441978743,3.656457853014378,True,False,False,False,False,False
-2.0,76,physical_feasible_but_not_explanatory,-0.6392701861291323,-5.980953750603578,0.3022315565760083,-1.3288795611291322,-0.6789843207113251,0.6498952404178071,-0.6004527804415072,2.848939943496231,True,False,False,False,False,False
-2.0,77,loose_exact_match,0.04737958331279124,5.31742301834926,0.9657622888303266,-0.6422297916872087,-0.6789843207113251,0.036754529024116356,0.08619698900041639,5.331240170611235,True,False,False,True,False,False
-2.0,78,physical_feasible_but_not_explanatory,-1.8161864415814133,0.18244456806945392,0.18244456806945397,-2.505795816581413,-0.6789843207113251,1.826811495870088,-1.7773690358937881,2.906976139536702,True,False,False,False,False,False
-2.0,79,physical_feasible_but_not_explanatory,-1.5379706334763703,-0.14575784127393554,0.14575784127393554,-2.2275800084763704,-0.6789843207113251,1.5485956877650453,-1.4991532277887452,13.08735124984131,True,False,False,False,False,False
-2.0,80,physical_feasible_but_not_explanatory,-1.608614167709832,2.6026934474928027,2.6026934474928023,-2.298223542709832,-0.6789843207113251,1.6192392219985068,-1.5697967620222069,4.348381964807553,True,False,False,False,False,False
-2.0,81,algebraic_only_positive_full,3.5411199370401008,0.42240199155181085,0.4224019915518107,2.851510562040101,-0.6789843207113251,3.5304948827514258,3.579937342727726,74.30326625688856,False,True,False,False,False,True
-2.0,82,physical_feasible_but_not_explanatory,-4.564267903689314,-1.7668036099040192,1.7668036099040192,-5.2538772786893135,-0.6789843207113251,4.574892957977989,-4.525450498001689,4.664716485369869,True,False,False,False,False,False
-2.0,83,algebraic_only_positive_full,2.337311840920408,4.875354884657174,1.4078304225224123,1.6477024659204083,-0.6789843207113251,2.3266867866317336,2.3761292466080333,14.772273018025906,False,True,False,False,False,True
-2.0,84,physical_feasible_but_not_explanatory,-4.466316384684754,1.2448885927327664,1.2448885927327664,-5.155925759684754,-0.6789843207113251,4.476941438973429,-4.427498978997129,4.3950674949819275,True,False,False,False,False,False
-2.0,85,physical_feasible_but_not_explanatory,-1.2191891074700854,-0.8523078312081851,0.8523078312081851,-1.9087984824700852,-0.6789843207113251,1.2298141617587601,-1.1803717017824602,4.095444671336276,True,False,False,False,False,False
-2.0,86,physical_feasible_but_not_explanatory,-4.037287653617345,-3.835380320995096,2.44780498618449,-4.726897028617345,-0.6789843207113251,4.04791270790602,-3.99847024792972,4.897950981236114,True,False,False,False,False,False
-2.0,87,physical_feasible_but_not_explanatory,-3.043725127111772,3.196565948445713,3.0866193587338735,-3.733334502111772,-0.6789843207113251,3.054350181400447,-3.004907721424147,6.720436914198729,True,False,False,False,False,False
-2.0,88,physical_feasible_but_not_explanatory,-3.5473694087903427,3.4961090205104854,2.787076286669101,-4.2369787837903425,-0.6789843207113251,3.5579944630790177,-3.5085520031027175,5.17122070687112,True,False,False,False,False,False
-2.0,89,physical_feasible_but_not_explanatory,-5.018624933711244,1.5384986223641461,1.5384986223641466,-5.708234308711244,-0.6789843207113251,5.029249987999919,-4.979807528023619,6.493151698464347,True,False,False,False,False,False
-2.0,90,physical_feasible_but_not_explanatory,-0.734189117281038,-5.417461767951503,0.8657235392280835,-1.4237984922810378,-0.6789843207113251,0.7448141715697127,-0.6953717115934128,4.8144659106192895,True,False,False,False,False,False
-2.0,91,physical_feasible_but_not_explanatory,-3.4143122113185287,3.9965229974286904,2.286662309750896,-4.1039215863185285,-0.6789843207113251,3.4249372656072037,-3.3754948056309035,5.302446373067167,True,False,False,False,False,False
-2.0,92,physical_feasible_but_not_explanatory,-3.7745747499777815,-3.6790015273996124,2.604183779779974,-4.464184124977781,-0.6789843207113251,3.7851998042664565,-3.7357573442901564,4.4804055828629865,True,False,False,False,False,False
-2.0,93,physical_feasible_but_not_explanatory,-5.599532303670469,-0.5984801725290485,0.5984801725290483,-6.289141678670469,-0.6789843207113251,5.610157357959144,-5.5607148979828445,3.9741085075272595,True,False,False,False,False,False
-2.0,94,physical_feasible_but_not_explanatory,-2.68462035438043,-0.8720869895622703,0.8720869895622703,-3.37422972938043,-0.6789843207113251,2.6952454086691047,-2.645802948692805,3.567174804621815,True,False,False,False,False,False
-2.0,95,physical_feasible_but_not_explanatory,0.6329832761030447,-6.302289327477854,0.01910402029826752,-0.056626098896955246,-0.6789843207113251,0.6223582218143698,0.6718006817906699,8.53550361723744,True,False,False,False,True,True
-2.0,96,physical_feasible_but_not_explanatory,-2.7062247552665486,0.585891784021942,0.5858917840219418,-3.3958341302665485,-0.6789843207113251,2.7168498095552236,-2.6674073495789234,4.382145725134756,True,False,False,False,False,False
-2.0,97,physical_feasible_but_not_explanatory,-1.2422651001876117,-0.907562233520014,0.907562233520014,-1.9318744751876116,-0.6789843207113251,1.2528901544762865,-1.2034476944999866,3.711019162225865,True,False,False,False,False,False
-2.0,98,physical_feasible_but_not_explanatory,-2.7710497884806724,5.53139498937729,0.7517903178022962,-3.4606591634806723,-0.6789843207113251,2.7816748427693474,-2.7322323827930473,4.945030291815349,True,False,False,False,False,False
-2.0,99,physical_feasible_but_not_explanatory,-1.242265100187614,0.907562233520014,0.9075622335200144,-1.9318744751876138,-0.6789843207113251,1.2528901544762887,-1.2034476944999888,3.467947003822321,True,False,False,False,False,False
-2.0,100,physical_feasible_but_not_explanatory,-3.0437251271117685,-3.1965659484457123,3.0866193587338735,-3.7333345021117683,-0.6789843207113251,3.0543501814004435,-3.0049077214241433,6.685923421083303,True,False,False,False,False,False
-2.0,101,algebraic_only_positive_full,1.7597963074983296,5.047986378068221,1.235198929111366,1.0701869324983297,-0.6789843207113251,1.7491712532096548,1.7986137131859548,9.011591563597818,False,True,False,False,False,True
-2.0,102,physical_feasible_but_not_explanatory,-5.254285355643441,0.33364537680351947,0.3336453768035197,-5.943894730643441,-0.6789843207113251,5.264910409932116,-5.215467949955816,5.766355229988904,True,False,False,False,False,False
-2.0,103,physical_feasible_but_not_explanatory,-2.4508221029180497,-1.3814440731644586,1.3814440731644586,-3.1404314779180496,-0.6789843207113251,2.4614471572067247,-2.4120046972304245,3.8317257402074554,True,False,False,False,False,False
-2.0,104,physical_feasible_but_not_explanatory,-1.5222100238727951,1.1748451450569393,1.1748451450569393,-2.211819398872795,-0.6789843207113251,1.53283507816147,-1.48339261818517,3.6938673928331407,True,False,False,False,False,False
-2.0,105,algebraic_only_positive_full,1.3081855947022625,-4.970413779019823,1.3127715281597636,0.6185762197022625,-0.6789843207113251,1.2975605404135875,1.3470030003898876,8.06033112742437,False,True,False,False,False,True
-2.0,106,algebraic_only_positive_full,1.1090765216591842,-5.2589654932461265,1.0242198139334597,0.4194671466591843,-0.6789843207113251,1.0984514673705092,1.1478939273468094,8.502896893449417,False,True,False,False,False,True
-2.0,107,physical_feasible_but_not_explanatory,0.19316489211888177,-6.297873793353221,0.014688486173635162,-0.4964444828811182,-0.6789843207113251,0.18253983783020689,0.23198229780650692,8.308480435963212,True,False,False,False,True,False
-2.0,108,physical_feasible_but_not_explanatory,-4.0404476600383195,0.08399910709111957,0.08399910709111946,-4.730057035038319,-0.6789843207113251,4.0510727143269945,-4.001630254350694,4.613930488023462,True,False,False,False,False,False
-2.0,109,physical_feasible_but_not_explanatory,-0.6392701861291306,5.980953750603577,0.3022315565760092,-1.3288795611291304,-0.6789843207113251,0.6498952404178053,-0.6004527804415054,3.071445806331775,True,False,False,False,False,False
-2.0,110,physical_feasible_but_not_explanatory,-5.860353720042098,-7.2593518131073305,0.9761665059277442,-6.549963095042098,-0.6789843207113251,5.870978774330773,-5.821536314354473,6.137087138545999,True,False,False,False,False,False
-2.0,111,physical_feasible_but_not_explanatory,-5.614958366788703,-2.3450615368753818,2.3450615368753818,-6.304567741788703,-0.6789843207113251,5.625583421077378,-5.576140961101078,13.01974585619632,True,False,False,False,False,False
-2.0,112,physical_feasible_but_not_explanatory,-1.9465982298991005,-0.9798446450799698,0.9798446450799698,-2.6362076048991003,-0.6789843207113251,1.9572232841877752,-1.9077808242114753,3.2923643975492816,True,False,False,False,False,False
-2.0,113,physical_feasible_but_not_explanatory,-0.7293718119719248,-2.306567372587633,2.306567372587633,-1.4189811869719247,-0.6789843207113251,0.7399968662605996,-0.6905544062842996,4.162574821645021,True,False,False,False,False,False
-2.0,114,physical_feasible_but_not_explanatory,-2.4943793372486205,4.469875773322739,1.813309533856847,-3.1839887122486203,-0.6789843207113251,2.5050043915372955,-2.4555619315609953,4.388915712110305,True,False,False,False,False,False
-2.0,115,physical_feasible_but_not_explanatory,-4.053929598451517,-0.16108450654036488,0.161084506540365,-4.743538973451517,-0.6789843207113251,4.064554652740192,-4.015112192763892,3.5746284527549914,True,False,False,False,False,False
-2.0,116,physical_feasible_but_not_explanatory,-4.6610528293371285,2.301406190970442,2.301406190970442,-5.350662204337128,-0.6789843207113251,4.6716778836258035,-4.622235423649503,3.7511481802266347,True,False,False,False,False,False
-2.0,117,physical_feasible_but_not_explanatory,-1.6698697205324076,4.567063593864933,1.716121713314653,-2.3594790955324076,-0.6789843207113251,1.6804947748210826,-1.6310523148447824,5.36101011608231,True,False,False,False,False,False
-2.0,118,algebraic_only_positive_full,3.5411199370402002,-0.4224019915519189,0.42240199155191904,2.8515105620402004,-0.6789843207113251,3.5304948827515252,3.5799373427278254,74.26336495368787,False,True,False,False,False,True
-2.0,119,physical_feasible_but_not_explanatory,-1.3071946142148745,-0.7534986121667886,0.7534986121667888,-1.9968039892148743,-0.6789843207113251,1.3178196685035493,-1.2683772085272493,3.2065378627076213,True,False,False,False,False,False
-2.0,120,physical_feasible_but_not_explanatory,-4.598467814043624,3.2607960072979747,3.0223892998816115,-5.288077189043624,-0.6789843207113251,4.609092868332299,-4.559650408355999,3.475227566332159,True,False,False,False,False,False
-2.0,121,physical_feasible_but_not_explanatory,-7.120498764746561,2.671778406647198,2.6717784066471975,-7.810108139746561,-0.6789843207113251,7.131123819035236,-7.081681359058935,3.6342087533882186,True,False,False,False,False,False
-2.0,122,physical_feasible_but_not_explanatory,-3.5473694087903453,-3.4961090205104868,2.7870762866691,-4.236978783790345,-0.6789843207113251,3.5579944630790203,-3.50855200310272,4.978747800685811,True,False,False,False,False,False
-2.0,123,physical_feasible_but_not_explanatory,-5.1453276504716765,-10.30831624058525,2.2580543737739216,-5.834937025471676,-0.6789843207113251,5.1559527047603515,-5.106510244784051,10.642746759814493,True,False,False,False,False,False
-2.0,124,physical_feasible_but_not_explanatory,-4.308013094322139,4.449647766319201,1.8335375408603856,-4.997622469322139,-0.6789843207113251,4.318638148610814,-4.269195688634515,3.836058111100304,True,False,False,False,False,False
-2.0,125,physical_feasible_but_not_explanatory,-2.5106554567565,-5.511272996363146,0.7719123108164405,-3.2002648317565,-0.6789843207113251,2.521280511045175,-2.471838051068875,7.375693637773365,True,False,False,False,False,False
-2.0,126,algebraic_only_positive_full,2.337311840920405,-4.8753548846571775,1.4078304225224088,1.6477024659204051,-0.6789843207113251,2.32668678663173,2.37612924660803,15.068510274984368,False,True,False,False,False,True
-2.0,127,loose_exact_match,0.04737958331279124,-5.31742301834926,0.9657622888303266,-0.6422297916872087,-0.6789843207113251,0.036754529024116356,0.08619698900041639,5.215577646599109,True,False,False,True,False,False
-2.0,128,physical_feasible_but_not_explanatory,-2.894610430214098,-5.00838123392329,1.2748040732562966,-3.5842198052140977,-0.6789843207113251,2.9052354845027724,-2.8557930245264727,5.664034983804411,True,False,False,False,False,False
-2.0,129,physical_feasible_but_not_explanatory,-4.8623705909583546,-1.141938038635167,1.141938038635167,-5.551979965958354,-0.6789843207113251,4.8729956452470296,-4.823553185270729,3.762796336096117,True,False,False,False,False,False
-2.0,130,physical_feasible_but_not_explanatory,-4.7706411115347676,-4.281733011980187,2.0014522951993996,-5.460250486534767,-0.6789843207113251,4.7812661658234425,-4.731823705847143,9.808143865091756,True,False,False,False,False,False
-2.0,131,physical_feasible_but_not_explanatory,-3.4435565482437944,-3.66799520759074,2.6151900995888457,-4.133165923243794,-0.6789843207113251,3.4541816025324694,-3.4047391425561693,4.71702035063913,True,False,False,False,False,False
-2.0,132,physical_feasible_but_not_explanatory,-1.1458390686687565,0.23884052343292428,0.23884052343292428,-1.8354484436687564,-0.6789843207113251,1.1564641229574313,-1.1070216629811314,9.2531307598847,True,False,False,False,False,False
-2.0,133,physical_feasible_but_not_explanatory,-4.631046031672373,-0.02045591755032594,0.020455917550326053,-5.320655406672373,-0.6789843207113251,4.641671085961048,-4.592228625984747,5.435444588795156,True,False,False,False,True,False
-2.0,134,physical_feasible_but_not_explanatory,-1.2607369507494415,5.369665816773621,0.9135194904059656,-1.9503463257494413,-0.6789843207113251,1.2713620050381162,-1.2219195450618163,4.273728598345011,True,False,False,False,False,False
-2.0,135,algebraic_only_positive_full,1.6321712446529455,10.709232387691257,1.8571382266679155,0.9425618696529455,-0.6789843207113251,1.6215461903642705,1.6709886503405706,7.523808118112044,False,True,False,False,False,True
-2.0,136,physical_feasible_but_not_explanatory,-4.440652206981615,3.2748978110322797,3.0082874961473065,-5.130261581981615,-0.6789843207113251,4.45127726127029,-4.40183480129399,4.1620127851005835,True,False,False,False,False,False
-2.0,137,physical_feasible_but_not_explanatory,-2.9216883158231743,-0.6092989360710774,0.6092989360710774,-3.611297690823174,-0.6789843207113251,2.9323133701118493,-2.882870910135549,2.8359261024666016,True,False,False,False,False,False
-2.0,138,physical_feasible_but_not_explanatory,-0.9833317392829724,1.026183994678187,1.0261839946781866,-1.6729411142829722,-0.6789843207113251,0.9939567935716471,-0.9445143335953472,3.1987338572452266,True,False,False,False,False,False
-2.0,139,physical_feasible_but_not_explanatory,-3.3418164653463496,0.5437732316806332,0.5437732316806332,-4.031425840346349,-0.6789843207113251,3.3524415196350246,-3.3029990596587244,3.9860886887660385,True,False,False,False,False,False
-2.0,140,physical_feasible_but_not_explanatory,-5.284956846865082,-1.222068714100279,1.222068714100279,-5.974566221865082,-0.6789843207113251,5.295581901153757,-5.246139441177457,6.013774761916645,True,False,False,False,False,False
-2.0,141,physical_feasible_but_not_explanatory,-3.4677999155404593,4.2254086999456995,2.057776607233887,-4.15740929054046,-0.6789843207113251,3.4784249698291347,-3.428982509852834,6.759921269427219,True,False,False,False,False,False
-2.0,142,physical_feasible_but_not_explanatory,-3.965513865284165,-0.16322701649029003,0.16322701649029003,-4.655123240284165,-0.6789843207113251,3.97613891957284,-3.9266964595965397,4.586909855886317,True,False,False,False,False,False
-2.0,143,physical_feasible_but_not_explanatory,-1.2607369507494406,-5.369665816773619,0.9135194904059674,-1.9503463257494404,-0.6789843207113251,1.2713620050381154,-1.2219195450618154,4.066580148335762,True,False,False,False,False,False
-2.0,144,physical_feasible_but_not_explanatory,-0.41349705846446927,4.665804166231064,1.6173811409485221,-1.1031064334644691,-0.6789843207113251,0.42412211275314404,-0.3746796527768441,3.039831914598754,True,False,False,False,False,False
-2.0,145,physical_feasible_but_not_explanatory,-4.177309826023967,4.091749807576238,2.1914354996033483,-4.866919201023967,-0.6789843207113251,4.187934880312642,-4.138492420336341,4.259583662521018,True,False,False,False,False,False
-2.0,146,physical_feasible_but_not_explanatory,-2.921688315823177,0.6092989360710779,0.6092989360710779,-3.611297690823177,-0.6789843207113251,2.932313370111852,-2.882870910135552,3.8662942441714074,True,False,False,False,False,False
-2.0,147,physical_feasible_but_not_explanatory,-1.9465982298991014,0.9798446450799696,0.9798446450799698,-2.636207604899101,-0.6789843207113251,1.9572232841877761,-1.9077808242114762,3.007083751700465,True,False,False,False,False,False
-2.0,148,physical_feasible_but_not_explanatory,-0.8156753179861846,2.0484618449663756,2.0484618449663756,-1.5052846929861845,-0.6789843207113251,0.8263003722748594,-0.7768579122985595,4.766142296452764,True,False,False,False,False,False
-2.0,149,physical_feasible_but_not_explanatory,-4.028305609524072,-3.7277428818274143,2.5554424253521724,-4.7179149845240715,-0.6789843207113251,4.038930663812747,-3.9894882038364465,3.689854149773232,True,False,False,False,False,False
-2.0,150,physical_feasible_but_not_explanatory,-0.7293718119719292,2.306567372587633,2.306567372587633,-1.418981186971929,-0.6789843207113251,0.739996866260604,-0.6905544062843041,3.877174191533028,True,False,False,False,False,False
-2.0,151,physical_feasible_but_not_explanatory,-4.398109204217562,0.18359692918138404,0.18359692918138393,-5.087718579217562,-0.6789843207113251,4.408734258506237,-4.359291798529936,8.076047074324254,True,False,False,False,False,False
-2.0,152,physical_feasible_but_not_explanatory,-4.140323230505038,0.22173733136051643,0.22173733136051643,-4.829932605505038,-0.6789843207113251,4.150948284793713,-4.101505824817412,3.9622371143965567,True,False,False,False,False,False
-2.0,153,physical_feasible_but_not_explanatory,-2.177248933269586,5.381655919865877,0.9015293873137082,-2.866858308269586,-0.6789843207113251,2.1878739875582607,-2.138431527581961,4.601758724262475,True,False,False,False,False,False
-2.0,154,algebraic_only_positive_full,0.7715285343771154,-4.48737183462393,1.7958134725556558,0.08191915937711547,-0.6789843207113251,0.7609034800884406,0.8103459400647406,6.210795822641034,False,True,False,False,False,True
-2.0,155,algebraic_only_positive_full,1.5441618712257243,1.7428800684516896,1.74288006845169,0.8545524962257244,-0.6789843207113251,1.5335368169370494,1.5829792769133495,4.356955820504233,False,True,False,False,False,True
-2.0,156,physical_feasible_but_not_explanatory,-4.381871799634333,0.0734595593365106,0.0734595593365106,-5.071481174634333,-0.6789843207113251,4.392496853923008,-4.343054393946709,3.9027931061572643,True,False,False,False,False,False
-2.0,157,physical_feasible_but_not_explanatory,-4.382937981931275,-0.987878012175269,0.987878012175269,-5.072547356931275,-0.6789843207113251,4.39356303621995,-4.34412057624365,32.70330062723019,True,False,False,False,False,False
-2.0,158,physical_feasible_but_not_explanatory,-0.09368405549316439,0.0963935572556498,0.09639355725564958,-0.7832934304931644,-0.6789843207113251,0.10430910978183927,-0.054866649805539236,7.403483103360499,True,False,False,False,False,False
-2.0,159,physical_feasible_but_not_explanatory,-7.349858206925508,3.9236947830552706,2.3594905241243156,-8.039467581925509,-0.6789843207113251,7.360483261214184,-7.311040801237883,12.195323903163445,True,False,False,False,False,False
-2.0,160,physical_feasible_but_not_explanatory,0.25384032075396257,2.369202805678129,2.369202805678129,-0.4357690542460374,-0.6789843207113251,0.24321526646528768,0.2926577264415877,7.825297603189051,True,False,False,False,False,True
-2.0,161,physical_feasible_but_not_explanatory,-4.5493227247258545,4.068308170271472,2.2148771369081146,-5.238932099725854,-0.6789843207113251,4.5599477790145295,-4.510505319038229,4.652271950017069,True,False,False,False,False,False
-2.0,162,algebraic_only_positive_full,2.1899083201869987,-4.034378077586091,2.2488072295934955,1.5002989451869988,-0.6789843207113251,2.1792832658983237,2.228725725874624,6.537369716032096,False,True,False,False,False,True
-2.0,163,physical_feasible_but_not_explanatory,-0.1027036794052858,-7.139551389206974,0.856366082027388,-0.7923130544052858,-0.6789843207113251,0.11332873369396068,-0.06388627371766065,5.432116991701104,True,False,False,False,False,False
-2.0,164,physical_feasible_but_not_explanatory,-1.0464742318870437,2.5765844563122937,2.5765844563122933,-1.7360836068870436,-0.6789843207113251,1.0570992861757185,-1.0076568261994185,7.547826077770783,True,False,False,False,False,False
-2.0,165,physical_feasible_but_not_explanatory,-0.425370039298282,4.539225232817717,1.743960074361869,-1.1149794142982818,-0.6789843207113251,0.43599509358695676,-0.38655263361065684,5.089189220789746,True,False,False,False,False,False
-2.0,166,physical_feasible_but_not_explanatory,-2.4431423746129752,-1.056125333449602,1.056125333449602,-3.132751749612975,-0.6789843207113251,2.4537674289016502,-2.40432496892535,3.6199927794649844,True,False,False,False,False,False
-2.0,167,physical_feasible_but_not_explanatory,-4.375447029887603,26.880112763952184,1.7473715352338388,-5.065056404887603,-0.6789843207113251,4.386072084176278,-4.336629624199977,80.64755436516975,True,False,False,False,False,False
-2.0,168,physical_feasible_but_not_explanatory,-4.037287653617348,3.835380320995095,2.447804986184491,-4.726897028617348,-0.6789843207113251,4.047912707906023,-3.9984702479297227,5.0969816904310115,True,False,False,False,False,False
-2.0,169,physical_feasible_but_not_explanatory,-2.583812354338632,1.0931006658787794,1.0931006658787794,-3.273421729338632,-0.6789843207113251,2.594437408627307,-2.544994948651007,3.929813397391927,True,False,False,False,False,False
-2.0,170,physical_feasible_but_not_explanatory,-4.096155806066124,3.2126699571755095,3.0705153500040767,-4.7857651810661235,-0.6789843207113251,4.106780860354799,-4.057338400378498,4.351182561238136,True,False,False,False,False,False
-2.0,171,physical_feasible_but_not_explanatory,-0.17165558840976747,2.456691363109056,2.456691363109056,-0.8612649634097674,-0.6789843207113251,0.18228064269844235,-0.13283818272214232,3.5753944851627084,True,False,False,False,False,False
-2.0,172,algebraic_only_positive_full,1.1090765216591825,5.258965493246123,1.0242198139334633,0.4194671466591825,-0.6789843207113251,1.0984514673705075,1.1478939273468076,8.587419077902837,False,True,False,False,False,True
-2.0,173,algebraic_only_positive_full,4.41921206419521,-0.4135163111673034,0.4135163111673035,3.72960268919521,-0.6789843207113251,4.408587009906535,4.458029469882835,7.776837557998786,False,True,False,False,False,True
-2.0,174,physical_feasible_but_not_explanatory,-9.942013787273401,-4.762109001133364,1.521076306046222,-10.631623162273401,-0.6789843207113251,9.952638841562075,-9.903196381585776,10.894971004339572,True,False,False,False,False,False
-2.0,175,physical_feasible_but_not_explanatory,-3.622433058651768,3.7831329586026627,2.500052348576924,-4.312042433651768,-0.6789843207113251,3.633058112940443,-3.5836156529641428,5.966134587367458,True,False,False,False,False,False
-2.0,176,physical_feasible_but_not_explanatory,-4.028305609524066,3.7277428818274085,2.5554424253521777,-4.717914984524066,-0.6789843207113251,4.038930663812741,-3.989488203836441,3.897409799179244,True,False,False,False,False,False
-2.0,177,physical_feasible_but_not_explanatory,-2.1959252375534906,-1.1317960063178927,1.1317960063178925,-2.8855346125534904,-0.6789843207113251,2.2065502918421656,-2.1571078318658654,4.019551597937701,True,False,False,False,False,False
-2.0,178,physical_feasible_but_not_explanatory,-4.7981406480161315,-0.9246057797366778,0.9246057797366776,-5.487750023016131,-0.6789843207113251,4.8087657023048065,-4.759323242328506,4.791565718219051,True,False,False,False,False,False
-2.0,179,physical_feasible_but_not_explanatory,-0.2976623274813317,0.5994414456999989,0.5994414456999988,-0.9872717024813317,-0.6789843207113251,0.3082873817700066,-0.25884492179370655,3.7979626812568554,True,False,False,False,False,False
-2.0,180,physical_feasible_but_not_explanatory,-3.6224330586517643,-3.783132958602662,2.500052348576924,-4.312042433651764,-0.6789843207113251,3.6330581129404393,-3.583615652964139,5.774706456605445,True,False,False,False,False,False
-2.0,181,physical_feasible_but_not_explanatory,-2.684620354380431,0.872086989562273,0.8720869895622734,-3.374229729380431,-0.6789843207113251,2.6952454086691056,-2.645802948692806,3.2824414154291217,True,False,False,False,False,False
-2.0,182,physical_feasible_but_not_explanatory,0.48000421930666093,-0.17213932204456128,0.17213932204456128,-0.20960515569333904,-0.6789843207113251,0.46937916501798604,0.5188216249942861,5.339567865994479,True,False,False,False,False,True
-2.0,183,physical_feasible_but_not_explanatory,0.07309377666869388,-6.467005141757714,0.18381983457812812,-0.6165155983313061,-0.6789843207113251,0.06246872238001899,0.11191118235631903,9.624651332835205,True,False,False,False,False,False
-2.0,184,physical_feasible_but_not_explanatory,-0.9833317392829688,-1.0261839946781859,1.0261839946781857,-1.6729411142829687,-0.6789843207113251,0.9939567935716436,-0.9445143335953436,3.445402536761362,True,False,False,False,False,False
-2.0,185,physical_feasible_but_not_explanatory,-3.9915768573536043,-4.683058864003469,1.6001264431761175,-4.681186232353604,-0.6789843207113251,4.002201911642279,-3.952759451665979,4.193890824656789,True,False,False,False,False,False
-2.0,186,physical_feasible_but_not_explanatory,-0.8156753179861846,-2.0484618449663747,2.0484618449663747,-1.5052846929861845,-0.6789843207113251,0.8263003722748594,-0.7768579122985595,4.9357167346542,True,False,False,False,False,False
-2.0,187,physical_feasible_but_not_explanatory,-5.308256487241666,-1.510088817905038,1.510088817905038,-5.997865862241666,-0.6789843207113251,5.318881541530341,-5.26943908155404,9.486672407346408,True,False,False,False,False,False
-2.0,188,physical_feasible_but_not_explanatory,-9.62898748890657,-11.203833017056029,1.3625375973031435,-10.31859686390657,-0.6789843207113251,9.639612543195245,-9.590170083218945,11.337832422215717,True,False,False,False,False,False
-2.0,189,physical_feasible_but_not_explanatory,-2.580349578532025,-1.1577010513328212,1.1577010513328212,-3.269958953532025,-0.6789843207113251,2.5909746328207,-2.5415321728444,4.020035287171005,True,False,False,False,False,False
-2.0,190,physical_feasible_but_not_explanatory,-2.177248933269587,-5.381655919865874,0.9015293873137118,-2.866858308269587,-0.6789843207113251,2.1878739875582616,-2.138431527581962,5.308601661193269,True,False,False,False,False,False
-2.0,191,physical_feasible_but_not_explanatory,0.5140338502212183,-5.6016520489075985,0.6815332582719877,-0.1755755247787817,-0.6789843207113251,0.5034087959325434,0.5528512559088434,8.028893542630803,True,False,False,False,False,True
-2.0,192,algebraic_only_positive_full,1.7846766559761527,-5.0292107949410765,1.2539745122385098,1.0950672809761528,-0.6789843207113251,1.7740516016874779,1.8234940616637778,8.491809752521823,False,True,False,False,False,True
-2.0,193,physical_feasible_but_not_explanatory,-4.481125861457489,2.3092582034016855,2.3092582034016855,-5.170735236457489,-0.6789843207113251,4.491750915746164,-4.442308455769863,8.060974025846889,True,False,False,False,False,False
-2.0,194,physical_feasible_but_not_explanatory,-1.253688909019984,2.0767035044215203,2.07670350442152,-1.943298284019984,-0.6789843207113251,1.2643139633086589,-1.214871503332359,3.8398039758801343,True,False,False,False,False,False
-2.0,195,physical_feasible_but_not_explanatory,0.4454852533086857,5.192269908482071,1.0909153986975149,-0.24412412169131426,-0.6789843207113251,0.43486019902001083,0.48430265899631086,5.284233502909275,True,False,False,False,False,True
-2.0,196,physical_feasible_but_not_explanatory,-3.043170009832099,-5.40760981011249,0.8755754970670964,-3.732779384832099,-0.6789843207113251,3.0537950641207736,-3.004352604144474,5.40601616950704,True,False,False,False,False,False
-2.0,197,physical_feasible_but_not_explanatory,-3.414312211318529,-3.996522997428693,2.286662309750893,-4.103921586318529,-0.6789843207113251,3.4249372656072046,-3.375494805630904,6.064397795151652,True,False,False,False,False,False
-2.0,198,physical_feasible_but_not_explanatory,-1.9137187970323906,-5.136184855348591,1.147000451830995,-2.6033281720323904,-0.6789843207113251,1.9243438513210653,-1.8749013913447654,5.01837062914317,True,False,False,False,False,False
-2.0,199,physical_feasible_but_not_explanatory,-4.5493227247258545,-4.068308170271471,2.2148771369081155,-5.238932099725854,-0.6789843207113251,4.5599477790145295,-4.510505319038229,4.441677235001527,True,False,False,False,False,False
-2.0,200,algebraic_only_positive_full,1.7597963074983252,-5.047986378068222,1.2351989291113643,1.0701869324983253,-0.6789843207113251,1.7491712532096504,1.7986137131859503,8.912704455267761,False,True,False,False,False,True
-2.0,201,physical_feasible_but_not_explanatory,-4.798140648016134,0.9246057797366818,0.924605779736682,-5.487750023016134,-0.6789843207113251,4.808765702304809,-4.7593232423285095,4.938212440734613,True,False,False,False,False,False
-2.0,202,physical_feasible_but_not_explanatory,-2.5883179152551925,-3.878250052951171,2.4049352542284153,-3.2779272902551924,-0.6789843207113251,2.5989429695438675,-2.5495005095675674,4.446241093724975,True,False,False,False,False,False
-2.0,203,physical_feasible_but_not_explanatory,-0.8235758581848449,-0.7201189300993038,0.7201189300993036,-1.5131852331848448,-0.6789843207113251,0.8342009124735197,-0.7847584524972198,2.4754888672795197,True,False,False,False,False,False
-2.0,204,algebraic_only_positive_full,2.1899083201869978,4.034378077586091,2.2488072295934955,1.500298945186998,-0.6789843207113251,2.1792832658983228,2.228725725874623,6.639426328952216,False,True,False,False,False,True
-2.0,205,physical_feasible_but_not_explanatory,-3.610711506250675,-1.1294937325053325,1.1294937325053325,-4.300320881250675,-0.6789843207113251,3.6213365605393504,-3.57189410056305,3.6762186175163456,True,False,False,False,False,False
-2.0,206,physical_feasible_but_not_explanatory,-4.430723433385797,-1.6608399784656611,1.6608399784656611,-5.120332808385797,-0.6789843207113251,4.441348487674472,-4.391906027698171,4.7007047568232965,True,False,False,False,False,False
-2.0,207,physical_feasible_but_not_explanatory,-3.714334102706374,-0.8631790384295543,0.8631790384295543,-4.403943477706374,-0.6789843207113251,3.724959156995049,-3.675516697018749,17.539516681553476,True,False,False,False,False,False
-2.0,208,physical_feasible_but_not_explanatory,-1.352702398453597,2.4311399643040508,2.4311399643040508,-2.042311773453597,-0.6789843207113251,1.3633274527422719,-1.313884992765972,3.328881828955987,True,False,False,False,False,False
-2.0,209,physical_feasible_but_not_explanatory,-5.021735255109003,-2.1482304427431482,2.1482304427431482,-5.711344630109003,-0.6789843207113251,5.032360309397678,-4.982917849421378,3.091664620934987,True,False,False,False,False,False
-2.0,210,algebraic_only_positive_full,1.7846766559761473,5.029210794941073,1.2539745122385142,1.0950672809761475,-0.6789843207113251,1.7740516016874726,1.8234940616637725,8.617770444335413,False,True,False,False,False,True
-2.0,211,physical_feasible_but_not_explanatory,-0.5597288277885921,-0.5819758146948004,0.5819758146948004,-1.249338202788592,-0.6789843207113251,0.5703538820772669,-0.520911422100967,3.6715539370701165,True,False,False,False,False,False
-2.0,212,physical_feasible_but_not_explanatory,-0.8235758581848467,0.7201189300993027,0.7201189300993027,-1.5131852331848465,-0.6789843207113251,0.8342009124735215,-0.7847584524972215,2.981520340743119,True,False,False,False,False,False
-2.0,213,physical_feasible_but_not_explanatory,-3.6042572993396957,-5.382389131451307,0.9007961757282796,-4.293866674339696,-0.6789843207113251,3.6148823536283707,-3.5654398936520706,4.437034422703527,True,False,False,False,False,False
-2.0,214,physical_feasible_but_not_explanatory,-4.693936752245232,3.1415926535897905,3.1415926535897905,-5.383546127245232,-0.6789843207113251,4.704561806533907,-4.655119346557607,3.230026509120912,True,False,False,False,False,False
-2.0,215,algebraic_only_positive_full,1.402753450286193,5.56641180817443,0.7167734990051571,0.713144075286193,-0.6789843207113251,1.392128395997518,1.441570855973818,7.631473496472943,False,True,False,False,False,True
-2.0,216,physical_feasible_but_not_explanatory,-6.6963129440617415,-3.2680198245536713,3.015165482625915,-7.385922319061741,-0.6789843207113251,6.7069379983504165,-6.657495538374116,6.11041817623129,True,False,False,False,False,False
-2.0,217,physical_feasible_but_not_explanatory,-4.4307234333858,1.6608399784656633,1.6608399784656633,-5.1203328083857995,-0.6789843207113251,4.441348487674475,-4.391906027698175,4.922034987598704,True,False,False,False,False,False
-2.0,218,physical_feasible_but_not_explanatory,-0.28929419036180626,3.28141541006449,3.0017698971150963,-0.9789035653618062,-0.6789843207113251,0.29991924465048114,-0.2504767846741811,5.878709569438499,True,False,False,False,False,False
-2.0,219,physical_feasible_but_not_explanatory,-10.277602769836243,-5.093118114476577,1.190067192703009,-10.967212144836243,-0.6789843207113251,10.288227824124917,-10.238785364148617,10.363207312163869,True,False,False,False,False,False
-2.0,220,physical_feasible_but_not_explanatory,-4.565210807706546,2.1655613409243983,2.1655613409243983,-5.2548201827065455,-0.6789843207113251,4.575835861995221,-4.52639340201892,3.380251853279018,True,False,False,False,False,False
-2.0,221,physical_feasible_but_not_explanatory,-6.5719924411877795,-1.6516220415999874,1.6516220415999874,-7.261601816187779,-0.6789843207113251,6.5826174954764545,-6.533175035500154,3.7906129935161452,True,False,False,False,False,False
-2.0,222,physical_feasible_but_not_explanatory,-4.3783187035893985,-0.9563667330199428,0.9563667330199426,-5.067928078589398,-0.6789843207113251,4.3889437578780734,-4.339501297901773,26.458230396478804,True,False,False,False,False,False
-2.0,223,physical_feasible_but_not_explanatory,-5.207365254338208,-0.9459148142601745,0.9459148142601745,-5.8969746293382075,-0.6789843207113251,5.217990308626883,-5.168547848650583,1.9692887659720764,True,False,False,False,False,False
-2.0,224,physical_feasible_but_not_explanatory,-5.446065742877003,2.351542628257049,2.3515426282570484,-6.135675117877003,-0.6789843207113251,5.456690797165678,-5.407248337189378,4.9301105059612205,True,False,False,False,False,False
-2.0,225,physical_feasible_but_not_explanatory,-4.4198798476663725,-1.508006903401994,1.508006903401994,-5.109489222666372,-0.6789843207113251,4.4305049019550475,-4.381062441978747,3.4585542220231287,True,False,False,False,False,False
-2.0,226,physical_feasible_but_not_explanatory,-0.5462928985354587,6.170022033252018,0.11316327392756875,-1.2359022735354586,-0.6789843207113251,0.5569179528241335,-0.5074754928478336,4.866413318248853,True,False,False,False,False,False
-2.0,227,physical_feasible_but_not_explanatory,-3.0431700098321026,5.407609810112487,0.8755754970670999,-3.7327793848321025,-0.6789843207113251,3.053795064120777,-3.0043526041444775,5.517006292374745,True,False,False,False,False,False
-2.0,228,physical_feasible_but_not_explanatory,0.45924652329212723,-11.379042180693636,1.1873284336655363,-0.23036285170787274,-0.6789843207113251,0.44862146900345234,0.4980639289797524,5.656456493986197,True,False,False,False,False,True
-2.0,229,physical_feasible_but_not_explanatory,-4.011055861377221,3.9054529057102494,2.377732401469337,-4.700665236377221,-0.6789843207113251,4.021680915665896,-3.9722384556895958,4.739972739020596,True,False,False,False,False,False
-2.0,230,physical_feasible_but_not_explanatory,-1.8161864415814142,-0.18244456806945378,0.18244456806945397,-2.505795816581414,-0.6789843207113251,1.826811495870089,-1.777369035893789,3.1641607060085755,True,False,False,False,False,False
-2.0,231,physical_feasible_but_not_explanatory,-5.918501887901035,4.21628455637186,2.0669007508077266,-6.608111262901035,-0.6789843207113251,5.92912694218971,-5.87968448221341,5.33557745774139,True,False,False,False,False,False
-2.0,232,physical_feasible_but_not_explanatory,-1.1458390686687574,-0.23884052343292295,0.23884052343292295,-1.8354484436687573,-0.6789843207113251,1.1564641229574322,-1.1070216629811322,9.581547551186322,True,False,False,False,False,False
-2.0,233,physical_feasible_but_not_explanatory,-1.6211009509855474,-0.7688320847349563,0.7688320847349566,-2.3107103259855473,-0.6789843207113251,1.6317260052742222,-1.5822835452979223,3.188363508965691,True,False,False,False,False,False
-2.0,234,physical_feasible_but_not_explanatory,-4.140323230505031,-0.22173733136052065,0.22173733136052043,-4.8299326055050305,-0.6789843207113251,4.150948284793706,-4.101505824817405,4.196143417405829,True,False,False,False,False,False
-2.0,235,physical_feasible_but_not_explanatory,-4.655565951031546,-0.20554572362168788,0.20554572362168777,-5.345175326031546,-0.6789843207113251,4.666191005320221,-4.6167485453439205,4.44493559724545,True,False,False,False,False,False
-2.0,236,physical_feasible_but_not_explanatory,-4.203092973570298,0.14976647558678913,0.14976647558678913,-4.892702348570298,-0.6789843207113251,4.213718027858973,-4.164275567882672,3.915421756176163,True,False,False,False,False,False
-2.0,237,physical_feasible_but_not_explanatory,-3.5004925518026475,0.6885199575321455,0.6885199575321455,-4.190101926802647,-0.6789843207113251,3.5111176060913225,-3.4616751461150224,3.678110788216413,True,False,False,False,False,False
-2.0,238,physical_feasible_but_not_explanatory,-4.307572157988651,-0.025337800295098578,0.025337800295098578,-4.997181532988651,-0.6789843207113251,4.318197212277326,-4.268754752301026,6.692350716988065,True,False,False,False,True,False
-2.0,239,algebraic_only_positive_full,1.3081855947022545,4.970413779019825,1.312771528159761,0.6185762197022545,-0.6789843207113251,1.2975605404135795,1.3470030003898796,8.171419470491548,False,True,False,False,False,True
-2.0,240,physical_feasible_but_not_explanatory,-4.98165605422635,-1.689906126793228,1.689906126793228,-5.67126542922635,-0.6789843207113251,4.992281108515025,-4.942838648538725,5.6584864089954285,True,False,False,False,False,False
-2.0,241,physical_feasible_but_not_explanatory,0.4101533783367657,-5.359971660709663,0.9232136464699234,-0.2794559966632343,-0.6789843207113251,0.3995283240480908,0.44897078402439083,4.399505288431855,True,False,False,False,False,True
-2.0,242,physical_feasible_but_not_explanatory,0.4454852533086866,-5.192269908482072,1.090915398697514,-0.24412412169131337,-0.6789843207113251,0.4348601990200117,0.48430265899631175,6.790886293706254,True,False,False,False,False,True
-2.0,243,physical_feasible_but_not_explanatory,-3.930678546729267,-6.175531811584682,0.10765349559490467,-4.620287921729267,-0.6789843207113251,3.9413036010179425,-3.891861141041642,4.723052514891696,True,False,False,False,False,False
-2.0,244,physical_feasible_but_not_explanatory,-2.2835645084883094,2.3255431796615507,2.325543179661551,-2.9731738834883092,-0.6789843207113251,2.2941895627769844,-2.2447471028006842,4.105039185224006,True,False,False,False,False,False
-2.0,245,algebraic_only_positive_full,1.0277913300450914,6.259176246363271,0.024009060816315042,0.3381819550450914,-0.6789843207113251,1.0171662757564164,1.0666087357327165,9.25563461954645,False,True,False,False,True,True
-2.0,246,physical_feasible_but_not_explanatory,0.5590452918842411,1.642363422467525,1.6423634224675254,-0.13056408311575884,-0.6789843207113251,0.5484202375955662,0.5978626975718663,7.067227588356822,True,False,False,False,False,True
-2.0,247,physical_feasible_but_not_explanatory,-0.7523036689875306,5.117399059409946,1.1657862477696401,-1.4419130439875305,-0.6789843207113251,0.7629287232762054,-0.7134862632999055,2.9518997850354842,True,False,False,False,False,False
-2.0,248,algebraic_only_positive_full,1.2594146338875452,-4.214712686063499,2.0684726211160873,0.5698052588875452,-0.6789843207113251,1.2487895795988702,1.2982320395751703,6.475236445460726,False,True,False,False,False,True
-2.0,249,physical_feasible_but_not_explanatory,-4.935473366044644,-0.9574300854472015,0.9574300854472018,-5.625082741044644,-0.6789843207113251,4.946098420333319,-4.89665596035702,4.228392674451918,True,False,False,False,False,False
-2.0,250,physical_feasible_but_not_explanatory,-6.4018144728168895,-4.236370275325404,2.046815031854182,-7.091423847816889,-0.6789843207113251,6.4124395271055645,-6.362997067129264,4.858470955459539,True,False,False,False,False,False
-2.0,251,algebraic_only_positive_full,1.6321712446529446,-10.70923238769126,1.857138226667912,0.9425618696529446,-0.6789843207113251,1.6215461903642696,1.6709886503405698,7.295028261265253,False,True,False,False,False,True
-2.0,252,physical_feasible_but_not_explanatory,-4.661052829337121,-2.3014061909704435,2.3014061909704435,-5.350662204337121,-0.6789843207113251,4.671677883625796,-4.622235423649496,3.578581826773391,True,False,False,False,False,False
-2.0,253,physical_feasible_but_not_explanatory,-3.3288889445094254,0.18438552378340659,0.18438552378340667,-4.018498319509425,-0.6789843207113251,3.3395139987981004,-3.2900715388218003,6.00466104489465,True,False,False,False,False,False
-2.0,254,physical_feasible_but_not_explanatory,-0.26087300527210733,0.8821487464111575,0.8821487464111577,-0.9504823802721073,-0.6789843207113251,0.2714980595607822,-0.22205559958448218,6.909015811793338,True,False,False,False,False,False
-2.0,255,physical_feasible_but_not_explanatory,-3.322741500381687,-0.8809810056426879,0.8809810056426879,-4.012350875381687,-0.6789843207113251,3.333366554670362,-3.2839240946940618,4.151109544304698,True,False,False,False,False,False
-2.0,256,physical_feasible_but_not_explanatory,-5.889808399678493,-1.2292645760043635,1.2292645760043635,-6.579417774678493,-0.6789843207113251,5.900433453967168,-5.850990993990868,13.498186431011245,True,False,False,False,False,False
-2.0,257,physical_feasible_but_not_explanatory,-4.139512340512852,4.375319247340207,1.907866059839379,-4.829121715512852,-0.6789843207113251,4.150137394801527,-4.100694934825228,5.354040135016157,True,False,False,False,False,False
