seed,n,p,objective,train_n,X,p_succ,angle_id,eval_index,trial,delta_gamma,delta_beta
3354723630,21,20,mean_p,12,0.37894808160188165,0.0040218926400626773,mean_p|train_n=12|p=20,0,0,-1.55047,0.95916000000000001
2176748400,21,20,mean_p,12,0.51694908276915275,0.00053955934273999752,mean_p|train_n=12|p=20,1,1,-1.55047,0.95916000000000001
1115075033,21,20,mean_p,12,0.28633614456888362,0.015484203290149231,mean_p|train_n=12|p=20,2,2,-1.55047,0.95916000000000001
1245627120,21,20,mean_p,12,0.32732936323311435,0.0085259917349788522,mean_p|train_n=12|p=20,3,3,-1.55047,0.95916000000000001
4269703487,21,20,mean_p,12,0.21245041003849149,0.045390726483978926,mean_p|train_n=12|p=20,4,4,-1.55047,0.95916000000000001
1232613813,21,20,mean_p,12,0.30716150613519816,0.011435064956359566,mean_p|train_n=12|p=20,5,5,-1.55047,0.95916000000000001
3889578292,21,20,mean_p,12,0.29583251098119534,0.013485167665362662,mean_p|train_n=12|p=20,6,6,-1.55047,0.95916000000000001
2607494881,21,20,mean_p,12,0.36397551396661909,0.0050012838611659272,mean_p|train_n=12|p=20,7,8,-1.55047,0.95916000000000001
3565485324,21,20,mean_p,12,0.2621923331472516,0.022004783747466533,mean_p|train_n=12|p=20,8,10,-1.55047,0.95916000000000001
1489737872,21,20,mean_p,12,0.35307097910580432,0.005861596760407351,mean_p|train_n=12|p=20,9,11,-1.55047,0.95916000000000001
2177416402,21,20,mean_p,12,0.35220999666235148,0.0059355197016690868,mean_p|train_n=12|p=20,10,13,-1.55047,0.95916000000000001
2046380413,21,20,mean_p,12,0.39776929419178897,0.0030580862705947873,mean_p|train_n=12|p=20,11,15,-1.55047,0.95916000000000001
1711432012,21,20,mean_p,12,0.41454111147249229,0.0023956563022055071,mean_p|train_n=12|p=20,12,16,-1.55047,0.95916000000000001
1825273556,21,20,mean_p,12,0.39604570068978645,0.0031357804863274014,mean_p|train_n=12|p=20,13,17,-1.55047,0.95916000000000001
925276949,21,20,mean_p,12,0.3814344250303206,0.0038789370392231146,mean_p|train_n=12|p=20,14,18,-1.55047,0.95916000000000001
221899202,21,20,mean_p,12,0.38399990721916794,0.0037367556641294628,mean_p|train_n=12|p=20,15,19,-1.55047,0.95916000000000001
4272958898,21,20,mean_p,12,0.3788113300594943,0.0040299064636998925,mean_p|train_n=12|p=20,16,25,-1.55047,0.95916000000000001
3191781882,21,20,mean_p,12,0.3526850238160848,0.0058946198875184999,mean_p|train_n=12|p=20,17,26,-1.55047,0.95916000000000001
3312207691,21,20,mean_p,12,0.18333641333915693,0.069344983001714766,mean_p|train_n=12|p=20,18,27,-1.55047,0.95916000000000001
2222184885,21,20,mean_p,12,0.30390772082001949,0.011989687465179786,mean_p|train_n=12|p=20,19,29,-1.55047,0.95916000000000001
90280606,21,20,mean_p,12,0.39661538772743898,0.0031098848065570697,mean_p|train_n=12|p=20,20,30,-1.55047,0.95916000000000001
1263305863,21,20,mean_p,12,0.31945114769959254,0.0095619852681380953,mean_p|train_n=12|p=20,21,31,-1.55047,0.95916000000000001
3331965753,21,20,mean_p,12,0.3011887493578278,0.012473725821616308,mean_p|train_n=12|p=20,22,32,-1.55047,0.95916000000000001
124840717,21,20,mean_p,12,0.35748142688855433,0.0054971137008287679,mean_p|train_n=12|p=20,23,34,-1.55047,0.95916000000000001
4008700676,21,20,mean_p,12,0.29571059143426115,0.01350912066282935,mean_p|train_n=12|p=20,24,35,-1.55047,0.95916000000000001
422975715,21,20,mean_p,12,0.2816587750908558,0.016575149845176832,mean_p|train_n=12|p=20,25,37,-1.55047,0.95916000000000001
3377731324,21,20,mean_p,12,0.19578831778976666,0.057849380755444643,mean_p|train_n=12|p=20,26,38,-1.55047,0.95916000000000001
1073463395,21,20,mean_p,12,0.31828748875793722,0.0097253287614786372,mean_p|train_n=12|p=20,27,39,-1.55047,0.95916000000000001
594310959,21,20,mean_p,12,0.26570162036279005,0.020908972424698663,mean_p|train_n=12|p=20,28,41,-1.55047,0.95916000000000001
79827878,21,20,mean_p,12,0.17738516064373913,0.075619998266665184,mean_p|train_n=12|p=20,29,44,-1.55047,0.95916000000000001
3427307713,21,20,mean_p,12,0.35588637404740225,0.0056262374038153441,mean_p|train_n=12|p=20,30,46,-1.55047,0.95916000000000001
1677207006,21,20,mean_p,12,0.29815729598750479,0.013036467314917911,mean_p|train_n=12|p=20,31,47,-1.55047,0.95916000000000001
3510257242,21,20,mean_p,12,0.39945106467330238,0.0029841331860278142,mean_p|train_n=12|p=20,32,50,-1.55047,0.95916000000000001
555397684,21,20,mean_p,12,0.37124924567228795,0.0044988308531308148,mean_p|train_n=12|p=20,33,51,-1.55047,0.95916000000000001
2304121631,21,20,mean_p,12,0.3292870144902022,0.0082864661491703958,mean_p|train_n=12|p=20,34,52,-1.55047,0.95916000000000001
359100070,21,20,mean_p,12,0.23606355485653344,0.032187968764174943,mean_p|train_n=12|p=20,35,53,-1.55047,0.95916000000000001
1568506275,21,20,mean_p,12,0.25764551283469656,0.023510421761875847,mean_p|train_n=12|p=20,36,54,-1.55047,0.95916000000000001
975884781,21,20,mean_p,12,0.42284052910612452,0.0021230423843282202,mean_p|train_n=12|p=20,37,55,-1.55047,0.95916000000000001
1828967183,21,20,mean_p,12,0.24418167817270631,0.028600511486698472,mean_p|train_n=12|p=20,38,57,-1.55047,0.95916000000000001
2990137914,21,20,mean_p,12,0.46678071473760496,0.0011199150289493761,mean_p|train_n=12|p=20,39,59,-1.55047,0.95916000000000001
4153569207,21,20,mean_p,12,0.31904719373175761,0.0096183752758214214,mean_p|train_n=12|p=20,40,60,-1.55047,0.95916000000000001
1515629681,21,20,mean_p,12,0.31437162576883199,0.010295772271928792,mean_p|train_n=12|p=20,41,61,-1.55047,0.95916000000000001
1325319722,21,20,mean_p,12,0.44958731468401519,0.001438385792825553,mean_p|train_n=12|p=20,42,67,-1.55047,0.95916000000000001
635587082,21,20,mean_p,12,0.22711235461469523,0.036667368772449117,mean_p|train_n=12|p=20,43,68,-1.55047,0.95916000000000001
1509726703,21,20,mean_p,12,0.25563973851282568,0.02420695612905157,mean_p|train_n=12|p=20,44,71,-1.55047,0.95916000000000001
3350515783,21,20,mean_p,12,0.42060349402846903,0.0021933117859211228,mean_p|train_n=12|p=20,45,72,-1.55047,0.95916000000000001
2013784445,21,20,mean_p,12,0.27915390611894303,0.017190650778375588,mean_p|train_n=12|p=20,46,74,-1.55047,0.95916000000000001
3370892084,21,20,mean_p,12,0.38158323733849259,0.0038705438685232426,mean_p|train_n=12|p=20,47,81,-1.55047,0.95916000000000001
2685595999,21,20,mean_p,12,0.31220813113267054,0.010625166404519049,mean_p|train_n=12|p=20,48,82,-1.55047,0.95916000000000001
2014435639,21,20,mean_p,12,0.31604048789265754,0.010048679605585614,mean_p|train_n=12|p=20,49,84,-1.55047,0.95916000000000001
4181062555,21,20,mean_p,12,0.26664674421143364,0.020623290850111074,mean_p|train_n=12|p=20,50,86,-1.55047,0.95916000000000001
2051254122,21,20,mean_p,12,0.26649317437713521,0.020669443233575259,mean_p|train_n=12|p=20,51,89,-1.55047,0.95916000000000001
3879814613,21,20,mean_p,12,0.27755643707755151,0.017595067041839742,mean_p|train_n=12|p=20,52,90,-1.55047,0.95916000000000001
3503237789,21,20,mean_p,12,0.33928947727937481,0.0071637016887738242,mean_p|train_n=12|p=20,53,91,-1.55047,0.95916000000000001
2824410898,21,20,mean_p,12,0.48753338797688961,0.00082793139821782261,mean_p|train_n=12|p=20,54,92,-1.55047,0.95916000000000001
2233423776,21,20,mean_p,12,0.35874821724439149,0.0053966784226146831,mean_p|train_n=12|p=20,55,93,-1.55047,0.95916000000000001
2400998353,21,20,mean_p,12,0.48072163027324083,0.00091423062278188437,mean_p|train_n=12|p=20,56,96,-1.55047,0.95916000000000001
4050032107,21,20,mean_p,12,0.30690126866235667,0.011478463589032243,mean_p|train_n=12|p=20,57,97,-1.55047,0.95916000000000001
2689443999,21,20,mean_p,12,0.2790835979387784,0.01720825290661487,mean_p|train_n=12|p=20,58,98,-1.55047,0.95916000000000001
279907208,21,20,mean_p,12,0.27111574553189183,0.019324425620663988,mean_p|train_n=12|p=20,59,100,-1.55047,0.95916000000000001
3092713540,21,20,mean_p,12,0.32664698725754659,0.0086111000594779347,mean_p|train_n=12|p=20,60,102,-1.55047,0.95916000000000001
3407179748,21,20,mean_p,12,0.4029231187749735,0.0028370641854914584,mean_p|train_n=12|p=20,61,103,-1.55047,0.95916000000000001
1540609209,21,20,mean_p,12,0.34650163089479413,0.006449780377222874,mean_p|train_n=12|p=20,62,104,-1.55047,0.95916000000000001
3915585587,21,20,mean_p,12,0.45926754029271999,0.0012493398162226165,mean_p|train_n=12|p=20,63,105,-1.55047,0.95916000000000001
132031570,21,20,mean_p,12,0.25640548811085478,0.023938635803736917,mean_p|train_n=12|p=20,64,108,-1.55047,0.95916000000000001
826891459,21,20,mean_p,12,0.33135487570987748,0.0080407601428888181,mean_p|train_n=12|p=20,65,109,-1.55047,0.95916000000000001
1693805803,21,20,mean_p,12,0.33410181600277378,0.0077255955337058486,mean_p|train_n=12|p=20,66,110,-1.55047,0.95916000000000001
955187031,21,20,mean_p,12,0.47638168121291535,0.00097384831234127245,mean_p|train_n=12|p=20,67,111,-1.55047,0.95916000000000001
2378440757,21,20,mean_p,12,0.18770567551585784,0.065072004872592515,mean_p|train_n=12|p=20,68,112,-1.55047,0.95916000000000001
836664460,21,20,mean_p,12,0.4615620126066301,0.0012083027844120963,mean_p|train_n=12|p=20,69,113,-1.55047,0.95916000000000001
435409398,21,20,mean_p,12,0.35446362134969917,0.0057439700881654968,mean_p|train_n=12|p=20,70,114,-1.55047,0.95916000000000001
3918540358,21,20,mean_p,12,0.3799715156107481,0.0039624217820779023,mean_p|train_n=12|p=20,71,115,-1.55047,0.95916000000000001
265145094,21,20,mean_p,12,0.398322628799958,0.0030335541829123922,mean_p|train_n=12|p=20,72,116,-1.55047,0.95916000000000001
4156489273,21,20,mean_p,12,0.26951402527462465,0.01978026369364027,mean_p|train_n=12|p=20,73,117,-1.55047,0.95916000000000001
825870533,21,20,mean_p,12,0.37967251662790347,0.0039797048402727053,mean_p|train_n=12|p=20,74,118,-1.55047,0.95916000000000001
401575170,21,20,mean_p,12,0.26421905946314012,0.021365098096074821,mean_p|train_n=12|p=20,75,119,-1.55047,0.95916000000000001
1096259116,21,20,mean_p,12,0.29753598052280994,0.013154902892580334,mean_p|train_n=12|p=20,76,121,-1.55047,0.95916000000000001
1940178474,21,20,mean_p,12,0.63868597155849438,9.1719918419353461e-05,mean_p|train_n=12|p=20,77,122,-1.55047,0.95916000000000001
2693103054,21,20,mean_p,12,0.31373274805048845,0.010391965027268109,mean_p|train_n=12|p=20,78,125,-1.55047,0.95916000000000001
872921416,21,20,mean_p,12,0.24327305487380979,0.028981294512127234,mean_p|train_n=12|p=20,79,129,-1.55047,0.95916000000000001
1941730656,21,20,mean_p,12,0.27011640875106968,0.01960758162135005,mean_p|train_n=12|p=20,80,130,-1.55047,0.95916000000000001
100811072,21,20,mean_p,12,0.26178788103303835,0.022134713315954034,mean_p|train_n=12|p=20,81,132,-1.55047,0.95916000000000001
3583772,21,20,mean_p,12,0.43847170301721033,0.0016910021819495338,mean_p|train_n=12|p=20,82,134,-1.55047,0.95916000000000001
4154984174,21,20,mean_p,12,0.32769027321244454,0.0084813184093979598,mean_p|train_n=12|p=20,83,135,-1.55047,0.95916000000000001
2350873190,21,20,mean_p,12,0.46452791257598908,0.0011572480411136811,mean_p|train_n=12|p=20,84,136,-1.55047,0.95916000000000001
545806680,21,20,mean_p,12,0.2187682049734295,0.04140267221642837,mean_p|train_n=12|p=20,85,137,-1.55047,0.95916000000000001
4121660273,21,20,mean_p,12,0.28868061334950212,0.014964699504941378,mean_p|train_n=12|p=20,86,138,-1.55047,0.95916000000000001
141537808,21,20,mean_p,12,0.33175773282537452,0.0079937469045239865,mean_p|train_n=12|p=20,87,139,-1.55047,0.95916000000000001
2524330246,21,20,mean_p,12,0.37107709270714567,0.0045101184940513073,mean_p|train_n=12|p=20,88,141,-1.55047,0.95916000000000001
2995936664,21,20,mean_p,12,0.35672070205714795,0.0055583224912853389,mean_p|train_n=12|p=20,89,142,-1.55047,0.95916000000000001
2333050325,21,20,mean_p,12,0.21785808526692052,0.041954815180076113,mean_p|train_n=12|p=20,90,143,-1.55047,0.95916000000000001
3649308922,21,20,mean_p,12,0.29864426930993931,0.012944385997803275,mean_p|train_n=12|p=20,91,146,-1.55047,0.95916000000000001
1659069990,21,20,mean_p,12,0.24410754872496174,0.028631389094815059,mean_p|train_n=12|p=20,92,148,-1.55047,0.95916000000000001
213283922,21,20,mean_p,12,0.37579173463393967,0.0042109853528122512,mean_p|train_n=12|p=20,93,149,-1.55047,0.95916000000000001
2851768155,21,20,mean_p,12,0.31150569110325149,0.010734363710351849,mean_p|train_n=12|p=20,94,150,-1.55047,0.95916000000000001
560245418,21,20,mean_p,12,0.53890598322665773,0.00039195464748070389,mean_p|train_n=12|p=20,95,151,-1.55047,0.95916000000000001
1211099238,21,20,mean_p,12,0.27705943757151485,0.017722817806804299,mean_p|train_n=12|p=20,96,153,-1.55047,0.95916000000000001
168863589,21,20,mean_p,12,0.29482925591301795,0.013683542889922832,mean_p|train_n=12|p=20,97,154,-1.55047,0.95916000000000001
2999699162,21,20,mean_p,12,0.49500443950665635,0.00074261741598520266,mean_p|train_n=12|p=20,98,156,-1.55047,0.95916000000000001
3935678789,21,20,mean_p,12,0.28376727636352111,0.016074160430798585,mean_p|train_n=12|p=20,99,157,-1.55047,0.95916000000000001
393729573,21,20,mean_p,12,0.37951310357177476,0.0039889501928828232,mean_p|train_n=12|p=20,100,158,-1.55047,0.95916000000000001
2796451925,21,20,mean_p,12,0.44358340032436366,0.0015697478951730919,mean_p|train_n=12|p=20,101,161,-1.55047,0.95916000000000001
3596312022,21,20,mean_p,12,0.26930429703014863,0.019840741612104716,mean_p|train_n=12|p=20,102,164,-1.55047,0.95916000000000001
3280264611,21,20,mean_p,12,0.28217990091380107,0.01644989380670896,mean_p|train_n=12|p=20,103,165,-1.55047,0.95916000000000001
721406063,21,20,mean_p,12,0.35347659970640222,0.0058270903933940353,mean_p|train_n=12|p=20,104,166,-1.55047,0.95916000000000001
10009482,21,20,mean_p,12,0.39315754468584319,0.0032704198235335019,mean_p|train_n=12|p=20,105,167,-1.55047,0.95916000000000001
3482628924,21,20,mean_p,12,0.27377415314676373,0.018590930408307425,mean_p|train_n=12|p=20,106,172,-1.55047,0.95916000000000001
787818950,21,20,mean_p,12,0.34540447344853248,0.0065536123640510952,mean_p|train_n=12|p=20,107,174,-1.55047,0.95916000000000001
2658854933,21,20,mean_p,12,0.33584909054136769,0.0075315843500459731,mean_p|train_n=12|p=20,108,175,-1.55047,0.95916000000000001
2278766031,21,20,mean_p,12,0.43011351976641793,0.0019097719451776553,mean_p|train_n=12|p=20,109,176,-1.55047,0.95916000000000001
2429681290,21,20,mean_p,12,0.38697632279803251,0.003578317758350635,mean_p|train_n=12|p=20,110,178,-1.55047,0.95916000000000001
1438791014,21,20,mean_p,12,0.21169980249879466,0.045889380709704164,mean_p|train_n=12|p=20,111,180,-1.55047,0.95916000000000001
600703575,21,20,mean_p,12,0.18607489974158073,0.06663514521412027,mean_p|train_n=12|p=20,112,183,-1.55047,0.95916000000000001
4207285598,21,20,mean_p,12,0.31355837302367096,0.010418375611200466,mean_p|train_n=12|p=20,113,184,-1.55047,0.95916000000000001
1906862795,21,20,mean_p,12,0.30333810202327599,0.01208951230775793,mean_p|train_n=12|p=20,114,189,-1.55047,0.95916000000000001
3950794463,21,20,mean_p,12,0.41798146204484754,0.0022786408987382207,mean_p|train_n=12|p=20,115,192,-1.55047,0.95916000000000001
2343080735,21,20,mean_p,12,0.41909511937817806,0.0022420007763607796,mean_p|train_n=12|p=20,116,194,-1.55047,0.95916000000000001
423565571,21,20,mean_p,12,0.38942262162889502,0.0034531409673874214,mean_p|train_n=12|p=20,117,199,-1.55047,0.95916000000000001
915371351,21,20,mean_p,12,0.45126069315825601,0.0014037730659750291,mean_p|train_n=12|p=20,118,200,-1.55047,0.95916000000000001
2098331963,21,20,mean_p,12,0.49672746017341496,0.00072422386393373062,mean_p|train_n=12|p=20,119,201,-1.55047,0.95916000000000001
1700002286,21,20,mean_p,12,0.46283468180840925,0.0011861249260953146,mean_p|train_n=12|p=20,120,202,-1.55047,0.95916000000000001
48093813,21,20,mean_p,12,0.24046541371942803,0.030190245774334892,mean_p|train_n=12|p=20,121,203,-1.55047,0.95916000000000001
92586313,21,20,mean_p,12,0.2485943718077061,0.026821211078418405,mean_p|train_n=12|p=20,122,205,-1.55047,0.95916000000000001
2304557853,21,20,mean_p,12,0.5526520174104762,0.00032087691790685517,mean_p|train_n=12|p=20,123,206,-1.55047,0.95916000000000001
1596644571,21,20,mean_p,12,0.20137747707049097,0.053329328831039635,mean_p|train_n=12|p=20,124,211,-1.55047,0.95916000000000001
186209711,21,20,mean_p,12,0.25649304093515335,0.023908147195164677,mean_p|train_n=12|p=20,125,212,-1.55047,0.95916000000000001
519088917,21,20,mean_p,12,0.20645349862758691,0.049531033309728349,mean_p|train_n=12|p=20,126,214,-1.55047,0.95916000000000001
3944427840,21,20,mean_p,12,0.31824675388649337,0.0097310970125977538,mean_p|train_n=12|p=20,127,215,-1.55047,0.95916000000000001
1047560861,21,20,mean_p,12,0.42442823804345825,0.0020745397283924985,mean_p|train_n=12|p=20,128,216,-1.55047,0.95916000000000001
3022445642,21,20,mean_p,12,0.37449512415435704,0.0042912164637142584,mean_p|train_n=12|p=20,129,217,-1.55047,0.95916000000000001
1828794662,21,20,mean_p,12,0.27638818859919134,0.017896831964554157,mean_p|train_n=12|p=20,130,218,-1.55047,0.95916000000000001
3547864347,21,20,mean_p,12,0.38098260352340235,0.0039045319307186,mean_p|train_n=12|p=20,131,220,-1.55047,0.95916000000000001
1004275520,21,20,mean_p,12,0.26397592511487183,0.02144084496638371,mean_p|train_n=12|p=20,132,221,-1.55047,0.95916000000000001
661790761,21,20,mean_p,12,0.2140968182847402,0.044315856777315824,mean_p|train_n=12|p=20,133,222,-1.55047,0.95916000000000001
3512573469,21,20,mean_p,12,0.28179812637229906,0.016541562722801932,mean_p|train_n=12|p=20,134,226,-1.55047,0.95916000000000001
3504995893,21,20,mean_p,12,0.35944264546881027,0.0053424027080680196,mean_p|train_n=12|p=20,135,227,-1.55047,0.95916000000000001
1775421790,21,20,mean_p,12,0.38693923818457693,0.0035802498807660662,mean_p|train_n=12|p=20,136,228,-1.55047,0.95916000000000001
661502386,21,20,mean_p,12,0.43245126485086149,0.0018458786640474999,mean_p|train_n=12|p=20,137,229,-1.55047,0.95916000000000001
4163783785,21,20,mean_p,12,0.18231411737266734,0.070384596104317076,mean_p|train_n=12|p=20,138,230,-1.55047,0.95916000000000001
3306855708,21,20,mean_p,12,0.2439090693521602,0.02871422718185106,mean_p|train_n=12|p=20,139,231,-1.55047,0.95916000000000001
4162867813,21,20,mean_p,12,0.32854196662752094,0.0083768218120245843,mean_p|train_n=12|p=20,140,233,-1.55047,0.95916000000000001
1086872198,21,20,mean_p,12,0.40515761681967938,0.0027462716374197769,mean_p|train_n=12|p=20,141,235,-1.55047,0.95916000000000001
369944328,21,20,mean_p,12,0.45938679528160992,0.0012471729853998602,mean_p|train_n=12|p=20,142,236,-1.55047,0.95916000000000001
1048559745,21,20,mean_p,12,0.35140357432364322,0.0060056034790568072,mean_p|train_n=12|p=20,143,238,-1.55047,0.95916000000000001
2568370123,21,20,mean_p,12,0.31001189133157014,0.010970326559247663,mean_p|train_n=12|p=20,144,239,-1.55047,0.95916000000000001
1972338955,21,20,mean_p,12,0.35075172048878833,0.0060628585099784804,mean_p|train_n=12|p=20,145,240,-1.55047,0.95916000000000001
1648087850,21,20,mean_p,12,0.29048563193083249,0.014576637078086256,mean_p|train_n=12|p=20,146,242,-1.55047,0.95916000000000001
1375085011,21,20,mean_p,12,0.26269240891304169,0.021845189225151215,mean_p|train_n=12|p=20,147,244,-1.55047,0.95916000000000001
1152146392,21,20,mean_p,12,0.28284501479499502,0.016291403297588231,mean_p|train_n=12|p=20,148,246,-1.55047,0.95916000000000001
1551172710,21,20,mean_p,12,0.26046081082241829,0.022566445011315474,mean_p|train_n=12|p=20,149,247,-1.55047,0.95916000000000001
3612312326,21,20,mean_p,12,0.37527778451196164,0.0042426063072226895,mean_p|train_n=12|p=20,150,250,-1.55047,0.95916000000000001
2592035967,21,20,mean_p,12,0.29459131660219146,0.013731017544346727,mean_p|train_n=12|p=20,151,252,-1.55047,0.95916000000000001
600741071,21,20,mean_p,12,0.38683562082832751,0.0035856539158322059,mean_p|train_n=12|p=20,152,254,-1.55047,0.95916000000000001
1765642567,21,20,mean_p,12,0.29782345067485755,0.013099971976993238,mean_p|train_n=12|p=20,153,255,-1.55047,0.95916000000000001
1470648472,21,20,mean_p,12,0.32363884748452748,0.008996528954802541,mean_p|train_n=12|p=20,154,257,-1.55047,0.95916000000000001
3302313973,21,20,mean_p,12,0.35877401839023626,0.0053946520059913669,mean_p|train_n=12|p=20,155,258,-1.55047,0.95916000000000001
3445120214,21,20,mean_p,12,0.22731686587714217,0.036558376559647721,mean_p|train_n=12|p=20,156,259,-1.55047,0.95916000000000001
3485428739,21,20,mean_p,12,0.23534832983349438,0.032524824295169057,mean_p|train_n=12|p=20,157,260,-1.55047,0.95916000000000001
4231791255,21,20,mean_p,12,0.190208955875733,0.062743591659546155,mean_p|train_n=12|p=20,158,261,-1.55047,0.95916000000000001
931665386,21,20,mean_p,12,0.3471448295489109,0.0063896763789074804,mean_p|train_n=12|p=20,159,263,-1.55047,0.95916000000000001
3234175550,21,20,mean_p,12,0.28239929762104793,0.016397443905814085,mean_p|train_n=12|p=20,160,264,-1.55047,0.95916000000000001
1420933722,21,20,mean_p,12,0.29840134338856728,0.012990239038370639,mean_p|train_n=12|p=20,161,265,-1.55047,0.95916000000000001
4088734943,21,20,mean_p,12,0.22322062500048498,0.038804475770335717,mean_p|train_n=12|p=20,162,267,-1.55047,0.95916000000000001
932870481,21,20,mean_p,12,0.34080554537854396,0.0070073445337525157,mean_p|train_n=12|p=20,163,269,-1.55047,0.95916000000000001
1693504378,21,20,mean_p,12,0.43181407403860139,0.0018630788447552512,mean_p|train_n=12|p=20,164,270,-1.55047,0.95916000000000001
270740767,21,20,mean_p,12,0.25769744837481018,0.023492655106424436,mean_p|train_n=12|p=20,165,272,-1.55047,0.95916000000000001
3450118433,21,20,mean_p,12,0.26035056538705315,0.022602687418289864,mean_p|train_n=12|p=20,166,273,-1.55047,0.95916000000000001
1852588907,21,20,mean_p,12,0.3352367771278123,0.0075990125739649576,mean_p|train_n=12|p=20,167,274,-1.55047,0.95916000000000001
746107683,21,20,mean_p,12,0.29678038154783909,0.013300386566543325,mean_p|train_n=12|p=20,168,275,-1.55047,0.95916000000000001
2497304370,21,20,mean_p,12,0.21390592985630941,0.044439163572708607,mean_p|train_n=12|p=20,169,278,-1.55047,0.95916000000000001
3546196867,21,20,mean_p,12,0.24490940516227486,0.028299149230885071,mean_p|train_n=12|p=20,170,279,-1.55047,0.95916000000000001
4097340239,21,20,mean_p,12,0.31658430799380288,0.009969449318315048,mean_p|train_n=12|p=20,171,283,-1.55047,0.95916000000000001
1290830508,21,20,mean_p,12,0.334756059098615,0.0076523721875880503,mean_p|train_n=12|p=20,172,284,-1.55047,0.95916000000000001
2058533609,21,20,mean_p,12,0.37495972526027227,0.0042622938373705925,mean_p|train_n=12|p=20,173,289,-1.55047,0.95916000000000001
723145320,21,20,mean_p,12,0.41787487538542178,0.0022821789200060836,mean_p|train_n=12|p=20,174,293,-1.55047,0.95916000000000001
505758993,21,20,mean_p,12,0.35223373180178069,0.0059334693881575576,mean_p|train_n=12|p=20,175,296,-1.55047,0.95916000000000001
1456895635,21,20,mean_p,12,0.25471217606151114,0.024536007155983468,mean_p|train_n=12|p=20,176,298,-1.55047,0.95916000000000001
3108410937,21,20,mean_p,12,0.46389077833464942,0.0011680304941651092,mean_p|train_n=12|p=20,177,299,-1.55047,0.95916000000000001
3378905944,21,20,mean_p,12,0.30808803275872637,0.011281880038837956,mean_p|train_n=12|p=20,178,300,-1.55047,0.95916000000000001
2189336570,21,20,mean_p,12,0.34353687902444335,0.006734215200839379,mean_p|train_n=12|p=20,179,301,-1.55047,0.95916000000000001
1546714456,21,20,mean_p,12,0.39163255778422001,0.0033438278407447591,mean_p|train_n=12|p=20,180,302,-1.55047,0.95916000000000001
2072351799,21,20,mean_p,12,0.29518478937510595,0.013612911052425106,mean_p|train_n=12|p=20,181,303,-1.55047,0.95916000000000001
169879946,21,20,mean_p,12,0.59749011536585739,0.00016706620843125826,mean_p|train_n=12|p=20,182,304,-1.55047,0.95916000000000001
1542335012,21,20,mean_p,12,0.33530952753176263,0.0075909697715853845,mean_p|train_n=12|p=20,183,305,-1.55047,0.95916000000000001
936036962,21,20,mean_p,12,0.46689109081000268,0.001118117168688383,mean_p|train_n=12|p=20,184,310,-1.55047,0.95916000000000001
2660036179,21,20,mean_p,12,0.18881705759641093,0.064027779609060628,mean_p|train_n=12|p=20,185,312,-1.55047,0.95916000000000001
1379548162,21,20,mean_p,12,0.2666593849763898,0.020619496511160899,mean_p|train_n=12|p=20,186,313,-1.55047,0.95916000000000001
3435915949,21,20,mean_p,12,0.2716606708257881,0.019171750930390974,mean_p|train_n=12|p=20,187,318,-1.55047,0.95916000000000001
2725657895,21,20,mean_p,12,0.25484337320167844,0.024489195027330081,mean_p|train_n=12|p=20,188,320,-1.55047,0.95916000000000001
4215605597,21,20,mean_p,12,0.23052615132866919,0.034889840733396148,mean_p|train_n=12|p=20,189,321,-1.55047,0.95916000000000001
3220877392,21,20,mean_p,12,0.34498069166800971,0.0065941639619096545,mean_p|train_n=12|p=20,190,323,-1.55047,0.95916000000000001
1495529953,21,20,mean_p,12,0.25528479088084399,0.024332348648595122,mean_p|train_n=12|p=20,191,325,-1.55047,0.95916000000000001
2545968368,21,20,mean_p,12,0.45392347696415569,0.0013504041739868084,mean_p|train_n=12|p=20,192,326,-1.55047,0.95916000000000001
533996670,21,20,mean_p,12,0.32283816525217351,0.0091019951298141992,mean_p|train_n=12|p=20,193,327,-1.55047,0.95916000000000001
4234232617,21,20,mean_p,12,0.33372760814277946,0.0077677916972724147,mean_p|train_n=12|p=20,194,328,-1.55047,0.95916000000000001
2040001124,21,20,mean_p,12,0.30684698068084898,0.011487537694372612,mean_p|train_n=12|p=20,195,329,-1.55047,0.95916000000000001
1281599001,21,20,mean_p,12,0.53535288520246538,0.00041275960584725231,mean_p|train_n=12|p=20,196,330,-1.55047,0.95916000000000001
2950799355,21,20,mean_p,12,0.32073012351434121,0.0093856176604717855,mean_p|train_n=12|p=20,197,331,-1.55047,0.95916000000000001
365800914,21,20,mean_p,12,0.42416227028303233,0.002082586773845306,mean_p|train_n=12|p=20,198,332,-1.55047,0.95916000000000001
3656606449,21,20,mean_p,12,0.26857816234973442,0.020051564149139042,mean_p|train_n=12|p=20,199,333,-1.55047,0.95916000000000001
3941506969,21,20,mean_p,12,0.26192367672680572,0.022091003849918422,mean_p|train_n=12|p=20,200,334,-1.55047,0.95916000000000001
3985124678,21,20,mean_p,12,0.25681445388635937,0.023796553792920776,mean_p|train_n=12|p=20,201,335,-1.55047,0.95916000000000001
1245049182,21,20,mean_p,12,0.38361889831734142,0.0037575372858402677,mean_p|train_n=12|p=20,202,337,-1.55047,0.95916000000000001
3070144023,21,20,mean_p,12,0.46012993955002229,0.0012337546773031009,mean_p|train_n=12|p=20,203,338,-1.55047,0.95916000000000001
2451908816,21,20,mean_p,12,0.34222773012787433,0.0068637735301580018,mean_p|train_n=12|p=20,204,339,-1.55047,0.95916000000000001
416037595,21,20,mean_p,12,0.29675127047773991,0.01330602371156156,mean_p|train_n=12|p=20,205,340,-1.55047,0.95916000000000001
2177299577,21,20,mean_p,12,0.25347142928177563,0.024983163581134813,mean_p|train_n=12|p=20,206,341,-1.55047,0.95916000000000001
816779025,21,20,mean_p,12,0.47439686971307082,0.0010023942337233777,mean_p|train_n=12|p=20,207,343,-1.55047,0.95916000000000001
1800426879,21,20,mean_p,12,0.34856960369572959,0.0062585246620042601,mean_p|train_n=12|p=20,208,344,-1.55047,0.95916000000000001
574864300,21,20,mean_p,12,0.28710180591783718,0.015312589383292751,mean_p|train_n=12|p=20,209,345,-1.55047,0.95916000000000001
3618744067,21,20,mean_p,12,0.45355669293822115,0.0013576331834425615,mean_p|train_n=12|p=20,210,347,-1.55047,0.95916000000000001
2683299720,21,20,mean_p,12,0.21951334048605414,0.040956034614071747,mean_p|train_n=12|p=20,211,348,-1.55047,0.95916000000000001
93705121,21,20,mean_p,12,0.23778132955952466,0.031393116757164226,mean_p|train_n=12|p=20,212,350,-1.55047,0.95916000000000001
2856198958,21,20,mean_p,12,0.36317223530924841,0.0050601050743961408,mean_p|train_n=12|p=20,213,351,-1.55047,0.95916000000000001
758218571,21,20,mean_p,12,0.42047321110532626,0.0021974751509279008,mean_p|train_n=12|p=20,214,353,-1.55047,0.95916000000000001
2426123852,21,20,mean_p,12,0.42642195601478422,0.0020152002530593109,mean_p|train_n=12|p=20,215,354,-1.55047,0.95916000000000001
2306912376,21,20,mean_p,12,0.31223213092522634,0.010621455223593448,mean_p|train_n=12|p=20,216,355,-1.55047,0.95916000000000001
3886028575,21,20,mean_p,12,0.27052986070215568,0.019489932783008087,mean_p|train_n=12|p=20,217,357,-1.55047,0.95916000000000001
1947050928,21,20,mean_p,12,0.33255587447999513,0.0079014143628340708,mean_p|train_n=12|p=20,218,358,-1.55047,0.95916000000000001
67078226,21,20,mean_p,12,0.23530991910559979,0.032543014335709962,mean_p|train_n=12|p=20,219,359,-1.55047,0.95916000000000001
1117963036,21,20,mean_p,12,0.22627577467136306,0.037116609278960273,mean_p|train_n=12|p=20,220,360,-1.55047,0.95916000000000001
339810346,21,20,mean_p,12,0.29321109374480864,0.0140096724070596,mean_p|train_n=12|p=20,221,361,-1.55047,0.95916000000000001
2566221254,21,20,mean_p,12,0.44975296520876318,0.0014349217003984207,mean_p|train_n=12|p=20,222,362,-1.55047,0.95916000000000001
3600093714,21,20,mean_p,12,0.22392958602713031,0.038406084355888742,mean_p|train_n=12|p=20,223,363,-1.55047,0.95916000000000001
2718174989,21,20,mean_p,12,0.26887918479087414,0.019963896218308241,mean_p|train_n=12|p=20,224,364,-1.55047,0.95916000000000001
3005314539,21,20,mean_p,12,0.31215384863030404,0.010633565102116953,mean_p|train_n=12|p=20,225,365,-1.55047,0.95916000000000001
2070246470,21,20,mean_p,12,0.31350230160678871,0.010426882358671122,mean_p|train_n=12|p=20,226,367,-1.55047,0.95916000000000001
2055788637,21,20,mean_p,12,0.31301792608787365,0.010500658058092957,mean_p|train_n=12|p=20,227,368,-1.55047,0.95916000000000001
1044379565,21,20,mean_p,12,0.40050861324253095,0.0029385478822833641,mean_p|train_n=12|p=20,228,370,-1.55047,0.95916000000000001
2687624100,21,20,mean_p,12,0.29059555027466066,0.014553333377711744,mean_p|train_n=12|p=20,229,371,-1.55047,0.95916000000000001
743012420,21,20,mean_p,12,0.48630907427401404,0.00084281840530570833,mean_p|train_n=12|p=20,230,372,-1.55047,0.95916000000000001
1776840628,21,20,mean_p,12,0.27569537126873411,0.018078229493541671,mean_p|train_n=12|p=20,231,375,-1.55047,0.95916000000000001
1897735682,21,20,mean_p,12,0.38497860301125691,0.0036838992891893587,mean_p|train_n=12|p=20,232,377,-1.55047,0.95916000000000001
2670816481,21,20,mean_p,12,0.19076851600123329,0.062234620206230176,mean_p|train_n=12|p=20,233,378,-1.55047,0.95916000000000001
3485602387,21,20,mean_p,12,0.52858184298271027,0.00045551345746014095,mean_p|train_n=12|p=20,234,380,-1.55047,0.95916000000000001
3804017753,21,20,mean_p,12,0.3163551393954242,0.010002760926153216,mean_p|train_n=12|p=20,235,381,-1.55047,0.95916000000000001
2715989971,21,20,mean_p,12,0.4246380631350119,0.0020682132666842257,mean_p|train_n=12|p=20,236,383,-1.55047,0.95916000000000001
2104332862,21,20,mean_p,12,0.3334247128191376,0.0078021152823157048,mean_p|train_n=12|p=20,237,385,-1.55047,0.95916000000000001
2879385252,21,20,mean_p,12,0.30548216262725308,0.011718035896910577,mean_p|train_n=12|p=20,238,387,-1.55047,0.95916000000000001
3687553338,21,20,mean_p,12,0.31995579110912375,0.0094920037557495937,mean_p|train_n=12|p=20,239,388,-1.55047,0.95916000000000001
4222544801,21,20,mean_p,12,0.22613065387472517,0.037195096957766273,mean_p|train_n=12|p=20,240,390,-1.55047,0.95916000000000001
838657333,21,20,mean_p,12,0.36253080296509732,0.0051075712424774738,mean_p|train_n=12|p=20,241,391,-1.55047,0.95916000000000001
3582894688,21,20,mean_p,12,0.19354630084002672,0.059768439348540592,mean_p|train_n=12|p=20,242,392,-1.55047,0.95916000000000001
4223304587,21,20,mean_p,12,0.34738972466931894,0.0063669395490380774,mean_p|train_n=12|p=20,243,393,-1.55047,0.95916000000000001
3609102680,21,20,mean_p,12,0.37008731459884564,0.0045755674636360089,mean_p|train_n=12|p=20,244,394,-1.55047,0.95916000000000001
1871157340,21,20,mean_p,12,0.25617641380300904,0.024018590651190136,mean_p|train_n=12|p=20,245,395,-1.55047,0.95916000000000001
1422738803,21,20,mean_p,12,0.43692693952826611,0.0017294562934035698,mean_p|train_n=12|p=20,246,398,-1.55047,0.95916000000000001
3447696132,21,20,mean_p,12,0.25836840535750633,0.023264330619271828,mean_p|train_n=12|p=20,247,400,-1.55047,0.95916000000000001
116357280,21,20,mean_p,12,0.34023457247588079,0.0070658261968456091,mean_p|train_n=12|p=20,248,401,-1.55047,0.95916000000000001
1933945271,21,20,mean_p,12,0.36762957843861238,0.0047422217878172824,mean_p|train_n=12|p=20,249,402,-1.55047,0.95916000000000001
2157053081,21,20,mean_p,12,0.29537899853058808,0.013574482701522681,mean_p|train_n=12|p=20,250,403,-1.55047,0.95916000000000001
1145932838,21,20,mean_p,12,0.26067382800742833,0.02249658166055081,mean_p|train_n=12|p=20,251,404,-1.55047,0.95916000000000001
4284287590,21,20,mean_p,12,0.3670589602145406,0.0047817745776947661,mean_p|train_n=12|p=20,252,406,-1.55047,0.95916000000000001
4270524297,21,20,mean_p,12,0.42897021325498957,0.0019418204471227066,mean_p|train_n=12|p=20,253,407,-1.55047,0.95916000000000001
4147046594,21,20,mean_p,12,0.23442540821276903,0.032964715202640389,mean_p|train_n=12|p=20,254,408,-1.55047,0.95916000000000001
620332207,21,20,mean_p,12,0.2854707770842988,0.015680481609609453,mean_p|train_n=12|p=20,255,409,-1.55047,0.95916000000000001
2543443615,21,20,mean_p,12,0.367200183434918,0.0047719549807696948,mean_p|train_n=12|p=20,256,410,-1.55047,0.95916000000000001
2480708302,21,20,mean_p,12,0.40295028774593872,0.0028359424221755568,mean_p|train_n=12|p=20,257,411,-1.55047,0.95916000000000001
4154508856,21,20,mean_p,12,0.28109069983108104,0.016712777247530196,mean_p|train_n=12|p=20,258,413,-1.55047,0.95916000000000001
1397452161,21,20,mean_p,12,0.4632681664880528,0.0011786642274693208,mean_p|train_n=12|p=20,259,417,-1.55047,0.95916000000000001
973634123,21,20,mean_p,12,0.27070802653776427,0.019439453113997657,mean_p|train_n=12|p=20,260,420,-1.55047,0.95916000000000001
2196355982,21,20,mean_p,12,0.23301992774928942,0.033646063122560195,mean_p|train_n=12|p=20,261,421,-1.55047,0.95916000000000001
3821136836,21,20,mean_p,12,0.32502524911524316,0.0088167933949093065,mean_p|train_n=12|p=20,262,422,-1.55047,0.95916000000000001
213028635,21,20,mean_p,12,0.34699625708669446,0.0064035098648793556,mean_p|train_n=12|p=20,263,423,-1.55047,0.95916000000000001
1138248500,21,20,mean_p,12,0.19236252835360593,0.060807239422611424,mean_p|train_n=12|p=20,264,424,-1.55047,0.95916000000000001
3567812186,21,20,mean_p,12,0.33636322789498196,0.0074754296413875425,mean_p|train_n=12|p=20,265,425,-1.55047,0.95916000000000001
3725582983,21,20,mean_p,12,0.33643342789461217,0.0074677948679550289,mean_p|train_n=12|p=20,266,427,-1.55047,0.95916000000000001
1131974203,21,20,mean_p,12,0.36275861053615133,0.0050906626489628879,mean_p|train_n=12|p=20,267,429,-1.55047,0.95916000000000001
35012682,21,20,mean_p,12,0.43071126806284293,0.0018932273322799849,mean_p|train_n=12|p=20,268,431,-1.55047,0.95916000000000001
935928611,21,20,mean_p,12,0.35960162704921766,0.0053300538791730325,mean_p|train_n=12|p=20,269,434,-1.55047,0.95916000000000001
999198218,21,20,mean_p,12,0.24765990433628807,0.027188530891676749,mean_p|train_n=12|p=20,270,436,-1.55047,0.95916000000000001
1932448916,21,20,mean_p,12,0.39435720562287407,0.0032138062731051028,mean_p|train_n=12|p=20,271,437,-1.55047,0.95916000000000001
2619812079,21,20,mean_p,12,0.38941906725541126,0.0034533196298676986,mean_p|train_n=12|p=20,272,438,-1.55047,0.95916000000000001
357686740,21,20,mean_p,12,0.3567814567326858,0.0055534091584789631,mean_p|train_n=12|p=20,273,439,-1.55047,0.95916000000000001
3726250120,21,20,mean_p,12,0.24350420120058333,0.028883948284480421,mean_p|train_n=12|p=20,274,442,-1.55047,0.95916000000000001
665266549,21,20,mean_p,12,0.25810479346474979,0.023353771035413133,mean_p|train_n=12|p=20,275,444,-1.55047,0.95916000000000001
2853423593,21,20,mean_p,12,0.19472770532392752,0.05874941059898163,mean_p|train_n=12|p=20,276,445,-1.55047,0.95916000000000001
875688802,21,20,mean_p,12,0.21658151281768023,0.042741703851260825,mean_p|train_n=12|p=20,277,447,-1.55047,0.95916000000000001
1201202725,21,20,mean_p,12,0.34311182932678141,0.0067760093659650139,mean_p|train_n=12|p=20,278,448,-1.55047,0.95916000000000001
532066705,21,20,mean_p,12,0.29951618466848479,0.012781138140310906,mean_p|train_n=12|p=20,279,449,-1.55047,0.95916000000000001
272460322,21,20,mean_p,12,0.29117425110477335,0.014431256487685316,mean_p|train_n=12|p=20,280,451,-1.55047,0.95916000000000001
335947255,21,20,mean_p,12,0.39829540274985231,0.0030347566334225323,mean_p|train_n=12|p=20,281,452,-1.55047,0.95916000000000001
214204887,21,20,mean_p,12,0.20969534998853115,0.047248018943515914,mean_p|train_n=12|p=20,282,456,-1.55047,0.95916000000000001
2622442927,21,20,mean_p,12,0.47448179374970256,0.0010011558776370992,mean_p|train_n=12|p=20,283,457,-1.55047,0.95916000000000001
3009920405,21,20,mean_p,12,0.31471570517233122,0.010244335317873434,mean_p|train_n=12|p=20,284,458,-1.55047,0.95916000000000001
2553140439,21,20,mean_p,12,0.36305730018975391,0.0050685777461602095,mean_p|train_n=12|p=20,285,459,-1.55047,0.95916000000000001
2494603240,21,20,mean_p,12,0.49609119978662364,0.00073096239330381957,mean_p|train_n=12|p=20,286,461,-1.55047,0.95916000000000001
2832032159,21,20,mean_p,12,0.28214000694500008,0.016459449037951414,mean_p|train_n=12|p=20,287,462,-1.55047,0.95916000000000001
525664642,21,20,mean_p,12,0.40536505105099396,0.002737991964561288,mean_p|train_n=12|p=20,288,463,-1.55047,0.95916000000000001
3437955838,21,20,mean_p,12,0.20228760770472576,0.052627484126076672,mean_p|train_n=12|p=20,289,464,-1.55047,0.95916000000000001
206776875,21,20,mean_p,12,0.26561424403189454,0.02093558258306509,mean_p|train_n=12|p=20,290,465,-1.55047,0.95916000000000001
3324461648,21,20,mean_p,12,0.2812914484019548,0.016664011883756897,mean_p|train_n=12|p=20,291,467,-1.55047,0.95916000000000001
1975296219,21,20,mean_p,12,0.24668041191375309,0.027578950166649411,mean_p|train_n=12|p=20,292,468,-1.55047,0.95916000000000001
792980862,21,20,mean_p,12,0.25703962152303983,0.023718686823237495,mean_p|train_n=12|p=20,293,471,-1.55047,0.95916000000000001
2546005210,21,20,mean_p,12,0.37662399870164426,0.0041602790840117691,mean_p|train_n=12|p=20,294,476,-1.55047,0.95916000000000001
2582897989,21,20,mean_p,12,0.43453754760766294,0.0017906654017113127,mean_p|train_n=12|p=20,295,477,-1.55047,0.95916000000000001
3814969317,21,20,mean_p,12,0.18321277775733766,0.069469892115341492,mean_p|train_n=12|p=20,296,478,-1.55047,0.95916000000000001
2295579342,21,20,mean_p,12,0.4117823977665146,0.0024938141126143449,mean_p|train_n=12|p=20,297,479,-1.55047,0.95916000000000001
1709689613,21,20,mean_p,12,0.43560688593627067,0.00176300880508344,mean_p|train_n=12|p=20,298,480,-1.55047,0.95916000000000001
3265065758,21,20,mean_p,12,0.29719633686225472,0.013220100237242079,mean_p|train_n=12|p=20,299,481,-1.55047,0.95916000000000001
3805892012,21,20,mean_p,12,0.34187324739488378,0.0068992813267058674,mean_p|train_n=12|p=20,300,483,-1.55047,0.95916000000000001
2115986241,21,20,mean_p,12,0.24741947544028431,0.027283849420879955,mean_p|train_n=12|p=20,301,484,-1.55047,0.95916000000000001
4252026439,21,20,mean_p,12,0.42242507031641341,0.0021359202894775547,mean_p|train_n=12|p=20,302,485,-1.55047,0.95916000000000001
3863697290,21,20,mean_p,12,0.32181097874355175,0.0092391090200820303,mean_p|train_n=12|p=20,303,486,-1.55047,0.95916000000000001
2308861760,21,20,mean_p,12,0.22010412133591925,0.040605344877669522,mean_p|train_n=12|p=20,304,487,-1.55047,0.95916000000000001
913316440,21,20,mean_p,12,0.43567186025021182,0.0017613421889408473,mean_p|train_n=12|p=20,305,488,-1.55047,0.95916000000000001
561381175,21,20,mean_p,12,0.24218438024664937,0.029444214870423327,mean_p|train_n=12|p=20,306,489,-1.55047,0.95916000000000001
850460030,21,20,mean_p,12,0.37006920618217748,0.0045767736861670495,mean_p|train_n=12|p=20,307,492,-1.55047,0.95916000000000001
3551025431,21,20,mean_p,12,0.23955730047287874,0.030591967162603609,mean_p|train_n=12|p=20,308,493,-1.55047,0.95916000000000001
2935938192,21,20,mean_p,12,0.18961566393654036,0.063287792508298427,mean_p|train_n=12|p=20,309,494,-1.55047,0.95916000000000001
3457598499,21,20,mean_p,12,0.32231169827356781,0.0091720144062005984,mean_p|train_n=12|p=20,310,496,-1.55047,0.95916000000000001
5962405,21,20,mean_p,12,0.40851283329286286,0.0026153695006444757,mean_p|train_n=12|p=20,311,498,-1.55047,0.95916000000000001
1161814478,21,20,mean_p,12,0.36372377005566225,0.0050196442212498658,mean_p|train_n=12|p=20,312,503,-1.55047,0.95916000000000001
1780533724,21,20,mean_p,12,0.30182213775642086,0.01235925084364386,mean_p|train_n=12|p=20,313,504,-1.55047,0.95916000000000001
3747228238,21,20,mean_p,12,0.33161788235843309,0.0080100361581965183,mean_p|train_n=12|p=20,314,505,-1.55047,0.95916000000000001
3841262990,21,20,mean_p,12,0.21677651191683761,0.042620556762734879,mean_p|train_n=12|p=20,315,510,-1.55047,0.95916000000000001
2853125310,21,20,mean_p,12,0.2754130830612212,0.018152665995070191,mean_p|train_n=12|p=20,316,511,-1.55047,0.95916000000000001
330677851,21,20,mean_p,12,0.42239872141549173,0.002136739651042665,mean_p|train_n=12|p=20,317,512,-1.55047,0.95916000000000001
376264054,21,20,mean_p,12,0.48872369971033114,0.00081370998024939448,mean_p|train_n=12|p=20,318,513,-1.55047,0.95916000000000001
3295832269,21,20,mean_p,12,0.34526885768863547,0.0065665622038062763,mean_p|train_n=12|p=20,319,514,-1.55047,0.95916000000000001
4018570978,21,20,mean_p,12,0.22891307925274487,0.035718748319897513,mean_p|train_n=12|p=20,320,515,-1.55047,0.95916000000000001
2789936632,21,20,mean_p,12,0.20946340221904877,0.047407809794732976,mean_p|train_n=12|p=20,321,516,-1.55047,0.95916000000000001
3487463332,21,20,mean_p,12,0.28358839125055052,0.01611606996166098,mean_p|train_n=12|p=20,322,517,-1.55047,0.95916000000000001
4222768763,21,20,mean_p,12,0.33222128697837444,0.0079399903728423968,mean_p|train_n=12|p=20,323,518,-1.55047,0.95916000000000001
3695501312,21,20,mean_p,12,0.32068835250595146,0.0093913260632790124,mean_p|train_n=12|p=20,324,520,-1.55047,0.95916000000000001
36152212,21,20,mean_p,12,0.4944619281107564,0.00074850496665550552,mean_p|train_n=12|p=20,325,524,-1.55047,0.95916000000000001
364766426,21,20,mean_p,12,0.312173248330602,0.010630562779531474,mean_p|train_n=12|p=20,326,525,-1.55047,0.95916000000000001
1855774639,21,20,mean_p,12,0.33194485096462195,0.0079720038914027347,mean_p|train_n=12|p=20,327,527,-1.55047,0.95916000000000001
1395394126,21,20,mean_p,12,0.27831278975174711,0.017402415925024596,mean_p|train_n=12|p=20,328,528,-1.55047,0.95916000000000001
2002824144,21,20,mean_p,12,0.29861802910596685,0.012949331112402082,mean_p|train_n=12|p=20,329,529,-1.55047,0.95916000000000001
1859437147,21,20,mean_p,12,0.26075650442237941,0.022469524536933533,mean_p|train_n=12|p=20,330,531,-1.55047,0.95916000000000001
291158343,21,20,mean_p,12,0.36038448690045349,0.0052696606501428881,mean_p|train_n=12|p=20,331,535,-1.55047,0.95916000000000001
4170669351,21,20,mean_p,12,0.34745893897488334,0.0063605281531707815,mean_p|train_n=12|p=20,332,536,-1.55047,0.95916000000000001
2416705882,21,20,mean_p,12,0.39744184025245605,0.0030726972773189179,mean_p|train_n=12|p=20,333,538,-1.55047,0.95916000000000001
1590915272,21,20,mean_p,12,0.29458407883593696,0.013732464232445103,mean_p|train_n=12|p=20,334,539,-1.55047,0.95916000000000001
2781508402,21,20,mean_p,12,0.45461479134521249,0.0013368834223793842,mean_p|train_n=12|p=20,335,541,-1.55047,0.95916000000000001
53151790,21,20,mean_p,12,0.19933500964338952,0.054938632009367189,mean_p|train_n=12|p=20,336,542,-1.55047,0.95916000000000001
1525611862,21,20,mean_p,12,0.30798519155165521,0.01129878127620941,mean_p|train_n=12|p=20,337,543,-1.55047,0.95916000000000001
1797196775,21,20,mean_p,12,0.4501309345369271,0.0014270487888062471,mean_p|train_n=12|p=20,338,544,-1.55047,0.95916000000000001
2119081525,21,20,mean_p,12,0.25429148154104847,0.024686718491006114,mean_p|train_n=12|p=20,339,547,-1.55047,0.95916000000000001
2860475657,21,20,mean_p,12,0.33245310901760733,0.0079132426439345871,mean_p|train_n=12|p=20,340,548,-1.55047,0.95916000000000001
2141057955,21,20,mean_p,12,0.39077995653268216,0.0033855851333587541,mean_p|train_n=12|p=20,341,549,-1.55047,0.95916000000000001
3190659276,21,20,mean_p,12,0.38794597581331752,0.0035281668592996871,mean_p|train_n=12|p=20,342,550,-1.55047,0.95916000000000001
3223789956,21,20,mean_p,12,0.57069896303062495,0.00024674727565181286,mean_p|train_n=12|p=20,343,551,-1.55047,0.95916000000000001
2275653288,21,20,mean_p,12,0.27529632892295758,0.018183542387058087,mean_p|train_n=12|p=20,344,552,-1.55047,0.95916000000000001
1966131451,21,20,mean_p,12,0.26468004922780985,0.021222213753379932,mean_p|train_n=12|p=20,345,553,-1.55047,0.95916000000000001
3212585885,21,20,mean_p,12,0.23283027061941008,0.033739077009659238,mean_p|train_n=12|p=20,346,554,-1.55047,0.95916000000000001
118017839,21,20,mean_p,12,0.31897490510760107,0.0096285014395131041,mean_p|train_n=12|p=20,347,555,-1.55047,0.95916000000000001
339281450,21,20,mean_p,12,0.31027466120364294,0.010928446279031225,mean_p|train_n=12|p=20,348,557,-1.55047,0.95916000000000001
3518434984,21,20,mean_p,12,0.24923948448511885,0.026570530187157576,mean_p|train_n=12|p=20,349,558,-1.55047,0.95916000000000001
1388735920,21,20,mean_p,12,0.22636243722530841,0.037069817383401947,mean_p|train_n=12|p=20,350,563,-1.55047,0.95916000000000001
272173273,21,20,mean_p,12,0.30714162576554654,0.011438374519619442,mean_p|train_n=12|p=20,351,567,-1.55047,0.95916000000000001
3133908295,21,20,mean_p,12,0.29561020938492727,0.013528874215831058,mean_p|train_n=12|p=20,352,568,-1.55047,0.95916000000000001
2782474505,21,20,mean_p,12,0.51925120590584284,0.00052177833967892136,mean_p|train_n=12|p=20,353,569,-1.55047,0.95916000000000001
2420358557,21,20,mean_p,12,0.30479929711329112,0.011835092242004384,mean_p|train_n=12|p=20,354,571,-1.55047,0.95916000000000001
3636924620,21,20,mean_p,12,0.26177899146337164,0.022137577675250601,mean_p|train_n=12|p=20,355,572,-1.55047,0.95916000000000001
2144873331,21,20,mean_p,12,0.38456895374278527,0.0037059316054645257,mean_p|train_n=12|p=20,356,573,-1.55047,0.95916000000000001
1813229187,21,20,mean_p,12,0.38596473236702217,0.0036313976155379359,mean_p|train_n=12|p=20,357,574,-1.55047,0.95916000000000001
2698814445,21,20,mean_p,12,0.32605686312783666,0.0086853871540044734,mean_p|train_n=12|p=20,358,576,-1.55047,0.95916000000000001
221930443,21,20,mean_p,12,0.2607936018770069,0.02245739440574324,mean_p|train_n=12|p=20,359,578,-1.55047,0.95916000000000001
1310144747,21,20,mean_p,12,0.22717686972423118,0.036632951057233291,mean_p|train_n=12|p=20,360,579,-1.55047,0.95916000000000001
2301628173,21,20,mean_p,12,0.32137822215760725,0.0092974921152107828,mean_p|train_n=12|p=20,361,583,-1.55047,0.95916000000000001
4168108364,21,20,mean_p,12,0.44716590058968192,0.001489987649534677,mean_p|train_n=12|p=20,362,584,-1.55047,0.95916000000000001
3643280564,21,20,mean_p,12,0.1813708797082543,0.071357630794267157,mean_p|train_n=12|p=20,363,587,-1.55047,0.95916000000000001
1466798990,21,20,mean_p,12,0.25808577664320226,0.02336023650115578,mean_p|train_n=12|p=20,364,592,-1.55047,0.95916000000000001
1313895028,21,20,mean_p,12,0.34300440082497935,0.0067866135651893505,mean_p|train_n=12|p=20,365,597,-1.55047,0.95916000000000001
2061442388,21,20,mean_p,12,0.40368955303498438,0.0028055889837673609,mean_p|train_n=12|p=20,366,598,-1.55047,0.95916000000000001
566194669,21,20,mean_p,12,0.30864106720179979,0.011191425253674355,mean_p|train_n=12|p=20,367,599,-1.55047,0.95916000000000001
2125570371,21,20,mean_p,12,0.26663906975039264,0.020625594809745736,mean_p|train_n=12|p=20,368,604,-1.55047,0.95916000000000001
1617953188,21,20,mean_p,12,0.44165306430479728,0.0016144804086244142,mean_p|train_n=12|p=20,369,606,-1.55047,0.95916000000000001
1564374652,21,20,mean_p,12,0.2872732577497607,0.01527442188388013,mean_p|train_n=12|p=20,370,609,-1.55047,0.95916000000000001
687117513,21,20,mean_p,12,0.34234009534934834,0.0068525563293085102,mean_p|train_n=12|p=20,371,610,-1.55047,0.95916000000000001
1753935619,21,20,mean_p,12,0.25002501163917984,0.026268447637404817,mean_p|train_n=12|p=20,372,611,-1.55047,0.95916000000000001
1473326148,21,20,mean_p,12,0.47371134122729164,0.0010124468117277627,mean_p|train_n=12|p=20,373,612,-1.55047,0.95916000000000001
4139061530,21,20,mean_p,12,0.37821639106023053,0.0040649569469116869,mean_p|train_n=12|p=20,374,613,-1.55047,0.95916000000000001
865956281,21,20,mean_p,12,0.2469659586171242,0.027464557709479101,mean_p|train_n=12|p=20,375,615,-1.55047,0.95916000000000001
1184155200,21,20,mean_p,12,0.34206573724537048,0.0068799772887677014,mean_p|train_n=12|p=20,376,616,-1.55047,0.95916000000000001
13595688,21,20,mean_p,12,0.33848319758833439,0.0072482722012927516,mean_p|train_n=12|p=20,377,617,-1.55047,0.95916000000000001
1134600253,21,20,mean_p,12,0.23024412960743032,0.035033362583799875,mean_p|train_n=12|p=20,378,620,-1.55047,0.95916000000000001
3725774067,21,20,mean_p,12,0.38730640415302892,0.0035611662726884241,mean_p|train_n=12|p=20,379,621,-1.55047,0.95916000000000001
4266785032,21,20,mean_p,12,0.18651527201380746,0.066209373428787896,mean_p|train_n=12|p=20,380,622,-1.55047,0.95916000000000001
3968106610,21,20,mean_p,12,0.35543805623386227,0.0056630729085594203,mean_p|train_n=12|p=20,381,624,-1.55047,0.95916000000000001
4049887013,21,20,mean_p,12,0.25391843243271162,0.024821135367575849,mean_p|train_n=12|p=20,382,626,-1.55047,0.95916000000000001
3793472987,21,20,mean_p,12,0.27340354372796483,0.018691492497614245,mean_p|train_n=12|p=20,383,627,-1.55047,0.95916000000000001
777302482,21,20,mean_p,12,0.34627276043831745,0.0064713033886478356,mean_p|train_n=12|p=20,384,628,-1.55047,0.95916000000000001
3443111558,21,20,mean_p,12,0.31720533940243512,0.0098797337104169942,mean_p|train_n=12|p=20,385,629,-1.55047,0.95916000000000001
2051674479,21,20,mean_p,12,0.35205003587698613,0.0059493560898900549,mean_p|train_n=12|p=20,386,630,-1.55047,0.95916000000000001
273577359,21,20,mean_p,12,0.14995621672244336,0.11272812808036167,mean_p|train_n=12|p=20,387,631,-1.55047,0.95916000000000001
1227948579,21,20,mean_p,12,0.36319975664603027,0.0050580783867096302,mean_p|train_n=12|p=20,388,632,-1.55047,0.95916000000000001
1291586452,21,20,mean_p,12,0.42381336867878056,0.0020931903926876944,mean_p|train_n=12|p=20,389,635,-1.55047,0.95916000000000001
926096126,21,20,mean_p,12,0.35271417310629138,0.0058921193325114944,mean_p|train_n=12|p=20,390,636,-1.55047,0.95916000000000001
2690842241,21,20,mean_p,12,0.22184542657196685,0.039589071504483236,mean_p|train_n=12|p=20,391,638,-1.55047,0.95916000000000001
3231448210,21,20,mean_p,12,0.37625151456656974,0.0041828970156166188,mean_p|train_n=12|p=20,392,640,-1.55047,0.95916000000000001
643450771,21,20,mean_p,12,0.37508766624356105,0.0042543634666255626,mean_p|train_n=12|p=20,393,644,-1.55047,0.95916000000000001
1864523646,21,20,mean_p,12,0.48944815507505685,0.00080517429928551735,mean_p|train_n=12|p=20,394,647,-1.55047,0.95916000000000001
2613781530,21,20,mean_p,12,0.5580095582641762,0.00029680423059017913,mean_p|train_n=12|p=20,395,648,-1.55047,0.95916000000000001
11330522,21,20,mean_p,12,0.29882650066988847,0.012910095526466728,mean_p|train_n=12|p=20,396,649,-1.55047,0.95916000000000001
3440417247,21,20,mean_p,12,0.41895373619911042,0.0022466195344875268,mean_p|train_n=12|p=20,397,650,-1.55047,0.95916000000000001
832720826,21,20,mean_p,12,0.28395156390186421,0.01603109917860757,mean_p|train_n=12|p=20,398,651,-1.55047,0.95916000000000001
2064699685,21,20,mean_p,12,0.38913771267326452,0.0034674914339189707,mean_p|train_n=12|p=20,399,655,-1.55047,0.95916000000000001
381072177,21,20,mean_p,12,0.37929660281281646,0.0040015408179415804,mean_p|train_n=12|p=20,400,658,-1.55047,0.95916000000000001
3783269327,21,20,mean_p,12,0.47175767358946219,0.0010416518292564363,mean_p|train_n=12|p=20,401,661,-1.55047,0.95916000000000001
2189865909,21,20,mean_p,12,0.21173897364733443,0.045863223015917699,mean_p|train_n=12|p=20,402,663,-1.55047,0.95916000000000001
766618263,21,20,mean_p,12,0.32879878272768687,0.0083455657122399954,mean_p|train_n=12|p=20,403,665,-1.55047,0.95916000000000001
2993069274,21,20,mean_p,12,0.30157610412628999,0.012403592230868002,mean_p|train_n=12|p=20,404,666,-1.55047,0.95916000000000001
217894542,21,20,mean_p,12,0.43093353104638199,0.0018871121090025843,mean_p|train_n=12|p=20,405,668,-1.55047,0.95916000000000001
430613735,21,20,mean_p,12,0.24821191995980024,0.026970941250514774,mean_p|train_n=12|p=20,406,669,-1.55047,0.95916000000000001
380357449,21,20,mean_p,12,0.33372660462621478,0.0077679051643956588,mean_p|train_n=12|p=20,407,671,-1.55047,0.95916000000000001
1242449480,21,20,mean_p,12,0.24225443819743162,0.029414203851364534,mean_p|train_n=12|p=20,408,673,-1.55047,0.95916000000000001
2973275819,21,20,mean_p,12,0.2370197750604468,0.031743053492392537,mean_p|train_n=12|p=20,409,674,-1.55047,0.95916000000000001
80968775,21,20,mean_p,12,0.37305486206106386,0.0043821296887030878,mean_p|train_n=12|p=20,410,677,-1.55047,0.95916000000000001
2320268231,21,20,mean_p,12,0.30162242964473451,0.012395231079106298,mean_p|train_n=12|p=20,411,681,-1.55047,0.95916000000000001
176683536,21,20,mean_p,12,0.35110711153239282,0.0060315756949623524,mean_p|train_n=12|p=20,412,684,-1.55047,0.95916000000000001
3485360423,21,20,mean_p,12,0.13457579889727869,0.14101379632383498,mean_p|train_n=12|p=20,413,685,-1.55047,0.95916000000000001
3590532356,21,20,mean_p,12,0.42662261853459454,0.0020093227194167749,mean_p|train_n=12|p=20,414,687,-1.55047,0.95916000000000001
2545398206,21,20,mean_p,12,0.39627013957293139,0.0031255527554655081,mean_p|train_n=12|p=20,415,688,-1.55047,0.95916000000000001
3996579285,21,20,mean_p,12,0.27971448264224646,0.017050949202345664,mean_p|train_n=12|p=20,416,689,-1.55047,0.95916000000000001
472339403,21,20,mean_p,12,0.39987317053398902,0.0029658542537038808,mean_p|train_n=12|p=20,417,691,-1.55047,0.95916000000000001
2380605843,21,20,mean_p,12,0.35138542283956231,0.0060071904571219826,mean_p|train_n=12|p=20,418,693,-1.55047,0.95916000000000001
3638604186,21,20,mean_p,12,0.23882349212732587,0.030920482994352433,mean_p|train_n=12|p=20,419,694,-1.55047,0.95916000000000001
3109871136,21,20,mean_p,12,0.30673530780543229,0.011506226107629398,mean_p|train_n=12|p=20,420,696,-1.55047,0.95916000000000001
1127853166,21,20,mean_p,12,0.36616308909233652,0.0048445390890730928,mean_p|train_n=12|p=20,421,697,-1.55047,0.95916000000000001
3595684680,21,20,mean_p,12,0.35945348198221333,0.0053415600784925809,mean_p|train_n=12|p=20,422,699,-1.55047,0.95916000000000001
1903945308,21,20,mean_p,12,0.22883612373200043,0.03575878186348784,mean_p|train_n=12|p=20,423,700,-1.55047,0.95916000000000001
1089482885,21,20,mean_p,12,0.36335619151749987,0.0050465738399638905,mean_p|train_n=12|p=20,424,701,-1.55047,0.95916000000000001
3479948377,21,20,mean_p,12,0.36869566687190308,0.0046691996576088309,mean_p|train_n=12|p=20,425,704,-1.55047,0.95916000000000001
3214290095,21,20,mean_p,12,0.16976475579494668,0.084490920627097177,mean_p|train_n=12|p=20,426,705,-1.55047,0.95916000000000001
2194214275,21,20,mean_p,12,0.34365235019549467,0.0067229057794846257,mean_p|train_n=12|p=20,427,706,-1.55047,0.95916000000000001
1695366965,21,20,mean_p,12,0.35520206097182949,0.0056825599695105276,mean_p|train_n=12|p=20,428,707,-1.55047,0.95916000000000001
2835624623,21,20,mean_p,12,0.5413003457455533,0.00037852933746224061,mean_p|train_n=12|p=20,429,708,-1.55047,0.95916000000000001
2910038785,21,20,mean_p,12,0.41230001616794398,0.0024750950769148296,mean_p|train_n=12|p=20,430,712,-1.55047,0.95916000000000001
3391868728,21,20,mean_p,12,0.29752211951750379,0.013157557320550283,mean_p|train_n=12|p=20,431,713,-1.55047,0.95916000000000001
564961936,21,20,mean_p,12,0.25250848315093027,0.025335811584761947,mean_p|train_n=12|p=20,432,715,-1.55047,0.95916000000000001
789702839,21,20,mean_p,12,0.38706080882590671,0.0035739198969907426,mean_p|train_n=12|p=20,433,717,-1.55047,0.95916000000000001
3700979296,21,20,mean_p,12,0.35098932345976308,0.0060419259061958702,mean_p|train_n=12|p=20,434,721,-1.55047,0.95916000000000001
740348674,21,20,mean_p,12,0.28442703082131476,0.015920531964550712,mean_p|train_n=12|p=20,435,724,-1.55047,0.95916000000000001
717974591,21,20,mean_p,12,0.21102041170961283,0.046345444723882176,mean_p|train_n=12|p=20,436,725,-1.55047,0.95916000000000001
3034125704,21,20,mean_p,12,0.36740947366580579,0.004757439591371539,mean_p|train_n=12|p=20,437,727,-1.55047,0.95916000000000001
1247180444,21,20,mean_p,12,0.50144001199682531,0.00067621036382088738,mean_p|train_n=12|p=20,438,728,-1.55047,0.95916000000000001
4130273207,21,20,mean_p,12,0.3955879837813725,0.0031567425929946999,mean_p|train_n=12|p=20,439,731,-1.55047,0.95916000000000001
3025028353,21,20,mean_p,12,0.39026341959111732,0.0034111364675450079,mean_p|train_n=12|p=20,440,732,-1.55047,0.95916000000000001
2130093085,21,20,mean_p,12,0.41549761594842977,0.002362532784856577,mean_p|train_n=12|p=20,441,733,-1.55047,0.95916000000000001
851561310,21,20,mean_p,12,0.30363092676944065,0.012038091833614002,mean_p|train_n=12|p=20,442,734,-1.55047,0.95916000000000001
3947715667,21,20,mean_p,12,0.40414235726221942,0.0027871579866262596,mean_p|train_n=12|p=20,443,735,-1.55047,0.95916000000000001
2785215157,21,20,mean_p,12,0.27965724933542219,0.017065160151058321,mean_p|train_n=12|p=20,444,736,-1.55047,0.95916000000000001
3294909200,21,20,mean_p,12,0.22967680446462874,0.035323867211236704,mean_p|train_n=12|p=20,445,737,-1.55047,0.95916000000000001
2366096946,21,20,mean_p,12,0.35443348910197175,0.0057464899904521097,mean_p|train_n=12|p=20,446,738,-1.55047,0.95916000000000001
211728447,21,20,mean_p,12,0.35307496217067658,0.0058612569274581845,mean_p|train_n=12|p=20,447,739,-1.55047,0.95916000000000001
4270636587,21,20,mean_p,12,0.10047101993641289,0.23166445054244592,mean_p|train_n=12|p=20,448,741,-1.55047,0.95916000000000001
2732631369,21,20,mean_p,12,0.22849229142101382,0.035938197959145088,mean_p|train_n=12|p=20,449,742,-1.55047,0.95916000000000001
2077491670,21,20,mean_p,12,0.35037026932578791,0.0060966157853689406,mean_p|train_n=12|p=20,450,743,-1.55047,0.95916000000000001
3603552822,21,20,mean_p,12,0.25758374799511824,0.02353156841958165,mean_p|train_n=12|p=20,451,744,-1.55047,0.95916000000000001
3425252634,21,20,mean_p,12,0.27239234008409263,0.018968650556183981,mean_p|train_n=12|p=20,452,747,-1.55047,0.95916000000000001
3932519603,21,20,mean_p,12,0.27043536166136789,0.01951676034614027,mean_p|train_n=12|p=20,453,748,-1.55047,0.95916000000000001
1645733151,21,20,mean_p,12,0.36049346065598781,0.0052613083725014239,mean_p|train_n=12|p=20,454,752,-1.55047,0.95916000000000001
2421864026,21,20,mean_p,12,0.24011641096327155,0.030344005948118785,mean_p|train_n=12|p=20,455,753,-1.55047,0.95916000000000001
2137870848,21,20,mean_p,12,0.33771844004631535,0.0073294098687314404,mean_p|train_n=12|p=20,456,754,-1.55047,0.95916000000000001
3010964342,21,20,mean_p,12,0.25411126922356664,0.024751561376766471,mean_p|train_n=12|p=20,457,755,-1.55047,0.95916000000000001
634745293,21,20,mean_p,12,0.47749842010244525,0.00095814603337947388,mean_p|train_n=12|p=20,458,756,-1.55047,0.95916000000000001
3580101717,21,20,mean_p,12,0.38368172334782924,0.0037541026381217838,mean_p|train_n=12|p=20,459,757,-1.55047,0.95916000000000001
3537103697,21,20,mean_p,12,0.15779005685355424,0.10057954282885008,mean_p|train_n=12|p=20,460,758,-1.55047,0.95916000000000001
629831362,21,20,mean_p,12,0.25760590035482978,0.023523981847165289,mean_p|train_n=12|p=20,461,759,-1.55047,0.95916000000000001
654969200,21,20,mean_p,12,0.37015193342555419,0.0045712657197020442,mean_p|train_n=12|p=20,462,760,-1.55047,0.95916000000000001
3520630388,21,20,mean_p,12,0.38166576203554581,0.0038658972195066287,mean_p|train_n=12|p=20,463,762,-1.55047,0.95916000000000001
3837720703,21,20,mean_p,12,0.39720590227145164,0.0030832680895808142,mean_p|train_n=12|p=20,464,763,-1.55047,0.95916000000000001
3083425331,21,20,mean_p,12,0.23566987823298194,0.032372947960133298,mean_p|train_n=12|p=20,465,766,-1.55047,0.95916000000000001
2649164674,21,20,mean_p,12,0.43787149168333256,0.0017058407384255882,mean_p|train_n=12|p=20,466,768,-1.55047,0.95916000000000001
1915060188,21,20,mean_p,12,0.30590134573413919,0.011646754030003564,mean_p|train_n=12|p=20,467,769,-1.55047,0.95916000000000001
2226526635,21,20,mean_p,12,0.34938299780131776,0.0061848616804839121,mean_p|train_n=12|p=20,468,771,-1.55047,0.95916000000000001
682409424,21,20,mean_p,12,0.27526745217408372,0.01819118712886815,mean_p|train_n=12|p=20,469,774,-1.55047,0.95916000000000001
2165840815,21,20,mean_p,12,0.25094980302537068,0.025917208319764955,mean_p|train_n=12|p=20,470,776,-1.55047,0.95916000000000001
925852931,21,20,mean_p,12,0.20855345573498626,0.048039915697408259,mean_p|train_n=12|p=20,471,779,-1.55047,0.95916000000000001
3598660758,21,20,mean_p,12,0.45160976049129936,0.0013966585067498307,mean_p|train_n=12|p=20,472,780,-1.55047,0.95916000000000001
4023199144,21,20,mean_p,12,0.27168388405031874,0.019165274008860329,mean_p|train_n=12|p=20,473,782,-1.55047,0.95916000000000001
3185111280,21,20,mean_p,12,0.26722132376088947,0.020451524529391116,mean_p|train_n=12|p=20,474,787,-1.55047,0.95916000000000001
963532838,21,20,mean_p,12,0.31175705269941084,0.010695160130845597,mean_p|train_n=12|p=20,475,792,-1.55047,0.95916000000000001
3576921471,21,20,mean_p,12,0.28505537437862849,0.015775583061412114,mean_p|train_n=12|p=20,476,793,-1.55047,0.95916000000000001
624822348,21,20,mean_p,12,0.35664540397666944,0.0055644180065997223,mean_p|train_n=12|p=20,477,795,-1.55047,0.95916000000000001
3258404160,21,20,mean_p,12,0.38182910710589113,0.0038567163272586772,mean_p|train_n=12|p=20,478,796,-1.55047,0.95916000000000001
3937775528,21,20,mean_p,12,0.30617471458137907,0.011600501563319016,mean_p|train_n=12|p=20,479,797,-1.55047,0.95916000000000001
3382659738,21,20,mean_p,12,0.23017017637164794,0.035071095253524753,mean_p|train_n=12|p=20,480,798,-1.55047,0.95916000000000001
1033735484,21,20,mean_p,12,0.20613520110189537,0.0497610513371297,mean_p|train_n=12|p=20,481,800,-1.55047,0.95916000000000001
163536366,21,20,mean_p,12,0.26256525804046144,0.021885658169335596,mean_p|train_n=12|p=20,482,801,-1.55047,0.95916000000000001
2187028989,21,20,mean_p,12,0.26321916105006293,0.021678332786155538,mean_p|train_n=12|p=20,483,804,-1.55047,0.95916000000000001
2312663827,21,20,mean_p,12,0.43162355850198658,0.0018682526337428565,mean_p|train_n=12|p=20,484,805,-1.55047,0.95916000000000001
3041855467,21,20,mean_p,12,0.33825356267376838,0.0072725407165117467,mean_p|train_n=12|p=20,485,808,-1.55047,0.95916000000000001
3148777663,21,20,mean_p,12,0.55138384119768413,0.0003268552147121693,mean_p|train_n=12|p=20,486,810,-1.55047,0.95916000000000001
809072087,21,20,mean_p,12,0.34892498177820608,0.0062262334338412184,mean_p|train_n=12|p=20,487,811,-1.55047,0.95916000000000001
3335165850,21,20,mean_p,12,0.30332319665982038,0.012092135579142628,mean_p|train_n=12|p=20,488,812,-1.55047,0.95916000000000001
1725146427,21,20,mean_p,12,0.31530449274234951,0.010156911965779128,mean_p|train_n=12|p=20,489,813,-1.55047,0.95916000000000001
3112347896,21,20,mean_p,12,0.27180372113911744,0.019131872021222341,mean_p|train_n=12|p=20,490,814,-1.55047,0.95916000000000001
3364538709,21,20,mean_p,12,0.26423883300518047,0.021358949561499925,mean_p|train_n=12|p=20,491,815,-1.55047,0.95916000000000001
2212589286,21,20,mean_p,12,0.32542350207339804,0.0087658302483430116,mean_p|train_n=12|p=20,492,816,-1.55047,0.95916000000000001
2367464841,21,20,mean_p,12,0.30224529725141625,0.012283357419022332,mean_p|train_n=12|p=20,493,818,-1.55047,0.95916000000000001
3673556862,21,20,mean_p,12,0.56445214969224555,0.00027023550496818599,mean_p|train_n=12|p=20,494,819,-1.55047,0.95916000000000001
706448864,21,20,mean_p,12,0.34700901681776047,0.0064023206398828919,mean_p|train_n=12|p=20,495,820,-1.55047,0.95916000000000001
1778508224,21,20,mean_p,12,0.41595037940404161,0.0023470137878240523,mean_p|train_n=12|p=20,496,821,-1.55047,0.95916000000000001
1014481133,21,20,mean_p,12,0.4870530092637757,0.00083374094343277409,mean_p|train_n=12|p=20,497,822,-1.55047,0.95916000000000001
3859133641,21,20,mean_p,12,0.26154691938515001,0.022212486242165739,mean_p|train_n=12|p=20,498,824,-1.55047,0.95916000000000001
2354379181,21,20,mean_p,12,0.22928252190130335,0.03552718127497044,mean_p|train_n=12|p=20,499,826,-1.55047,0.95916000000000001
3354723630,21,50,mean_p,12,0.32991833324263142,0.0082106662108314202,mean_p|train_n=12|p=50,0,0,-1.3777999999999999,0.93608999999999998
2176748400,21,50,mean_p,12,0.44987878775786022,0.0014322960687553007,mean_p|train_n=12|p=50,1,1,-1.3777999999999999,0.93608999999999998
1115075033,21,50,mean_p,12,0.22308278251789751,0.038882413083589404,mean_p|train_n=12|p=50,2,2,-1.3777999999999999,0.93608999999999998
1245627120,21,50,mean_p,12,0.25376099005788211,0.024878084324253709,mean_p|train_n=12|p=50,3,3,-1.3777999999999999,0.93608999999999998
4269703487,21,50,mean_p,12,0.11783762239578557,0.17991781237556004,mean_p|train_n=12|p=50,4,4,-1.3777999999999999,0.93608999999999998
1232613813,21,50,mean_p,12,0.24819165887558997,0.02697889675240955,mean_p|train_n=12|p=50,5,5,-1.3777999999999999,0.93608999999999998
3889578292,21,50,mean_p,12,0.21024825736534156,0.04686928495807148,mean_p|train_n=12|p=50,6,6,-1.3777999999999999,0.93608999999999998
2607494881,21,50,mean_p,12,0.30949421905881064,0.011053303326211414,mean_p|train_n=12|p=50,7,8,-1.3777999999999999,0.93608999999999998
3565485324,21,50,mean_p,12,0.19009937286756826,0.062843753839279967,mean_p|train_n=12|p=50,8,10,-1.3777999999999999,0.93608999999999998
1489737872,21,50,mean_p,12,0.29232560681896541,0.014191415015007414,mean_p|train_n=12|p=50,9,11,-1.3777999999999999,0.93608999999999998
2177416402,21,50,mean_p,12,0.25592162582638783,0.024107834191963672,mean_p|train_n=12|p=50,10,13,-1.3777999999999999,0.93608999999999998
2046380413,21,50,mean_p,12,0.30355594204976627,0.012051238396235344,mean_p|train_n=12|p=50,11,15,-1.3777999999999999,0.93608999999999998
1711432012,21,50,mean_p,12,0.3294449825614485,0.008267434158342515,mean_p|train_n=12|p=50,12,16,-1.3777999999999999,0.93608999999999998
1825273556,21,50,mean_p,12,0.33106443376529582,0.0080748260184373595,mean_p|train_n=12|p=50,13,17,-1.3777999999999999,0.93608999999999998
925276949,21,50,mean_p,12,0.29519291747059567,0.013611300559324788,mean_p|train_n=12|p=50,14,18,-1.3777999999999999,0.93608999999999998
221899202,21,50,mean_p,12,0.36272694032648922,0.0050930099571832692,mean_p|train_n=12|p=50,15,19,-1.3777999999999999,0.93608999999999998
4272958898,21,50,mean_p,12,0.31350464079629614,0.010426527335055252,mean_p|train_n=12|p=50,16,25,-1.3777999999999999,0.93608999999999998
3191781882,21,50,mean_p,12,0.31426854235073298,0.010311232587802286,mean_p|train_n=12|p=50,17,26,-1.3777999999999999,0.93608999999999998
3312207691,21,50,mean_p,12,0.098906632715408116,0.23700028727602199,mean_p|train_n=12|p=50,18,27,-1.3777999999999999,0.93608999999999998
2222184885,21,50,mean_p,12,0.23118936432071086,0.034554642160552887,mean_p|train_n=12|p=50,19,29,-1.3777999999999999,0.93608999999999998
90280606,21,50,mean_p,12,0.3731816869417382,0.0043740474134629694,mean_p|train_n=12|p=50,20,30,-1.3777999999999999,0.93608999999999998
1263305863,21,50,mean_p,12,0.25352826359129949,0.024962503922314964,mean_p|train_n=12|p=50,21,31,-1.3777999999999999,0.93608999999999998
3331965753,21,50,mean_p,12,0.23429178069413992,0.033028897081733968,mean_p|train_n=12|p=50,22,32,-1.3777999999999999,0.93608999999999998
124840717,21,50,mean_p,12,0.26249839616764803,0.021906968699769713,mean_p|train_n=12|p=50,23,34,-1.3777999999999999,0.93608999999999998
4008700676,21,50,mean_p,12,0.21645397289540413,0.042821126785365926,mean_p|train_n=12|p=50,24,35,-1.3777999999999999,0.93608999999999998
422975715,21,50,mean_p,12,0.20213749618307456,0.052742602846374775,mean_p|train_n=12|p=50,25,37,-1.3777999999999999,0.93608999999999998
3377731324,21,50,mean_p,12,0.10042730081508039,0.23181192396907863,mean_p|train_n=12|p=50,26,38,-1.3777999999999999,0.93608999999999998
1073463395,21,50,mean_p,12,0.24207267846093183,0.029492128378163902,mean_p|train_n=12|p=50,27,39,-1.3777999999999999,0.93608999999999998
594310959,21,50,mean_p,12,0.17818898083713744,0.074740364116860802,mean_p|train_n=12|p=50,28,41,-1.3777999999999999,0.93608999999999998
79827878,21,50,mean_p,12,0.10297675376059397,0.22336703198121022,mean_p|train_n=12|p=50,29,44,-1.3777999999999999,0.93608999999999998
3427307713,21,50,mean_p,12,0.28127792809067531,0.016667291731994466,mean_p|train_n=12|p=50,30,46,-1.3777999999999999,0.93608999999999998
1677207006,21,50,mean_p,12,0.19759193842147157,0.056350385610781296,mean_p|train_n=12|p=50,31,47,-1.3777999999999999,0.93608999999999998
3510257242,21,50,mean_p,12,0.39753496477666611,0.0030685349686635829,mean_p|train_n=12|p=50,32,50,-1.3777999999999999,0.93608999999999998
555397684,21,50,mean_p,12,0.3075224334383051,0.011375146198292349,mean_p|train_n=12|p=50,33,51,-1.3777999999999999,0.93608999999999998
2304121631,21,50,mean_p,12,0.26838465596680827,0.02010812293634413,mean_p|train_n=12|p=50,34,52,-1.3777999999999999,0.93608999999999998
359100070,21,50,mean_p,12,0.1420022373840239,0.12656522893037203,mean_p|train_n=12|p=50,35,53,-1.3777999999999999,0.93608999999999998
1568506275,21,50,mean_p,12,0.16055253090777999,0.096615391636928727,mean_p|train_n=12|p=50,36,54,-1.3777999999999999,0.93608999999999998
975884781,21,50,mean_p,12,0.34607977891148489,0.0064895072021098664,mean_p|train_n=12|p=50,37,55,-1.3777999999999999,0.93608999999999998
1828967183,21,50,mean_p,12,0.13831145543348911,0.13355069934922581,mean_p|train_n=12|p=50,38,57,-1.3777999999999999,0.93608999999999998
2990137914,21,50,mean_p,12,0.4505006071099385,0.0014193904801709748,mean_p|train_n=12|p=50,39,59,-1.3777999999999999,0.93608999999999998
4153569207,21,50,mean_p,12,0.25296225567883035,0.025169016105952815,mean_p|train_n=12|p=50,40,60,-1.3777999999999999,0.93608999999999998
1515629681,21,50,mean_p,12,0.23801726540423351,0.031285488184385188,mean_p|train_n=12|p=50,41,61,-1.3777999999999999,0.93608999999999998
1325319722,21,50,mean_p,12,0.42987807384234483,0.0019163282910329279,mean_p|train_n=12|p=50,42,67,-1.3777999999999999,0.93608999999999998
635587082,21,50,mean_p,12,0.12772668699444573,0.1557970231771228,mean_p|train_n=12|p=50,43,68,-1.3777999999999999,0.93608999999999998
1509726703,21,50,mean_p,12,0.16460297849525737,0.091083746945756966,mean_p|train_n=12|p=50,44,71,-1.3777999999999999,0.93608999999999998
3350515783,21,50,mean_p,12,0.39786279089610382,0.0030539272095087291,mean_p|train_n=12|p=50,45,72,-1.3777999999999999,0.93608999999999998
2013784445,21,50,mean_p,12,0.11122152046706178,0.19810649290553903,mean_p|train_n=12|p=50,46,74,-1.3777999999999999,0.93608999999999998
3370892084,21,50,mean_p,12,0.31477121518870566,0.01023606114764663,mean_p|train_n=12|p=50,47,81,-1.3777999999999999,0.93608999999999998
2685595999,21,50,mean_p,12,0.22180562220618377,0.039612015898964924,mean_p|train_n=12|p=50,48,82,-1.3777999999999999,0.93608999999999998
2014435639,21,50,mean_p,12,0.24161814217024732,0.029687903242738765,mean_p|train_n=12|p=50,49,84,-1.3777999999999999,0.93608999999999998
4181062555,21,50,mean_p,12,0.19750776313194315,0.056419471977988654,mean_p|train_n=12|p=50,50,86,-1.3777999999999999,0.93608999999999998
2051254122,21,50,mean_p,12,0.1788326723397147,0.074043344918966178,mean_p|train_n=12|p=50,51,89,-1.3777999999999999,0.93608999999999998
3879814613,21,50,mean_p,12,0.18866426715996271,0.064170337873820343,mean_p|train_n=12|p=50,52,90,-1.3777999999999999,0.93608999999999998
3503237789,21,50,mean_p,12,0.29978049485419389,0.012732059444143832,mean_p|train_n=12|p=50,53,91,-1.3777999999999999,0.93608999999999998
2824410898,21,50,mean_p,12,0.47656123368697234,0.00097130640300147227,mean_p|train_n=12|p=50,54,92,-1.3777999999999999,0.93608999999999998
2233423776,21,50,mean_p,12,0.30347957233204542,0.012064642538598156,mean_p|train_n=12|p=50,55,93,-1.3777999999999999,0.93608999999999998
2400998353,21,50,mean_p,12,0.47838380181009477,0.00094587696789032714,mean_p|train_n=12|p=50,56,96,-1.3777999999999999,0.93608999999999998
4050032107,21,50,mean_p,12,0.21358533725884327,0.044647026888149997,mean_p|train_n=12|p=50,57,97,-1.3777999999999999,0.93608999999999998
2689443999,21,50,mean_p,12,0.20423268712833215,0.0511583509242216,mean_p|train_n=12|p=50,58,98,-1.3777999999999999,0.93608999999999998
279907208,21,50,mean_p,12,0.18129640953414294,0.071435024021175464,mean_p|train_n=12|p=50,59,100,-1.3777999999999999,0.93608999999999998
3092713540,21,50,mean_p,12,0.2444853641741726,0.028474362493841728,mean_p|train_n=12|p=50,60,102,-1.3777999999999999,0.93608999999999998
3407179748,21,50,mean_p,12,0.32622721550550227,0.0086638769863054393,mean_p|train_n=12|p=50,61,103,-1.3777999999999999,0.93608999999999998
1540609209,21,50,mean_p,12,0.24895809109690165,0.026679585945227239,mean_p|train_n=12|p=50,62,104,-1.3777999999999999,0.93608999999999998
3915585587,21,50,mean_p,12,0.43650172872413356,0.0017401937975278609,mean_p|train_n=12|p=50,63,105,-1.3777999999999999,0.93608999999999998
132031570,21,50,mean_p,12,0.17472312783439592,0.078607692751665056,mean_p|train_n=12|p=50,64,108,-1.3777999999999999,0.93608999999999998
826891459,21,50,mean_p,12,0.26929682264714516,0.019842900358526379,mean_p|train_n=12|p=50,65,109,-1.3777999999999999,0.93608999999999998
1693805803,21,50,mean_p,12,0.26806161786477595,0.020202897436201104,mean_p|train_n=12|p=50,66,110,-1.3777999999999999,0.93608999999999998
955187031,21,50,mean_p,12,0.4349312018099063,0.0017804341112040525,mean_p|train_n=12|p=50,67,111,-1.3777999999999999,0.93608999999999998
2378440757,21,50,mean_p,12,0.10700325545657366,0.21065172504465612,mean_p|train_n=12|p=50,68,112,-1.3777999999999999,0.93608999999999998
836664460,21,50,mean_p,12,0.41777025098280329,0.0022856571490480902,mean_p|train_n=12|p=50,69,113,-1.3777999999999999,0.93608999999999998
435409398,21,50,mean_p,12,0.31820462519090298,0.0097370662346988358,mean_p|train_n=12|p=50,70,114,-1.3777999999999999,0.93608999999999998
3918540358,21,50,mean_p,12,0.32662272450442703,0.0086141417859886531,mean_p|train_n=12|p=50,71,115,-1.3777999999999999,0.93608999999999998
265145094,21,50,mean_p,12,0.34211823808810521,0.0068747215702176876,mean_p|train_n=12|p=50,72,116,-1.3777999999999999,0.93608999999999998
4156489273,21,50,mean_p,12,0.18652094919893419,0.066203902269668852,mean_p|train_n=12|p=50,73,117,-1.3777999999999999,0.93608999999999998
825870533,21,50,mean_p,12,0.34129128546333609,0.0069579740092186914,mean_p|train_n=12|p=50,74,118,-1.3777999999999999,0.93608999999999998
401575170,21,50,mean_p,12,0.18453810543439064,0.068142551857200417,mean_p|train_n=12|p=50,75,119,-1.3777999999999999,0.93608999999999998
1096259116,21,50,mean_p,12,0.21491412086197542,0.043791766632434781,mean_p|train_n=12|p=50,76,121,-1.3777999999999999,0.93608999999999998
1940178474,21,50,mean_p,12,0.62925294535615917,0.00010521938531451948,mean_p|train_n=12|p=50,77,122,-1.3777999999999999,0.93608999999999998
2693103054,21,50,mean_p,12,0.22814889721213311,0.036118283928055578,mean_p|train_n=12|p=50,78,125,-1.3777999999999999,0.93608999999999998
872921416,21,50,mean_p,12,0.15049726602103441,0.11184381743086064,mean_p|train_n=12|p=50,79,129,-1.3777999999999999,0.93608999999999998
1941730656,21,50,mean_p,12,0.19874484457826305,0.055412615082781412,mean_p|train_n=12|p=50,80,130,-1.3777999999999999,0.93608999999999998
100811072,21,50,mean_p,12,0.17960842460442195,0.073211956183925578,mean_p|train_n=12|p=50,81,132,-1.3777999999999999,0.93608999999999998
3583772,21,50,mean_p,12,0.36362648946779341,0.0050267571981943955,mean_p|train_n=12|p=50,82,134,-1.3777999999999999,0.93608999999999998
4154984174,21,50,mean_p,12,0.24649216282049699,0.027654624836566281,mean_p|train_n=12|p=50,83,135,-1.3777999999999999,0.93608999999999998
2350873190,21,50,mean_p,12,0.39715922551724797,0.0030853636695448018,mean_p|train_n=12|p=50,84,136,-1.3777999999999999,0.93608999999999998
545806680,21,50,mean_p,12,0.13225152677136234,0.14586624154031544,mean_p|train_n=12|p=50,85,137,-1.3777999999999999,0.93608999999999998
4121660273,21,50,mean_p,12,0.18718622911935243,0.065565886180593363,mean_p|train_n=12|p=50,86,138,-1.3777999999999999,0.93608999999999998
141537808,21,50,mean_p,12,0.1981499472011016,0.055894537550068984,mean_p|train_n=12|p=50,87,139,-1.3777999999999999,0.93608999999999998
2524330246,21,50,mean_p,12,0.3265455638752589,0.0086238222560271281,mean_p|train_n=12|p=50,88,141,-1.3777999999999999,0.93608999999999998
2995936664,21,50,mean_p,12,0.26843125672418555,0.020094487721837292,mean_p|train_n=12|p=50,89,142,-1.3777999999999999,0.93608999999999998
2333050325,21,50,mean_p,12,0.11397134589054354,0.19033354261494712,mean_p|train_n=12|p=50,90,143,-1.3777999999999999,0.93608999999999998
3649308922,21,50,mean_p,12,0.17777801011931146,0.07518881046731378,mean_p|train_n=12|p=50,91,146,-1.3777999999999999,0.93608999999999998
1659069990,21,50,mean_p,12,0.15938692770694654,0.098268613998489754,mean_p|train_n=12|p=50,92,148,-1.3777999999999999,0.93608999999999998
213283922,21,50,mean_p,12,0.31288923084922854,0.010520347372638272,mean_p|train_n=12|p=50,93,149,-1.3777999999999999,0.93608999999999998
2851768155,21,50,mean_p,12,0.23559832674485234,0.032406682272048883,mean_p|train_n=12|p=50,94,150,-1.3777999999999999,0.93608999999999998
560245418,21,50,mean_p,12,0.51672539583007038,0.00054131901514815244,mean_p|train_n=12|p=50,95,151,-1.3777999999999999,0.93608999999999998
1211099238,21,50,mean_p,12,0.15454737119442458,0.10544080572223102,mean_p|train_n=12|p=50,96,153,-1.3777999999999999,0.93608999999999998
168863589,21,50,mean_p,12,0.20993031517952307,0.047086698496029547,mean_p|train_n=12|p=50,97,154,-1.3777999999999999,0.93608999999999998
2999699162,21,50,mean_p,12,0.43234793813406647,0.0018486570154455124,mean_p|train_n=12|p=50,98,156,-1.3777999999999999,0.93608999999999998
3935678789,21,50,mean_p,12,0.20251094673984582,0.052456672959748381,mean_p|train_n=12|p=50,99,157,-1.3777999999999999,0.93608999999999998
393729573,21,50,mean_p,12,0.29180224318130454,0.014299939893369777,mean_p|train_n=12|p=50,100,158,-1.3777999999999999,0.93608999999999998
2796451925,21,50,mean_p,12,0.38542893423228058,0.0036598300742181032,mean_p|train_n=12|p=50,101,161,-1.3777999999999999,0.93608999999999998
3596312022,21,50,mean_p,12,0.1710720200535514,0.082898371943865193,mean_p|train_n=12|p=50,102,164,-1.3777999999999999,0.93608999999999998
3280264611,21,50,mean_p,12,0.18398561751449088,0.06869276811423887,mean_p|train_n=12|p=50,103,165,-1.3777999999999999,0.93608999999999998
721406063,21,50,mean_p,12,0.29917709231543366,0.012844379985046983,mean_p|train_n=12|p=50,104,166,-1.3777999999999999,0.93608999999999998
10009482,21,50,mean_p,12,0.29641118634802965,0.013372055764691434,mean_p|train_n=12|p=50,105,167,-1.3777999999999999,0.93608999999999998
3482628924,21,50,mean_p,12,0.19406736555278856,0.059316830558261813,mean_p|train_n=12|p=50,106,172,-1.3777999999999999,0.93608999999999998
787818950,21,50,mean_p,12,0.28400011006385095,0.016019774926716798,mean_p|train_n=12|p=50,107,174,-1.3777999999999999,0.93608999999999998
2658854933,21,50,mean_p,12,0.23607266552015785,0.032183700418906135,mean_p|train_n=12|p=50,108,175,-1.3777999999999999,0.93608999999999998
2278766031,21,50,mean_p,12,0.35946331661762332,0.0053407954683538164,mean_p|train_n=12|p=50,109,176,-1.3777999999999999,0.93608999999999998
2429681290,21,50,mean_p,12,0.31620631585376169,0.010024453284436264,mean_p|train_n=12|p=50,110,178,-1.3777999999999999,0.93608999999999998
1438791014,21,50,mean_p,12,0.11529010021204061,0.18671476152558855,mean_p|train_n=12|p=50,111,180,-1.3777999999999999,0.93608999999999998
600703575,21,50,mean_p,12,0.11032636138926601,0.20070471451308128,mean_p|train_n=12|p=50,112,183,-1.3777999999999999,0.93608999999999998
4207285598,21,50,mean_p,12,0.23240116261609148,0.033950475365364517,mean_p|train_n=12|p=50,113,184,-1.3777999999999999,0.93608999999999998
1906862795,21,50,mean_p,12,0.21361599958834757,0.044627104310341142,mean_p|train_n=12|p=50,114,189,-1.3777999999999999,0.93608999999999998
3950794463,21,50,mean_p,12,0.35048409601694608,0.0060865228391741386,mean_p|train_n=12|p=50,115,192,-1.3777999999999999,0.93608999999999998
2343080735,21,50,mean_p,12,0.35237592460606804,0.0059212011636878585,mean_p|train_n=12|p=50,116,194,-1.3777999999999999,0.93608999999999998
423565571,21,50,mean_p,12,0.35911353266039941,0.0053680574022565465,mean_p|train_n=12|p=50,117,199,-1.3777999999999999,0.93608999999999998
915371351,21,50,mean_p,12,0.42929667746271988,0.0019326147238615907,mean_p|train_n=12|p=50,118,200,-1.3777999999999999,0.93608999999999998
2098331963,21,50,mean_p,12,0.47241938008909112,0.0010316669484669117,mean_p|train_n=12|p=50,119,201,-1.3777999999999999,0.93608999999999998
1700002286,21,50,mean_p,12,0.38664243487223243,0.0035957510806429601,mean_p|train_n=12|p=50,120,202,-1.3777999999999999,0.93608999999999998
48093813,21,50,mean_p,12,0.15293792360828679,0.10794015761910485,mean_p|train_n=12|p=50,121,203,-1.3777999999999999,0.93608999999999998
92586313,21,50,mean_p,12,0.16194934777342501,0.094670824483222241,mean_p|train_n=12|p=50,122,205,-1.3777999999999999,0.93608999999999998
2304557853,21,50,mean_p,12,0.51758100223142112,0.00053461908218688107,mean_p|train_n=12|p=50,123,206,-1.3777999999999999,0.93608999999999998
1596644571,21,50,mean_p,12,0.10110174253242674,0.22954730619602656,mean_p|train_n=12|p=50,124,211,-1.3777999999999999,0.93608999999999998
186209711,21,50,mean_p,12,0.1693155237199718,0.085045222400957757,mean_p|train_n=12|p=50,125,212,-1.3777999999999999,0.93608999999999998
519088917,21,50,mean_p,12,0.11946950163257168,0.1756944429040663,mean_p|train_n=12|p=50,126,214,-1.3777999999999999,0.93608999999999998
3944427840,21,50,mean_p,12,0.24132635777025321,0.029814263049653511,mean_p|train_n=12|p=50,127,215,-1.3777999999999999,0.93608999999999998
1047560861,21,50,mean_p,12,0.3662878103086743,0.0048357520330196552,mean_p|train_n=12|p=50,128,216,-1.3777999999999999,0.93608999999999998
3022445642,21,50,mean_p,12,0.28416588749833621,0.015981164669594181,mean_p|train_n=12|p=50,129,217,-1.3777999999999999,0.93608999999999998
1828794662,21,50,mean_p,12,0.19873417200476037,0.05542122415381117,mean_p|train_n=12|p=50,130,218,-1.3777999999999999,0.93608999999999998
3547864347,21,50,mean_p,12,0.30787281574418024,0.011317278409677712,mean_p|train_n=12|p=50,131,220,-1.3777999999999999,0.93608999999999998
1004275520,21,50,mean_p,12,0.18744464926982971,0.065319717666591795,mean_p|train_n=12|p=50,132,221,-1.3777999999999999,0.93608999999999998
661790761,21,50,mean_p,12,0.10482541567350509,0.2174365341975148,mean_p|train_n=12|p=50,133,222,-1.3777999999999999,0.93608999999999998
3512573469,21,50,mean_p,12,0.19538483941626508,0.058190133746213235,mean_p|train_n=12|p=50,134,226,-1.3777999999999999,0.93608999999999998
3504995893,21,50,mean_p,12,0.27008329953084836,0.019617033592690767,mean_p|train_n=12|p=50,135,227,-1.3777999999999999,0.93608999999999998
1775421790,21,50,mean_p,12,0.28514266039209302,0.015755552230335874,mean_p|train_n=12|p=50,136,228,-1.3777999999999999,0.93608999999999998
661502386,21,50,mean_p,12,0.36448203990849165,0.0049645448128430815,mean_p|train_n=12|p=50,137,229,-1.3777999999999999,0.93608999999999998
4163783785,21,50,mean_p,12,0.10717815610112562,0.21011611529429478,mean_p|train_n=12|p=50,138,230,-1.3777999999999999,0.93608999999999998
3306855708,21,50,mean_p,12,0.13344569187682526,0.14335264912167103,mean_p|train_n=12|p=50,139,231,-1.3777999999999999,0.93608999999999998
4162867813,21,50,mean_p,12,0.28251859019322217,0.016368995541210487,mean_p|train_n=12|p=50,140,233,-1.3777999999999999,0.93608999999999998
1086872198,21,50,mean_p,12,0.37792984532468393,0.0040819472328699835,mean_p|train_n=12|p=50,141,235,-1.3777999999999999,0.93608999999999998
369944328,21,50,mean_p,12,0.40207099792726875,0.0028724729919597657,mean_p|train_n=12|p=50,142,236,-1.3777999999999999,0.93608999999999998
1048559745,21,50,mean_p,12,0.29774305048220445,0.013115312012565963,mean_p|train_n=12|p=50,143,238,-1.3777999999999999,0.93608999999999998
2568370123,21,50,mean_p,12,0.21554079169921317,0.043394119896903588,mean_p|train_n=12|p=50,144,239,-1.3777999999999999,0.93608999999999998
1972338955,21,50,mean_p,12,0.19811733278832108,0.055921079130452703,mean_p|train_n=12|p=50,145,240,-1.3777999999999999,0.93608999999999998
1648087850,21,50,mean_p,12,0.1951074440137682,0.058425568439735134,mean_p|train_n=12|p=50,146,242,-1.3777999999999999,0.93608999999999998
1375085011,21,50,mean_p,12,0.17684831152247704,0.076213239939915065,mean_p|train_n=12|p=50,147,244,-1.3777999999999999,0.93608999999999998
1152146392,21,50,mean_p,12,0.23261586544770813,0.033844537814521472,mean_p|train_n=12|p=50,148,246,-1.3777999999999999,0.93608999999999998
1551172710,21,50,mean_p,12,0.17036928785662772,0.083750693964469505,mean_p|train_n=12|p=50,149,247,-1.3777999999999999,0.93608999999999998
3612312326,21,50,mean_p,12,0.30210117524270241,0.012309153146135262,mean_p|train_n=12|p=50,150,250,-1.3777999999999999,0.93608999999999998
2592035967,21,50,mean_p,12,0.19824660372882166,0.055815952517942566,mean_p|train_n=12|p=50,151,252,-1.3777999999999999,0.93608999999999998
600741071,21,50,mean_p,12,0.30373409675014734,0.012020027177576033,mean_p|train_n=12|p=50,152,254,-1.3777999999999999,0.93608999999999998
1765642567,21,50,mean_p,12,0.19114434009344847,0.061895093416169791,mean_p|train_n=12|p=50,153,255,-1.3777999999999999,0.93608999999999998
1470648472,21,50,mean_p,12,0.24062002001984983,0.030122380126035082,mean_p|train_n=12|p=50,154,257,-1.3777999999999999,0.93608999999999998
3302313973,21,50,mean_p,12,0.2532923517010805,0.025048371382911428,mean_p|train_n=12|p=50,155,258,-1.3777999999999999,0.93608999999999998
3445120214,21,50,mean_p,12,0.14744669179976955,0.11692209358325503,mean_p|train_n=12|p=50,156,259,-1.3777999999999999,0.93608999999999998
3485428739,21,50,mean_p,12,0.1532852006983825,0.10739589723820496,mean_p|train_n=12|p=50,157,260,-1.3777999999999999,0.93608999999999998
4231791255,21,50,mean_p,12,0.093071667528318344,0.25800930142316786,mean_p|train_n=12|p=50,158,261,-1.3777999999999999,0.93608999999999998
931665386,21,50,mean_p,12,0.28723102686060104,0.015283814211950006,mean_p|train_n=12|p=50,159,263,-1.3777999999999999,0.93608999999999998
3234175550,21,50,mean_p,12,0.18686718823003404,0.065871081492342318,mean_p|train_n=12|p=50,160,264,-1.3777999999999999,0.93608999999999998
1420933722,21,50,mean_p,12,0.22277562508688575,0.039056646006267362,mean_p|train_n=12|p=50,161,265,-1.3777999999999999,0.93608999999999998
4088734943,21,50,mean_p,12,0.13725486643362472,0.13562055933978609,mean_p|train_n=12|p=50,162,267,-1.3777999999999999,0.93608999999999998
932870481,21,50,mean_p,12,0.2533443838391734,0.025029407316472012,mean_p|train_n=12|p=50,163,269,-1.3777999999999999,0.93608999999999998
1693504378,21,50,mean_p,12,0.38077178752575652,0.0039165320018199647,mean_p|train_n=12|p=50,164,270,-1.3777999999999999,0.93608999999999998
270740767,21,50,mean_p,12,0.19282399834906908,0.060400153853634453,mean_p|train_n=12|p=50,165,272,-1.3777999999999999,0.93608999999999998
3450118433,21,50,mean_p,12,0.17903789856382021,0.073822485909657204,mean_p|train_n=12|p=50,166,273,-1.3777999999999999,0.93608999999999998
1852588907,21,50,mean_p,12,0.27456678988706357,0.018377666624368315,mean_p|train_n=12|p=50,167,274,-1.3777999999999999,0.93608999999999998
746107683,21,50,mean_p,12,0.19024983127394876,0.062706271204118924,mean_p|train_n=12|p=50,168,275,-1.3777999999999999,0.93608999999999998
2497304370,21,50,mean_p,12,0.13018837513580439,0.150313253093625,mean_p|train_n=12|p=50,169,278,-1.3777999999999999,0.93608999999999998
3546196867,21,50,mean_p,12,0.15791729820247694,0.10039342818169272,mean_p|train_n=12|p=50,170,279,-1.3777999999999999,0.93608999999999998
4097340239,21,50,mean_p,12,0.22323271123247218,0.038797649565742685,mean_p|train_n=12|p=50,171,283,-1.3777999999999999,0.93608999999999998
1290830508,21,50,mean_p,12,0.22779965309175335,0.036302363387583914,mean_p|train_n=12|p=50,172,284,-1.3777999999999999,0.93608999999999998
2058533609,21,50,mean_p,12,0.27963118666330439,0.017071635399654811,mean_p|train_n=12|p=50,173,289,-1.3777999999999999,0.93608999999999998
723145320,21,50,mean_p,12,0.40956138311138751,0.0025757547594016075,mean_p|train_n=12|p=50,174,293,-1.3777999999999999,0.93608999999999998
505758993,21,50,mean_p,12,0.28362720089812216,0.016106968294820747,mean_p|train_n=12|p=50,175,296,-1.3777999999999999,0.93608999999999998
1456895635,21,50,mean_p,12,0.16635531029397099,0.088789844405219032,mean_p|train_n=12|p=50,176,298,-1.3777999999999999,0.93608999999999998
3108410937,21,50,mean_p,12,0.40718782618529081,0.0026663015149184666,mean_p|train_n=12|p=50,177,299,-1.3777999999999999,0.93608999999999998
3378905944,21,50,mean_p,12,0.20335892787468057,0.05181316468755346,mean_p|train_n=12|p=50,178,300,-1.3777999999999999,0.93608999999999998
2189336570,21,50,mean_p,12,0.22697765885074522,0.036739330943608872,mean_p|train_n=12|p=50,179,301,-1.3777999999999999,0.93608999999999998
1546714456,21,50,mean_p,12,0.32885027773773146,0.008339312503473981,mean_p|train_n=12|p=50,180,302,-1.3777999999999999,0.93608999999999998
2072351799,21,50,mean_p,12,0.23211710320947845,0.034091144222613209,mean_p|train_n=12|p=50,181,303,-1.3777999999999999,0.93608999999999998
169879946,21,50,mean_p,12,0.62092691854859683,0.00011877630765472424,mean_p|train_n=12|p=50,182,304,-1.3777999999999999,0.93608999999999998
1542335012,21,50,mean_p,12,0.26483937892766007,0.021173051852831359,mean_p|train_n=12|p=50,183,305,-1.3777999999999999,0.93608999999999998
936036962,21,50,mean_p,12,0.34978443853017344,0.0061488263990938322,mean_p|train_n=12|p=50,184,310,-1.3777999999999999,0.93608999999999998
2660036179,21,50,mean_p,12,0.083382030955971131,0.29709111194591403,mean_p|train_n=12|p=50,185,312,-1.3777999999999999,0.93608999999999998
1379548162,21,50,mean_p,12,0.15859727343182217,0.099404657388815348,mean_p|train_n=12|p=50,186,313,-1.3777999999999999,0.93608999999999998
3435915949,21,50,mean_p,12,0.17220157798215593,0.081546505357496718,mean_p|train_n=12|p=50,187,318,-1.3777999999999999,0.93608999999999998
2725657895,21,50,mean_p,12,0.19561617255292013,0.057994519283271498,mean_p|train_n=12|p=50,188,320,-1.3777999999999999,0.93608999999999998
4215605597,21,50,mean_p,12,0.14164275934553899,0.12722922921737231,mean_p|train_n=12|p=50,189,321,-1.3777999999999999,0.93608999999999998
3220877392,21,50,mean_p,12,0.24340535738448696,0.028925535829402528,mean_p|train_n=12|p=50,190,323,-1.3777999999999999,0.93608999999999998
1495529953,21,50,mean_p,12,0.15830214709831134,0.099832606988711187,mean_p|train_n=12|p=50,191,325,-1.3777999999999999,0.93608999999999998
2545968368,21,50,mean_p,12,0.43010389574962654,0.001910039500168886,mean_p|train_n=12|p=50,192,326,-1.3777999999999999,0.93608999999999998
533996670,21,50,mean_p,12,0.24446010570511703,0.028484833432829516,mean_p|train_n=12|p=50,193,327,-1.3777999999999999,0.93608999999999998
4234232617,21,50,mean_p,12,0.25219867885759734,0.025450322427399794,mean_p|train_n=12|p=50,194,328,-1.3777999999999999,0.93608999999999998
2040001124,21,50,mean_p,12,0.21450550550175379,0.044053009298554303,mean_p|train_n=12|p=50,195,329,-1.3777999999999999,0.93608999999999998
1281599001,21,50,mean_p,12,0.51996754379295995,0.00051636598212080902,mean_p|train_n=12|p=50,196,330,-1.3777999999999999,0.93608999999999998
2950799355,21,50,mean_p,12,0.26466201074109119,0.021227786798495588,mean_p|train_n=12|p=50,197,331,-1.3777999999999999,0.93608999999999998
365800914,21,50,mean_p,12,0.40019439908877436,0.0029520187888145929,mean_p|train_n=12|p=50,198,332,-1.3777999999999999,0.93608999999999998
3656606449,21,50,mean_p,12,0.16153841263162741,0.095238805387495629,mean_p|train_n=12|p=50,199,333,-1.3777999999999999,0.93608999999999998
3941506969,21,50,mean_p,12,0.1595487760260875,0.098037377540810197,mean_p|train_n=12|p=50,200,334,-1.3777999999999999,0.93608999999999998
3985124678,21,50,mean_p,12,0.17740990905422743,0.075592761816295401,mean_p|train_n=12|p=50,201,335,-1.3777999999999999,0.93608999999999998
1245049182,21,50,mean_p,12,0.30664154142876765,0.011521941354435756,mean_p|train_n=12|p=50,202,337,-1.3777999999999999,0.93608999999999998
3070144023,21,50,mean_p,12,0.39690522995834987,0.0030967919350240775,mean_p|train_n=12|p=50,203,338,-1.3777999999999999,0.93608999999999998
2451908816,21,50,mean_p,12,0.25981959677440292,0.022778056512369964,mean_p|train_n=12|p=50,204,339,-1.3777999999999999,0.93608999999999998
416037595,21,50,mean_p,12,0.20149927893786609,0.053234861883145329,mean_p|train_n=12|p=50,205,340,-1.3777999999999999,0.93608999999999998
2177299577,21,50,mean_p,12,0.15182046562505996,0.10971024975150748,mean_p|train_n=12|p=50,206,341,-1.3777999999999999,0.93608999999999998
816779025,21,50,mean_p,12,0.48303710142424544,0.000883930689344558,mean_p|train_n=12|p=50,207,343,-1.3777999999999999,0.93608999999999998
1800426879,21,50,mean_p,12,0.31275912068683381,0.010540290688783883,mean_p|train_n=12|p=50,208,344,-1.3777999999999999,0.93608999999999998
574864300,21,50,mean_p,12,0.19796403844111371,0.056045998868502978,mean_p|train_n=12|p=50,209,345,-1.3777999999999999,0.93608999999999998
3618744067,21,50,mean_p,12,0.36176086184412942,0.0051651354616615236,mean_p|train_n=12|p=50,210,347,-1.3777999999999999,0.93608999999999998
2683299720,21,50,mean_p,12,0.13033409088393066,0.1499947687989259,mean_p|train_n=12|p=50,211,348,-1.3777999999999999,0.93608999999999998
93705121,21,50,mean_p,12,0.15742095788806859,0.10112137453746761,mean_p|train_n=12|p=50,212,350,-1.3777999999999999,0.93608999999999998
2856198958,21,50,mean_p,12,0.28975116223889358,0.014733312028942999,mean_p|train_n=12|p=50,213,351,-1.3777999999999999,0.93608999999999998
758218571,21,50,mean_p,12,0.38454211564665081,0.0037073796392434999,mean_p|train_n=12|p=50,214,353,-1.3777999999999999,0.93608999999999998
2426123852,21,50,mean_p,12,0.37207291527650471,0.0044452145835408375,mean_p|train_n=12|p=50,215,354,-1.3777999999999999,0.93608999999999998
2306912376,21,50,mean_p,12,0.23642119664580266,0.032020837908433665,mean_p|train_n=12|p=50,216,355,-1.3777999999999999,0.93608999999999998
3886028575,21,50,mean_p,12,0.22150894707671076,0.039783447512853343,mean_p|train_n=12|p=50,217,357,-1.3777999999999999,0.93608999999999998
1947050928,21,50,mean_p,12,0.24394097752890159,0.028700893716860687,mean_p|train_n=12|p=50,218,358,-1.3777999999999999,0.93608999999999998
67078226,21,50,mean_p,12,0.13602633223004851,0.13806762991673355,mean_p|train_n=12|p=50,219,359,-1.3777999999999999,0.93608999999999998
1117963036,21,50,mean_p,12,0.15070435583775729,0.1115071810312681,mean_p|train_n=12|p=50,220,360,-1.3777999999999999,0.93608999999999998
339810346,21,50,mean_p,12,0.21663924023285169,0.042705803702722242,mean_p|train_n=12|p=50,221,361,-1.3777999999999999,0.93608999999999998
2566221254,21,50,mean_p,12,0.42037024268812029,0.0022007712349219328,mean_p|train_n=12|p=50,222,362,-1.3777999999999999,0.93608999999999998
3600093714,21,50,mean_p,12,0.15134758592260586,0.11046802109073113,mean_p|train_n=12|p=50,223,363,-1.3777999999999999,0.93608999999999998
2718174989,21,50,mean_p,12,0.17620301693752705,0.076932480969947037,mean_p|train_n=12|p=50,224,364,-1.3777999999999999,0.93608999999999998
3005314539,21,50,mean_p,12,0.22832787894657947,0.036024308357635967,mean_p|train_n=12|p=50,225,365,-1.3777999999999999,0.93608999999999998
2070246470,21,50,mean_p,12,0.1992945407704789,0.054971004165543631,mean_p|train_n=12|p=50,226,367,-1.3777999999999999,0.93608999999999998
2055788637,21,50,mean_p,12,0.2214611387517906,0.039811142541600793,mean_p|train_n=12|p=50,227,368,-1.3777999999999999,0.93608999999999998
1044379565,21,50,mean_p,12,0.33089279992812959,0.0080950247202199871,mean_p|train_n=12|p=50,228,370,-1.3777999999999999,0.93608999999999998
2687624100,21,50,mean_p,12,0.21305931067902181,0.044990196420274853,mean_p|train_n=12|p=50,229,371,-1.3777999999999999,0.93608999999999998
743012420,21,50,mean_p,12,0.42764265875663682,0.0019797090940025502,mean_p|train_n=12|p=50,230,372,-1.3777999999999999,0.93608999999999998
1776840628,21,50,mean_p,12,0.21263637278956332,0.045268024893933737,mean_p|train_n=12|p=50,231,375,-1.3777999999999999,0.93608999999999998
1897735682,21,50,mean_p,12,0.32976669649328078,0.0082288091231854429,mean_p|train_n=12|p=50,232,377,-1.3777999999999999,0.93608999999999998
2670816481,21,50,mean_p,12,0.096671688716751483,0.24483717579804923,mean_p|train_n=12|p=50,233,378,-1.3777999999999999,0.93608999999999998
3485602387,21,50,mean_p,12,0.44868303110802721,0.0014574441820393816,mean_p|train_n=12|p=50,234,380,-1.3777999999999999,0.93608999999999998
3804017753,21,50,mean_p,12,0.25196831768774541,0.0255358046198365,mean_p|train_n=12|p=50,235,381,-1.3777999999999999,0.93608999999999998
2715989971,21,50,mean_p,12,0.38761970719700028,0.0035449626655453029,mean_p|train_n=12|p=50,236,383,-1.3777999999999999,0.93608999999999998
2104332862,21,50,mean_p,12,0.25486231237930596,0.024482444767016949,mean_p|train_n=12|p=50,237,385,-1.3777999999999999,0.93608999999999998
2879385252,21,50,mean_p,12,0.23718262725414205,0.031667895975026783,mean_p|train_n=12|p=50,238,387,-1.3777999999999999,0.93608999999999998
3687553338,21,50,mean_p,12,0.21092851060050885,0.046407483479370078,mean_p|train_n=12|p=50,239,388,-1.3777999999999999,0.93608999999999998
4222544801,21,50,mean_p,12,0.12645296385406737,0.15871251060825214,mean_p|train_n=12|p=50,240,390,-1.3777999999999999,0.93608999999999998
838657333,21,50,mean_p,12,0.28355374881794709,0.016124198674534629,mean_p|train_n=12|p=50,241,391,-1.3777999999999999,0.93608999999999998
3582894688,21,50,mean_p,12,0.11465360524654432,0.18845268952064509,mean_p|train_n=12|p=50,242,392,-1.3777999999999999,0.93608999999999998
4223304587,21,50,mean_p,12,0.29207448381687184,0.014243384803133169,mean_p|train_n=12|p=50,243,393,-1.3777999999999999,0.93608999999999998
3609102680,21,50,mean_p,12,0.29727694494612839,0.013204597680156999,mean_p|train_n=12|p=50,244,394,-1.3777999999999999,0.93608999999999998
1871157340,21,50,mean_p,12,0.16144618533096697,0.095366746386891535,mean_p|train_n=12|p=50,245,395,-1.3777999999999999,0.93608999999999998
1422738803,21,50,mean_p,12,0.37774559719890238,0.0040929094329704803,mean_p|train_n=12|p=50,246,398,-1.3777999999999999,0.93608999999999998
3447696132,21,50,mean_p,12,0.19696773181700186,0.05686471874473608,mean_p|train_n=12|p=50,247,400,-1.3777999999999999,0.93608999999999998
116357280,21,50,mean_p,12,0.25072469466292996,0.02600227046361574,mean_p|train_n=12|p=50,248,401,-1.3777999999999999,0.93608999999999998
1933945271,21,50,mean_p,12,0.31346446157176444,0.010432627098567147,mean_p|train_n=12|p=50,249,402,-1.3777999999999999,0.93608999999999998
2157053081,21,50,mean_p,12,0.23441609460614471,0.032969184522255737,mean_p|train_n=12|p=50,250,403,-1.3777999999999999,0.93608999999999998
1145932838,21,50,mean_p,12,0.19292501018123268,0.060311410505776257,mean_p|train_n=12|p=50,251,404,-1.3777999999999999,0.93608999999999998
4284287590,21,50,mean_p,12,0.31927551853738007,0.0095864615082650474,mean_p|train_n=12|p=50,252,406,-1.3777999999999999,0.93608999999999998
4270524297,21,50,mean_p,12,0.38581192275771786,0.0036394839614924445,mean_p|train_n=12|p=50,253,407,-1.3777999999999999,0.93608999999999998
4147046594,21,50,mean_p,12,0.15173863523839126,0.10984100683922468,mean_p|train_n=12|p=50,254,408,-1.3777999999999999,0.93608999999999998
620332207,21,50,mean_p,12,0.20557374684356361,0.050169393801007982,mean_p|train_n=12|p=50,255,409,-1.3777999999999999,0.93608999999999998
2543443615,21,50,mean_p,12,0.26173359006441033,0.022152212502561861,mean_p|train_n=12|p=50,256,410,-1.3777999999999999,0.93608999999999998
2480708302,21,50,mean_p,12,0.31369168685555926,0.010398178062399047,mean_p|train_n=12|p=50,257,411,-1.3777999999999999,0.93608999999999998
4154508856,21,50,mean_p,12,0.2040869668327368,0.051266978981419242,mean_p|train_n=12|p=50,258,413,-1.3777999999999999,0.93608999999999998
1397452161,21,50,mean_p,12,0.41399731116453442,0.0024146946257083356,mean_p|train_n=12|p=50,259,417,-1.3777999999999999,0.93608999999999998
973634123,21,50,mean_p,12,0.15281382636449437,0.10813531377144128,mean_p|train_n=12|p=50,260,420,-1.3777999999999999,0.93608999999999998
2196355982,21,50,mean_p,12,0.1683957266918385,0.086191519599310429,mean_p|train_n=12|p=50,261,421,-1.3777999999999999,0.93608999999999998
3821136836,21,50,mean_p,12,0.22789814564288777,0.036250355194831198,mean_p|train_n=12|p=50,262,422,-1.3777999999999999,0.93608999999999998
213028635,21,50,mean_p,12,0.28784665497906214,0.01514746566316812,mean_p|train_n=12|p=50,263,423,-1.3777999999999999,0.93608999999999998
1138248500,21,50,mean_p,12,0.099715703920087051,0.23422552642595282,mean_p|train_n=12|p=50,264,424,-1.3777999999999999,0.93608999999999998
3567812186,21,50,mean_p,12,0.25893550184404257,0.023073080806115653,mean_p|train_n=12|p=50,265,425,-1.3777999999999999,0.93608999999999998
3725582983,21,50,mean_p,12,0.26999915603082136,0.019641075263909638,mean_p|train_n=12|p=50,266,427,-1.3777999999999999,0.93608999999999998
1131974203,21,50,mean_p,12,0.30471782704867084,0.011849135633430896,mean_p|train_n=12|p=50,267,429,-1.3777999999999999,0.93608999999999998
35012682,21,50,mean_p,12,0.41085776777760119,0.0025276052392016577,mean_p|train_n=12|p=50,268,431,-1.3777999999999999,0.93608999999999998
935928611,21,50,mean_p,12,0.29324618040120792,0.014002519150165486,mean_p|train_n=12|p=50,269,434,-1.3777999999999999,0.93608999999999998
999198218,21,50,mean_p,12,0.16299305549318105,0.093243426691674569,mean_p|train_n=12|p=50,270,436,-1.3777999999999999,0.93608999999999998
1932448916,21,50,mean_p,12,0.34424515682526613,0.0066651437521344286,mean_p|train_n=12|p=50,271,437,-1.3777999999999999,0.93608999999999998
2619812079,21,50,mean_p,12,0.32727998348899917,0.0085321222165010493,mean_p|train_n=12|p=50,272,438,-1.3777999999999999,0.93608999999999998
357686740,21,50,mean_p,12,0.23628866142128693,0.032082671966967576,mean_p|train_n=12|p=50,273,439,-1.3777999999999999,0.93608999999999998
3726250120,21,50,mean_p,12,0.15073815090962034,0.11145234144732852,mean_p|train_n=12|p=50,274,442,-1.3777999999999999,0.93608999999999998
665266549,21,50,mean_p,12,0.17140255826300563,0.082500477315480852,mean_p|train_n=12|p=50,275,444,-1.3777999999999999,0.93608999999999998
2853423593,21,50,mean_p,12,0.10753790249301408,0.20901871778582484,mean_p|train_n=12|p=50,276,445,-1.3777999999999999,0.93608999999999998
875688802,21,50,mean_p,12,0.1310881087040402,0.14835749486534267,mean_p|train_n=12|p=50,277,447,-1.3777999999999999,0.93608999999999998
1201202725,21,50,mean_p,12,0.25695539546866647,0.023747783815803673,mean_p|train_n=12|p=50,278,448,-1.3777999999999999,0.93608999999999998
532066705,21,50,mean_p,12,0.23542139843836851,0.032490249501720421,mean_p|train_n=12|p=50,279,449,-1.3777999999999999,0.93608999999999998
272460322,21,50,mean_p,12,0.20443214550985586,0.051010036536016559,mean_p|train_n=12|p=50,280,451,-1.3777999999999999,0.93608999999999998
335947255,21,50,mean_p,12,0.31839032013084678,0.0097107825569091137,mean_p|train_n=12|p=50,281,452,-1.3777999999999999,0.93608999999999998
214204887,21,50,mean_p,12,0.11673745216712472,0.18282224215720466,mean_p|train_n=12|p=50,282,456,-1.3777999999999999,0.93608999999999998
2622442927,21,50,mean_p,12,0.44577796982245149,0.0015203957719979485,mean_p|train_n=12|p=50,283,457,-1.3777999999999999,0.93608999999999998
3009920405,21,50,mean_p,12,0.21896222048427277,0.041285911573721121,mean_p|train_n=12|p=50,284,458,-1.3777999999999999,0.93608999999999998
2553140439,21,50,mean_p,12,0.33022529559457553,0.0081740613823113404,mean_p|train_n=12|p=50,285,459,-1.3777999999999999,0.93608999999999998
2494603240,21,50,mean_p,12,0.5563416805832837,0.00030409816003968971,mean_p|train_n=12|p=50,286,461,-1.3777999999999999,0.93608999999999998
2832032159,21,50,mean_p,12,0.19956415856593746,0.054755688788704099,mean_p|train_n=12|p=50,287,462,-1.3777999999999999,0.93608999999999998
525664642,21,50,mean_p,12,0.34047201359752632,0.0070414473392661934,mean_p|train_n=12|p=50,288,463,-1.3777999999999999,0.93608999999999998
3437955838,21,50,mean_p,12,0.11032316425572704,0.20071405507947662,mean_p|train_n=12|p=50,289,464,-1.3777999999999999,0.93608999999999998
206776875,21,50,mean_p,12,0.15693491187392075,0.1018393379504472,mean_p|train_n=12|p=50,290,465,-1.3777999999999999,0.93608999999999998
3324461648,21,50,mean_p,12,0.18332122454067312,0.069360316146333409,mean_p|train_n=12|p=50,291,467,-1.3777999999999999,0.93608999999999998
1975296219,21,50,mean_p,12,0.14598433049476572,0.119437606075561,mean_p|train_n=12|p=50,292,468,-1.3777999999999999,0.93608999999999998
792980862,21,50,mean_p,12,0.14982053334672368,0.1129509883398072,mean_p|train_n=12|p=50,293,471,-1.3777999999999999,0.93608999999999998
2546005210,21,50,mean_p,12,0.3427508525398591,0.0068117070062326699,mean_p|train_n=12|p=50,294,476,-1.3777999999999999,0.93608999999999998
2582897989,21,50,mean_p,12,0.38102572340725227,0.0039020819930788543,mean_p|train_n=12|p=50,295,477,-1.3777999999999999,0.93608999999999998
3814969317,21,50,mean_p,12,0.10537494953021814,0.21570418312105064,mean_p|train_n=12|p=50,296,478,-1.3777999999999999,0.93608999999999998
2295579342,21,50,mean_p,12,0.35222230503432012,0.005934456378651122,mean_p|train_n=12|p=50,297,479,-1.3777999999999999,0.93608999999999998
1709689613,21,50,mean_p,12,0.37634706680530228,0.0041770832059878082,mean_p|train_n=12|p=50,298,480,-1.3777999999999999,0.93608999999999998
3265065758,21,50,mean_p,12,0.20862813732806024,0.047987721222522227,mean_p|train_n=12|p=50,299,481,-1.3777999999999999,0.93608999999999998
3805892012,21,50,mean_p,12,0.23762330760888897,0.031465409746512164,mean_p|train_n=12|p=50,300,483,-1.3777999999999999,0.93608999999999998
2115986241,21,50,mean_p,12,0.16966471330231453,0.084614048267328434,mean_p|train_n=12|p=50,301,484,-1.3777999999999999,0.93608999999999998
4252026439,21,50,mean_p,12,0.33018260925222132,0.0081791418831135172,mean_p|train_n=12|p=50,302,485,-1.3777999999999999,0.93608999999999998
3863697290,21,50,mean_p,12,0.22580130517669636,0.037373839457802586,mean_p|train_n=12|p=50,303,486,-1.3777999999999999,0.93608999999999998
2308861760,21,50,mean_p,12,0.14391360756899851,0.12309245516729013,mean_p|train_n=12|p=50,304,487,-1.3777999999999999,0.93608999999999998
913316440,21,50,mean_p,12,0.3724629306216542,0.0044200501593248676,mean_p|train_n=12|p=50,305,488,-1.3777999999999999,0.93608999999999998
561381175,21,50,mean_p,12,0.16254555697396705,0.093852780895491081,mean_p|train_n=12|p=50,306,489,-1.3777999999999999,0.93608999999999998
850460030,21,50,mean_p,12,0.26710664203854861,0.020485693129656594,mean_p|train_n=12|p=50,307,492,-1.3777999999999999,0.93608999999999998
3551025431,21,50,mean_p,12,0.14100638916753055,0.12841323676871658,mean_p|train_n=12|p=50,308,493,-1.3777999999999999,0.93608999999999998
2935938192,21,50,mean_p,12,0.11689551952611814,0.18240208046077655,mean_p|train_n=12|p=50,309,494,-1.3777999999999999,0.93608999999999998
3457598499,21,50,mean_p,12,0.22566425072600441,0.037448473831134164,mean_p|train_n=12|p=50,310,496,-1.3777999999999999,0.93608999999999998
5962405,21,50,mean_p,12,0.35816000777004958,0.0054430833245429824,mean_p|train_n=12|p=50,311,498,-1.3777999999999999,0.93608999999999998
1161814478,21,50,mean_p,12,0.27576089137793192,0.018060996204067342,mean_p|train_n=12|p=50,312,503,-1.3777999999999999,0.93608999999999998
1780533724,21,50,mean_p,12,0.22001232213839148,0.040659639527514162,mean_p|train_n=12|p=50,313,504,-1.3777999999999999,0.93608999999999998
3747228238,21,50,mean_p,12,0.27545302729114873,0.018142114524903972,mean_p|train_n=12|p=50,314,505,-1.3777999999999999,0.93608999999999998
3841262990,21,50,mean_p,12,0.12565931684764201,0.16055665229939453,mean_p|train_n=12|p=50,315,510,-1.3777999999999999,0.93608999999999998
2853125310,21,50,mean_p,12,0.21271965637834067,0.045213180465409952,mean_p|train_n=12|p=50,316,511,-1.3777999999999999,0.93608999999999998
330677851,21,50,mean_p,12,0.3682841358010901,0.0046972534290197184,mean_p|train_n=12|p=50,317,512,-1.3777999999999999,0.93608999999999998
376264054,21,50,mean_p,12,0.46894517999357471,0.0010851808581473204,mean_p|train_n=12|p=50,318,513,-1.3777999999999999,0.93608999999999998
3295832269,21,50,mean_p,12,0.22629411519117132,0.037106701718721505,mean_p|train_n=12|p=50,319,514,-1.3777999999999999,0.93608999999999998
4018570978,21,50,mean_p,12,0.14062277356370464,0.12913229475621965,mean_p|train_n=12|p=50,320,515,-1.3777999999999999,0.93608999999999998
2789936632,21,50,mean_p,12,0.11532398350084593,0.18662269497473918,mean_p|train_n=12|p=50,321,516,-1.3777999999999999,0.93608999999999998
3487463332,21,50,mean_p,12,0.20140518176181738,0.053307826941666747,mean_p|train_n=12|p=50,322,517,-1.3777999999999999,0.93608999999999998
4222768763,21,50,mean_p,12,0.28447137469005934,0.015910259000799044,mean_p|train_n=12|p=50,323,518,-1.3777999999999999,0.93608999999999998
3695501312,21,50,mean_p,12,0.22027614408209606,0.040503797148253029,mean_p|train_n=12|p=50,324,520,-1.3777999999999999,0.93608999999999998
36152212,21,50,mean_p,12,0.46626015344718286,0.0011284332348933403,mean_p|train_n=12|p=50,325,524,-1.3777999999999999,0.93608999999999998
364766426,21,50,mean_p,12,0.23914830146139474,0.030774637415537327,mean_p|train_n=12|p=50,326,525,-1.3777999999999999,0.93608999999999998
1855774639,21,50,mean_p,12,0.25616617677522113,0.024022169954617045,mean_p|train_n=12|p=50,327,527,-1.3777999999999999,0.93608999999999998
1395394126,21,50,mean_p,12,0.22871548876817233,0.03582162849870079,mean_p|train_n=12|p=50,328,528,-1.3777999999999999,0.93608999999999998
2002824144,21,50,mean_p,12,0.20928701046582057,0.047529689272687692,mean_p|train_n=12|p=50,329,529,-1.3777999999999999,0.93608999999999998
1859437147,21,50,mean_p,12,0.16257683263801873,0.093810064009276536,mean_p|train_n=12|p=50,330,531,-1.3777999999999999,0.93608999999999998
291158343,21,50,mean_p,12,0.30968686603762119,0.01102235121569819,mean_p|train_n=12|p=50,331,535,-1.3777999999999999,0.93608999999999998
4170669351,21,50,mean_p,12,0.27918072420921963,0.017183941432857133,mean_p|train_n=12|p=50,332,536,-1.3777999999999999,0.93608999999999998
2416705882,21,50,mean_p,12,0.34135686748969074,0.0069513349718497647,mean_p|train_n=12|p=50,333,538,-1.3777999999999999,0.93608999999999998
1590915272,21,50,mean_p,12,0.22297449301361977,0.038943750666681688,mean_p|train_n=12|p=50,334,539,-1.3777999999999999,0.93608999999999998
2781508402,21,50,mean_p,12,0.43175196524911258,0.0018647639436132303,mean_p|train_n=12|p=50,335,541,-1.3777999999999999,0.93608999999999998
53151790,21,50,mean_p,12,0.10165993728989532,0.22768976029625368,mean_p|train_n=12|p=50,336,542,-1.3777999999999999,0.93608999999999998
1525611862,21,50,mean_p,12,0.22609699774734357,0.037213323361191986,mean_p|train_n=12|p=50,337,543,-1.3777999999999999,0.93608999999999998
1797196775,21,50,mean_p,12,0.35690495618147128,0.0055434349338037096,mean_p|train_n=12|p=50,338,544,-1.3777999999999999,0.93608999999999998
2119081525,21,50,mean_p,12,0.17226542488395072,0.081470754396782391,mean_p|train_n=12|p=50,339,547,-1.3777999999999999,0.93608999999999998
2860475657,21,50,mean_p,12,0.24630354623538597,0.027730655490041764,mean_p|train_n=12|p=50,340,548,-1.3777999999999999,0.93608999999999998
2141057955,21,50,mean_p,12,0.30050250229304654,0.012598951200707023,mean_p|train_n=12|p=50,341,549,-1.3777999999999999,0.93608999999999998
3190659276,21,50,mean_p,12,0.32367131692181711,0.0089922779472735321,mean_p|train_n=12|p=50,342,550,-1.3777999999999999,0.93608999999999998
3223789956,21,50,mean_p,12,0.62461638752765669,0.00011256577428307946,mean_p|train_n=12|p=50,343,551,-1.3777999999999999,0.93608999999999998
2275653288,21,50,mean_p,12,0.17589626292689145,0.077276763270946916,mean_p|train_n=12|p=50,344,552,-1.3777999999999999,0.93608999999999998
1966131451,21,50,mean_p,12,0.15953315671833104,0.098059669466884034,mean_p|train_n=12|p=50,345,553,-1.3777999999999999,0.93608999999999998
3212585885,21,50,mean_p,12,0.12431545259372728,0.16372828650212279,mean_p|train_n=12|p=50,346,554,-1.3777999999999999,0.93608999999999998
118017839,21,50,mean_p,12,0.22429471176252305,0.038202505041133254,mean_p|train_n=12|p=50,347,555,-1.3777999999999999,0.93608999999999998
339281450,21,50,mean_p,12,0.22432855697619852,0.038183689059360204,mean_p|train_n=12|p=50,348,557,-1.3777999999999999,0.93608999999999998
3518434984,21,50,mean_p,12,0.17568040250760861,0.077519955206331814,mean_p|train_n=12|p=50,349,558,-1.3777999999999999,0.93608999999999998
1388735920,21,50,mean_p,12,0.12074622343899047,0.17245947612216017,mean_p|train_n=12|p=50,350,563,-1.3777999999999999,0.93608999999999998
272173273,21,50,mean_p,12,0.22180432719445947,0.039612762604712262,mean_p|train_n=12|p=50,351,567,-1.3777999999999999,0.93608999999999998
3133908295,21,50,mean_p,12,0.16661579972993601,0.088453816714517783,mean_p|train_n=12|p=50,352,568,-1.3777999999999999,0.93608999999999998
2782474505,21,50,mean_p,12,0.47188927016245247,0.0010396584220211545,mean_p|train_n=12|p=50,353,569,-1.3777999999999999,0.93608999999999998
2420358557,21,50,mean_p,12,0.23601430356513631,0.032211052794328683,mean_p|train_n=12|p=50,354,571,-1.3777999999999999,0.93608999999999998
3636924620,21,50,mean_p,12,0.15647814137337898,0.10251870258989686,mean_p|train_n=12|p=50,355,572,-1.3777999999999999,0.93608999999999998
2144873331,21,50,mean_p,12,0.31713893273924187,0.0098892882897182802,mean_p|train_n=12|p=50,356,573,-1.3777999999999999,0.93608999999999998
1813229187,21,50,mean_p,12,0.30509922108117576,0.011783536158710606,mean_p|train_n=12|p=50,357,574,-1.3777999999999999,0.93608999999999998
2698814445,21,50,mean_p,12,0.24665580011716801,0.027588832138183857,mean_p|train_n=12|p=50,358,576,-1.3777999999999999,0.93608999999999998
221930443,21,50,mean_p,12,0.16561431339100516,0.089752716726899523,mean_p|train_n=12|p=50,359,578,-1.3777999999999999,0.93608999999999998
1310144747,21,50,mean_p,12,0.12145495720378212,0.17068946216322162,mean_p|train_n=12|p=50,360,579,-1.3777999999999999,0.93608999999999998
2301628173,21,50,mean_p,12,0.25646301013982853,0.023918600471615967,mean_p|train_n=12|p=50,361,583,-1.3777999999999999,0.93608999999999998
4168108364,21,50,mean_p,12,0.35406924131881162,0.0057770389312025317,mean_p|train_n=12|p=50,362,584,-1.3777999999999999,0.93608999999999998
3643280564,21,50,mean_p,12,0.080981730354636891,0.30765464132899345,mean_p|train_n=12|p=50,363,587,-1.3777999999999999,0.93608999999999998
1466798990,21,50,mean_p,12,0.1511070333416269,0.11085550343182234,mean_p|train_n=12|p=50,364,592,-1.3777999999999999,0.93608999999999998
1313895028,21,50,mean_p,12,0.26156625499030911,0.022206235399298842,mean_p|train_n=12|p=50,365,597,-1.3777999999999999,0.93608999999999998
2061442388,21,50,mean_p,12,0.38120774330265289,0.0038917571180694024,mean_p|train_n=12|p=50,366,598,-1.3777999999999999,0.93608999999999998
566194669,21,50,mean_p,12,0.24024783659925783,0.030286012035211508,mean_p|train_n=12|p=50,367,599,-1.3777999999999999,0.93608999999999998
2125570371,21,50,mean_p,12,0.19002870538447955,0.06290843084180868,mean_p|train_n=12|p=50,368,604,-1.3777999999999999,0.93608999999999998
1617953188,21,50,mean_p,12,0.37706102444320394,0.0041338979406283054,mean_p|train_n=12|p=50,369,606,-1.3777999999999999,0.93608999999999998
1564374652,21,50,mean_p,12,0.20233019963288515,0.052594866672892197,mean_p|train_n=12|p=50,370,609,-1.3777999999999999,0.93608999999999998
687117513,21,50,mean_p,12,0.28009413472295308,0.016956981275933349,mean_p|train_n=12|p=50,371,610,-1.3777999999999999,0.93608999999999998
1753935619,21,50,mean_p,12,0.18147265494408527,0.071251996327976075,mean_p|train_n=12|p=50,372,611,-1.3777999999999999,0.93608999999999998
1473326148,21,50,mean_p,12,0.41748503047666868,0.0022951662274787702,mean_p|train_n=12|p=50,373,612,-1.3777999999999999,0.93608999999999998
4139061530,21,50,mean_p,12,0.27511803338404478,0.018230795171718283,mean_p|train_n=12|p=50,374,613,-1.3777999999999999,0.93608999999999998
865956281,21,50,mean_p,12,0.15661793679825042,0.10231030196206799,mean_p|train_n=12|p=50,375,615,-1.3777999999999999,0.93608999999999998
1184155200,21,50,mean_p,12,0.28156425057506995,0.016597971413648126,mean_p|train_n=12|p=50,376,616,-1.3777999999999999,0.93608999999999998
13595688,21,50,mean_p,12,0.26309463427138252,0.021717663067576467,mean_p|train_n=12|p=50,377,617,-1.3777999999999999,0.93608999999999998
1134600253,21,50,mean_p,12,0.14229656551804615,0.12602414958330865,mean_p|train_n=12|p=50,378,620,-1.3777999999999999,0.93608999999999998
3725774067,21,50,mean_p,12,0.3500067899742475,0.0061289574764181549,mean_p|train_n=12|p=50,379,621,-1.3777999999999999,0.93608999999999998
4266785032,21,50,mean_p,12,0.10028800436653054,0.23228242538629354,mean_p|train_n=12|p=50,380,622,-1.3777999999999999,0.93608999999999998
3968106610,21,50,mean_p,12,0.3086976347680962,0.011182213997483904,mean_p|train_n=12|p=50,381,624,-1.3777999999999999,0.93608999999999998
4049887013,21,50,mean_p,12,0.14787019665109677,0.11620353563815602,mean_p|train_n=12|p=50,382,626,-1.3777999999999999,0.93608999999999998
3793472987,21,50,mean_p,12,0.19661437844289978,0.057157952699241503,mean_p|train_n=12|p=50,383,627,-1.3777999999999999,0.93608999999999998
777302482,21,50,mean_p,12,0.28610210021954419,0.015537044379386151,mean_p|train_n=12|p=50,384,628,-1.3777999999999999,0.93608999999999998
3443111558,21,50,mean_p,12,0.2627161653844749,0.021837636435073107,mean_p|train_n=12|p=50,385,629,-1.3777999999999999,0.93608999999999998
2051674479,21,50,mean_p,12,0.26570091596135598,0.020909186812417661,mean_p|train_n=12|p=50,386,630,-1.3777999999999999,0.93608999999999998
273577359,21,50,mean_p,12,0.08635509138847583,0.28450838571398829,mean_p|train_n=12|p=50,387,631,-1.3777999999999999,0.93608999999999998
1227948579,21,50,mean_p,12,0.29110299970461173,0.01444623151200365,mean_p|train_n=12|p=50,388,632,-1.3777999999999999,0.93608999999999998
1291586452,21,50,mean_p,12,0.38822118001782407,0.0035140616557583011,mean_p|train_n=12|p=50,389,635,-1.3777999999999999,0.93608999999999998
926096126,21,50,mean_p,12,0.28228683927436754,0.016424307747076879,mean_p|train_n=12|p=50,390,636,-1.3777999999999999,0.93608999999999998
2690842241,21,50,mean_p,12,0.11706628559201888,0.18194924912893751,mean_p|train_n=12|p=50,391,638,-1.3777999999999999,0.93608999999999998
3231448210,21,50,mean_p,12,0.30855740768922924,0.011205061974298906,mean_p|train_n=12|p=50,392,640,-1.3777999999999999,0.93608999999999998
643450771,21,50,mean_p,12,0.33752991462140253,0.0073495508081399099,mean_p|train_n=12|p=50,393,644,-1.3777999999999999,0.93608999999999998
1864523646,21,50,mean_p,12,0.42133478906344296,0.0021700882515622321,mean_p|train_n=12|p=50,394,647,-1.3777999999999999,0.93608999999999998
2613781530,21,50,mean_p,12,0.56000029611982705,0.00028832704368950753,mean_p|train_n=12|p=50,395,648,-1.3777999999999999,0.93608999999999998
11330522,21,50,mean_p,12,0.20404420962735306,0.051298896340439555,mean_p|train_n=12|p=50,396,649,-1.3777999999999999,0.93608999999999998
3440417247,21,50,mean_p,12,0.36343412711591666,0.005040852062727556,mean_p|train_n=12|p=50,397,650,-1.3777999999999999,0.93608999999999998
832720826,21,50,mean_p,12,0.20785858628219028,0.048528285067203601,mean_p|train_n=12|p=50,398,651,-1.3777999999999999,0.93608999999999998
2064699685,21,50,mean_p,12,0.31812627560575024,0.0097481773397419189,mean_p|train_n=12|p=50,399,655,-1.3777999999999999,0.93608999999999998
381072177,21,50,mean_p,12,0.3038789074253932,0.011994717119324816,mean_p|train_n=12|p=50,400,658,-1.3777999999999999,0.93608999999999998
3783269327,21,50,mean_p,12,0.45265610687108326,0.0013755475773596613,mean_p|train_n=12|p=50,401,661,-1.3777999999999999,0.93608999999999998
2189865909,21,50,mean_p,12,0.10454077519105705,0.2183392976031262,mean_p|train_n=12|p=50,402,663,-1.3777999999999999,0.93608999999999998
766618263,21,50,mean_p,12,0.23100696064565449,0.034646509557677931,mean_p|train_n=12|p=50,403,665,-1.3777999999999999,0.93608999999999998
2993069274,21,50,mean_p,12,0.22685898773013646,0.036802848852761853,mean_p|train_n=12|p=50,404,666,-1.3777999999999999,0.93608999999999998
217894542,21,50,mean_p,12,0.39586019942294765,0.0031442590786979765,mean_p|train_n=12|p=50,405,668,-1.3777999999999999,0.93608999999999998
430613735,21,50,mean_p,12,0.15871110970269742,0.099240079160333367,mean_p|train_n=12|p=50,406,669,-1.3777999999999999,0.93608999999999998
380357449,21,50,mean_p,12,0.24186522433188706,0.029581320982236415,mean_p|train_n=12|p=50,407,671,-1.3777999999999999,0.93608999999999998
1242449480,21,50,mean_p,12,0.1519989391588738,0.10942560591608837,mean_p|train_n=12|p=50,408,673,-1.3777999999999999,0.93608999999999998
2973275819,21,50,mean_p,12,0.16372104483783451,0.092260572721533762,mean_p|train_n=12|p=50,409,674,-1.3777999999999999,0.93608999999999998
80968775,21,50,mean_p,12,0.31204969435799734,0.01064969865411158,mean_p|train_n=12|p=50,410,677,-1.3777999999999999,0.93608999999999998
2320268231,21,50,mean_p,12,0.20312192408934857,0.051992220943009745,mean_p|train_n=12|p=50,411,681,-1.3777999999999999,0.93608999999999998
176683536,21,50,mean_p,12,0.31499482525339789,0.010202798074081278,mean_p|train_n=12|p=50,412,684,-1.3777999999999999,0.93608999999999998
3485360423,21,50,mean_p,12,0.043293477972735216,0.5324939217263297,mean_p|train_n=12|p=50,413,685,-1.3777999999999999,0.93608999999999998
3590532356,21,50,mean_p,12,0.35590488384571717,0.005624721729150216,mean_p|train_n=12|p=50,414,687,-1.3777999999999999,0.93608999999999998
2545398206,21,50,mean_p,12,0.33837609882599784,0.007259580630031087,mean_p|train_n=12|p=50,415,688,-1.3777999999999999,0.93608999999999998
3996579285,21,50,mean_p,12,0.21376032216615468,0.044533451321061832,mean_p|train_n=12|p=50,416,689,-1.3777999999999999,0.93608999999999998
472339403,21,50,mean_p,12,0.36918528702657732,0.0046360407810510963,mean_p|train_n=12|p=50,417,691,-1.3777999999999999,0.93608999999999998
2380605843,21,50,mean_p,12,0.30493344919524673,0.01181200405352786,mean_p|train_n=12|p=50,418,693,-1.3777999999999999,0.93608999999999998
3638604186,21,50,mean_p,12,0.15342215419876959,0.10718201596017457,mean_p|train_n=12|p=50,419,694,-1.3777999999999999,0.93608999999999998
3109871136,21,50,mean_p,12,0.19575461940869981,0.057877763803072926,mean_p|train_n=12|p=50,420,696,-1.3777999999999999,0.93608999999999998
1127853166,21,50,mean_p,12,0.30613406757103623,0.011607367165177254,mean_p|train_n=12|p=50,421,697,-1.3777999999999999,0.93608999999999998
3595684680,21,50,mean_p,12,0.29172372769373123,0.014316292330809569,mean_p|train_n=12|p=50,422,699,-1.3777999999999999,0.93608999999999998
1903945308,21,50,mean_p,12,0.15589753583783875,0.10338879525674752,mean_p|train_n=12|p=50,423,700,-1.3777999999999999,0.93608999999999998
1089482885,21,50,mean_p,12,0.26230344787755822,0.02196922206241159,mean_p|train_n=12|p=50,424,701,-1.3777999999999999,0.93608999999999998
3479948377,21,50,mean_p,12,0.26151321901126412,0.02222338515481137,mean_p|train_n=12|p=50,425,704,-1.3777999999999999,0.93608999999999998
3214290095,21,50,mean_p,12,0.079999614619444034,0.31208438789979887,mean_p|train_n=12|p=50,426,705,-1.3777999999999999,0.93608999999999998
2194214275,21,50,mean_p,12,0.26814019275071715,0.020179803719327257,mean_p|train_n=12|p=50,427,706,-1.3777999999999999,0.93608999999999998
1695366965,21,50,mean_p,12,0.26704547013290297,0.020503942202133054,mean_p|train_n=12|p=50,428,707,-1.3777999999999999,0.93608999999999998
2835624623,21,50,mean_p,12,0.48147726402644864,0.00090423003238698546,mean_p|train_n=12|p=50,429,708,-1.3777999999999999,0.93608999999999998
2910038785,21,50,mean_p,12,0.40463088898892741,0.0027674084971931611,mean_p|train_n=12|p=50,430,712,-1.3777999999999999,0.93608999999999998
3391868728,21,50,mean_p,12,0.21513919606317636,0.043648530151807377,mean_p|train_n=12|p=50,431,713,-1.3777999999999999,0.93608999999999998
564961936,21,50,mean_p,12,0.15507180659291087,0.10463896357363818,mean_p|train_n=12|p=50,432,715,-1.3777999999999999,0.93608999999999998
789702839,21,50,mean_p,12,0.32950875667515905,0.0082597630455248719,mean_p|train_n=12|p=50,433,717,-1.3777999999999999,0.93608999999999998
3700979296,21,50,mean_p,12,0.27493629431461863,0.018279086954403258,mean_p|train_n=12|p=50,434,721,-1.3777999999999999,0.93608999999999998
740348674,21,50,mean_p,12,0.19113956373263896,0.061899396830899733,mean_p|train_n=12|p=50,435,724,-1.3777999999999999,0.93608999999999998
717974591,21,50,mean_p,12,0.10579513110254858,0.21438891926478554,mean_p|train_n=12|p=50,436,725,-1.3777999999999999,0.93608999999999998
3034125704,21,50,mean_p,12,0.31983273687413383,0.0095090209607899545,mean_p|train_n=12|p=50,437,727,-1.3777999999999999,0.93608999999999998
1247180444,21,50,mean_p,12,0.45312467454138655,0.0013661975586791817,mean_p|train_n=12|p=50,438,728,-1.3777999999999999,0.93608999999999998
4130273207,21,50,mean_p,12,0.3244476256146559,0.0088912369858783064,mean_p|train_n=12|p=50,439,731,-1.3777999999999999,0.93608999999999998
3025028353,21,50,mean_p,12,0.30722999128296735,0.011423671294194526,mean_p|train_n=12|p=50,440,732,-1.3777999999999999,0.93608999999999998
2130093085,21,50,mean_p,12,0.32049554681930115,0.0094177198121188875,mean_p|train_n=12|p=50,441,733,-1.3777999999999999,0.93608999999999998
851561310,21,50,mean_p,12,0.2221308216962655,0.039424950240721637,mean_p|train_n=12|p=50,442,734,-1.3777999999999999,0.93608999999999998
3947715667,21,50,mean_p,12,0.34102196617031733,0.0069853044458615338,mean_p|train_n=12|p=50,443,735,-1.3777999999999999,0.93608999999999998
2785215157,21,50,mean_p,12,0.19707576146404712,0.056775369848590614,mean_p|train_n=12|p=50,444,736,-1.3777999999999999,0.93608999999999998
3294909200,21,50,mean_p,12,0.13767257854319581,0.13479845354197081,mean_p|train_n=12|p=50,445,737,-1.3777999999999999,0.93608999999999998
2366096946,21,50,mean_p,12,0.29283097257899254,0.014087403868881592,mean_p|train_n=12|p=50,446,738,-1.3777999999999999,0.93608999999999998
211728447,21,50,mean_p,12,0.31963030257484892,0.00953708205964327,mean_p|train_n=12|p=50,447,739,-1.3777999999999999,0.93608999999999998
4270636587,21,50,mean_p,12,0.024488350334602282,0.70015422217592338,mean_p|train_n=12|p=50,448,741,-1.3777999999999999,0.93608999999999998
2732631369,21,50,mean_p,12,0.12845905326536694,0.15414498747741284,mean_p|train_n=12|p=50,449,742,-1.3777999999999999,0.93608999999999998
2077491670,21,50,mean_p,12,0.27155618351389749,0.0192009319456234,mean_p|train_n=12|p=50,450,743,-1.3777999999999999,0.93608999999999998
3603552822,21,50,mean_p,12,0.16721466712411956,0.08768610093491723,mean_p|train_n=12|p=50,451,744,-1.3777999999999999,0.93608999999999998
3425252634,21,50,mean_p,12,0.20383841551351656,0.051452795541675193,mean_p|train_n=12|p=50,452,747,-1.3777999999999999,0.93608999999999998
3932519603,21,50,mean_p,12,0.16472550409906403,0.090921444422379566,mean_p|train_n=12|p=50,453,748,-1.3777999999999999,0.93608999999999998
1645733151,21,50,mean_p,12,0.30378471342778524,0.012011174312181506,mean_p|train_n=12|p=50,454,752,-1.3777999999999999,0.93608999999999998
2421864026,21,50,mean_p,12,0.14767972138589394,0.11652616573691724,mean_p|train_n=12|p=50,455,753,-1.3777999999999999,0.93608999999999998
2137870848,21,50,mean_p,12,0.23194402761120808,0.03417713846012136,mean_p|train_n=12|p=50,456,754,-1.3777999999999999,0.93608999999999998
3010964342,21,50,mean_p,12,0.16938503316766645,0.084959218366062211,mean_p|train_n=12|p=50,457,755,-1.3777999999999999,0.93608999999999998
634745293,21,50,mean_p,12,0.3960103353995994,0.0031373951401419574,mean_p|train_n=12|p=50,458,756,-1.3777999999999999,0.93608999999999998
3580101717,21,50,mean_p,12,0.32754357546873319,0.0084994483059028601,mean_p|train_n=12|p=50,459,757,-1.3777999999999999,0.93608999999999998
3537103697,21,50,mean_p,12,0.064166388075736575,0.39297402218438782,mean_p|train_n=12|p=50,460,758,-1.3777999999999999,0.93608999999999998
629831362,21,50,mean_p,12,0.20216466210235357,0.05272175098368273,mean_p|train_n=12|p=50,461,759,-1.3777999999999999,0.93608999999999998
654969200,21,50,mean_p,12,0.29910069203823675,0.012858672029052661,mean_p|train_n=12|p=50,462,760,-1.3777999999999999,0.93608999999999998
3520630388,21,50,mean_p,12,0.32154030769099035,0.0092755821036176796,mean_p|train_n=12|p=50,463,762,-1.3777999999999999,0.93608999999999998
3837720703,21,50,mean_p,12,0.33263106293664219,0.0078927713903865614,mean_p|train_n=12|p=50,464,763,-1.3777999999999999,0.93608999999999998
3083425331,21,50,mean_p,12,0.14251634758162554,0.12562162141894509,mean_p|train_n=12|p=50,465,766,-1.3777999999999999,0.93608999999999998
2649164674,21,50,mean_p,12,0.36731948748061094,0.0047636751926872205,mean_p|train_n=12|p=50,466,768,-1.3777999999999999,0.93608999999999998
1915060188,21,50,mean_p,12,0.20364781541508467,0.051595743989225167,mean_p|train_n=12|p=50,467,769,-1.3777999999999999,0.93608999999999998
2226526635,21,50,mean_p,12,0.32066581026161101,0.0093944081161307542,mean_p|train_n=12|p=50,468,771,-1.3777999999999999,0.93608999999999998
682409424,21,50,mean_p,12,0.18249110151209771,0.070203504868274869,mean_p|train_n=12|p=50,469,774,-1.3777999999999999,0.93608999999999998
2165840815,21,50,mean_p,12,0.17429878809435198,0.079094733682574275,mean_p|train_n=12|p=50,470,776,-1.3777999999999999,0.93608999999999998
925852931,21,50,mean_p,12,0.11537309073685632,0.18648934298705361,mean_p|train_n=12|p=50,471,779,-1.3777999999999999,0.93608999999999998
3598660758,21,50,mean_p,12,0.40102599450979542,0.0029165006586350578,mean_p|train_n=12|p=50,472,780,-1.3777999999999999,0.93608999999999998
4023199144,21,50,mean_p,12,0.18915841960302399,0.063710421321134386,mean_p|train_n=12|p=50,473,782,-1.3777999999999999,0.93608999999999998
3185111280,21,50,mean_p,12,0.18230923979582256,0.070389593479043486,mean_p|train_n=12|p=50,474,787,-1.3777999999999999,0.93608999999999998
963532838,21,50,mean_p,12,0.17298520181200439,0.080621629998639838,mean_p|train_n=12|p=50,475,792,-1.3777999999999999,0.93608999999999998
3576921471,21,50,mean_p,12,0.17949283729984275,0.073335238931429916,mean_p|train_n=12|p=50,476,793,-1.3777999999999999,0.93608999999999998
624822348,21,50,mean_p,12,0.30707331884148836,0.011449753142933589,mean_p|train_n=12|p=50,477,795,-1.3777999999999999,0.93608999999999998
3258404160,21,50,mean_p,12,0.34078835866687129,0.0070090977897910283,mean_p|train_n=12|p=50,478,796,-1.3777999999999999,0.93608999999999998
3937775528,21,50,mean_p,12,0.22992905642273392,0.03519440278003106,mean_p|train_n=12|p=50,479,797,-1.3777999999999999,0.93608999999999998
3382659738,21,50,mean_p,12,0.13596387740355786,0.13819320401112226,mean_p|train_n=12|p=50,480,798,-1.3777999999999999,0.93608999999999998
1033735484,21,50,mean_p,12,0.11398219859741628,0.19030347743158058,mean_p|train_n=12|p=50,481,800,-1.3777999999999999,0.93608999999999998
163536366,21,50,mean_p,12,0.18446649043064817,0.068213623041028751,mean_p|train_n=12|p=50,482,801,-1.3777999999999999,0.93608999999999998
2187028989,21,50,mean_p,12,0.17490126579706641,0.078404127640519294,mean_p|train_n=12|p=50,483,804,-1.3777999999999999,0.93608999999999998
2312663827,21,50,mean_p,12,0.38322411810567969,0.0037791919700521999,mean_p|train_n=12|p=50,484,805,-1.3777999999999999,0.93608999999999998
3041855467,21,50,mean_p,12,0.22466667055795547,0.037996225447291289,mean_p|train_n=12|p=50,485,808,-1.3777999999999999,0.93608999999999998
3148777663,21,50,mean_p,12,0.60332248047919546,0.00015346825769766039,mean_p|train_n=12|p=50,486,810,-1.3777999999999999,0.93608999999999998
809072087,21,50,mean_p,12,0.23714449201210813,0.031685479705433867,mean_p|train_n=12|p=50,487,811,-1.3777999999999999,0.93608999999999998
3335165850,21,50,mean_p,12,0.21854197849452456,0.041539234830163939,mean_p|train_n=12|p=50,488,812,-1.3777999999999999,0.93608999999999998
1725146427,21,50,mean_p,12,0.251653377537426,0.025653137081088174,mean_p|train_n=12|p=50,489,813,-1.3777999999999999,0.93608999999999998
3112347896,21,50,mean_p,12,0.18772229159943046,0.065056268120910643,mean_p|train_n=12|p=50,490,814,-1.3777999999999999,0.93608999999999998
3364538709,21,50,mean_p,12,0.18476888400114869,0.067914029141300514,mean_p|train_n=12|p=50,491,815,-1.3777999999999999,0.93608999999999998
2212589286,21,50,mean_p,12,0.24119684895064192,0.029870520182885774,mean_p|train_n=12|p=50,492,816,-1.3777999999999999,0.93608999999999998
2367464841,21,50,mean_p,12,0.23615265572225363,0.032146249306926084,mean_p|train_n=12|p=50,493,818,-1.3777999999999999,0.93608999999999998
3673556862,21,50,mean_p,12,0.52179213928514567,0.0005028323448507642,mean_p|train_n=12|p=50,494,819,-1.3777999999999999,0.93608999999999998
706448864,21,50,mean_p,12,0.28688569008343762,0.015360835599842049,mean_p|train_n=12|p=50,495,820,-1.3777999999999999,0.93608999999999998
1778508224,21,50,mean_p,12,0.32021480875870834,0.0094562835817580057,mean_p|train_n=12|p=50,496,821,-1.3777999999999999,0.93608999999999998
1014481133,21,50,mean_p,12,0.46122571957594599,0.0012142320621345952,mean_p|train_n=12|p=50,497,822,-1.3777999999999999,0.93608999999999998
3859133641,21,50,mean_p,12,0.15443618004831816,0.10561160073318683,mean_p|train_n=12|p=50,498,824,-1.3777999999999999,0.93608999999999998
2354379181,21,50,mean_p,12,0.11114434111549132,0.19832917667462441,mean_p|train_n=12|p=50,499,826,-1.3777999999999999,0.93608999999999998
3354723630,21,20,mean_p,16,0.36618189100097265,0.0048432134059415138,mean_p|train_n=16|p=20,0,0,-1.4699865275911022,0.91371400752453102
2176748400,21,20,mean_p,16,0.50691786970028785,0.00062438553531753475,mean_p|train_n=16|p=20,1,1,-1.4699865275911022,0.91371400752453102
1115075033,21,20,mean_p,16,0.27985091794543371,0.017017120222501465,mean_p|train_n=16|p=20,2,2,-1.4699865275911022,0.91371400752453102
1245627120,21,20,mean_p,16,0.32003609682707063,0.0094809146807828641,mean_p|train_n=16|p=20,3,3,-1.4699865275911022,0.91371400752453102
4269703487,21,20,mean_p,16,0.21219574253441437,0.04555930049751962,mean_p|train_n=16|p=20,4,4,-1.4699865275911022,0.91371400752453102
1232613813,21,20,mean_p,16,0.30495973971365825,0.01180748461591017,mean_p|train_n=16|p=20,5,5,-1.4699865275911022,0.91371400752453102
3889578292,21,20,mean_p,16,0.29543210689085625,0.013563993001179034,mean_p|train_n=16|p=20,6,6,-1.4699865275911022,0.91371400752453102
2607494881,21,20,mean_p,16,0.36033685775829194,0.0052733153416152367,mean_p|train_n=16|p=20,7,8,-1.4699865275911022,0.91371400752453102
3565485324,21,20,mean_p,16,0.26168645792726569,0.02216741545657594,mean_p|train_n=16|p=20,8,10,-1.4699865275911022,0.91371400752453102
1489737872,21,20,mean_p,16,0.34782014212010248,0.0063271741272234354,mean_p|train_n=16|p=20,9,11,-1.4699865275911022,0.91371400752453102
2177416402,21,20,mean_p,16,0.33826846571438257,0.007270963255270534,mean_p|train_n=16|p=20,10,13,-1.4699865275911022,0.91371400752453102
2046380413,21,20,mean_p,16,0.38569953204790636,0.0036454429188052897,mean_p|train_n=16|p=20,11,15,-1.4699865275911022,0.91371400752453102
1711432012,21,20,mean_p,16,0.40723305432188023,0.0026645467466988445,mean_p|train_n=16|p=20,12,16,-1.4699865275911022,0.91371400752453102
1825273556,21,20,mean_p,16,0.39564860407929647,0.0031539583290923628,mean_p|train_n=16|p=20,13,17,-1.4699865275911022,0.91371400752453102
925276949,21,20,mean_p,16,0.3775425185698969,0.0041050260997756941,mean_p|train_n=16|p=20,14,18,-1.4699865275911022,0.91371400752453102
221899202,21,20,mean_p,16,0.380557275155401,0.0039287803348842486,mean_p|train_n=16|p=20,15,19,-1.4699865275911022,0.91371400752453102
4272958898,21,20,mean_p,16,0.3719624715423413,0.0044523665868574508,mean_p|train_n=16|p=20,16,25,-1.4699865275911022,0.91371400752453102
3191781882,21,20,mean_p,16,0.34921433694074977,0.0062000644346883764,mean_p|train_n=16|p=20,17,26,-1.4699865275911022,0.91371400752453102
3312207691,21,20,mean_p,16,0.17927230081742915,0.073571034246381201,mean_p|train_n=16|p=20,18,27,-1.4699865275911022,0.91371400752453102
2222184885,21,20,mean_p,16,0.30012219654843508,0.012668889435346279,mean_p|train_n=16|p=20,19,29,-1.4699865275911022,0.91371400752453102
90280606,21,20,mean_p,16,0.38665845219319983,0.0035949128305176733,mean_p|train_n=16|p=20,20,30,-1.4699865275911022,0.91371400752453102
1263305863,21,20,mean_p,16,0.31529466266639539,0.01015836539667877,mean_p|train_n=16|p=20,21,31,-1.4699865275911022,0.91371400752453102
3331965753,21,20,mean_p,16,0.2942009633926706,0.013809259491669465,mean_p|train_n=16|p=20,22,32,-1.4699865275911022,0.91371400752453102
124840717,21,20,mean_p,16,0.35709440130179776,0.0055281695239102506,mean_p|train_n=16|p=20,23,34,-1.4699865275911022,0.91371400752453102
4008700676,21,20,mean_p,16,0.29150319365986632,0.014362323095399076,mean_p|train_n=16|p=20,24,35,-1.4699865275911022,0.91371400752453102
422975715,21,20,mean_p,16,0.27799670616297684,0.017482667896932962,mean_p|train_n=16|p=20,25,37,-1.4699865275911022,0.91371400752453102
3377731324,21,20,mean_p,16,0.18913926680160909,0.063728185620301386,mean_p|train_n=16|p=20,26,38,-1.4699865275911022,0.91371400752453102
1073463395,21,20,mean_p,16,0.31308811771422457,0.010489934850009619,mean_p|train_n=16|p=20,27,39,-1.4699865275911022,0.91371400752453102
594310959,21,20,mean_p,16,0.26237041597193228,0.02194781703842499,mean_p|train_n=16|p=20,28,41,-1.4699865275911022,0.91371400752453102
79827878,21,20,mean_p,16,0.17683260464748365,0.076230666618255213,mean_p|train_n=16|p=20,29,44,-1.4699865275911022,0.91371400752453102
3427307713,21,20,mean_p,16,0.34917546699136348,0.0062035733897018077,mean_p|train_n=16|p=20,30,46,-1.4699865275911022,0.91371400752453102
1677207006,21,20,mean_p,16,0.28854334487541144,0.014994630249105034,mean_p|train_n=16|p=20,31,47,-1.4699865275911022,0.91371400752453102
3510257242,21,20,mean_p,16,0.38638107875049726,0.0036094565342118597,mean_p|train_n=16|p=20,32,50,-1.4699865275911022,0.91371400752453102
555397684,21,20,mean_p,16,0.36054909758381365,0.0052570491943325637,mean_p|train_n=16|p=20,33,51,-1.4699865275911022,0.91371400752453102
2304121631,21,20,mean_p,16,0.32317509872827221,0.0090574642815536184,mean_p|train_n=16|p=20,34,52,-1.4699865275911022,0.91371400752453102
359100070,21,20,mean_p,16,0.23506641768901221,0.032658565390877373,mean_p|train_n=16|p=20,35,53,-1.4699865275911022,0.91371400752453102
1568506275,21,20,mean_p,16,0.25403896668163978,0.024777624681210555,mean_p|train_n=16|p=20,36,54,-1.4699865275911022,0.91371400752453102
975884781,21,20,mean_p,16,0.41893504323528541,0.0022472309149250847,mean_p|train_n=16|p=20,37,55,-1.4699865275911022,0.91371400752453102
1828967183,21,20,mean_p,16,0.24606517021591112,0.027827043083004925,mean_p|train_n=16|p=20,38,57,-1.4699865275911022,0.91371400752453102
2990137914,21,20,mean_p,16,0.4534022427160701,0.0013606888363258758,mean_p|train_n=16|p=20,39,59,-1.4699865275911022,0.91371400752453102
4153569207,21,20,mean_p,16,0.315191355263989,0.010173652549400372,mean_p|train_n=16|p=20,40,60,-1.4699865275911022,0.91371400752453102
1515629681,21,20,mean_p,16,0.31339709691029238,0.010442861996508774,mean_p|train_n=16|p=20,41,61,-1.4699865275911022,0.91371400752453102
1325319722,21,20,mean_p,16,0.433339368525474,0.0018221699791091952,mean_p|train_n=16|p=20,42,67,-1.4699865275911022,0.91371400752453102
635587082,21,20,mean_p,16,0.22594772999558438,0.037294266696788071,mean_p|train_n=16|p=20,43,68,-1.4699865275911022,0.91371400752453102
1509726703,21,20,mean_p,16,0.25782412246578185,0.023449377391357631,mean_p|train_n=16|p=20,44,71,-1.4699865275911022,0.91371400752453102
3350515783,21,20,mean_p,16,0.41122435437614607,0.0025141536873589257,mean_p|train_n=16|p=20,45,72,-1.4699865275911022,0.91371400752453102
2013784445,21,20,mean_p,16,0.28300544629700458,0.01625340309564613,mean_p|train_n=16|p=20,46,74,-1.4699865275911022,0.91371400752453102
3370892084,21,20,mean_p,16,0.37572354288247595,0.0042151672744547763,mean_p|train_n=16|p=20,47,81,-1.4699865275911022,0.91371400752453102
2685595999,21,20,mean_p,16,0.31253180930405733,0.010575223795882445,mean_p|train_n=16|p=20,48,82,-1.4699865275911022,0.91371400752453102
2014435639,21,20,mean_p,16,0.31247627014089335,0.010583776613579602,mean_p|train_n=16|p=20,49,84,-1.4699865275911022,0.91371400752453102
4181062555,21,20,mean_p,16,0.25786547319754355,0.023435267340603277,mean_p|train_n=16|p=20,50,86,-1.4699865275911022,0.91371400752453102
2051254122,21,20,mean_p,16,0.26393710018649119,0.021452965452538181,mean_p|train_n=16|p=20,51,89,-1.4699865275911022,0.91371400752453102
3879814613,21,20,mean_p,16,0.27241791944749416,0.01896158916819507,mean_p|train_n=16|p=20,52,90,-1.4699865275911022,0.91371400752453102
3503237789,21,20,mean_p,16,0.33674568313881842,0.0074339291513854759,mean_p|train_n=16|p=20,53,91,-1.4699865275911022,0.91371400752453102
2824410898,21,20,mean_p,16,0.48307682903386168,0.00088341967882873821,mean_p|train_n=16|p=20,54,92,-1.4699865275911022,0.91371400752453102
2233423776,21,20,mean_p,16,0.34976024455439358,0.0061509922108360059,mean_p|train_n=16|p=20,55,93,-1.4699865275911022,0.91371400752453102
2400998353,21,20,mean_p,16,0.47215553469366256,0.0010356367429677558,mean_p|train_n=16|p=20,56,96,-1.4699865275911022,0.91371400752453102
4050032107,21,20,mean_p,16,0.30606086533530369,0.011619741852173768,mean_p|train_n=16|p=20,57,97,-1.4699865275911022,0.91371400752453102
2689443999,21,20,mean_p,16,0.27572444352564457,0.018070580795604977,mean_p|train_n=16|p=20,58,98,-1.4699865275911022,0.91371400752453102
279907208,21,20,mean_p,16,0.26459954262277907,0.021247097825101608,mean_p|train_n=16|p=20,59,100,-1.4699865275911022,0.91371400752453102
3092713540,21,20,mean_p,16,0.31371870035998484,0.010394090187916892,mean_p|train_n=16|p=20,60,102,-1.4699865275911022,0.91371400752453102
3407179748,21,20,mean_p,16,0.40005507027815423,0.0029580118025063977,mean_p|train_n=16|p=20,61,103,-1.4699865275911022,0.91371400752453102
1540609209,21,20,mean_p,16,0.3403487463570411,0.0070540930734452239,mean_p|train_n=16|p=20,62,104,-1.4699865275911022,0.91371400752453102
3915585587,21,20,mean_p,16,0.44472004839109908,0.0015439898499060157,mean_p|train_n=16|p=20,63,105,-1.4699865275911022,0.91371400752453102
132031570,21,20,mean_p,16,0.2533705335510309,0.02501988199640524,mean_p|train_n=16|p=20,64,108,-1.4699865275911022,0.91371400752453102
826891459,21,20,mean_p,16,0.32799097667016752,0.0084442762390640382,mean_p|train_n=16|p=20,65,109,-1.4699865275911022,0.91371400752453102
1693805803,21,20,mean_p,16,0.33456160586407319,0.0076740627487380027,mean_p|train_n=16|p=20,66,110,-1.4699865275911022,0.91371400752453102
955187031,21,20,mean_p,16,0.46696519659985908,0.00111691171647472,mean_p|train_n=16|p=20,67,111,-1.4699865275911022,0.91371400752453102
2378440757,21,20,mean_p,16,0.18462429421979218,0.068057115738324042,mean_p|train_n=16|p=20,68,112,-1.4699865275911022,0.91371400752453102
836664460,21,20,mean_p,16,0.44855534142164494,0.001460155598154832,mean_p|train_n=16|p=20,69,113,-1.4699865275911022,0.91371400752453102
435409398,21,20,mean_p,16,0.34999017382525155,0.006130440043194023,mean_p|train_n=16|p=20,70,114,-1.4699865275911022,0.91371400752453102
3918540358,21,20,mean_p,16,0.37224967600843384,0.0044337919908921889,mean_p|train_n=16|p=20,71,115,-1.4699865275911022,0.91371400752453102
265145094,21,20,mean_p,16,0.39331105407040262,0.0032631202402406499,mean_p|train_n=16|p=20,72,116,-1.4699865275911022,0.91371400752453102
4156489273,21,20,mean_p,16,0.26631310038761324,0.020723692494444529,mean_p|train_n=16|p=20,73,117,-1.4699865275911022,0.91371400752453102
825870533,21,20,mean_p,16,0.37750045703254315,0.0041075401779406134,mean_p|train_n=16|p=20,74,118,-1.4699865275911022,0.91371400752453102
401575170,21,20,mean_p,16,0.25806627791136283,0.023366867668547314,mean_p|train_n=16|p=20,75,119,-1.4699865275911022,0.91371400752453102
1096259116,21,20,mean_p,16,0.28990059359591674,0.014701299893658516,mean_p|train_n=16|p=20,76,121,-1.4699865275911022,0.91371400752453102
1940178474,21,20,mean_p,16,0.61808512310447428,0.0001237925757842988,mean_p|train_n=16|p=20,77,122,-1.4699865275911022,0.91371400752453102
2693103054,21,20,mean_p,16,0.30647638670976435,0.011549673503864932,mean_p|train_n=16|p=20,78,125,-1.4699865275911022,0.91371400752453102
872921416,21,20,mean_p,16,0.2409081882923742,0.029996293310752674,mean_p|train_n=16|p=20,79,129,-1.4699865275911022,0.91371400752453102
1941730656,21,20,mean_p,16,0.26969287064146613,0.019728836911330577,mean_p|train_n=16|p=20,80,130,-1.4699865275911022,0.91371400752453102
100811072,21,20,mean_p,16,0.25755639243040324,0.023540940322554695,mean_p|train_n=16|p=20,81,132,-1.4699865275911022,0.91371400752453102
3583772,21,20,mean_p,16,0.42667000106681219,0.0020079373584137184,mean_p|train_n=16|p=20,82,134,-1.4699865275911022,0.91371400752453102
4154984174,21,20,mean_p,16,0.32326904443140203,0.0090450868254182883,mean_p|train_n=16|p=20,83,135,-1.4699865275911022,0.91371400752453102
2350873190,21,20,mean_p,16,0.45250369322196993,0.0013786026818862912,mean_p|train_n=16|p=20,84,136,-1.4699865275911022,0.91371400752453102
545806680,21,20,mean_p,16,0.2165989325229109,0.042730867518593063,mean_p|train_n=16|p=20,85,137,-1.4699865275911022,0.91371400752453102
4121660273,21,20,mean_p,16,0.28700033629831229,0.015335222803716469,mean_p|train_n=16|p=20,86,138,-1.4699865275911022,0.91371400752453102
141537808,21,20,mean_p,16,0.32335002719115469,0.0090344308276177985,mean_p|train_n=16|p=20,87,139,-1.4699865275911022,0.91371400752453102
2524330246,21,20,mean_p,16,0.36243881274258233,0.0051144149533687636,mean_p|train_n=16|p=20,88,141,-1.4699865275911022,0.91371400752453102
2995936664,21,20,mean_p,16,0.35326334978171509,0.0058452062809061503,mean_p|train_n=16|p=20,89,142,-1.4699865275911022,0.91371400752453102
2333050325,21,20,mean_p,16,0.21455321517415088,0.044022426587727606,mean_p|train_n=16|p=20,90,143,-1.4699865275911022,0.91371400752453102
3649308922,21,20,mean_p,16,0.29377284118159652,0.013895584538753971,mean_p|train_n=16|p=20,91,146,-1.4699865275911022,0.91371400752453102
1659069990,21,20,mean_p,16,0.24400497955087802,0.028674167863082876,mean_p|train_n=16|p=20,92,148,-1.4699865275911022,0.91371400752453102
213283922,21,20,mean_p,16,0.35820385128145615,0.0054396107106858046,mean_p|train_n=16|p=20,93,149,-1.4699865275911022,0.91371400752453102
2851768155,21,20,mean_p,16,0.31007753182037351,0.010959849759162333,mean_p|train_n=16|p=20,94,150,-1.4699865275911022,0.91371400752453102
560245418,21,20,mean_p,16,0.52195076192270362,0.00050167268172359814,mean_p|train_n=16|p=20,95,151,-1.4699865275911022,0.91371400752453102
1211099238,21,20,mean_p,16,0.27820786375346934,0.017429015157412096,mean_p|train_n=16|p=20,96,153,-1.4699865275911022,0.91371400752453102
168863589,21,20,mean_p,16,0.29415404668792244,0.013818693384778015,mean_p|train_n=16|p=20,97,154,-1.4699865275911022,0.91371400752453102
2999699162,21,20,mean_p,16,0.48504315183948682,0.0008584928929631794,mean_p|train_n=16|p=20,98,156,-1.4699865275911022,0.91371400752453102
3935678789,21,20,mean_p,16,0.28171899333687744,0.01656062739163312,mean_p|train_n=16|p=20,99,157,-1.4699865275911022,0.91371400752453102
393729573,21,20,mean_p,16,0.37633058445844109,0.0041780854859090315,mean_p|train_n=16|p=20,100,158,-1.4699865275911022,0.91371400752453102
2796451925,21,20,mean_p,16,0.43699711527648838,0.0017276905824750936,mean_p|train_n=16|p=20,101,161,-1.4699865275911022,0.91371400752453102
3596312022,21,20,mean_p,16,0.27014105023190244,0.019600549963900177,mean_p|train_n=16|p=20,102,164,-1.4699865275911022,0.91371400752453102
3280264611,21,20,mean_p,16,0.27873595136549384,0.017295553822259165,mean_p|train_n=16|p=20,103,165,-1.4699865275911022,0.91371400752453102
721406063,21,20,mean_p,16,0.35055035864685269,0.0060806550668639527,mean_p|train_n=16|p=20,104,166,-1.4699865275911022,0.91371400752453102
10009482,21,20,mean_p,16,0.38502689304064192,0.003681310734484914,mean_p|train_n=16|p=20,105,167,-1.4699865275911022,0.91371400752453102
3482628924,21,20,mean_p,16,0.27102869169355204,0.019348928350115872,mean_p|train_n=16|p=20,106,172,-1.4699865275911022,0.91371400752453102
787818950,21,20,mean_p,16,0.33763603955795879,0.0073382062496687404,mean_p|train_n=16|p=20,107,174,-1.4699865275911022,0.91371400752453102
2658854933,21,20,mean_p,16,0.33235868811717523,0.0079241260756652294,mean_p|train_n=16|p=20,108,175,-1.4699865275911022,0.91371400752453102
2278766031,21,20,mean_p,16,0.430063717066551,0.0019111569030992018,mean_p|train_n=16|p=20,109,176,-1.4699865275911022,0.91371400752453102
2429681290,21,20,mean_p,16,0.38335727127851271,0.0037718742730368667,mean_p|train_n=16|p=20,110,178,-1.4699865275911022,0.91371400752453102
1438791014,21,20,mean_p,16,0.20798088140600479,0.048441974822866413,mean_p|train_n=16|p=20,111,180,-1.4699865275911022,0.91371400752453102
600703575,21,20,mean_p,16,0.18637465591322688,0.066345030932566745,mean_p|train_n=16|p=20,112,183,-1.4699865275911022,0.91371400752453102
4207285598,21,20,mean_p,16,0.30735615753479312,0.011402711118054154,mean_p|train_n=16|p=20,113,184,-1.4699865275911022,0.91371400752453102
1906862795,21,20,mean_p,16,0.3017168741121693,0.012378202538941698,mean_p|train_n=16|p=20,114,189,-1.4699865275911022,0.91371400752453102
3950794463,21,20,mean_p,16,0.41088375364322371,0.0025266493466951849,mean_p|train_n=16|p=20,115,192,-1.4699865275911022,0.91371400752453102
2343080735,21,20,mean_p,16,0.40900384935554501,0.0025967433794857188,mean_p|train_n=16|p=20,116,194,-1.4699865275911022,0.91371400752453102
423565571,21,20,mean_p,16,0.38127307680572808,0.0038880578147819189,mean_p|train_n=16|p=20,117,199,-1.4699865275911022,0.91371400752453102
915371351,21,20,mean_p,16,0.44521954164805322,0.0015328047214196133,mean_p|train_n=16|p=20,118,200,-1.4699865275911022,0.91371400752453102
2098331963,21,20,mean_p,16,0.48907306029620917,0.00080958250469749722,mean_p|train_n=16|p=20,119,201,-1.4699865275911022,0.91371400752453102
1700002286,21,20,mean_p,16,0.45013256127720275,0.0014270149981478028,mean_p|train_n=16|p=20,120,202,-1.4699865275911022,0.91371400752453102
48093813,21,20,mean_p,16,0.23606329922691607,0.032188088534796926,mean_p|train_n=16|p=20,121,203,-1.4699865275911022,0.91371400752453102
92586313,21,20,mean_p,16,0.2478396879527533,0.027117472974941888,mean_p|train_n=16|p=20,122,205,-1.4699865275911022,0.91371400752453102
2304557853,21,20,mean_p,16,0.5382739853827283,0.00039557703851650356,mean_p|train_n=16|p=20,123,206,-1.4699865275911022,0.91371400752453102
1596644571,21,20,mean_p,16,0.20123783899301798,0.05343783543708093,mean_p|train_n=16|p=20,124,211,-1.4699865275911022,0.91371400752453102
186209711,21,20,mean_p,16,0.25129343312647723,0.025787896424562216,mean_p|train_n=16|p=20,125,212,-1.4699865275911022,0.91371400752453102
519088917,21,20,mean_p,16,0.20557770539046136,0.050166503075254831,mean_p|train_n=16|p=20,126,214,-1.4699865275911022,0.91371400752453102
3944427840,21,20,mean_p,16,0.31160088827036969,0.010719499418596642,mean_p|train_n=16|p=20,127,215,-1.4699865275911022,0.91371400752453102
1047560861,21,20,mean_p,16,0.41357955899020266,0.0024294227281664049,mean_p|train_n=16|p=20,128,216,-1.4699865275911022,0.91371400752453102
3022445642,21,20,mean_p,16,0.36740271021096454,0.0047579079817993159,mean_p|train_n=16|p=20,129,217,-1.4699865275911022,0.91371400752453102
1828794662,21,20,mean_p,16,0.2772308911874849,0.017678642216955424,mean_p|train_n=16|p=20,130,218,-1.4699865275911022,0.91371400752453102
3547864347,21,20,mean_p,16,0.38102867340549401,0.0039019144395498486,mean_p|train_n=16|p=20,131,220,-1.4699865275911022,0.91371400752453102
1004275520,21,20,mean_p,16,0.25937914294587333,0.022924562288691608,mean_p|train_n=16|p=20,132,221,-1.4699865275911022,0.91371400752453102
661790761,21,20,mean_p,16,0.21207239745382964,0.045641172151770985,mean_p|train_n=16|p=20,133,222,-1.4699865275911022,0.91371400752453102
3512573469,21,20,mean_p,16,0.27749414802106015,0.017611027462489201,mean_p|train_n=16|p=20,134,226,-1.4699865275911022,0.91371400752453102
3504995893,21,20,mean_p,16,0.35549782274096142,0.0056581483660932616,mean_p|train_n=16|p=20,135,227,-1.4699865275911022,0.91371400752453102
1775421790,21,20,mean_p,16,0.3818335608406192,0.003856466308427241,mean_p|train_n=16|p=20,136,228,-1.4699865275911022,0.91371400752453102
661502386,21,20,mean_p,16,0.42175165642527801,0.0021569601154415555,mean_p|train_n=16|p=20,137,229,-1.4699865275911022,0.91371400752453102
4163783785,21,20,mean_p,16,0.17818887171348866,0.074740482835576313,mean_p|train_n=16|p=20,138,230,-1.4699865275911022,0.91371400752453102
3306855708,21,20,mean_p,16,0.24643404619593731,0.027678029188399428,mean_p|train_n=16|p=20,139,231,-1.4699865275911022,0.91371400752453102
4162867813,21,20,mean_p,16,0.32369129323801665,0.00898966357913643,mean_p|train_n=16|p=20,140,233,-1.4699865275911022,0.91371400752453102
1086872198,21,20,mean_p,16,0.39766430930641256,0.0030627631174303853,mean_p|train_n=16|p=20,141,235,-1.4699865275911022,0.91371400752453102
369944328,21,20,mean_p,16,0.45334601246598893,0.0013618030060115402,mean_p|train_n=16|p=20,142,236,-1.4699865275911022,0.91371400752453102
1048559745,21,20,mean_p,16,0.34936230898502979,0.0061867245214737359,mean_p|train_n=16|p=20,143,238,-1.4699865275911022,0.91371400752453102
2568370123,21,20,mean_p,16,0.30344078574580413,0.012071455930576867,mean_p|train_n=16|p=20,144,239,-1.4699865275911022,0.91371400752453102
1972338955,21,20,mean_p,16,0.3485410336423409,0.0062611279252297487,mean_p|train_n=16|p=20,145,240,-1.4699865275911022,0.91371400752453102
1648087850,21,20,mean_p,16,0.29212895794840721,0.014232095266760593,mean_p|train_n=16|p=20,146,242,-1.4699865275911022,0.91371400752453102
1375085011,21,20,mean_p,16,0.26281633115062636,0.021805819881275217,mean_p|train_n=16|p=20,147,244,-1.4699865275911022,0.91371400752453102
1152146392,21,20,mean_p,16,0.27946858041933287,0.017112090303244266,mean_p|train_n=16|p=20,148,246,-1.4699865275911022,0.91371400752453102
1551172710,21,20,mean_p,16,0.26085814422184084,0.022436305945511641,mean_p|train_n=16|p=20,149,247,-1.4699865275911022,0.91371400752453102
3612312326,21,20,mean_p,16,0.37027213709863044,0.0045632743895190463,mean_p|train_n=16|p=20,150,250,-1.4699865275911022,0.91371400752453102
2592035967,21,20,mean_p,16,0.29003680745883897,0.01467217989662652,mean_p|train_n=16|p=20,151,252,-1.4699865275911022,0.91371400752453102
600741071,21,20,mean_p,16,0.38449310915116408,0.003710025216038595,mean_p|train_n=16|p=20,152,254,-1.4699865275911022,0.91371400752453102
1765642567,21,20,mean_p,16,0.2918934345521032,0.014280970890390538,mean_p|train_n=16|p=20,153,255,-1.4699865275911022,0.91371400752453102
1470648472,21,20,mean_p,16,0.31305057757711735,0.010495668511697108,mean_p|train_n=16|p=20,154,257,-1.4699865275911022,0.91371400752453102
3302313973,21,20,mean_p,16,0.35877944999638645,0.0053942255057377242,mean_p|train_n=16|p=20,155,258,-1.4699865275911022,0.91371400752453102
3445120214,21,20,mean_p,16,0.22218570688876421,0.039393465680530731,mean_p|train_n=16|p=20,156,259,-1.4699865275911022,0.91371400752453102
3485428739,21,20,mean_p,16,0.23142345194567723,0.034437101016512629,mean_p|train_n=16|p=20,157,260,-1.4699865275911022,0.91371400752453102
4231791255,21,20,mean_p,16,0.19099740713561161,0.062027614418014687,mean_p|train_n=16|p=20,158,261,-1.4699865275911022,0.91371400752453102
931665386,21,20,mean_p,16,0.33971477676713652,0.0071194903660322176,mean_p|train_n=16|p=20,159,263,-1.4699865275911022,0.91371400752453102
3234175550,21,20,mean_p,16,0.28425057561164541,0.015961476380214567,mean_p|train_n=16|p=20,160,264,-1.4699865275911022,0.91371400752453102
1420933722,21,20,mean_p,16,0.29266451195407062,0.014121579260465787,mean_p|train_n=16|p=20,161,265,-1.4699865275911022,0.91371400752453102
4088734943,21,20,mean_p,16,0.21951902669465176,0.040952644865613418,mean_p|train_n=16|p=20,162,267,-1.4699865275911022,0.91371400752453102
932870481,21,20,mean_p,16,0.33633619020258898,0.0074783722737082276,mean_p|train_n=16|p=20,163,269,-1.4699865275911022,0.91371400752453102
1693504378,21,20,mean_p,16,0.42225834808884954,0.0021411100866596485,mean_p|train_n=16|p=20,164,270,-1.4699865275911022,0.91371400752453102
270740767,21,20,mean_p,16,0.2547759224968788,0.024513250781352143,mean_p|train_n=16|p=20,165,272,-1.4699865275911022,0.91371400752453102
3450118433,21,20,mean_p,16,0.25880767568603835,0.023116051679032291,mean_p|train_n=16|p=20,166,273,-1.4699865275911022,0.91371400752453102
1852588907,21,20,mean_p,16,0.32961542793058268,0.0082469479270304846,mean_p|train_n=16|p=20,167,274,-1.4699865275911022,0.91371400752453102
746107683,21,20,mean_p,16,0.2977335691500354,0.013117122196531671,mean_p|train_n=16|p=20,168,275,-1.4699865275911022,0.91371400752453102
2497304370,21,20,mean_p,16,0.21011770376674899,0.046958437689217217,mean_p|train_n=16|p=20,169,278,-1.4699865275911022,0.91371400752453102
3546196867,21,20,mean_p,16,0.23968248963121758,0.030536271260811022,mean_p|train_n=16|p=20,170,279,-1.4699865275911022,0.91371400752453102
4097340239,21,20,mean_p,16,0.31168150722736071,0.01070692749771252,mean_p|train_n=16|p=20,171,283,-1.4699865275911022,0.91371400752453102
1290830508,21,20,mean_p,16,0.33649781244565874,0.0074607994234515375,mean_p|train_n=16|p=20,172,284,-1.4699865275911022,0.91371400752453102
2058533609,21,20,mean_p,16,0.37221529724887581,0.0044360113058607232,mean_p|train_n=16|p=20,173,289,-1.4699865275911022,0.91371400752453102
723145320,21,20,mean_p,16,0.41118709296079842,0.0025155176852751891,mean_p|train_n=16|p=20,174,293,-1.4699865275911022,0.91371400752453102
505758993,21,20,mean_p,16,0.35123475357478257,0.0060203796175517963,mean_p|train_n=16|p=20,175,296,-1.4699865275911022,0.91371400752453102
1456895635,21,20,mean_p,16,0.24807516174973121,0.027024684832166863,mean_p|train_n=16|p=20,176,298,-1.4699865275911022,0.91371400752453102
3108410937,21,20,mean_p,16,0.45512291466644494,0.0013270319231436754,mean_p|train_n=16|p=20,177,299,-1.4699865275911022,0.91371400752453102
3378905944,21,20,mean_p,16,0.30879693404778308,0.011166062796394621,mean_p|train_n=16|p=20,178,300,-1.4699865275911022,0.91371400752453102
2189336570,21,20,mean_p,16,0.337589081175243,0.0073432238519720956,mean_p|train_n=16|p=20,179,301,-1.4699865275911022,0.91371400752453102
1546714456,21,20,mean_p,16,0.38012833666008145,0.0039533870718971992,mean_p|train_n=16|p=20,180,302,-1.4699865275911022,0.91371400752453102
2072351799,21,20,mean_p,16,0.29090101774793453,0.014488766908487334,mean_p|train_n=16|p=20,181,303,-1.4699865275911022,0.91371400752453102
169879946,21,20,mean_p,16,0.58012689910526993,0.00021510595998146744,mean_p|train_n=16|p=20,182,304,-1.4699865275911022,0.91371400752453102
1542335012,21,20,mean_p,16,0.33499234002532108,0.0076260983881938716,mean_p|train_n=16|p=20,183,305,-1.4699865275911022,0.91371400752453102
936036962,21,20,mean_p,16,0.45473351706167348,0.0013345750393287008,mean_p|train_n=16|p=20,184,310,-1.4699865275911022,0.91371400752453102
2660036179,21,20,mean_p,16,0.18829303737605133,0.06451803076501865,mean_p|train_n=16|p=20,185,312,-1.4699865275911022,0.91371400752453102
1379548162,21,20,mean_p,16,0.26600745863659891,0.02081609654509451,mean_p|train_n=16|p=20,186,313,-1.4699865275911022,0.91371400752453102
3435915949,21,20,mean_p,16,0.26735377275188044,0.020412133210877134,mean_p|train_n=16|p=20,187,318,-1.4699865275911022,0.91371400752453102
2725657895,21,20,mean_p,16,0.24705117623076178,0.027430510822862034,mean_p|train_n=16|p=20,188,320,-1.4699865275911022,0.91371400752453102
4215605597,21,20,mean_p,16,0.22440058168920135,0.038143678323382155,mean_p|train_n=16|p=20,189,321,-1.4699865275911022,0.91371400752453102
3220877392,21,20,mean_p,16,0.34019430108063031,0.0070699693566011459,mean_p|train_n=16|p=20,190,323,-1.4699865275911022,0.91371400752453102
1495529953,21,20,mean_p,16,0.25140774240592761,0.025745023718164447,mean_p|train_n=16|p=20,191,325,-1.4699865275911022,0.91371400752453102
2545968368,21,20,mean_p,16,0.44850462476915792,0.0014612339358574642,mean_p|train_n=16|p=20,192,326,-1.4699865275911022,0.91371400752453102
533996670,21,20,mean_p,16,0.31674625561095077,0.0099459757722392388,mean_p|train_n=16|p=20,193,327,-1.4699865275911022,0.91371400752453102
4234232617,21,20,mean_p,16,0.32909830789529321,0.0083092589553595483,mean_p|train_n=16|p=20,194,328,-1.4699865275911022,0.91371400752453102
2040001124,21,20,mean_p,16,0.30712567000880997,0.011441031430018411,mean_p|train_n=16|p=20,195,329,-1.4699865275911022,0.91371400752453102
1281599001,21,20,mean_p,16,0.52538800414204145,0.00047719015954455921,mean_p|train_n=16|p=20,196,330,-1.4699865275911022,0.91371400752453102
2950799355,21,20,mean_p,16,0.31672942735715898,0.009948412373126183,mean_p|train_n=16|p=20,197,331,-1.4699865275911022,0.91371400752453102
365800914,21,20,mean_p,16,0.41740375637514049,0.0022978830920810213,mean_p|train_n=16|p=20,198,332,-1.4699865275911022,0.91371400752453102
3656606449,21,20,mean_p,16,0.26457924329211707,0.021253376821807734,mean_p|train_n=16|p=20,199,333,-1.4699865275911022,0.91371400752453102
3941506969,21,20,mean_p,16,0.26507300886948315,0.021101170131915262,mean_p|train_n=16|p=20,200,334,-1.4699865275911022,0.91371400752453102
3985124678,21,20,mean_p,16,0.25723613456960048,0.023650937370432914,mean_p|train_n=16|p=20,201,335,-1.4699865275911022,0.91371400752453102
1245049182,21,20,mean_p,16,0.38286136880372224,0.003799199679975582,mean_p|train_n=16|p=20,202,337,-1.4699865275911022,0.91371400752453102
3070144023,21,20,mean_p,16,0.44552595911001192,0.001525983267851333,mean_p|train_n=16|p=20,203,338,-1.4699865275911022,0.91371400752453102
2451908816,21,20,mean_p,16,0.3375374780484347,0.0073487417117425891,mean_p|train_n=16|p=20,204,339,-1.4699865275911022,0.91371400752453102
416037595,21,20,mean_p,16,0.2971567543585078,0.013227719411113075,mean_p|train_n=16|p=20,205,340,-1.4699865275911022,0.91371400752453102
2177299577,21,20,mean_p,16,0.25505123067919722,0.024415212683709477,mean_p|train_n=16|p=20,206,341,-1.4699865275911022,0.91371400752453102
816779025,21,20,mean_p,16,0.46695750134277059,0.0011170368319585347,mean_p|train_n=16|p=20,207,343,-1.4699865275911022,0.91371400752453102
1800426879,21,20,mean_p,16,0.34741332992323215,0.0063647522430148188,mean_p|train_n=16|p=20,208,344,-1.4699865275911022,0.91371400752453102
574864300,21,20,mean_p,16,0.28470603712435283,0.015856005962658775,mean_p|train_n=16|p=20,209,345,-1.4699865275911022,0.91371400752453102
3618744067,21,20,mean_p,16,0.44340546185366253,0.001573818951120777,mean_p|train_n=16|p=20,210,347,-1.4699865275911022,0.91371400752453102
2683299720,21,20,mean_p,16,0.21872073251329885,0.041431291906528736,mean_p|train_n=16|p=20,211,348,-1.4699865275911022,0.91371400752453102
93705121,21,20,mean_p,16,0.23184909646375815,0.034224397977068777,mean_p|train_n=16|p=20,212,350,-1.4699865275911022,0.91371400752453102
2856198958,21,20,mean_p,16,0.3607551739791644,0.0052413034266492638,mean_p|train_n=16|p=20,213,351,-1.4699865275911022,0.91371400752453102
758218571,21,20,mean_p,16,0.41821425748134233,0.0022709325830779252,mean_p|train_n=16|p=20,214,353,-1.4699865275911022,0.91371400752453102
2426123852,21,20,mean_p,16,0.42032936758140016,0.0022020810432920438,mean_p|train_n=16|p=20,215,354,-1.4699865275911022,0.91371400752453102
2306912376,21,20,mean_p,16,0.30996538734848111,0.010977755064969435,mean_p|train_n=16|p=20,216,355,-1.4699865275911022,0.91371400752453102
3886028575,21,20,mean_p,16,0.26923159866900803,0.019861748275860805,mean_p|train_n=16|p=20,217,357,-1.4699865275911022,0.91371400752453102
1947050928,21,20,mean_p,16,0.32718135207354826,0.0085443804780144395,mean_p|train_n=16|p=20,218,358,-1.4699865275911022,0.91371400752453102
67078226,21,20,mean_p,16,0.23318070415848444,0.033567414114312778,mean_p|train_n=16|p=20,219,359,-1.4699865275911022,0.91371400752453102
1117963036,21,20,mean_p,16,0.22586537091277145,0.037339002854139589,mean_p|train_n=16|p=20,220,360,-1.4699865275911022,0.91371400752453102
339810346,21,20,mean_p,16,0.28777397445106501,0.015163499318962615,mean_p|train_n=16|p=20,221,361,-1.4699865275911022,0.91371400752453102
2566221254,21,20,mean_p,16,0.44139285915713217,0.0016206069608361742,mean_p|train_n=16|p=20,222,362,-1.4699865275911022,0.91371400752453102
3600093714,21,20,mean_p,16,0.22113462190492281,0.040000807656908909,mean_p|train_n=16|p=20,223,363,-1.4699865275911022,0.91371400752453102
2718174989,21,20,mean_p,16,0.26833934778865659,0.020121388817602223,mean_p|train_n=16|p=20,224,364,-1.4699865275911022,0.91371400752453102
3005314539,21,20,mean_p,16,0.30709463502230433,0.011446201061612645,mean_p|train_n=16|p=20,225,365,-1.4699865275911022,0.91371400752453102
2070246470,21,20,mean_p,16,0.31206609202178898,0.010647157024723044,mean_p|train_n=16|p=20,226,367,-1.4699865275911022,0.91371400752453102
2055788637,21,20,mean_p,16,0.30895170135571043,0.011140936125519783,mean_p|train_n=16|p=20,227,368,-1.4699865275911022,0.91371400752453102
1044379565,21,20,mean_p,16,0.39711766384887121,0.0030872308034496556,mean_p|train_n=16|p=20,228,370,-1.4699865275911022,0.91371400752453102
2687624100,21,20,mean_p,16,0.28405852095797046,0.01600616015364132,mean_p|train_n=16|p=20,229,371,-1.4699865275911022,0.91371400752453102
743012420,21,20,mean_p,16,0.48315200224261867,0.00088245354491648721,mean_p|train_n=16|p=20,230,372,-1.4699865275911022,0.91371400752453102
1776840628,21,20,mean_p,16,0.27196155794428684,0.019087967251154053,mean_p|train_n=16|p=20,231,375,-1.4699865275911022,0.91371400752453102
1897735682,21,20,mean_p,16,0.37533932258695457,0.0042388076780447304,mean_p|train_n=16|p=20,232,377,-1.4699865275911022,0.91371400752453102
2670816481,21,20,mean_p,16,0.19051083506970887,0.062468489830253555,mean_p|train_n=16|p=20,233,378,-1.4699865275911022,0.91371400752453102
3485602387,21,20,mean_p,16,0.51915526260427081,0.00052250754319787358,mean_p|train_n=16|p=20,234,380,-1.4699865275911022,0.91371400752453102
3804017753,21,20,mean_p,16,0.30931658731805861,0.011081919989781622,mean_p|train_n=16|p=20,235,381,-1.4699865275911022,0.91371400752453102
2715989971,21,20,mean_p,16,0.41760778429449164,0.0022910688501090594,mean_p|train_n=16|p=20,236,383,-1.4699865275911022,0.91371400752453102
2104332862,21,20,mean_p,16,0.33279936622611167,0.0078734590451256543,mean_p|train_n=16|p=20,237,385,-1.4699865275911022,0.91371400752453102
2879385252,21,20,mean_p,16,0.30391375128581072,0.011988635056514185,mean_p|train_n=16|p=20,238,387,-1.4699865275911022,0.91371400752453102
3687553338,21,20,mean_p,16,0.31861983469586885,0.0096783945677416956,mean_p|train_n=16|p=20,239,388,-1.4699865275911022,0.91371400752453102
4222544801,21,20,mean_p,16,0.22435601173447647,0.038168432609417768,mean_p|train_n=16|p=20,240,390,-1.4699865275911022,0.91371400752453102
838657333,21,20,mean_p,16,0.35814127497583492,0.0054445677264820923,mean_p|train_n=16|p=20,241,391,-1.4699865275911022,0.91371400752453102
3582894688,21,20,mean_p,16,0.19130084813507559,0.061754247896457677,mean_p|train_n=16|p=20,242,392,-1.4699865275911022,0.91371400752453102
4223304587,21,20,mean_p,16,0.34096628294795445,0.0069909685401046712,mean_p|train_n=16|p=20,243,393,-1.4699865275911022,0.91371400752453102
3609102680,21,20,mean_p,16,0.36724619602139247,0.0047687599701125849,mean_p|train_n=16|p=20,244,394,-1.4699865275911022,0.91371400752453102
1871157340,21,20,mean_p,16,0.25329327555114534,0.025048034543559521,mean_p|train_n=16|p=20,245,395,-1.4699865275911022,0.91371400752453102
1422738803,21,20,mean_p,16,0.42230524751374726,0.0021396489089498131,mean_p|train_n=16|p=20,246,398,-1.4699865275911022,0.91371400752453102
3447696132,21,20,mean_p,16,0.25441704115657454,0.024641640838910534,mean_p|train_n=16|p=20,247,400,-1.4699865275911022,0.91371400752453102
116357280,21,20,mean_p,16,0.33827184557802403,0.007270605550113122,mean_p|train_n=16|p=20,248,401,-1.4699865275911022,0.91371400752453102
1933945271,21,20,mean_p,16,0.36069536444879585,0.0052458684553361992,mean_p|train_n=16|p=20,249,402,-1.4699865275911022,0.91371400752453102
2157053081,21,20,mean_p,16,0.29483662573561598,0.013682075055551633,mean_p|train_n=16|p=20,250,403,-1.4699865275911022,0.91371400752453102
1145932838,21,20,mean_p,16,0.25807832128135405,0.0233627717131638,mean_p|train_n=16|p=20,251,404,-1.4699865275911022,0.91371400752453102
4284287590,21,20,mean_p,16,0.36178854433144531,0.0051630545958014206,mean_p|train_n=16|p=20,252,406,-1.4699865275911022,0.91371400752453102
4270524297,21,20,mean_p,16,0.41980227512331714,0.0022190412821046905,mean_p|train_n=16|p=20,253,407,-1.4699865275911022,0.91371400752453102
4147046594,21,20,mean_p,16,0.23239775045145089,0.033952161651925016,mean_p|train_n=16|p=20,254,408,-1.4699865275911022,0.91371400752453102
620332207,21,20,mean_p,16,0.28182668050028004,0.01653468887451855,mean_p|train_n=16|p=20,255,409,-1.4699865275911022,0.91371400752453102
2543443615,21,20,mean_p,16,0.35975028281312904,0.0053185329284444237,mean_p|train_n=16|p=20,256,410,-1.4699865275911022,0.91371400752453102
2480708302,21,20,mean_p,16,0.40108093639404274,0.0029141691515762137,mean_p|train_n=16|p=20,257,411,-1.4699865275911022,0.91371400752453102
4154508856,21,20,mean_p,16,0.27930898180667407,0.01715189015829325,mean_p|train_n=16|p=20,258,413,-1.4699865275911022,0.91371400752453102
1397452161,21,20,mean_p,16,0.45722502078105171,0.0012870417453139449,mean_p|train_n=16|p=20,259,417,-1.4699865275911022,0.91371400752453102
973634123,21,20,mean_p,16,0.27001943100838938,0.019635279558345715,mean_p|train_n=16|p=20,260,420,-1.4699865275911022,0.91371400752453102
2196355982,21,20,mean_p,16,0.23150117193630274,0.034398164378955959,mean_p|train_n=16|p=20,261,421,-1.4699865275911022,0.91371400752453102
3821136836,21,20,mean_p,16,0.31622600161216152,0.01002158121205095,mean_p|train_n=16|p=20,262,422,-1.4699865275911022,0.91371400752453102
213028635,21,20,mean_p,16,0.34118139504814754,0.0069691127157472214,mean_p|train_n=16|p=20,263,423,-1.4699865275911022,0.91371400752453102
1138248500,21,20,mean_p,16,0.18945783070168126,0.063433359242353313,mean_p|train_n=16|p=20,264,424,-1.4699865275911022,0.91371400752453102
3567812186,21,20,mean_p,16,0.32846723261118072,0.0083859393713465284,mean_p|train_n=16|p=20,265,425,-1.4699865275911022,0.91371400752453102
3725582983,21,20,mean_p,16,0.32553980945696703,0.0087510024208853204,mean_p|train_n=16|p=20,266,427,-1.4699865275911022,0.91371400752453102
1131974203,21,20,mean_p,16,0.3533374338701038,0.0058389063556888235,mean_p|train_n=16|p=20,267,429,-1.4699865275911022,0.91371400752453102
35012682,21,20,mean_p,16,0.42309171045272831,0.0021152942505816073,mean_p|train_n=16|p=20,268,431,-1.4699865275911022,0.91371400752453102
935928611,21,20,mean_p,16,0.35338041694826117,0.0058352542955128588,mean_p|train_n=16|p=20,269,434,-1.4699865275911022,0.91371400752453102
999198218,21,20,mean_p,16,0.24858548343217562,0.026824681431232542,mean_p|train_n=16|p=20,270,436,-1.4699865275911022,0.91371400752453102
1932448916,21,20,mean_p,16,0.38508240292044438,0.0036783374115879766,mean_p|train_n=16|p=20,271,437,-1.4699865275911022,0.91371400752453102
2619812079,21,20,mean_p,16,0.38686329171468481,0.0035842099771985409,mean_p|train_n=16|p=20,272,438,-1.4699865275911022,0.91371400752453102
357686740,21,20,mean_p,16,0.35299542080954249,0.0058680470869138142,mean_p|train_n=16|p=20,273,439,-1.4699865275911022,0.91371400752453102
3726250120,21,20,mean_p,16,0.23453293131478842,0.032913161952213901,mean_p|train_n=16|p=20,274,442,-1.4699865275911022,0.91371400752453102
665266549,21,20,mean_p,16,0.25082317428980117,0.025965023473574211,mean_p|train_n=16|p=20,275,444,-1.4699865275911022,0.91371400752453102
2853423593,21,20,mean_p,16,0.19353777769632705,0.059775854899482256,mean_p|train_n=16|p=20,276,445,-1.4699865275911022,0.91371400752453102
875688802,21,20,mean_p,16,0.21494241469443628,0.043773734812139531,mean_p|train_n=16|p=20,277,447,-1.4699865275911022,0.91371400752453102
1201202725,21,20,mean_p,16,0.33330475536156967,0.007815750547537437,mean_p|train_n=16|p=20,278,448,-1.4699865275911022,0.91371400752453102
532066705,21,20,mean_p,16,0.2914707528353066,0.01436910675232495,mean_p|train_n=16|p=20,279,449,-1.4699865275911022,0.91371400752453102
272460322,21,20,mean_p,16,0.28366530442080751,0.01609803722971713,mean_p|train_n=16|p=20,280,451,-1.4699865275911022,0.91371400752453102
335947255,21,20,mean_p,16,0.39235743735028272,0.003308731218034561,mean_p|train_n=16|p=20,281,452,-1.4699865275911022,0.91371400752453102
214204887,21,20,mean_p,16,0.20944232956341313,0.047422353682885748,mean_p|train_n=16|p=20,282,456,-1.4699865275911022,0.91371400752453102
2622442927,21,20,mean_p,16,0.46834485516149538,0.001094705136639895,mean_p|train_n=16|p=20,283,457,-1.4699865275911022,0.91371400752453102
3009920405,21,20,mean_p,16,0.31601690681002992,0.010052129390610998,mean_p|train_n=16|p=20,284,458,-1.4699865275911022,0.91371400752453102
2553140439,21,20,mean_p,16,0.35995418868182294,0.0053027705415062843,mean_p|train_n=16|p=20,285,459,-1.4699865275911022,0.91371400752453102
2494603240,21,20,mean_p,16,0.48735572032461505,0.00083007532114119295,mean_p|train_n=16|p=20,286,461,-1.4699865275911022,0.91371400752453102
2832032159,21,20,mean_p,16,0.27846438165564397,0.017364058341301739,mean_p|train_n=16|p=20,287,462,-1.4699865275911022,0.91371400752453102
525664642,21,20,mean_p,16,0.39001287694697873,0.0034235993261038599,mean_p|train_n=16|p=20,288,463,-1.4699865275911022,0.91371400752453102
3437955838,21,20,mean_p,16,0.20203772828766636,0.052819252908490211,mean_p|train_n=16|p=20,289,464,-1.4699865275911022,0.91371400752453102
206776875,21,20,mean_p,16,0.26071783946032639,0.022482174185068961,mean_p|train_n=16|p=20,290,465,-1.4699865275911022,0.91371400752453102
3324461648,21,20,mean_p,16,0.26686135914756981,0.020558965155529182,mean_p|train_n=16|p=20,291,467,-1.4699865275911022,0.91371400752453102
1975296219,21,20,mean_p,16,0.24029811494975173,0.03026385513730177,mean_p|train_n=16|p=20,292,468,-1.4699865275911022,0.91371400752453102
792980862,21,20,mean_p,16,0.25451950896594194,0.024604914470266838,mean_p|train_n=16|p=20,293,471,-1.4699865275911022,0.91371400752453102
2546005210,21,20,mean_p,16,0.36718726057363871,0.0047728527001963681,mean_p|train_n=16|p=20,294,476,-1.4699865275911022,0.91371400752453102
2582897989,21,20,mean_p,16,0.42854710923149864,0.0019538165179364651,mean_p|train_n=16|p=20,295,477,-1.4699865275911022,0.91371400752453102
3814969317,21,20,mean_p,16,0.18245249198492342,0.070242970592493403,mean_p|train_n=16|p=20,296,478,-1.4699865275911022,0.91371400752453102
2295579342,21,20,mean_p,16,0.40326190451894317,0.0028231079385523071,mean_p|train_n=16|p=20,297,479,-1.4699865275911022,0.91371400752453102
1709689613,21,20,mean_p,16,0.4285458401763092,0.0019538526101113671,mean_p|train_n=16|p=20,298,480,-1.4699865275911022,0.91371400752453102
3265065758,21,20,mean_p,16,0.28961842283756178,0.014761806764392534,mean_p|train_n=16|p=20,299,481,-1.4699865275911022,0.91371400752453102
3805892012,21,20,mean_p,16,0.33888515061047164,0.0072059873635070618,mean_p|train_n=16|p=20,300,483,-1.4699865275911022,0.91371400752453102
2115986241,21,20,mean_p,16,0.24182492771219341,0.02959867732877481,mean_p|train_n=16|p=20,301,484,-1.4699865275911022,0.91371400752453102
4252026439,21,20,mean_p,16,0.41363937444907528,0.002427308400791322,mean_p|train_n=16|p=20,302,485,-1.4699865275911022,0.91371400752453102
3863697290,21,20,mean_p,16,0.31724631386976898,0.0098738429168329506,mean_p|train_n=16|p=20,303,486,-1.4699865275911022,0.91371400752453102
2308861760,21,20,mean_p,16,0.21522214230406714,0.04359586189594792,mean_p|train_n=16|p=20,304,487,-1.4699865275911022,0.91371400752453102
913316440,21,20,mean_p,16,0.43010999640959274,0.0019098698928297431,mean_p|train_n=16|p=20,305,488,-1.4699865275911022,0.91371400752453102
561381175,21,20,mean_p,16,0.23783246574475164,0.03136975820633827,mean_p|train_n=16|p=20,306,489,-1.4699865275911022,0.91371400752453102
850460030,21,20,mean_p,16,0.36728790934777794,0.004765865339163582,mean_p|train_n=16|p=20,307,492,-1.4699865275911022,0.91371400752453102
3551025431,21,20,mean_p,16,0.24077941570952785,0.030052571853549679,mean_p|train_n=16|p=20,308,493,-1.4699865275911022,0.91371400752453102
2935938192,21,20,mean_p,16,0.18577675650833791,0.066924956822806539,mean_p|train_n=16|p=20,309,494,-1.4699865275911022,0.91371400752453102
3457598499,21,20,mean_p,16,0.31619591702947164,0.010025970762987288,mean_p|train_n=16|p=20,310,496,-1.4699865275911022,0.91371400752453102
5962405,21,20,mean_p,16,0.39999184926333969,0.0029607351682250896,mean_p|train_n=16|p=20,311,498,-1.4699865275911022,0.91371400752453102
1161814478,21,20,mean_p,16,0.36115724800842208,0.0052107176284731981,mean_p|train_n=16|p=20,312,503,-1.4699865275911022,0.91371400752453102
1780533724,21,20,mean_p,16,0.30065780945646992,0.012570501360429247,mean_p|train_n=16|p=20,313,504,-1.4699865275911022,0.91371400752453102
3747228238,21,20,mean_p,16,0.32464633389834979,0.0088655569878936958,mean_p|train_n=16|p=20,314,505,-1.4699865275911022,0.91371400752453102
3841262990,21,20,mean_p,16,0.21435852626200294,0.044147359099931595,mean_p|train_n=16|p=20,315,510,-1.4699865275911022,0.91371400752453102
2853125310,21,20,mean_p,16,0.26731272724080252,0.020424332332497092,mean_p|train_n=16|p=20,316,511,-1.4699865275911022,0.91371400752453102
330677851,21,20,mean_p,16,0.41648357688676868,0.0023288684842441504,mean_p|train_n=16|p=20,317,512,-1.4699865275911022,0.91371400752453102
376264054,21,20,mean_p,16,0.48274276799009314,0.00088772587679773274,mean_p|train_n=16|p=20,318,513,-1.4699865275911022,0.91371400752453102
3295832269,21,20,mean_p,16,0.34586973428728462,0.0065093787696303574,mean_p|train_n=16|p=20,319,514,-1.4699865275911022,0.91371400752453102
4018570978,21,20,mean_p,16,0.227782380745496,0.036311491596834167,mean_p|train_n=16|p=20,320,515,-1.4699865275911022,0.91371400752453102
2789936632,21,20,mean_p,16,0.21077075468609313,0.046514171868420447,mean_p|train_n=16|p=20,321,516,-1.4699865275911022,0.91371400752453102
3487463332,21,20,mean_p,16,0.28119268598972769,0.016687985205739223,mean_p|train_n=16|p=20,322,517,-1.4699865275911022,0.91371400752453102
4222768763,21,20,mean_p,16,0.32589724535823189,0.0087055903369119281,mean_p|train_n=16|p=20,323,518,-1.4699865275911022,0.91371400752453102
3695501312,21,20,mean_p,16,0.31950251778154626,0.0095548379893367289,mean_p|train_n=16|p=20,324,520,-1.4699865275911022,0.91371400752453102
36152212,21,20,mean_p,16,0.48578896384705039,0.00084922340830241843,mean_p|train_n=16|p=20,325,524,-1.4699865275911022,0.91371400752453102
364766426,21,20,mean_p,16,0.3075256736538583,0.011374609703632415,mean_p|train_n=16|p=20,326,525,-1.4699865275911022,0.91371400752453102
1855774639,21,20,mean_p,16,0.33050480584292485,0.0081408721500836785,mean_p|train_n=16|p=20,327,527,-1.4699865275911022,0.91371400752453102
1395394126,21,20,mean_p,16,0.2748760637565224,0.018295119649503404,mean_p|train_n=16|p=20,328,528,-1.4699865275911022,0.91371400752453102
2002824144,21,20,mean_p,16,0.29017307820308219,0.014643105455763292,mean_p|train_n=16|p=20,329,529,-1.4699865275911022,0.91371400752453102
1859437147,21,20,mean_p,16,0.2585470641164877,0.023203908626448361,mean_p|train_n=16|p=20,330,531,-1.4699865275911022,0.91371400752453102
291158343,21,20,mean_p,16,0.34820999658253698,0.0062913706360027835,mean_p|train_n=16|p=20,331,535,-1.4699865275911022,0.91371400752453102
4170669351,21,20,mean_p,16,0.34005030179309514,0.0070848040257596437,mean_p|train_n=16|p=20,332,536,-1.4699865275911022,0.91371400752453102
2416705882,21,20,mean_p,16,0.38981196179448963,0.0034336264317267871,mean_p|train_n=16|p=20,333,538,-1.4699865275911022,0.91371400752453102
1590915272,21,20,mean_p,16,0.28900708971729322,0.014893752676858484,mean_p|train_n=16|p=20,334,539,-1.4699865275911022,0.91371400752453102
2781508402,21,20,mean_p,16,0.44414326674751825,0.0015570072724604149,mean_p|train_n=16|p=20,335,541,-1.4699865275911022,0.91371400752453102
53151790,21,20,mean_p,16,0.19772694703463356,0.056239754707880084,mean_p|train_n=16|p=20,336,542,-1.4699865275911022,0.91371400752453102
1525611862,21,20,mean_p,16,0.30254719458725371,0.012229497309378241,mean_p|train_n=16|p=20,337,543,-1.4699865275911022,0.91371400752453102
1797196775,21,20,mean_p,16,0.43495326832920966,0.0017798623235811895,mean_p|train_n=16|p=20,338,544,-1.4699865275911022,0.91371400752453102
2119081525,21,20,mean_p,16,0.25396593971558801,0.02480397698140387,mean_p|train_n=16|p=20,339,547,-1.4699865275911022,0.91371400752453102
2860475657,21,20,mean_p,16,0.32556236265035321,0.0087481300579162827,mean_p|train_n=16|p=20,340,548,-1.4699865275911022,0.91371400752453102
2141057955,21,20,mean_p,16,0.38445310821952561,0.003712186033920502,mean_p|train_n=16|p=20,341,549,-1.4699865275911022,0.91371400752453102
3190659276,21,20,mean_p,16,0.38235619523172204,0.0038272395009784476,mean_p|train_n=16|p=20,342,550,-1.4699865275911022,0.91371400752453102
3223789956,21,20,mean_p,16,0.55297972976490928,0.00031934991233728137,mean_p|train_n=16|p=20,343,551,-1.4699865275911022,0.91371400752453102
2275653288,21,20,mean_p,16,0.27575687450105058,0.018062052261832971,mean_p|train_n=16|p=20,344,552,-1.4699865275911022,0.91371400752453102
1966131451,21,20,mean_p,16,0.25742101804008899,0.023587373995650682,mean_p|train_n=16|p=20,345,553,-1.4699865275911022,0.91371400752453102
3212585885,21,20,mean_p,16,0.23129931490433339,0.03449938339134781,mean_p|train_n=16|p=20,346,554,-1.4699865275911022,0.91371400752453102
118017839,21,20,mean_p,16,0.31328524666609292,0.010459877892295544,mean_p|train_n=16|p=20,347,555,-1.4699865275911022,0.91371400752453102
339281450,21,20,mean_p,16,0.3061319162203236,0.011607730658546396,mean_p|train_n=16|p=20,348,557,-1.4699865275911022,0.91371400752453102
3518434984,21,20,mean_p,16,0.24757386965990608,0.027222601194588598,mean_p|train_n=16|p=20,349,558,-1.4699865275911022,0.91371400752453102
1388735920,21,20,mean_p,16,0.22742707325902808,0.036499777041572944,mean_p|train_n=16|p=20,350,563,-1.4699865275911022,0.91371400752453102
272173273,21,20,mean_p,16,0.30206214113254731,0.01231614899791655,mean_p|train_n=16|p=20,351,567,-1.4699865275911022,0.91371400752453102
3133908295,21,20,mean_p,16,0.29380467398686577,0.013889147355462273,mean_p|train_n=16|p=20,352,568,-1.4699865275911022,0.91371400752453102
2782474505,21,20,mean_p,16,0.50599580034242864,0.00063282235815409395,mean_p|train_n=16|p=20,353,569,-1.4699865275911022,0.91371400752453102
2420358557,21,20,mean_p,16,0.29738182422716575,0.013184454493873926,mean_p|train_n=16|p=20,354,571,-1.4699865275911022,0.91371400752453102
3636924620,21,20,mean_p,16,0.25849228245237654,0.02322241896190292,mean_p|train_n=16|p=20,355,572,-1.4699865275911022,0.91371400752453102
2144873331,21,20,mean_p,16,0.37886136982154855,0.0040269722158102839,mean_p|train_n=16|p=20,356,573,-1.4699865275911022,0.91371400752453102
1813229187,21,20,mean_p,16,0.38162377678963322,0.0038682605500886431,mean_p|train_n=16|p=20,357,574,-1.4699865275911022,0.91371400752453102
2698814445,21,20,mean_p,16,0.32129140053399646,0.0093092495596088926,mean_p|train_n=16|p=20,358,576,-1.4699865275911022,0.91371400752453102
221930443,21,20,mean_p,16,0.2562764472602922,0.023983642725285279,mean_p|train_n=16|p=20,359,578,-1.4699865275911022,0.91371400752453102
1310144747,21,20,mean_p,16,0.22623736437965197,0.037137367114648323,mean_p|train_n=16|p=20,360,579,-1.4699865275911022,0.91371400752453102
2301628173,21,20,mean_p,16,0.31551875812787117,0.010125283262756843,mean_p|train_n=16|p=20,361,583,-1.4699865275911022,0.91371400752453102
4168108364,21,20,mean_p,16,0.43487658125186346,0.0017818502292328718,mean_p|train_n=16|p=20,362,584,-1.4699865275911022,0.91371400752453102
3643280564,21,20,mean_p,16,0.17883323761419131,0.074042735679013899,mean_p|train_n=16|p=20,363,587,-1.4699865275911022,0.91371400752453102
1466798990,21,20,mean_p,16,0.26165015213910392,0.022179133374366476,mean_p|train_n=16|p=20,364,592,-1.4699865275911022,0.91371400752453102
1313895028,21,20,mean_p,16,0.33743465098699144,0.0073597492504643564,mean_p|train_n=16|p=20,365,597,-1.4699865275911022,0.91371400752453102
2061442388,21,20,mean_p,16,0.39438318603753941,0.0032125911272449549,mean_p|train_n=16|p=20,366,598,-1.4699865275911022,0.91371400752453102
566194669,21,20,mean_p,16,0.30609619245569092,0.011613768229095957,mean_p|train_n=16|p=20,367,599,-1.4699865275911022,0.91371400752453102
2125570371,21,20,mean_p,16,0.26640339265311047,0.020696473186483693,mean_p|train_n=16|p=20,368,604,-1.4699865275911022,0.91371400752453102
1617953188,21,20,mean_p,16,0.43439250369183086,0.0017944499778951022,mean_p|train_n=16|p=20,369,606,-1.4699865275911022,0.91371400752453102
1564374652,21,20,mean_p,16,0.28747955975327139,0.015228622349378435,mean_p|train_n=16|p=20,370,609,-1.4699865275911022,0.91371400752453102
687117513,21,20,mean_p,16,0.33770919666601584,0.0073303960887253685,mean_p|train_n=16|p=20,371,610,-1.4699865275911022,0.91371400752453102
1753935619,21,20,mean_p,16,0.24662557523096776,0.027600972686053271,mean_p|train_n=16|p=20,372,611,-1.4699865275911022,0.91371400752453102
1473326148,21,20,mean_p,16,0.46217154006134936,0.0011976297324164194,mean_p|train_n=16|p=20,373,612,-1.4699865275911022,0.91371400752453102
4139061530,21,20,mean_p,16,0.3737351582088963,0.0043389500028799847,mean_p|train_n=16|p=20,374,613,-1.4699865275911022,0.91371400752453102
865956281,21,20,mean_p,16,0.24562860140681739,0.02800443963087634,mean_p|train_n=16|p=20,375,615,-1.4699865275911022,0.91371400752453102
1184155200,21,20,mean_p,16,0.33656312951864803,0.0074537093555203521,mean_p|train_n=16|p=20,376,616,-1.4699865275911022,0.91371400752453102
13595688,21,20,mean_p,16,0.33292700699361477,0.0078588441282656882,mean_p|train_n=16|p=20,377,617,-1.4699865275911022,0.91371400752453102
1134600253,21,20,mean_p,16,0.22756729364085868,0.036425354760453769,mean_p|train_n=16|p=20,378,620,-1.4699865275911022,0.91371400752453102
3725774067,21,20,mean_p,16,0.38297147111050417,0.0037931157343028907,mean_p|train_n=16|p=20,379,621,-1.4699865275911022,0.91371400752453102
4266785032,21,20,mean_p,16,0.18635437722962336,0.066364617440584098,mean_p|train_n=16|p=20,380,622,-1.4699865275911022,0.91371400752453102
3968106610,21,20,mean_p,16,0.35418820815985508,0.0057670435352682441,mean_p|train_n=16|p=20,381,624,-1.4699865275911022,0.91371400752453102
4049887013,21,20,mean_p,16,0.25193992940914878,0.025546358765757591,mean_p|train_n=16|p=20,382,626,-1.4699865275911022,0.91371400752453102
3793472987,21,20,mean_p,16,0.26863183417540804,0.020035904942886089,mean_p|train_n=16|p=20,383,627,-1.4699865275911022,0.91371400752453102
777302482,21,20,mean_p,16,0.33874058245930838,0.0072211672286136772,mean_p|train_n=16|p=20,384,628,-1.4699865275911022,0.91371400752453102
3443111558,21,20,mean_p,16,0.31705926252920597,0.0099007634194071166,mean_p|train_n=16|p=20,385,629,-1.4699865275911022,0.91371400752453102
2051674479,21,20,mean_p,16,0.34544724145741151,0.0065495337805077537,mean_p|train_n=16|p=20,386,630,-1.4699865275911022,0.91371400752453102
273577359,21,20,mean_p,16,0.14482124974946048,0.12147688758566261,mean_p|train_n=16|p=20,387,631,-1.4699865275911022,0.91371400752453102
1227948579,21,20,mean_p,16,0.35947744178721441,0.0053396974749608953,mean_p|train_n=16|p=20,388,632,-1.4699865275911022,0.91371400752453102
1291586452,21,20,mean_p,16,0.4165717882183757,0.0023258801077770167,mean_p|train_n=16|p=20,389,635,-1.4699865275911022,0.91371400752453102
926096126,21,20,mean_p,16,0.34811232977090278,0.0063003211047476734,mean_p|train_n=16|p=20,390,636,-1.4699865275911022,0.91371400752453102
2690842241,21,20,mean_p,16,0.21816619667098186,0.041767073447274428,mean_p|train_n=16|p=20,391,638,-1.4699865275911022,0.91371400752453102
3231448210,21,20,mean_p,16,0.37104574050230105,0.0045121772264459228,mean_p|train_n=16|p=20,392,640,-1.4699865275911022,0.91371400752453102
643450771,21,20,mean_p,16,0.36949117236291612,0.0046154447198692647,mean_p|train_n=16|p=20,393,644,-1.4699865275911022,0.91371400752453102
1864523646,21,20,mean_p,16,0.48652859036614665,0.00084012964885972453,mean_p|train_n=16|p=20,394,647,-1.4699865275911022,0.91371400752453102
2613781530,21,20,mean_p,16,0.54977486842335133,0.00033460062557341989,mean_p|train_n=16|p=20,395,648,-1.4699865275911022,0.91371400752453102
11330522,21,20,mean_p,16,0.29503840103872259,0.013641948940471502,mean_p|train_n=16|p=20,396,649,-1.4699865275911022,0.91371400752453102
3440417247,21,20,mean_p,16,0.41134569580759744,0.002509716965427317,mean_p|train_n=16|p=20,397,650,-1.4699865275911022,0.91371400752453102
832720826,21,20,mean_p,16,0.27931873568155241,0.017149455135151759,mean_p|train_n=16|p=20,398,651,-1.4699865275911022,0.91371400752453102
2064699685,21,20,mean_p,16,0.38255599531639717,0.0038161248792655204,mean_p|train_n=16|p=20,399,655,-1.4699865275911022,0.91371400752453102
381072177,21,20,mean_p,16,0.36808406459653636,0.0047109529655986401,mean_p|train_n=16|p=20,400,658,-1.4699865275911022,0.91371400752453102
3783269327,21,20,mean_p,16,0.46003278485899762,0.0012355006782184895,mean_p|train_n=16|p=20,401,661,-1.4699865275911022,0.91371400752453102
2189865909,21,20,mean_p,16,0.2074581114735235,0.048811999444378244,mean_p|train_n=16|p=20,402,663,-1.4699865275911022,0.91371400752453102
766618263,21,20,mean_p,16,0.32403712093837889,0.0089445242257979816,mean_p|train_n=16|p=20,403,665,-1.4699865275911022,0.91371400752453102
2993069274,21,20,mean_p,16,0.3018580577894438,0.012352790433383738,mean_p|train_n=16|p=20,404,666,-1.4699865275911022,0.91371400752453102
217894542,21,20,mean_p,16,0.42319873807440556,0.002112001391321222,mean_p|train_n=16|p=20,405,668,-1.4699865275911022,0.91371400752453102
430613735,21,20,mean_p,16,0.24624501643482211,0.027754291107401494,mean_p|train_n=16|p=20,406,669,-1.4699865275911022,0.91371400752453102
380357449,21,20,mean_p,16,0.33064291422787861,0.008124522845871885,mean_p|train_n=16|p=20,407,671,-1.4699865275911022,0.91371400752453102
1242449480,21,20,mean_p,16,0.23982017991650376,0.030475130770158242,mean_p|train_n=16|p=20,408,673,-1.4699865275911022,0.91371400752453102
2973275819,21,20,mean_p,16,0.23349611965509912,0.033413652092688359,mean_p|train_n=16|p=20,409,674,-1.4699865275911022,0.91371400752453102
80968775,21,20,mean_p,16,0.36921729667012421,0.0046338811892565109,mean_p|train_n=16|p=20,410,677,-1.4699865275911022,0.91371400752453102
2320268231,21,20,mean_p,16,0.29793683147136141,0.013078369860707904,mean_p|train_n=16|p=20,411,681,-1.4699865275911022,0.91371400752453102
176683536,21,20,mean_p,16,0.35065711437612196,0.0060712133945364649,mean_p|train_n=16|p=20,412,684,-1.4699865275911022,0.91371400752453102
3485360423,21,20,mean_p,16,0.13406485106227212,0.14206648253981496,mean_p|train_n=16|p=20,413,685,-1.4699865275911022,0.91371400752453102
3590532356,21,20,mean_p,16,0.41529469107968664,0.0023695215337945991,mean_p|train_n=16|p=20,414,687,-1.4699865275911022,0.91371400752453102
2545398206,21,20,mean_p,16,0.39533624971621478,0.0031683309493762525,mean_p|train_n=16|p=20,415,688,-1.4699865275911022,0.91371400752453102
3996579285,21,20,mean_p,16,0.2744649144986856,0.018404939218617702,mean_p|train_n=16|p=20,416,689,-1.4699865275911022,0.91371400752453102
472339403,21,20,mean_p,16,0.39536807989769768,0.003166863328756553,mean_p|train_n=16|p=20,417,691,-1.4699865275911022,0.91371400752453102
2380605843,21,20,mean_p,16,0.34795653747949773,0.0063146247235967481,mean_p|train_n=16|p=20,418,693,-1.4699865275911022,0.91371400752453102
3638604186,21,20,mean_p,16,0.23616369378165955,0.032141084751976572,mean_p|train_n=16|p=20,419,694,-1.4699865275911022,0.91371400752453102
3109871136,21,20,mean_p,16,0.30197700154326107,0.012331421858210054,mean_p|train_n=16|p=20,420,696,-1.4699865275911022,0.91371400752453102
1127853166,21,20,mean_p,16,0.36405885036426944,0.0049952207211191556,mean_p|train_n=16|p=20,421,697,-1.4699865275911022,0.91371400752453102
3595684680,21,20,mean_p,16,0.35546473563521763,0.0056608740936999235,mean_p|train_n=16|p=20,422,699,-1.4699865275911022,0.91371400752453102
1903945308,21,20,mean_p,16,0.22315613740377138,0.038840918140736994,mean_p|train_n=16|p=20,423,700,-1.4699865275911022,0.91371400752453102
1089482885,21,20,mean_p,16,0.35626042179143591,0.0055956876236164374,mean_p|train_n=16|p=20,424,701,-1.4699865275911022,0.91371400752453102
3479948377,21,20,mean_p,16,0.35630544882880544,0.0055920213128310458,mean_p|train_n=16|p=20,425,704,-1.4699865275911022,0.91371400752453102
3214290095,21,20,mean_p,16,0.17114650780652529,0.08280853805305792,mean_p|train_n=16|p=20,426,705,-1.4699865275911022,0.91371400752453102
2194214275,21,20,mean_p,16,0.33659536835953974,0.0074502123627711702,mean_p|train_n=16|p=20,427,706,-1.4699865275911022,0.91371400752453102
1695366965,21,20,mean_p,16,0.35345803392445951,0.0058286653494495511,mean_p|train_n=16|p=20,428,707,-1.4699865275911022,0.91371400752453102
2835624623,21,20,mean_p,16,0.53062574535795226,0.00044216098361440101,mean_p|train_n=16|p=20,429,708,-1.4699865275911022,0.91371400752453102
2910038785,21,20,mean_p,16,0.3994159500933892,0.0029856588589232506,mean_p|train_n=16|p=20,430,712,-1.4699865275911022,0.91371400752453102
3391868728,21,20,mean_p,16,0.29450867823762611,0.013747544407170945,mean_p|train_n=16|p=20,431,713,-1.4699865275911022,0.91371400752453102
564961936,21,20,mean_p,16,0.25078157865725309,0.025980749271512765,mean_p|train_n=16|p=20,432,715,-1.4699865275911022,0.91371400752453102
789702839,21,20,mean_p,16,0.38375512626934305,0.0037500936732463544,mean_p|train_n=16|p=20,433,717,-1.4699865275911022,0.91371400752453102
3700979296,21,20,mean_p,16,0.34540836289953419,0.0065532413404667438,mean_p|train_n=16|p=20,434,721,-1.4699865275911022,0.91371400752453102
740348674,21,20,mean_p,16,0.28075083985802723,0.016795660746467444,mean_p|train_n=16|p=20,435,724,-1.4699865275911022,0.91371400752453102
717974591,21,20,mean_p,16,0.20693345493698101,0.049186201215773682,mean_p|train_n=16|p=20,436,725,-1.4699865275911022,0.91371400752453102
3034125704,21,20,mean_p,16,0.35884731713348178,0.0053888992883814272,mean_p|train_n=16|p=20,437,727,-1.4699865275911022,0.91371400752453102
1247180444,21,20,mean_p,16,0.49196538853246025,0.00077620580378402087,mean_p|train_n=16|p=20,438,728,-1.4699865275911022,0.91371400752453102
4130273207,21,20,mean_p,16,0.39327928536634105,0.0032646295478123331,mean_p|train_n=16|p=20,439,731,-1.4699865275911022,0.91371400752453102
3025028353,21,20,mean_p,16,0.38838306246343923,0.0035057909549658316,mean_p|train_n=16|p=20,440,732,-1.4699865275911022,0.91371400752453102
2130093085,21,20,mean_p,16,0.41143187550549271,0.0025065706511576244,mean_p|train_n=16|p=20,441,733,-1.4699865275911022,0.91371400752453102
851561310,21,20,mean_p,16,0.30215906891422373,0.01229878452406068,mean_p|train_n=16|p=20,442,734,-1.4699865275911022,0.91371400752453102
3947715667,21,20,mean_p,16,0.39660919827070484,0.0031101650020554975,mean_p|train_n=16|p=20,443,735,-1.4699865275911022,0.91371400752453102
2785215157,21,20,mean_p,16,0.27883666420934083,0.017270217370589251,mean_p|train_n=16|p=20,444,736,-1.4699865275911022,0.91371400752453102
3294909200,21,20,mean_p,16,0.22908176098269473,0.035631153994729124,mean_p|train_n=16|p=20,445,737,-1.4699865275911022,0.91371400752453102
2366096946,21,20,mean_p,16,0.35186209990239697,0.0059656535079522692,mean_p|train_n=16|p=20,446,738,-1.4699865275911022,0.91371400752453102
211728447,21,20,mean_p,16,0.3431458558258399,0.0067726540882391828,mean_p|train_n=16|p=20,447,739,-1.4699865275911022,0.91371400752453102
4270636587,21,20,mean_p,16,0.1029635688864723,0.22340990474614306,mean_p|train_n=16|p=20,448,741,-1.4699865275911022,0.91371400752453102
2732631369,21,20,mean_p,16,0.22755798131522584,0.036430292590463986,mean_p|train_n=16|p=20,449,742,-1.4699865275911022,0.91371400752453102
2077491670,21,20,mean_p,16,0.34578187870290111,0.0065177085086680379,mean_p|train_n=16|p=20,450,743,-1.4699865275911022,0.91371400752453102
3603552822,21,20,mean_p,16,0.25619286496976434,0.024012839735737802,mean_p|train_n=16|p=20,451,744,-1.4699865275911022,0.91371400752453102
3425252634,21,20,mean_p,16,0.26957591122074048,0.019762453310088142,mean_p|train_n=16|p=20,452,747,-1.4699865275911022,0.91371400752453102
3932519603,21,20,mean_p,16,0.26319228194928995,0.021686816193733988,mean_p|train_n=16|p=20,453,748,-1.4699865275911022,0.91371400752453102
1645733151,21,20,mean_p,16,0.34968081094762082,0.0061581083644519155,mean_p|train_n=16|p=20,454,752,-1.4699865275911022,0.91371400752453102
2421864026,21,20,mean_p,16,0.24024982775963005,0.030285134252964384,mean_p|train_n=16|p=20,455,753,-1.4699865275911022,0.91371400752453102
2137870848,21,20,mean_p,16,0.33731423938948835,0.0073726601572728818,mean_p|train_n=16|p=20,456,754,-1.4699865275911022,0.91371400752453102
3010964342,21,20,mean_p,16,0.25306347925081674,0.025131958893836986,mean_p|train_n=16|p=20,457,755,-1.4699865275911022,0.91371400752453102
634745293,21,20,mean_p,16,0.45919674181594516,0.0012506279858376474,mean_p|train_n=16|p=20,458,756,-1.4699865275911022,0.91371400752453102
3580101717,21,20,mean_p,16,0.37480799163570255,0.004271718149565484,mean_p|train_n=16|p=20,459,757,-1.4699865275911022,0.91371400752453102
3537103697,21,20,mean_p,16,0.15610966127781925,0.10307005224648251,mean_p|train_n=16|p=20,460,758,-1.4699865275911022,0.91371400752453102
629831362,21,20,mean_p,16,0.2536657472915293,0.024912598282706047,mean_p|train_n=16|p=20,461,759,-1.4699865275911022,0.91371400752453102
654969200,21,20,mean_p,16,0.36710858934562884,0.0047783214418225806,mean_p|train_n=16|p=20,462,760,-1.4699865275911022,0.91371400752453102
3520630388,21,20,mean_p,16,0.37568501272411464,0.0042175320076941669,mean_p|train_n=16|p=20,463,762,-1.4699865275911022,0.91371400752453102
3837720703,21,20,mean_p,16,0.38752703602564925,0.003549747798656069,mean_p|train_n=16|p=20,464,763,-1.4699865275911022,0.91371400752453102
3083425331,21,20,mean_p,16,0.23708960755068478,0.031710803450939878,mean_p|train_n=16|p=20,465,766,-1.4699865275911022,0.91371400752453102
2649164674,21,20,mean_p,16,0.42340927008325135,0.0021055390215049545,mean_p|train_n=16|p=20,466,768,-1.4699865275911022,0.91371400752453102
1915060188,21,20,mean_p,16,0.30188319441457723,0.012348271485340047,mean_p|train_n=16|p=20,467,769,-1.4699865275911022,0.91371400752453102
2226526635,21,20,mean_p,16,0.33964931018593209,0.0071262780289773724,mean_p|train_n=16|p=20,468,771,-1.4699865275911022,0.91371400752453102
682409424,21,20,mean_p,16,0.27341607911545984,0.018688082242424166,mean_p|train_n=16|p=20,469,774,-1.4699865275911022,0.91371400752453102
2165840815,21,20,mean_p,16,0.24861996114937052,0.026811222553162449,mean_p|train_n=16|p=20,470,776,-1.4699865275911022,0.91371400752453102
925852931,21,20,mean_p,16,0.20411316340425203,0.051247433600493365,mean_p|train_n=16|p=20,471,779,-1.4699865275911022,0.91371400752453102
3598660758,21,20,mean_p,16,0.44075686634471789,0.0016356795016913657,mean_p|train_n=16|p=20,472,780,-1.4699865275911022,0.91371400752453102
4023199144,21,20,mean_p,16,0.26629820039846175,0.020728187652269275,mean_p|train_n=16|p=20,473,782,-1.4699865275911022,0.91371400752453102
3185111280,21,20,mean_p,16,0.26330456007747399,0.021651401713177532,mean_p|train_n=16|p=20,474,787,-1.4699865275911022,0.91371400752453102
963532838,21,20,mean_p,16,0.30863676589263928,0.011192125973505902,mean_p|train_n=16|p=20,475,792,-1.4699865275911022,0.91371400752453102
3576921471,21,20,mean_p,16,0.27685892232589487,0.017774621279372418,mean_p|train_n=16|p=20,476,793,-1.4699865275911022,0.91371400752453102
624822348,21,20,mean_p,16,0.35349494276755999,0.0058255347489319584,mean_p|train_n=16|p=20,477,795,-1.4699865275911022,0.91371400752453102
3258404160,21,20,mean_p,16,0.37686920519958983,0.0041454564845201346,mean_p|train_n=16|p=20,478,796,-1.4699865275911022,0.91371400752453102
3937775528,21,20,mean_p,16,0.30668882986540691,0.011514013130450725,mean_p|train_n=16|p=20,479,797,-1.4699865275911022,0.91371400752453102
3382659738,21,20,mean_p,16,0.22518274822622963,0.037711864420685651,mean_p|train_n=16|p=20,480,798,-1.4699865275911022,0.91371400752453102
1033735484,21,20,mean_p,16,0.20656257202125969,0.049452456163016995,mean_p|train_n=16|p=20,481,800,-1.4699865275911022,0.91371400752453102
163536366,21,20,mean_p,16,0.25880069314841497,0.023118401278134897,mean_p|train_n=16|p=20,482,801,-1.4699865275911022,0.91371400752453102
2187028989,21,20,mean_p,16,0.25815264926954523,0.023337508616526691,mean_p|train_n=16|p=20,483,804,-1.4699865275911022,0.91371400752453102
2312663827,21,20,mean_p,16,0.42451557940381202,0.00207190394071577,mean_p|train_n=16|p=20,484,805,-1.4699865275911022,0.91371400752453102
3041855467,21,20,mean_p,16,0.3398977438579418,0.0071005543571557245,mean_p|train_n=16|p=20,485,808,-1.4699865275911022,0.91371400752453102
3148777663,21,20,mean_p,16,0.54140530835092038,0.00037795144480352551,mean_p|train_n=16|p=20,486,810,-1.4699865275911022,0.91371400752453102
809072087,21,20,mean_p,16,0.34327599028558631,0.0067598371380094124,mean_p|train_n=16|p=20,487,811,-1.4699865275911022,0.91371400752453102
3335165850,21,20,mean_p,16,0.30003422896748061,0.012685121883708858,mean_p|train_n=16|p=20,488,812,-1.4699865275911022,0.91371400752453102
1725146427,21,20,mean_p,16,0.308726254062337,0.011177556624521797,mean_p|train_n=16|p=20,489,813,-1.4699865275911022,0.91371400752453102
3112347896,21,20,mean_p,16,0.2725390060532516,0.018928197899696089,mean_p|train_n=16|p=20,490,814,-1.4699865275911022,0.91371400752453102
3364538709,21,20,mean_p,16,0.25957092479898225,0.022860655459104616,mean_p|train_n=16|p=20,491,815,-1.4699865275911022,0.91371400752453102
2212589286,21,20,mean_p,16,0.32054817359477722,0.0094105082234217218,mean_p|train_n=16|p=20,492,816,-1.4699865275911022,0.91371400752453102
2367464841,21,20,mean_p,16,0.29700538647853481,0.013256896502242007,mean_p|train_n=16|p=20,493,818,-1.4699865275911022,0.91371400752453102
3673556862,21,20,mean_p,16,0.548851162878917,0.00033912989325542549,mean_p|train_n=16|p=20,494,819,-1.4699865275911022,0.91371400752453102
706448864,21,20,mean_p,16,0.34154273362321624,0.0069325536618429894,mean_p|train_n=16|p=20,495,820,-1.4699865275911022,0.91371400752453102
1778508224,21,20,mean_p,16,0.4036344733249968,0.0028078392533857775,mean_p|train_n=16|p=20,496,821,-1.4699865275911022,0.91371400752453102
1014481133,21,20,mean_p,16,0.48126071702660506,0.00090708473254437754,mean_p|train_n=16|p=20,497,822,-1.4699865275911022,0.91371400752453102
3859133641,21,20,mean_p,16,0.26293144973593846,0.021769310976701629,mean_p|train_n=16|p=20,498,824,-1.4699865275911022,0.91371400752453102
2354379181,21,20,mean_p,16,0.22793269757558868,0.03623212798641251,mean_p|train_n=16|p=20,499,826,-1.4699865275911022,0.91371400752453102
3354723630,21,50,mean_p,16,0.31830260982909353,0.0097231884163416597,mean_p|train_n=16|p=50,0,0,-1.2764379302282343,0.89727882170688023
2176748400,21,50,mean_p,16,0.4455351774287476,0.0015257785210570521,mean_p|train_n=16|p=50,1,1,-1.2764379302282343,0.89727882170688023
1115075033,21,50,mean_p,16,0.21031789316932728,0.046821801144571656,mean_p|train_n=16|p=50,2,2,-1.2764379302282343,0.89727882170688023
1245627120,21,50,mean_p,16,0.24843151458526747,0.026884867911178757,mean_p|train_n=16|p=50,3,3,-1.2764379302282343,0.89727882170688023
4269703487,21,50,mean_p,16,0.11725649753666929,0.18144617530214799,mean_p|train_n=16|p=50,4,4,-1.2764379302282343,0.89727882170688023
1232613813,21,50,mean_p,16,0.24657567608488123,0.02762102756238723,mean_p|train_n=16|p=50,5,5,-1.2764379302282343,0.89727882170688023
3889578292,21,50,mean_p,16,0.21096906367116755,0.046380097495726927,mean_p|train_n=16|p=50,6,6,-1.2764379302282343,0.89727882170688023
2607494881,21,50,mean_p,16,0.30548985046930699,0.011716724664327837,mean_p|train_n=16|p=50,7,8,-1.2764379302282343,0.89727882170688023
3565485324,21,50,mean_p,16,0.18948559331729645,0.06340773003956876,mean_p|train_n=16|p=50,8,10,-1.2764379302282343,0.89727882170688023
1489737872,21,50,mean_p,16,0.28784671977404686,0.015147451376665694,mean_p|train_n=16|p=50,9,11,-1.2764379302282343,0.89727882170688023
2177416402,21,50,mean_p,16,0.23123711959944751,0.034530630532737583,mean_p|train_n=16|p=50,10,13,-1.2764379302282343,0.89727882170688023
2046380413,21,50,mean_p,16,0.28857774498912264,0.014987123849731283,mean_p|train_n=16|p=50,11,15,-1.2764379302282343,0.89727882170688023
1711432012,21,50,mean_p,16,0.32548057542571079,0.0087585509283907986,mean_p|train_n=16|p=50,12,16,-1.2764379302282343,0.89727882170688023
1825273556,21,50,mean_p,16,0.33120328575966901,0.0080585221283080103,mean_p|train_n=16|p=50,13,17,-1.2764379302282343,0.89727882170688023
925276949,21,50,mean_p,16,0.29480008621391329,0.013689354111915464,mean_p|train_n=16|p=50,14,18,-1.2764379302282343,0.89727882170688023
221899202,21,50,mean_p,16,0.35772586735577955,0.0054775891892331254,mean_p|train_n=16|p=50,15,19,-1.2764379302282343,0.89727882170688023
4272958898,21,50,mean_p,16,0.30255755761910302,0.012227652687143264,mean_p|train_n=16|p=50,16,25,-1.2764379302282343,0.89727882170688023
3191781882,21,50,mean_p,16,0.31067666261201632,0.010864684456870031,mean_p|train_n=16|p=50,17,26,-1.2764379302282343,0.89727882170688023
3312207691,21,50,mean_p,16,0.097348344730305805,0.24243749744475249,mean_p|train_n=16|p=50,18,27,-1.2764379302282343,0.89727882170688023
2222184885,21,50,mean_p,16,0.22856466785084778,0.035900356361781717,mean_p|train_n=16|p=50,19,29,-1.2764379302282343,0.89727882170688023
90280606,21,50,mean_p,16,0.36124151788501019,0.0052043298724729903,mean_p|train_n=16|p=50,20,30,-1.2764379302282343,0.89727882170688023
1263305863,21,50,mean_p,16,0.25199327286048401,0.025526530429459883,mean_p|train_n=16|p=50,21,31,-1.2764379302282343,0.89727882170688023
3331965753,21,50,mean_p,16,0.22436366360403054,0.038164181596217227,mean_p|train_n=16|p=50,22,32,-1.2764379302282343,0.89727882170688023
124840717,21,50,mean_p,16,0.26003466928937907,0.022706858690369189,mean_p|train_n=16|p=50,23,34,-1.2764379302282343,0.89727882170688023
4008700676,21,50,mean_p,16,0.21070813162032292,0.046556591054291191,mean_p|train_n=16|p=50,24,35,-1.2764379302282343,0.89727882170688023
422975715,21,50,mean_p,16,0.19667062611800651,0.057111173991474445,mean_p|train_n=16|p=50,25,37,-1.2764379302282343,0.89727882170688023
3377731324,21,50,mean_p,16,0.094302462423103722,0.25342807984117965,mean_p|train_n=16|p=50,26,38,-1.2764379302282343,0.89727882170688023
1073463395,21,50,mean_p,16,0.23832049710375727,0.031147702472236576,mean_p|train_n=16|p=50,27,39,-1.2764379302282343,0.89727882170688023
594310959,21,50,mean_p,16,0.17656082580984669,0.076532835290367737,mean_p|train_n=16|p=50,28,41,-1.2764379302282343,0.89727882170688023
79827878,21,50,mean_p,16,0.10136476892719443,0.2286701333560919,mean_p|train_n=16|p=50,29,44,-1.2764379302282343,0.89727882170688023
3427307713,21,50,mean_p,16,0.26830840073979595,0.020130454902283042,mean_p|train_n=16|p=50,30,46,-1.2764379302282343,0.89727882170688023
1677207006,21,50,mean_p,16,0.18929999702831907,0.063579261196782325,mean_p|train_n=16|p=50,31,47,-1.2764379302282343,0.89727882170688023
3510257242,21,50,mean_p,16,0.37759915738024286,0.0041016431481415445,mean_p|train_n=16|p=50,32,50,-1.2764379302282343,0.89727882170688023
555397684,21,50,mean_p,16,0.29260756825337064,0.014133289174657336,mean_p|train_n=16|p=50,33,51,-1.2764379302282343,0.89727882170688023
2304121631,21,50,mean_p,16,0.26333727350672431,0.021641094210674554,mean_p|train_n=16|p=50,34,52,-1.2764379302282343,0.89727882170688023
359100070,21,50,mean_p,16,0.14444069079941593,0.12215167004349513,mean_p|train_n=16|p=50,35,53,-1.2764379302282343,0.89727882170688023
1568506275,21,50,mean_p,16,0.15722152782065968,0.10141534850257986,mean_p|train_n=16|p=50,36,54,-1.2764379302282343,0.89727882170688023
975884781,21,50,mean_p,16,0.34383718005009839,0.0067048427820439425,mean_p|train_n=16|p=50,37,55,-1.2764379302282343,0.89727882170688023
1828967183,21,50,mean_p,16,0.14080507332860981,0.12879008716072923,mean_p|train_n=16|p=50,38,57,-1.2764379302282343,0.89727882170688023
2990137914,21,50,mean_p,16,0.42982752645964795,0.0019177387911313176,mean_p|train_n=16|p=50,39,59,-1.2764379302282343,0.89727882170688023
4153569207,21,50,mean_p,16,0.24901412715713267,0.026657833187300615,mean_p|train_n=16|p=50,40,60,-1.2764379302282343,0.89727882170688023
1515629681,21,50,mean_p,16,0.23642200988481343,0.032020458861418702,mean_p|train_n=16|p=50,41,61,-1.2764379302282343,0.89727882170688023
1325319722,21,50,mean_p,16,0.39973100015052487,0.0029719982811591953,mean_p|train_n=16|p=50,42,67,-1.2764379302282343,0.89727882170688023
635587082,21,50,mean_p,16,0.12827986720916923,0.15454756068745093,mean_p|train_n=16|p=50,43,68,-1.2764379302282343,0.89727882170688023
1509726703,21,50,mean_p,16,0.16516438657550075,0.090342452059402126,mean_p|train_n=16|p=50,44,71,-1.2764379302282343,0.89727882170688023
3350515783,21,50,mean_p,16,0.39123471668498216,0.0033632481624685847,mean_p|train_n=16|p=50,45,72,-1.2764379302282343,0.89727882170688023
2013784445,21,50,mean_p,16,0.11646118727169159,0.1835589121922882,mean_p|train_n=16|p=50,46,74,-1.2764379302282343,0.89727882170688023
3370892084,21,50,mean_p,16,0.31135779092395333,0.010757498061939569,mean_p|train_n=16|p=50,47,81,-1.2764379302282343,0.89727882170688023
2685595999,21,50,mean_p,16,0.22020435119739021,0.040546146702447196,mean_p|train_n=16|p=50,48,82,-1.2764379302282343,0.89727882170688023
2014435639,21,50,mean_p,16,0.24085462793170981,0.030019688423663354,mean_p|train_n=16|p=50,49,84,-1.2764379302282343,0.89727882170688023
4181062555,21,50,mean_p,16,0.18367061232494494,0.069008464445885112,mean_p|train_n=16|p=50,50,86,-1.2764379302282343,0.89727882170688023
2051254122,21,50,mean_p,16,0.17901806976706305,0.073843796351748661,mean_p|train_n=16|p=50,51,89,-1.2764379302282343,0.89727882170688023
3879814613,21,50,mean_p,16,0.18074367264228475,0.072012086282649837,mean_p|train_n=16|p=50,52,90,-1.2764379302282343,0.89727882170688023
3503237789,21,50,mean_p,16,0.29581625008757501,0.013488359915495112,mean_p|train_n=16|p=50,53,91,-1.2764379302282343,0.89727882170688023
2824410898,21,50,mean_p,16,0.47042913215401022,0.0010619917137139195,mean_p|train_n=16|p=50,54,92,-1.2764379302282343,0.89727882170688023
2233423776,21,50,mean_p,16,0.29074012326083004,0.014522739290740161,mean_p|train_n=16|p=50,55,93,-1.2764379302282343,0.89727882170688023
2400998353,21,50,mean_p,16,0.46767242635721573,0.0011054726489516833,mean_p|train_n=16|p=50,56,96,-1.2764379302282343,0.89727882170688023
4050032107,21,50,mean_p,16,0.212843034457874,0.045132054868976458,mean_p|train_n=16|p=50,57,97,-1.2764379302282343,0.89727882170688023
2689443999,21,50,mean_p,16,0.20127659504370884,0.053407697700381604,mean_p|train_n=16|p=50,58,98,-1.2764379302282343,0.89727882170688023
279907208,21,50,mean_p,16,0.17237870920509782,0.081336521711410176,mean_p|train_n=16|p=50,59,100,-1.2764379302282343,0.89727882170688023
3092713540,21,50,mean_p,16,0.23536995918722611,0.032514585829142489,mean_p|train_n=16|p=50,60,102,-1.2764379302282343,0.89727882170688023
3407179748,21,50,mean_p,16,0.32084936730928665,0.0093693409533021823,mean_p|train_n=16|p=50,61,103,-1.2764379302282343,0.89727882170688023
1540609209,21,50,mean_p,16,0.24659700767978496,0.027612452436761328,mean_p|train_n=16|p=50,62,104,-1.2764379302282343,0.89727882170688023
3915585587,21,50,mean_p,16,0.40740817056829454,0.0026577634447915079,mean_p|train_n=16|p=50,63,105,-1.2764379302282343,0.89727882170688023
132031570,21,50,mean_p,16,0.16931605601188568,0.085044563465522055,mean_p|train_n=16|p=50,64,108,-1.2764379302282343,0.89727882170688023
826891459,21,50,mean_p,16,0.26842169505908908,0.020097284676623885,mean_p|train_n=16|p=50,65,109,-1.2764379302282343,0.89727882170688023
1693805803,21,50,mean_p,16,0.26595457439605208,0.020832126691515247,mean_p|train_n=16|p=50,66,110,-1.2764379302282343,0.89727882170688023
955187031,21,50,mean_p,16,0.42625523957759465,0.0020200965579332706,mean_p|train_n=16|p=50,67,111,-1.2764379302282343,0.89727882170688023
2378440757,21,50,mean_p,16,0.10326828083905798,0.22242118345309617,mean_p|train_n=16|p=50,68,112,-1.2764379302282343,0.89727882170688023
836664460,21,50,mean_p,16,0.40217201539633712,0.0028682523556123728,mean_p|train_n=16|p=50,69,113,-1.2764379302282343,0.89727882170688023
435409398,21,50,mean_p,16,0.31269401615415804,0.010550284114064078,mean_p|train_n=16|p=50,70,114,-1.2764379302282343,0.89727882170688023
3918540358,21,50,mean_p,16,0.31374887699828524,0.010389525545992906,mean_p|train_n=16|p=50,71,115,-1.2764379302282343,0.89727882170688023
265145094,21,50,mean_p,16,0.33651810836133622,0.0074585956110626763,mean_p|train_n=16|p=50,72,116,-1.2764379302282343,0.89727882170688023
4156489273,21,50,mean_p,16,0.18359923648619506,0.069080198267690546,mean_p|train_n=16|p=50,73,117,-1.2764379302282343,0.89727882170688023
825870533,21,50,mean_p,16,0.33135251634650437,0.0080410362923204297,mean_p|train_n=16|p=50,74,118,-1.2764379302282343,0.89727882170688023
401575170,21,50,mean_p,16,0.18012638629582214,0.072662050441500786,mean_p|train_n=16|p=50,75,119,-1.2764379302282343,0.89727882170688023
1096259116,21,50,mean_p,16,0.20759162805920117,0.04871722644651108,mean_p|train_n=16|p=50,76,121,-1.2764379302282343,0.89727882170688023
1940178474,21,50,mean_p,16,0.59867369428567252,0.00016421259664051594,mean_p|train_n=16|p=50,77,122,-1.2764379302282343,0.89727882170688023
2693103054,21,50,mean_p,16,0.21944075407429919,0.040999330580437449,mean_p|train_n=16|p=50,78,125,-1.2764379302282343,0.89727882170688023
872921416,21,50,mean_p,16,0.15194924016587219,0.10950479556250307,mean_p|train_n=16|p=50,79,129,-1.2764379302282343,0.89727882170688023
1941730656,21,50,mean_p,16,0.19641741754944711,0.057322058575260855,mean_p|train_n=16|p=50,80,130,-1.2764379302282343,0.89727882170688023
100811072,21,50,mean_p,16,0.17772474238482838,0.075247132221284152,mean_p|train_n=16|p=50,81,132,-1.2764379302282343,0.89727882170688023
3583772,21,50,mean_p,16,0.35354684544964998,0.0058211352186709371,mean_p|train_n=16|p=50,82,134,-1.2764379302282343,0.89727882170688023
4154984174,21,50,mean_p,16,0.24055788866022249,0.03014963481928893,mean_p|train_n=16|p=50,83,135,-1.2764379302282343,0.89727882170688023
2350873190,21,50,mean_p,16,0.37543881095699227,0.0042326736415230597,mean_p|train_n=16|p=50,84,136,-1.2764379302282343,0.89727882170688023
545806680,21,50,mean_p,16,0.13134833690631176,0.14779659370938802,mean_p|train_n=16|p=50,85,137,-1.2764379302282343,0.89727882170688023
4121660273,21,50,mean_p,16,0.18560271693193936,0.067094715153531728,mean_p|train_n=16|p=50,86,138,-1.2764379302282343,0.89727882170688023
141537808,21,50,mean_p,16,0.18793712535455237,0.064853145847119514,mean_p|train_n=16|p=50,87,139,-1.2764379302282343,0.89727882170688023
2524330246,21,50,mean_p,16,0.3177558306557749,0.0098008837320037664,mean_p|train_n=16|p=50,88,141,-1.2764379302282343,0.89727882170688023
2995936664,21,50,mean_p,16,0.26610163076700422,0.020787581844362853,mean_p|train_n=16|p=50,89,142,-1.2764379302282343,0.89727882170688023
2333050325,21,50,mean_p,16,0.11315311025330554,0.19261402822390666,mean_p|train_n=16|p=50,90,143,-1.2764379302282343,0.89727882170688023
3649308922,21,50,mean_p,16,0.17669810524183027,0.076380056105172997,mean_p|train_n=16|p=50,91,146,-1.2764379302282343,0.89727882170688023
1659069990,21,50,mean_p,16,0.15753156701518214,0.10095869642785796,mean_p|train_n=16|p=50,92,148,-1.2764379302282343,0.89727882170688023
213283922,21,50,mean_p,16,0.29416504375369001,0.013816481544310854,mean_p|train_n=16|p=50,93,149,-1.2764379302282343,0.89727882170688023
2851768155,21,50,mean_p,16,0.23537744862386764,0.03251104138235484,mean_p|train_n=16|p=50,94,150,-1.2764379302282343,0.89727882170688023
560245418,21,50,mean_p,16,0.49302030782929152,0.00076437781946259934,mean_p|train_n=16|p=50,95,151,-1.2764379302282343,0.89727882170688023
1211099238,21,50,mean_p,16,0.1584829792693363,0.099570172195436416,mean_p|train_n=16|p=50,96,153,-1.2764379302282343,0.89727882170688023
168863589,21,50,mean_p,16,0.20928440993575737,0.047531488474291068,mean_p|train_n=16|p=50,97,154,-1.2764379302282343,0.89727882170688023
2999699162,21,50,mean_p,16,0.41200871709500991,0.0024856121965071832,mean_p|train_n=16|p=50,98,156,-1.2764379302282343,0.89727882170688023
3935678789,21,50,mean_p,16,0.2013274647018975,0.053368165894657954,mean_p|train_n=16|p=50,99,157,-1.2764379302282343,0.89727882170688023
393729573,21,50,mean_p,16,0.28008973437639295,0.016958067436638424,mean_p|train_n=16|p=50,100,158,-1.2764379302282343,0.89727882170688023
2796451925,21,50,mean_p,16,0.378293885910995,0.0040603741709287974,mean_p|train_n=16|p=50,101,161,-1.2764379302282343,0.89727882170688023
3596312022,21,50,mean_p,16,0.17304109786870087,0.080556060655072537,mean_p|train_n=16|p=50,102,164,-1.2764379302282343,0.89727882170688023
3280264611,21,50,mean_p,16,0.1837408130766772,0.068937984265075872,mean_p|train_n=16|p=50,103,165,-1.2764379302282343,0.89727882170688023
721406063,21,50,mean_p,16,0.29464166643068973,0.013720957814066244,mean_p|train_n=16|p=50,104,166,-1.2764379302282343,0.89727882170688023
10009482,21,50,mean_p,16,0.28331123032961664,0.016181219635291871,mean_p|train_n=16|p=50,105,167,-1.2764379302282343,0.89727882170688023
3482628924,21,50,mean_p,16,0.19177819255277062,0.061326650042462738,mean_p|train_n=16|p=50,106,172,-1.2764379302282343,0.89727882170688023
787818950,21,50,mean_p,16,0.27803326057406547,0.017473368030343005,mean_p|train_n=16|p=50,107,174,-1.2764379302282343,0.89727882170688023
2658854933,21,50,mean_p,16,0.23297840313956128,0.033666406161422642,mean_p|train_n=16|p=50,108,175,-1.2764379302282343,0.89727882170688023
2278766031,21,50,mean_p,16,0.35602964514019131,0.0056145162974201588,mean_p|train_n=16|p=50,109,176,-1.2764379302282343,0.89727882170688023
2429681290,21,50,mean_p,16,0.31258576924094456,0.010566920792603827,mean_p|train_n=16|p=50,110,178,-1.2764379302282343,0.89727882170688023
1438791014,21,50,mean_p,16,0.11342489431381488,0.19185353057352775,mean_p|train_n=16|p=50,111,180,-1.2764379302282343,0.89727882170688023
600703575,21,50,mean_p,16,0.1101734228714169,0.20115201843595357,mean_p|train_n=16|p=50,112,183,-1.2764379302282343,0.89727882170688023
4207285598,21,50,mean_p,16,0.22595024908060596,0.037292899214558896,mean_p|train_n=16|p=50,113,184,-1.2764379302282343,0.89727882170688023
1906862795,21,50,mean_p,16,0.21274500624299517,0.045196500108655425,mean_p|train_n=16|p=50,114,189,-1.2764379302282343,0.89727882170688023
3950794463,21,50,mean_p,16,0.34229886948888599,0.0068566696958654808,mean_p|train_n=16|p=50,115,192,-1.2764379302282343,0.89727882170688023
2343080735,21,50,mean_p,16,0.33406376623592421,0.0077298755852272883,mean_p|train_n=16|p=50,116,194,-1.2764379302282343,0.89727882170688023
423565571,21,50,mean_p,16,0.34870971447269572,0.0062457736258795986,mean_p|train_n=16|p=50,117,199,-1.2764379302282343,0.89727882170688023
915371351,21,50,mean_p,16,0.41880660104927953,0.0022514363040779181,mean_p|train_n=16|p=50,118,200,-1.2764379302282343,0.89727882170688023
2098331963,21,50,mean_p,16,0.46323630318535014,0.0011792110247750049,mean_p|train_n=16|p=50,119,201,-1.2764379302282343,0.89727882170688023
1700002286,21,50,mean_p,16,0.37233261644778143,0.0044284423544472245,mean_p|train_n=16|p=50,120,202,-1.2764379302282343,0.89727882170688023
48093813,21,50,mean_p,16,0.14405835622492252,0.12283337552651004,mean_p|train_n=16|p=50,121,203,-1.2764379302282343,0.89727882170688023
92586313,21,50,mean_p,16,0.16159477637658731,0.095160700107618776,mean_p|train_n=16|p=50,122,205,-1.2764379302282343,0.89727882170688023
2304557853,21,50,mean_p,16,0.50134039659783969,0.0006771915873664613,mean_p|train_n=16|p=50,123,206,-1.2764379302282343,0.89727882170688023
1596644571,21,50,mean_p,16,0.097747404608582625,0.24103332039659844,mean_p|train_n=16|p=50,124,211,-1.2764379302282343,0.89727882170688023
186209711,21,50,mean_p,16,0.1644831444118241,0.091242764412552482,mean_p|train_n=16|p=50,125,212,-1.2764379302282343,0.89727882170688023
519088917,21,50,mean_p,16,0.12054980767920434,0.17295325116046403,mean_p|train_n=16|p=50,126,214,-1.2764379302282343,0.89727882170688023
3944427840,21,50,mean_p,16,0.2287399004411364,0.035808901955207452,mean_p|train_n=16|p=50,127,215,-1.2764379302282343,0.89727882170688023
1047560861,21,50,mean_p,16,0.34466033227708071,0.0066249855453714189,mean_p|train_n=16|p=50,128,216,-1.2764379302282343,0.89727882170688023
3022445642,21,50,mean_p,16,0.27020310375021994,0.01958285363023737,mean_p|train_n=16|p=50,129,217,-1.2764379302282343,0.89727882170688023
1828794662,21,50,mean_p,16,0.1982575008136099,0.055807099751978326,mean_p|train_n=16|p=50,130,218,-1.2764379302282343,0.89727882170688023
3547864347,21,50,mean_p,16,0.30336134058657754,0.012085423569013954,mean_p|train_n=16|p=50,131,220,-1.2764379302282343,0.89727882170688023
1004275520,21,50,mean_p,16,0.18575439305774907,0.066946746076646316,mean_p|train_n=16|p=50,132,221,-1.2764379302282343,0.89727882170688023
661790761,21,50,mean_p,16,0.10172141487890765,0.227486097933356,mean_p|train_n=16|p=50,133,222,-1.2764379302282343,0.89727882170688023
3512573469,21,50,mean_p,16,0.19310020979825604,0.060157799003008369,mean_p|train_n=16|p=50,134,226,-1.2764379302282343,0.89727882170688023
3504995893,21,50,mean_p,16,0.26345221761570015,0.021604915971705083,mean_p|train_n=16|p=50,135,227,-1.2764379302282343,0.89727882170688023
1775421790,21,50,mean_p,16,0.27720747568883031,0.017684668799195877,mean_p|train_n=16|p=50,136,228,-1.2764379302282343,0.89727882170688023
661502386,21,50,mean_p,16,0.35306454552963795,0.0058621457112760468,mean_p|train_n=16|p=50,137,229,-1.2764379302282343,0.89727882170688023
4163783785,21,50,mean_p,16,0.103176063570059,0.22271994498238068,mean_p|train_n=16|p=50,138,230,-1.2764379302282343,0.89727882170688023
3306855708,21,50,mean_p,16,0.13517656251886653,0.13978603918427282,mean_p|train_n=16|p=50,139,231,-1.2764379302282343,0.89727882170688023
4162867813,21,50,mean_p,16,0.26783165040896439,0.020270638479759826,mean_p|train_n=16|p=50,140,233,-1.2764379302282343,0.89727882170688023
1086872198,21,50,mean_p,16,0.36969097567953602,0.0046020408681675595,mean_p|train_n=16|p=50,141,235,-1.2764379302282343,0.89727882170688023
369944328,21,50,mean_p,16,0.39711928125775514,0.0030871581211656218,mean_p|train_n=16|p=50,142,236,-1.2764379302282343,0.89727882170688023
1048559745,21,50,mean_p,16,0.29449979043377567,0.013749323065135344,mean_p|train_n=16|p=50,143,238,-1.2764379302282343,0.89727882170688023
2568370123,21,50,mean_p,16,0.20481944739158581,0.050723271378290254,mean_p|train_n=16|p=50,144,239,-1.2764379302282343,0.89727882170688023
1972338955,21,50,mean_p,16,0.19858730186421711,0.055539833440095082,mean_p|train_n=16|p=50,145,240,-1.2764379302282343,0.89727882170688023
1648087850,21,50,mean_p,16,0.19744994691968812,0.056466973351594202,mean_p|train_n=16|p=50,146,242,-1.2764379302282343,0.89727882170688023
1375085011,21,50,mean_p,16,0.1637035829806735,0.092284026160290175,mean_p|train_n=16|p=50,147,244,-1.2764379302282343,0.89727882170688023
1152146392,21,50,mean_p,16,0.22935815127597323,0.035488092056387192,mean_p|train_n=16|p=50,148,246,-1.2764379302282343,0.89727882170688023
1551172710,21,50,mean_p,16,0.17084109779998935,0.083177489176977523,mean_p|train_n=16|p=50,149,247,-1.2764379302282343,0.89727882170688023
3612312326,21,50,mean_p,16,0.29805460976571507,0.013055967622575193,mean_p|train_n=16|p=50,150,250,-1.2764379302282343,0.89727882170688023
2592035967,21,50,mean_p,16,0.19655860962081317,0.057204370993683945,mean_p|train_n=16|p=50,151,252,-1.2764379302282343,0.89727882170688023
600741071,21,50,mean_p,16,0.30128336053948168,0.012456559217093644,mean_p|train_n=16|p=50,152,254,-1.2764379302282343,0.89727882170688023
1765642567,21,50,mean_p,16,0.18564808770123159,0.067050419020824398,mean_p|train_n=16|p=50,153,255,-1.2764379302282343,0.89727882170688023
1470648472,21,50,mean_p,16,0.2307645077698692,0.034768998859154486,mean_p|train_n=16|p=50,154,257,-1.2764379302282343,0.89727882170688023
3302313973,21,50,mean_p,16,0.25398203050536511,0.02479816809909785,mean_p|train_n=16|p=50,155,258,-1.2764379302282343,0.89727882170688023
3445120214,21,50,mean_p,16,0.14037673602211898,0.1295955911445843,mean_p|train_n=16|p=50,156,259,-1.2764379302282343,0.89727882170688023
3485428739,21,50,mean_p,16,0.14875432265150018,0.11471764550503123,mean_p|train_n=16|p=50,157,260,-1.2764379302282343,0.89727882170688023
4231791255,21,50,mean_p,16,0.095139592400803386,0.25035871116220787,mean_p|train_n=16|p=50,158,261,-1.2764379302282343,0.89727882170688023
931665386,21,50,mean_p,16,0.27546850701723652,0.018138027126190209,mean_p|train_n=16|p=50,159,263,-1.2764379302282343,0.89727882170688023
3234175550,21,50,mean_p,16,0.18899931582813831,0.063858141121258441,mean_p|train_n=16|p=50,160,264,-1.2764379302282343,0.89727882170688023
1420933722,21,50,mean_p,16,0.21461716098285849,0.043981469533546688,mean_p|train_n=16|p=50,161,265,-1.2764379302282343,0.89727882170688023
4088734943,21,50,mean_p,16,0.13119832407368084,0.14811967502413237,mean_p|train_n=16|p=50,162,267,-1.2764379302282343,0.89727882170688023
932870481,21,50,mean_p,16,0.25065401965111783,0.026029034112681128,mean_p|train_n=16|p=50,163,269,-1.2764379302282343,0.89727882170688023
1693504378,21,50,mean_p,16,0.37201460814465709,0.0044489889448894463,mean_p|train_n=16|p=50,164,270,-1.2764379302282343,0.89727882170688023
270740767,21,50,mean_p,16,0.18874812380853595,0.064092057740849376,mean_p|train_n=16|p=50,165,272,-1.2764379302282343,0.89727882170688023
3450118433,21,50,mean_p,16,0.17910832581701563,0.073746845898671337,mean_p|train_n=16|p=50,166,273,-1.2764379302282343,0.89727882170688023
1852588907,21,50,mean_p,16,0.2654387321110433,0.020989136507882616,mean_p|train_n=16|p=50,167,274,-1.2764379302282343,0.89727882170688023
746107683,21,50,mean_p,16,0.19232109218381047,0.060843926289660392,mean_p|train_n=16|p=50,168,275,-1.2764379302282343,0.89727882170688023
2497304370,21,50,mean_p,16,0.12902143648332207,0.15288829175049728,mean_p|train_n=16|p=50,169,278,-1.2764379302282343,0.89727882170688023
3546196867,21,50,mean_p,16,0.15212248059899333,0.10922900481657521,mean_p|train_n=16|p=50,170,279,-1.2764379302282343,0.89727882170688023
4097340239,21,50,mean_p,16,0.20849034314754405,0.048084068927478643,mean_p|train_n=16|p=50,171,283,-1.2764379302282343,0.89727882170688023
1290830508,21,50,mean_p,16,0.22875114239471714,0.035803042705402459,mean_p|train_n=16|p=50,172,284,-1.2764379302282343,0.89727882170688023
2058533609,21,50,mean_p,16,0.27870990597120954,0.017302112140585187,mean_p|train_n=16|p=50,173,289,-1.2764379302282343,0.89727882170688023
723145320,21,50,mean_p,16,0.39667375040649522,0.0031072439803745884,mean_p|train_n=16|p=50,174,293,-1.2764379302282343,0.89727882170688023
505758993,21,50,mean_p,16,0.2814420144960541,0.016627530132143756,mean_p|train_n=16|p=50,175,296,-1.2764379302282343,0.89727882170688023
1456895635,21,50,mean_p,16,0.15826696621653363,0.09988374397073764,mean_p|train_n=16|p=50,176,298,-1.2764379302282343,0.89727882170688023
3108410937,21,50,mean_p,16,0.39541975708796528,0.0031644820532893202,mean_p|train_n=16|p=50,177,299,-1.2764379302282343,0.89727882170688023
3378905944,21,50,mean_p,16,0.20404301726321808,0.051299786700049935,mean_p|train_n=16|p=50,178,300,-1.2764379302282343,0.89727882170688023
2189336570,21,50,mean_p,16,0.22123073879589614,0.039944882210644496,mean_p|train_n=16|p=50,179,301,-1.2764379302282343,0.89727882170688023
1546714456,21,50,mean_p,16,0.31011048607675085,0.010954593742727997,mean_p|train_n=16|p=50,180,302,-1.2764379302282343,0.89727882170688023
2072351799,21,50,mean_p,16,0.228453549023696,0.035958470585050702,mean_p|train_n=16|p=50,181,303,-1.2764379302282343,0.89727882170688023
169879946,21,50,mean_p,16,0.58884212814113057,0.00018947765059026139,mean_p|train_n=16|p=50,182,304,-1.2764379302282343,0.89727882170688023
1542335012,21,50,mean_p,16,0.26441374520817523,0.021304638035195639,mean_p|train_n=16|p=50,183,305,-1.2764379302282343,0.89727882170688023
936036962,21,50,mean_p,16,0.34150899876178037,0.0069359587123674184,mean_p|train_n=16|p=50,184,310,-1.2764379302282343,0.89727882170688023
2660036179,21,50,mean_p,16,0.084176496785591207,0.29367524537405942,mean_p|train_n=16|p=50,185,312,-1.2764379302282343,0.89727882170688023
1379548162,21,50,mean_p,16,0.15914442505234858,0.098616104401724913,mean_p|train_n=16|p=50,186,313,-1.2764379302282343,0.89727882170688023
3435915949,21,50,mean_p,16,0.16745147965152407,0.087384361632349902,mean_p|train_n=16|p=50,187,318,-1.2764379302282343,0.89727882170688023
2725657895,21,50,mean_p,16,0.18447761543963828,0.068202577650399387,mean_p|train_n=16|p=50,188,320,-1.2764379302282343,0.89727882170688023
4215605597,21,50,mean_p,16,0.13540252956643853,0.1393270107144059,mean_p|train_n=16|p=50,189,321,-1.2764379302282343,0.89727882170688023
3220877392,21,50,mean_p,16,0.23725212252013678,0.031635877581076478,mean_p|train_n=16|p=50,190,323,-1.2764379302282343,0.89727882170688023
1495529953,21,50,mean_p,16,0.15694337497061117,0.10182679317546212,mean_p|train_n=16|p=50,191,325,-1.2764379302282343,0.89727882170688023
2545968368,21,50,mean_p,16,0.42109926438626843,0.0021775407729548416,mean_p|train_n=16|p=50,192,326,-1.2764379302282343,0.89727882170688023
533996670,21,50,mean_p,16,0.24171028602997402,0.029648110904031258,mean_p|train_n=16|p=50,193,327,-1.2764379302282343,0.89727882170688023
4234232617,21,50,mean_p,16,0.2506491156066355,0.026030892228197839,mean_p|train_n=16|p=50,194,328,-1.2764379302282343,0.89727882170688023
2040001124,21,50,mean_p,16,0.21441297434691517,0.044112383916167591,mean_p|train_n=16|p=50,195,329,-1.2764379302282343,0.89727882170688023
1281599001,21,50,mean_p,16,0.50397250162347029,0.00065173697488658735,mean_p|train_n=16|p=50,196,330,-1.2764379302282343,0.89727882170688023
2950799355,21,50,mean_p,16,0.26040413463515577,0.022585069642690452,mean_p|train_n=16|p=50,197,331,-1.2764379302282343,0.89727882170688023
365800914,21,50,mean_p,16,0.3878801907638888,0.0035315469552470078,mean_p|train_n=16|p=50,198,332,-1.2764379302282343,0.89727882170688023
3656606449,21,50,mean_p,16,0.16030663147848376,0.096961830073208757,mean_p|train_n=16|p=50,199,333,-1.2764379302282343,0.89727882170688023
3941506969,21,50,mean_p,16,0.16247394692827688,0.093950660502694808,mean_p|train_n=16|p=50,200,334,-1.2764379302282343,0.89727882170688023
3985124678,21,50,mean_p,16,0.17700850857082523,0.076035729690027282,mean_p|train_n=16|p=50,201,335,-1.2764379302282343,0.89727882170688023
1245049182,21,50,mean_p,16,0.30691020857172807,0.011476969992227816,mean_p|train_n=16|p=50,202,337,-1.2764379302282343,0.89727882170688023
3070144023,21,50,mean_p,16,0.36285109444306451,0.0050838141885471318,mean_p|train_n=16|p=50,203,338,-1.2764379302282343,0.89727882170688023
2451908816,21,50,mean_p,16,0.25730432777368095,0.023627472471825693,mean_p|train_n=16|p=50,204,339,-1.2764379302282343,0.89727882170688023
416037595,21,50,mean_p,16,0.20099975412947366,0.053623350064792172,mean_p|train_n=16|p=50,205,340,-1.2764379302282343,0.89727882170688023
2177299577,21,50,mean_p,16,0.15427643302790925,0.10585746429902856,mean_p|train_n=16|p=50,206,341,-1.2764379302282343,0.89727882170688023
816779025,21,50,mean_p,16,0.47326471581882079,0.0010190502916900392,mean_p|train_n=16|p=50,207,343,-1.2764379302282343,0.89727882170688023
1800426879,21,50,mean_p,16,0.30758076688077435,0.011365491582820316,mean_p|train_n=16|p=50,208,344,-1.2764379302282343,0.89727882170688023
574864300,21,50,mean_p,16,0.19691913433009861,0.056904958476710434,mean_p|train_n=16|p=50,209,345,-1.2764379302282343,0.89727882170688023
3618744067,21,50,mean_p,16,0.35071162315423471,0.0060663981935439879,mean_p|train_n=16|p=50,210,347,-1.2764379302282343,0.89727882170688023
2683299720,21,50,mean_p,16,0.13050341524699938,0.1496255317882553,mean_p|train_n=16|p=50,211,348,-1.2764379302282343,0.89727882170688023
93705121,21,50,mean_p,16,0.15080342296250543,0.1113465002051921,mean_p|train_n=16|p=50,212,350,-1.2764379302282343,0.89727882170688023
2856198958,21,50,mean_p,16,0.28639283649350394,0.015471430798103248,mean_p|train_n=16|p=50,213,351,-1.2764379302282343,0.89727882170688023
758218571,21,50,mean_p,16,0.3801759931420437,0.0039506455895853545,mean_p|train_n=16|p=50,214,353,-1.2764379302282343,0.89727882170688023
2426123852,21,50,mean_p,16,0.35675132493232009,0.005555845424756887,mean_p|train_n=16|p=50,215,354,-1.2764379302282343,0.89727882170688023
2306912376,21,50,mean_p,16,0.23297542483632372,0.033667865714328289,mean_p|train_n=16|p=50,216,355,-1.2764379302282343,0.89727882170688023
3886028575,21,50,mean_p,16,0.21827520391583916,0.04170085337374272,mean_p|train_n=16|p=50,217,357,-1.2764379302282343,0.89727882170688023
1947050928,21,50,mean_p,16,0.23976349611772479,0.03050028600989527,mean_p|train_n=16|p=50,218,358,-1.2764379302282343,0.89727882170688023
67078226,21,50,mean_p,16,0.13667613770915854,0.13676785635592847,mean_p|train_n=16|p=50,219,359,-1.2764379302282343,0.89727882170688023
1117963036,21,50,mean_p,16,0.15100507016308179,0.11102015569571042,mean_p|train_n=16|p=50,220,360,-1.2764379302282343,0.89727882170688023
339810346,21,50,mean_p,16,0.21310135587656998,0.044962670227183976,mean_p|train_n=16|p=50,221,361,-1.2764379302282343,0.89727882170688023
2566221254,21,50,mean_p,16,0.40319397916375538,0.0028259006037590138,mean_p|train_n=16|p=50,222,362,-1.2764379302282343,0.89727882170688023
3600093714,21,50,mean_p,16,0.14795643766588984,0.11605775313842279,mean_p|train_n=16|p=50,223,363,-1.2764379302282343,0.89727882170688023
2718174989,21,50,mean_p,16,0.17832269509157969,0.074595034176688821,mean_p|train_n=16|p=50,224,364,-1.2764379302282343,0.89727882170688023
3005314539,21,50,mean_p,16,0.22204647699774935,0.039473383124126772,mean_p|train_n=16|p=50,225,365,-1.2764379302282343,0.89727882170688023
2070246470,21,50,mean_p,16,0.20128133125160569,0.053404015864719434,mean_p|train_n=16|p=50,226,367,-1.2764379302282343,0.89727882170688023
2055788637,21,50,mean_p,16,0.21629863756022702,0.0429180581181971,mean_p|train_n=16|p=50,227,368,-1.2764379302282343,0.89727882170688023
1044379565,21,50,mean_p,16,0.32816136156059855,0.0084233592185027593,mean_p|train_n=16|p=50,228,370,-1.2764379302282343,0.89727882170688023
2687624100,21,50,mean_p,16,0.19733642275878485,0.056560360355995973,mean_p|train_n=16|p=50,229,371,-1.2764379302282343,0.89727882170688023
743012420,21,50,mean_p,16,0.42102154556727234,0.0021800055799728272,mean_p|train_n=16|p=50,230,372,-1.2764379302282343,0.89727882170688023
1776840628,21,50,mean_p,16,0.20940471025045712,0.047448328807148617,mean_p|train_n=16|p=50,231,375,-1.2764379302282343,0.89727882170688023
1897735682,21,50,mean_p,16,0.31896523175256414,0.0096298572879953033,mean_p|train_n=16|p=50,232,377,-1.2764379302282343,0.89727882170688023
2670816481,21,50,mean_p,16,0.09743732905956147,0.24212368016993613,mean_p|train_n=16|p=50,233,378,-1.2764379302282343,0.89727882170688023
3485602387,21,50,mean_p,16,0.43963293138122561,0.001662659476646892,mean_p|train_n=16|p=50,234,380,-1.2764379302282343,0.89727882170688023
3804017753,21,50,mean_p,16,0.24745404647915711,0.027270123118489815,mean_p|train_n=16|p=50,235,381,-1.2764379302282343,0.89727882170688023
2715989971,21,50,mean_p,16,0.37955995186622077,0.0039862309432180682,mean_p|train_n=16|p=50,236,383,-1.2764379302282343,0.89727882170688023
2104332862,21,50,mean_p,16,0.25278093724270556,0.025235532117360897,mean_p|train_n=16|p=50,237,385,-1.2764379302282343,0.89727882170688023
2879385252,21,50,mean_p,16,0.23710205124047712,0.031705060146391836,mean_p|train_n=16|p=50,238,387,-1.2764379302282343,0.89727882170688023
3687553338,21,50,mean_p,16,0.21303652574671941,0.045005120322962139,mean_p|train_n=16|p=50,239,388,-1.2764379302282343,0.89727882170688023
4222544801,21,50,mean_p,16,0.12701792067710768,0.15741268025217614,mean_p|train_n=16|p=50,240,390,-1.2764379302282343,0.89727882170688023
838657333,21,50,mean_p,16,0.26830234408588521,0.020132229705661954,mean_p|train_n=16|p=50,241,391,-1.2764379302282343,0.89727882170688023
3582894688,21,50,mean_p,16,0.11462000900036871,0.18854487107914661,mean_p|train_n=16|p=50,242,392,-1.2764379302282343,0.89727882170688023
4223304587,21,50,mean_p,16,0.28608836834120382,0.015540150272556475,mean_p|train_n=16|p=50,243,393,-1.2764379302282343,0.89727882170688023
3609102680,21,50,mean_p,16,0.29406674857376769,0.013836264226264603,mean_p|train_n=16|p=50,244,394,-1.2764379302282343,0.89727882170688023
1871157340,21,50,mean_p,16,0.15813980555538096,0.10006879620762593,mean_p|train_n=16|p=50,245,395,-1.2764379302282343,0.89727882170688023
1422738803,21,50,mean_p,16,0.36610007990745397,0.0048489843806971801,mean_p|train_n=16|p=50,246,398,-1.2764379302282343,0.89727882170688023
3447696132,21,50,mean_p,16,0.19164807201939768,0.061442915628366415,mean_p|train_n=16|p=50,247,400,-1.2764379302282343,0.89727882170688023
116357280,21,50,mean_p,16,0.23814758404129449,0.031226198058393603,mean_p|train_n=16|p=50,248,401,-1.2764379302282343,0.89727882170688023
1933945271,21,50,mean_p,16,0.29903499986005633,0.012870973645860612,mean_p|train_n=16|p=50,249,402,-1.2764379302282343,0.89727882170688023
2157053081,21,50,mean_p,16,0.23113347768661083,0.034582763484864699,mean_p|train_n=16|p=50,250,403,-1.2764379302282343,0.89727882170688023
1145932838,21,50,mean_p,16,0.19120480516836311,0.061840641336795649,mean_p|train_n=16|p=50,251,404,-1.2764379302282343,0.89727882170688023
4284287590,21,50,mean_p,16,0.3039786015407433,0.011977323529941996,mean_p|train_n=16|p=50,252,406,-1.2764379302282343,0.89727882170688023
4270524297,21,50,mean_p,16,0.37216591647629765,0.0044392010171338267,mean_p|train_n=16|p=50,253,407,-1.2764379302282343,0.89727882170688023
4147046594,21,50,mean_p,16,0.14985893477057602,0.11288786924753905,mean_p|train_n=16|p=50,254,408,-1.2764379302282343,0.89727882170688023
620332207,21,50,mean_p,16,0.20429044514164546,0.051115358593558535,mean_p|train_n=16|p=50,255,409,-1.2764379302282343,0.89727882170688023
2543443615,21,50,mean_p,16,0.26085047553992946,0.022438810561063227,mean_p|train_n=16|p=50,256,410,-1.2764379302282343,0.89727882170688023
2480708302,21,50,mean_p,16,0.31104919581587476,0.010805928773142882,mean_p|train_n=16|p=50,257,411,-1.2764379302282343,0.89727882170688023
4154508856,21,50,mean_p,16,0.20210459370192935,0.052767868990312009,mean_p|train_n=16|p=50,258,413,-1.2764379302282343,0.89727882170688023
1397452161,21,50,mean_p,16,0.40640188688630952,0.0026969796953486805,mean_p|train_n=16|p=50,259,417,-1.2764379302282343,0.89727882170688023
973634123,21,50,mean_p,16,0.15255628168534496,0.10854145697279163,mean_p|train_n=16|p=50,260,420,-1.2764379302282343,0.89727882170688023
2196355982,21,50,mean_p,16,0.16592182734893615,0.089351863337825257,mean_p|train_n=16|p=50,261,421,-1.2764379302282343,0.89727882170688023
3821136836,21,50,mean_p,16,0.22128292739249639,0.039914549126419237,mean_p|train_n=16|p=50,262,422,-1.2764379302282343,0.89727882170688023
213028635,21,50,mean_p,16,0.28051918206111398,0.016852391846482052,mean_p|train_n=16|p=50,263,423,-1.2764379302282343,0.89727882170688023
1138248500,21,50,mean_p,16,0.098109290399139001,0.23976698129157842,mean_p|train_n=16|p=50,264,424,-1.2764379302282343,0.89727882170688023
3567812186,21,50,mean_p,16,0.25453173423096098,0.024600536364422498,mean_p|train_n=16|p=50,265,425,-1.2764379302282343,0.89727882170688023
3725582983,21,50,mean_p,16,0.26175343788407601,0.022145813505124786,mean_p|train_n=16|p=50,266,427,-1.2764379302282343,0.89727882170688023
1131974203,21,50,mean_p,16,0.29646497027086205,0.013361591097523672,mean_p|train_n=16|p=50,267,429,-1.2764379302282343,0.89727882170688023
35012682,21,50,mean_p,16,0.39266114449243272,0.0032941363006306437,mean_p|train_n=16|p=50,268,431,-1.2764379302282343,0.89727882170688023
935928611,21,50,mean_p,16,0.27855088807039219,0.017342207362126039,mean_p|train_n=16|p=50,269,434,-1.2764379302282343,0.89727882170688023
999198218,21,50,mean_p,16,0.16229953099972186,0.094189486802999156,mean_p|train_n=16|p=50,270,436,-1.2764379302282343,0.89727882170688023
1932448916,21,50,mean_p,16,0.33170999780960764,0.007999303171562059,mean_p|train_n=16|p=50,271,437,-1.2764379302282343,0.89727882170688023
2619812079,21,50,mean_p,16,0.32523961539158081,0.0087893249237612856,mean_p|train_n=16|p=50,272,438,-1.2764379302282343,0.89727882170688023
357686740,21,50,mean_p,16,0.23784217750103978,0.031365323927432319,mean_p|train_n=16|p=50,273,439,-1.2764379302282343,0.89727882170688023
3726250120,21,50,mean_p,16,0.14025526059631316,0.12982494573186601,mean_p|train_n=16|p=50,274,442,-1.2764379302282343,0.89727882170688023
665266549,21,50,mean_p,16,0.16233097094055085,0.094146391540106344,mean_p|train_n=16|p=50,275,444,-1.2764379302282343,0.89727882170688023
2853423593,21,50,mean_p,16,0.10879380975354939,0.20523234069989985,mean_p|train_n=16|p=50,276,445,-1.2764379302282343,0.89727882170688023
875688802,21,50,mean_p,16,0.13026338865712339,0.15014921508054518,mean_p|train_n=16|p=50,277,447,-1.2764379302282343,0.89727882170688023
1201202725,21,50,mean_p,16,0.24834501456351532,0.026918740026460965,mean_p|train_n=16|p=50,278,448,-1.2764379302282343,0.89727882170688023
532066705,21,50,mean_p,16,0.22761997321710822,0.036397434187950731,mean_p|train_n=16|p=50,279,449,-1.2764379302282343,0.89727882170688023
272460322,21,50,mean_p,16,0.19515001965108014,0.058389371296769799,mean_p|train_n=16|p=50,280,451,-1.2764379302282343,0.89727882170688023
335947255,21,50,mean_p,16,0.31460612419572476,0.010260688795420438,mean_p|train_n=16|p=50,281,452,-1.2764379302282343,0.89727882170688023
214204887,21,50,mean_p,16,0.11805511864275807,0.1793491121493917,mean_p|train_n=16|p=50,282,456,-1.2764379302282343,0.89727882170688023
2622442927,21,50,mean_p,16,0.42808132073607474,0.0019671085197965586,mean_p|train_n=16|p=50,283,457,-1.2764379302282343,0.89727882170688023
3009920405,21,50,mean_p,16,0.21929028836114359,0.04108922541769882,mean_p|train_n=16|p=50,284,458,-1.2764379302282343,0.89727882170688023
2553140439,21,50,mean_p,16,0.32566282201052693,0.0087353470546503945,mean_p|train_n=16|p=50,285,459,-1.2764379302282343,0.89727882170688023
2494603240,21,50,mean_p,16,0.53756471338720202,0.00039968222083493416,mean_p|train_n=16|p=50,286,461,-1.2764379302282343,0.89727882170688023
2832032159,21,50,mean_p,16,0.19775929418227708,0.056213280563983864,mean_p|train_n=16|p=50,287,462,-1.2764379302282343,0.89727882170688023
525664642,21,50,mean_p,16,0.32324793256272821,0.0090478668645174107,mean_p|train_n=16|p=50,288,463,-1.2764379302282343,0.89727882170688023
3437955838,21,50,mean_p,16,0.10913982854851896,0.20420124968788084,mean_p|train_n=16|p=50,289,464,-1.2764379302282343,0.89727882170688023
206776875,21,50,mean_p,16,0.15426172307996014,0.1058801328559965,mean_p|train_n=16|p=50,290,465,-1.2764379302282343,0.89727882170688023
3324461648,21,50,mean_p,16,0.16769269983321991,0.087078073700964514,mean_p|train_n=16|p=50,291,467,-1.2764379302282343,0.89727882170688023
1975296219,21,50,mean_p,16,0.13067035924241313,0.14926237539546669,mean_p|train_n=16|p=50,292,468,-1.2764379302282343,0.89727882170688023
792980862,21,50,mean_p,16,0.14957268163643653,0.1133592234563813,mean_p|train_n=16|p=50,293,471,-1.2764379302282343,0.89727882170688023
2546005210,21,50,mean_p,16,0.32853437622216158,0.0083777473899640451,mean_p|train_n=16|p=50,294,476,-1.2764379302282343,0.89727882170688023
2582897989,21,50,mean_p,16,0.37509436872274032,0.0042539484231083127,mean_p|train_n=16|p=50,295,477,-1.2764379302282343,0.89727882170688023
3814969317,21,50,mean_p,16,0.10423600615429837,0.2193100560579288,mean_p|train_n=16|p=50,296,478,-1.2764379302282343,0.89727882170688023
2295579342,21,50,mean_p,16,0.33939156940873677,0.0071530638879113281,mean_p|train_n=16|p=50,297,479,-1.2764379302282343,0.89727882170688023
1709689613,21,50,mean_p,16,0.37188147039016362,0.0044576192907817471,mean_p|train_n=16|p=50,298,480,-1.2764379302282343,0.89727882170688023
3265065758,21,50,mean_p,16,0.20096257200960288,0.053652380288072413,mean_p|train_n=16|p=50,299,481,-1.2764379302282343,0.89727882170688023
3805892012,21,50,mean_p,16,0.23878516031526212,0.030937740242363544,mean_p|train_n=16|p=50,300,483,-1.2764379302282343,0.89727882170688023
2115986241,21,50,mean_p,16,0.16495021684833289,0.090624531763825164,mean_p|train_n=16|p=50,301,484,-1.2764379302282343,0.89727882170688023
4252026439,21,50,mean_p,16,0.31566927269484479,0.010103124025410502,mean_p|train_n=16|p=50,302,485,-1.2764379302282343,0.89727882170688023
3863697290,21,50,mean_p,16,0.21321616057990136,0.044887595509868317,mean_p|train_n=16|p=50,303,486,-1.2764379302282343,0.89727882170688023
2308861760,21,50,mean_p,16,0.14089303851736454,0.12862528609349536,mean_p|train_n=16|p=50,304,487,-1.2764379302282343,0.89727882170688023
913316440,21,50,mean_p,16,0.37045964421492322,0.0045508365040409643,mean_p|train_n=16|p=50,305,488,-1.2764379302282343,0.89727882170688023
561381175,21,50,mean_p,16,0.1600004999821453,0.097394863636056705,mean_p|train_n=16|p=50,306,489,-1.2764379302282343,0.89727882170688023
850460030,21,50,mean_p,16,0.26733789551639225,0.0204168512139766,mean_p|train_n=16|p=50,307,492,-1.2764379302282343,0.89727882170688023
3551025431,21,50,mean_p,16,0.14430777892254903,0.12238822286533235,mean_p|train_n=16|p=50,308,493,-1.2764379302282343,0.89727882170688023
2935938192,21,50,mean_p,16,0.11628258065204733,0.18403675213189891,mean_p|train_n=16|p=50,309,494,-1.2764379302282343,0.89727882170688023
3457598499,21,50,mean_p,16,0.22356903444752277,0.03860817784644191,mean_p|train_n=16|p=50,310,496,-1.2764379302282343,0.89727882170688023
5962405,21,50,mean_p,16,0.34503638482099214,0.0065888204069696789,mean_p|train_n=16|p=50,311,498,-1.2764379302282343,0.89727882170688023
1161814478,21,50,mean_p,16,0.27474499636134031,0.018330056924148984,mean_p|train_n=16|p=50,312,503,-1.2764379302282343,0.89727882170688023
1780533724,21,50,mean_p,16,0.22148447868873722,0.039797619471332951,mean_p|train_n=16|p=50,313,504,-1.2764379302282343,0.89727882170688023
3747228238,21,50,mean_p,16,0.26456399617633991,0.021258094285761264,mean_p|train_n=16|p=50,314,505,-1.2764379302282343,0.89727882170688023
3841262990,21,50,mean_p,16,0.12558925626432985,0.16072047281039217,mean_p|train_n=16|p=50,315,510,-1.2764379302282343,0.89727882170688023
2853125310,21,50,mean_p,16,0.20180129912149816,0.053001342693705426,mean_p|train_n=16|p=50,316,511,-1.2764379302282343,0.89727882170688023
330677851,21,50,mean_p,16,0.36800211433030366,0.0047165758991099729,mean_p|train_n=16|p=50,317,512,-1.2764379302282343,0.89727882170688023
376264054,21,50,mean_p,16,0.45884274852888723,0.0012570888009442718,mean_p|train_n=16|p=50,318,513,-1.2764379302282343,0.89727882170688023
3295832269,21,50,mean_p,16,0.2265523808163977,0.036967466968223429,mean_p|train_n=16|p=50,319,514,-1.2764379302282343,0.89727882170688023
4018570978,21,50,mean_p,16,0.14027840934085642,0.1297812079070276,mean_p|train_n=16|p=50,320,515,-1.2764379302282343,0.89727882170688023
2789936632,21,50,mean_p,16,0.114896686923371,0.18778706209221319,mean_p|train_n=16|p=50,321,516,-1.2764379302282343,0.89727882170688023
3487463332,21,50,mean_p,16,0.19997368237139174,0.054430257453186422,mean_p|train_n=16|p=50,322,517,-1.2764379302282343,0.89727882170688023
4222768763,21,50,mean_p,16,0.27987076459864496,0.017012204862015479,mean_p|train_n=16|p=50,323,518,-1.2764379302282343,0.89727882170688023
3695501312,21,50,mean_p,16,0.22122294678738341,0.03994941306339652,mean_p|train_n=16|p=50,324,520,-1.2764379302282343,0.89727882170688023
36152212,21,50,mean_p,16,0.45517814959837227,0.001325965412059042,mean_p|train_n=16|p=50,325,524,-1.2764379302282343,0.89727882170688023
364766426,21,50,mean_p,16,0.23608162199708457,0.032179504861819121,mean_p|train_n=16|p=50,326,525,-1.2764379302282343,0.89727882170688023
1855774639,21,50,mean_p,16,0.25452443097552574,0.024603151708943859,mean_p|train_n=16|p=50,327,527,-1.2764379302282343,0.89727882170688023
1395394126,21,50,mean_p,16,0.22392834658704719,0.038406777261760963,mean_p|train_n=16|p=50,328,528,-1.2764379302282343,0.89727882170688023
2002824144,21,50,mean_p,16,0.20358215353453718,0.051645081758904074,mean_p|train_n=16|p=50,329,529,-1.2764379302282343,0.89727882170688023
1859437147,21,50,mean_p,16,0.16291819132036017,0.093345092206660762,mean_p|train_n=16|p=50,330,531,-1.2764379302282343,0.89727882170688023
291158343,21,50,mean_p,16,0.29371328144516201,0.013907636635650755,mean_p|train_n=16|p=50,331,535,-1.2764379302282343,0.89727882170688023
4170669351,21,50,mean_p,16,0.27389951394250545,0.018557037296901984,mean_p|train_n=16|p=50,332,536,-1.2764379302282343,0.89727882170688023
2416705882,21,50,mean_p,16,0.32166685605946421,0.0092585117489070827,mean_p|train_n=16|p=50,333,538,-1.2764379302282343,0.89727882170688023
1590915272,21,50,mean_p,16,0.21421189273469224,0.044241688338886975,mean_p|train_n=16|p=50,334,539,-1.2764379302282343,0.89727882170688023
2781508402,21,50,mean_p,16,0.40534498467521812,0.0027387918159322349,mean_p|train_n=16|p=50,335,541,-1.2764379302282343,0.89727882170688023
53151790,21,50,mean_p,16,0.1026005890957177,0.22459342976282803,mean_p|train_n=16|p=50,336,542,-1.2764379302282343,0.89727882170688023
1525611862,21,50,mean_p,16,0.22135042118324666,0.039875354503872494,mean_p|train_n=16|p=50,337,543,-1.2764379302282343,0.89727882170688023
1797196775,21,50,mean_p,16,0.33597380377793273,0.0075179243873132835,mean_p|train_n=16|p=50,338,544,-1.2764379302282343,0.89727882170688023
2119081525,21,50,mean_p,16,0.17107511793738264,0.082894633885368288,mean_p|train_n=16|p=50,339,547,-1.2764379302282343,0.89727882170688023
2860475657,21,50,mean_p,16,0.23995958081713764,0.030413355398439982,mean_p|train_n=16|p=50,340,548,-1.2764379302282343,0.89727882170688023
2141057955,21,50,mean_p,16,0.29680588530890362,0.01329544991310329,mean_p|train_n=16|p=50,341,549,-1.2764379302282343,0.89727882170688023
3190659276,21,50,mean_p,16,0.31980621566371342,0.0095126925808425144,mean_p|train_n=16|p=50,342,550,-1.2764379302282343,0.89727882170688023
3223789956,21,50,mean_p,16,0.59021281319281926,0.00018573469094358602,mean_p|train_n=16|p=50,343,551,-1.2764379302282343,0.89727882170688023
2275653288,21,50,mean_p,16,0.17608243109951194,0.077067635935134896,mean_p|train_n=16|p=50,344,552,-1.2764379302282343,0.89727882170688023
1966131451,21,50,mean_p,16,0.15353877428354004,0.10700022534155815,mean_p|train_n=16|p=50,345,553,-1.2764379302282343,0.89727882170688023
3212585885,21,50,mean_p,16,0.12062296098732694,0.17276918402530683,mean_p|train_n=16|p=50,346,554,-1.2764379302282343,0.89727882170688023
118017839,21,50,mean_p,16,0.22296033262574508,0.038951778575673113,mean_p|train_n=16|p=50,347,555,-1.2764379302282343,0.89727882170688023
339281450,21,50,mean_p,16,0.21880776114166528,0.041378840116035508,mean_p|train_n=16|p=50,348,557,-1.2764379302282343,0.89727882170688023
3518434984,21,50,mean_p,16,0.1750048176362291,0.078286037338744147,mean_p|train_n=16|p=50,349,558,-1.2764379302282343,0.89727882170688023
1388735920,21,50,mean_p,16,0.12159726584499159,0.17033625215239234,mean_p|train_n=16|p=50,350,563,-1.2764379302282343,0.89727882170688023
272173273,21,50,mean_p,16,0.2093674907402891,0.04747404187991959,mean_p|train_n=16|p=50,351,567,-1.2764379302282343,0.89727882170688023
3133908295,21,50,mean_p,16,0.16607995123290994,0.089146441723280956,mean_p|train_n=16|p=50,352,568,-1.2764379302282343,0.89727882170688023
2782474505,21,50,mean_p,16,0.45338885905176418,0.0013609539431556784,mean_p|train_n=16|p=50,353,569,-1.2764379302282343,0.89727882170688023
2420358557,21,50,mean_p,16,0.22017843055535469,0.040561447780501469,mean_p|train_n=16|p=50,354,571,-1.2764379302282343,0.89727882170688023
3636924620,21,50,mean_p,16,0.15539899314508787,0.10414179935475144,mean_p|train_n=16|p=50,355,572,-1.2764379302282343,0.89727882170688023
2144873331,21,50,mean_p,16,0.31074238138996907,0.010854296176934572,mean_p|train_n=16|p=50,356,573,-1.2764379302282343,0.89727882170688023
1813229187,21,50,mean_p,16,0.30399487703317185,0.011974486347711413,mean_p|train_n=16|p=50,357,574,-1.2764379302282343,0.89727882170688023
2698814445,21,50,mean_p,16,0.24349806706275498,0.028886527420421203,mean_p|train_n=16|p=50,358,576,-1.2764379302282343,0.89727882170688023
221930443,21,50,mean_p,16,0.16511222524239244,0.090411071977406332,mean_p|train_n=16|p=50,359,578,-1.2764379302282343,0.89727882170688023
1310144747,21,50,mean_p,16,0.12171334738146282,0.17004867913758448,mean_p|train_n=16|p=50,360,579,-1.2764379302282343,0.89727882170688023
2301628173,21,50,mean_p,16,0.24395258183703442,0.028696046161808774,mean_p|train_n=16|p=50,361,583,-1.2764379302282343,0.89727882170688023
4168108364,21,50,mean_p,16,0.33606955467850796,0.0075074535126563391,mean_p|train_n=16|p=50,362,584,-1.2764379302282343,0.89727882170688023
3643280564,21,50,mean_p,16,0.079929980117652538,0.31240087892007229,mean_p|train_n=16|p=50,363,587,-1.2764379302282343,0.89727882170688023
1466798990,21,50,mean_p,16,0.14398607628890087,0.12296267816454116,mean_p|train_n=16|p=50,364,592,-1.2764379302282343,0.89727882170688023
1313895028,21,50,mean_p,16,0.25699423433287699,0.023734361989724138,mean_p|train_n=16|p=50,365,597,-1.2764379302282343,0.89727882170688023
2061442388,21,50,mean_p,16,0.37174133036795048,0.0044667216284817613,mean_p|train_n=16|p=50,366,598,-1.2764379302282343,0.89727882170688023
566194669,21,50,mean_p,16,0.22669216297762698,0.036892326404377992,mean_p|train_n=16|p=50,367,599,-1.2764379302282343,0.89727882170688023
2125570371,21,50,mean_p,16,0.18825585608366741,0.064552958294578383,mean_p|train_n=16|p=50,368,604,-1.2764379302282343,0.89727882170688023
1617953188,21,50,mean_p,16,0.35818012012099881,0.0054414900559062174,mean_p|train_n=16|p=50,369,606,-1.2764379302282343,0.89727882170688023
1564374652,21,50,mean_p,16,0.20351438750691381,0.051696050037624987,mean_p|train_n=16|p=50,370,609,-1.2764379302282343,0.89727882170688023
687117513,21,50,mean_p,16,0.27511070308980667,0.018232740509156596,mean_p|train_n=16|p=50,371,610,-1.2764379302282343,0.89727882170688023
1753935619,21,50,mean_p,16,0.17837138840145048,0.074542181125042281,mean_p|train_n=16|p=50,372,611,-1.2764379302282343,0.89727882170688023
1473326148,21,50,mean_p,16,0.41129231091276541,0.0025116679626198523,mean_p|train_n=16|p=50,373,612,-1.2764379302282343,0.89727882170688023
4139061530,21,50,mean_p,16,0.26937766535579022,0.019819563883325706,mean_p|train_n=16|p=50,374,613,-1.2764379302282343,0.89727882170688023
865956281,21,50,mean_p,16,0.15663436123956662,0.10228584498285435,mean_p|train_n=16|p=50,375,615,-1.2764379302282343,0.89727882170688023
1184155200,21,50,mean_p,16,0.27053038898058607,0.019489782912456354,mean_p|train_n=16|p=50,376,616,-1.2764379302282343,0.89727882170688023
13595688,21,50,mean_p,16,0.25841441056972853,0.023248756734771423,mean_p|train_n=16|p=50,377,617,-1.2764379302282343,0.89727882170688023
1134600253,21,50,mean_p,16,0.13907636908399196,0.13207197294925596,mean_p|train_n=16|p=50,378,620,-1.2764379302282343,0.89727882170688023
3725774067,21,50,mean_p,16,0.34335091496279257,0.0067524688080166546,mean_p|train_n=16|p=50,379,621,-1.2764379302282343,0.89727882170688023
4266785032,21,50,mean_p,16,0.10018871770178811,0.23261836861703056,mean_p|train_n=16|p=50,380,622,-1.2764379302282343,0.89727882170688023
3968106610,21,50,mean_p,16,0.30557628477833354,0.011701992587654938,mean_p|train_n=16|p=50,381,624,-1.2764379302282343,0.89727882170688023
4049887013,21,50,mean_p,16,0.14951098847458094,0.11346106703755705,mean_p|train_n=16|p=50,382,626,-1.2764379302282343,0.89727882170688023
3793472987,21,50,mean_p,16,0.19302423319238934,0.060224365660832418,mean_p|train_n=16|p=50,383,627,-1.2764379302282343,0.89727882170688023
777302482,21,50,mean_p,16,0.27421551523949844,0.018471875694846707,mean_p|train_n=16|p=50,384,628,-1.2764379302282343,0.89727882170688023
3443111558,21,50,mean_p,16,0.25928474997250134,0.022956082118758655,mean_p|train_n=16|p=50,385,629,-1.2764379302282343,0.89727882170688023
2051674479,21,50,mean_p,16,0.25792733996980699,0.023414172483315041,mean_p|train_n=16|p=50,386,630,-1.2764379302282343,0.89727882170688023
273577359,21,50,mean_p,16,0.075032857507741121,0.33548263373571241,mean_p|train_n=16|p=50,387,631,-1.2764379302282343,0.89727882170688023
1227948579,21,50,mean_p,16,0.28431666014563983,0.0159461299000297,mean_p|train_n=16|p=50,388,632,-1.2764379302282343,0.89727882170688023
1291586452,21,50,mean_p,16,0.37718097814759205,0.0041266862170151681,mean_p|train_n=16|p=50,389,635,-1.2764379302282343,0.89727882170688023
926096126,21,50,mean_p,16,0.28165061907508082,0.016577117758908105,mean_p|train_n=16|p=50,390,636,-1.2764379302282343,0.89727882170688023
2690842241,21,50,mean_p,16,0.11645593364184356,0.18357294990362652,mean_p|train_n=16|p=50,391,638,-1.2764379302282343,0.89727882170688023
3231448210,21,50,mean_p,16,0.30245352676223547,0.01224618283521773,mean_p|train_n=16|p=50,392,640,-1.2764379302282343,0.89727882170688023
643450771,21,50,mean_p,16,0.32491188779676139,0.0088313539748041802,mean_p|train_n=16|p=50,393,644,-1.2764379302282343,0.89727882170688023
1864523646,21,50,mean_p,16,0.39692587590496597,0.0030958614137069811,mean_p|train_n=16|p=50,394,647,-1.2764379302282343,0.89727882170688023
2613781530,21,50,mean_p,16,0.54815849009902995,0.00034256650286723173,mean_p|train_n=16|p=50,395,648,-1.2764379302282343,0.89727882170688023
11330522,21,50,mean_p,16,0.20102101175014669,0.053606760073356602,mean_p|train_n=16|p=50,396,649,-1.2764379302282343,0.89727882170688023
3440417247,21,50,mean_p,16,0.35700785282915914,0.0055351383416890358,mean_p|train_n=16|p=50,397,650,-1.2764379302282343,0.89727882170688023
832720826,21,50,mean_p,16,0.20357652363478829,0.0516493142122708,mean_p|train_n=16|p=50,398,651,-1.2764379302282343,0.89727882170688023
2064699685,21,50,mean_p,16,0.30868711934356241,0.011183925717005452,mean_p|train_n=16|p=50,399,655,-1.2764379302282343,0.89727882170688023
381072177,21,50,mean_p,16,0.29397144809332759,0.01385547124477127,mean_p|train_n=16|p=50,400,658,-1.2764379302282343,0.89727882170688023
3783269327,21,50,mean_p,16,0.4420152670429609,0.0016059908539149742,mean_p|train_n=16|p=50,401,661,-1.2764379302282343,0.89727882170688023
2189865909,21,50,mean_p,16,0.09680412895730979,0.24436563038337822,mean_p|train_n=16|p=50,402,663,-1.2764379302282343,0.89727882170688023
766618263,21,50,mean_p,16,0.22465295471786517,0.038003812113533902,mean_p|train_n=16|p=50,403,665,-1.2764379302282343,0.89727882170688023
2993069274,21,50,mean_p,16,0.22473191713982552,0.037960156226488725,mean_p|train_n=16|p=50,404,666,-1.2764379302282343,0.89727882170688023
217894542,21,50,mean_p,16,0.37908122589467996,0.0040141055175404701,mean_p|train_n=16|p=50,405,668,-1.2764379302282343,0.89727882170688023
430613735,21,50,mean_p,16,0.15912880030784793,0.098638535725847964,mean_p|train_n=16|p=50,406,669,-1.2764379302282343,0.89727882170688023
380357449,21,50,mean_p,16,0.24027366446395401,0.030274628065949282,mean_p|train_n=16|p=50,407,671,-1.2764379302282343,0.89727882170688023
1242449480,21,50,mean_p,16,0.15203382283740641,0.10937005698129645,mean_p|train_n=16|p=50,408,673,-1.2764379302282343,0.89727882170688023
2973275819,21,50,mean_p,16,0.16124688399672862,0.095643811621407476,mean_p|train_n=16|p=50,409,674,-1.2764379302282343,0.89727882170688023
80968775,21,50,mean_p,16,0.30423331786907581,0.0119329977424475,mean_p|train_n=16|p=50,410,677,-1.2764379302282343,0.89727882170688023
2320268231,21,50,mean_p,16,0.2002237456376014,0.054232494526861866,mean_p|train_n=16|p=50,411,681,-1.2764379302282343,0.89727882170688023
176683536,21,50,mean_p,16,0.30366969030350799,0.012031301310153345,mean_p|train_n=16|p=50,412,684,-1.2764379302282343,0.89727882170688023
3485360423,21,50,mean_p,16,0.042606339918901288,0.53784667391364349,mean_p|train_n=16|p=50,413,685,-1.2764379302282343,0.89727882170688023
3590532356,21,50,mean_p,16,0.34261350539908414,0.0068253388480894071,mean_p|train_n=16|p=50,414,687,-1.2764379302282343,0.89727882170688023
2545398206,21,50,mean_p,16,0.33645311832848279,0.0074656547870843486,mean_p|train_n=16|p=50,415,688,-1.2764379302282343,0.89727882170688023
3996579285,21,50,mean_p,16,0.20454833374262676,0.050923838903304833,mean_p|train_n=16|p=50,416,689,-1.2764379302282343,0.89727882170688023
472339403,21,50,mean_p,16,0.36078652484868878,0.0052389121239271724,mean_p|train_n=16|p=50,417,691,-1.2764379302282343,0.89727882170688023
2380605843,21,50,mean_p,16,0.30039316700487623,0.012619018324875943,mean_p|train_n=16|p=50,418,693,-1.2764379302282343,0.89727882170688023
3638604186,21,50,mean_p,16,0.15226571804676745,0.1090015020730658,mean_p|train_n=16|p=50,419,694,-1.2764379302282343,0.89727882170688023
3109871136,21,50,mean_p,16,0.1967759152483865,0.057023712551113562,mean_p|train_n=16|p=50,420,696,-1.2764379302282343,0.89727882170688023
1127853166,21,50,mean_p,16,0.30464695484577781,0.011861365772394133,mean_p|train_n=16|p=50,421,697,-1.2764379302282343,0.89727882170688023
3595684680,21,50,mean_p,16,0.28734732849136096,0.015257962175838611,mean_p|train_n=16|p=50,422,699,-1.2764379302282343,0.89727882170688023
1903945308,21,50,mean_p,16,0.15169500852197312,0.1099107818144667,mean_p|train_n=16|p=50,423,700,-1.2764379302282343,0.89727882170688023
1089482885,21,50,mean_p,16,0.24654002001250974,0.027635366956347662,mean_p|train_n=16|p=50,424,701,-1.2764379302282343,0.89727882170688023
3479948377,21,50,mean_p,16,0.24430047090701176,0.028551099421376541,mean_p|train_n=16|p=50,425,704,-1.2764379302282343,0.89727882170688023
3214290095,21,50,mean_p,16,0.079065448402914004,0.31635703505221879,mean_p|train_n=16|p=50,426,705,-1.2764379302282343,0.89727882170688023
2194214275,21,50,mean_p,16,0.25937150053887298,0.022927112640697557,mean_p|train_n=16|p=50,427,706,-1.2764379302282343,0.89727882170688023
1695366965,21,50,mean_p,16,0.26795959230760563,0.020232922913082207,mean_p|train_n=16|p=50,428,707,-1.2764379302282343,0.89727882170688023
2835624623,21,50,mean_p,16,0.47005860862996557,0.0010677349059411139,mean_p|train_n=16|p=50,429,708,-1.2764379302282343,0.89727882170688023
2910038785,21,50,mean_p,16,0.38997860135969137,0.0034253078495229371,mean_p|train_n=16|p=50,430,712,-1.2764379302282343,0.89727882170688023
3391868728,21,50,mean_p,16,0.21159995262719342,0.045956125920426819,mean_p|train_n=16|p=50,431,713,-1.2764379302282343,0.89727882170688023
564961936,21,50,mean_p,16,0.15217255180942621,0.10914942323486486,mean_p|train_n=16|p=50,432,715,-1.2764379302282343,0.89727882170688023
789702839,21,50,mean_p,16,0.32542724539069307,0.0087653526282147308,mean_p|train_n=16|p=50,433,717,-1.2764379302282343,0.89727882170688023
3700979296,21,50,mean_p,16,0.27166171821607416,0.01917145864186633,mean_p|train_n=16|p=50,434,721,-1.2764379302282343,0.89727882170688023
740348674,21,50,mean_p,16,0.18960255615867871,0.063299868844860441,mean_p|train_n=16|p=50,435,724,-1.2764379302282343,0.89727882170688023
717974591,21,50,mean_p,16,0.10299062399572441,0.22332193953331331,mean_p|train_n=16|p=50,436,725,-1.2764379302282343,0.89727882170688023
3034125704,21,50,mean_p,16,0.31353966893924273,0.010421212487129716,mean_p|train_n=16|p=50,437,727,-1.2764379302282343,0.89727882170688023
1247180444,21,50,mean_p,16,0.43798901522431732,0.0017029250797014814,mean_p|train_n=16|p=50,438,728,-1.2764379302282343,0.89727882170688023
4130273207,21,50,mean_p,16,0.32033279401606957,0.0094400572589565194,mean_p|train_n=16|p=50,439,731,-1.2764379302282343,0.89727882170688023
3025028353,21,50,mean_p,16,0.30705051948575068,0.011453553597286475,mean_p|train_n=16|p=50,440,732,-1.2764379302282343,0.89727882170688023
2130093085,21,50,mean_p,16,0.31998572673214698,0.0094878685574479611,mean_p|train_n=16|p=50,441,733,-1.2764379302282343,0.89727882170688023
851561310,21,50,mean_p,16,0.21787141027859958,0.041946678409905513,mean_p|train_n=16|p=50,442,734,-1.2764379302282343,0.89727882170688023
3947715667,21,50,mean_p,16,0.33427276892219121,0.0077063950130115289,mean_p|train_n=16|p=50,443,735,-1.2764379302282343,0.89727882170688023
2785215157,21,50,mean_p,16,0.19431068587630401,0.059107114244668219,mean_p|train_n=16|p=50,444,736,-1.2764379302282343,0.89727882170688023
3294909200,21,50,mean_p,16,0.1373155705931047,0.13550077587345677,mean_p|train_n=16|p=50,445,737,-1.2764379302282343,0.89727882170688023
2366096946,21,50,mean_p,16,0.29023974283930509,0.014628903022347439,mean_p|train_n=16|p=50,446,738,-1.2764379302282343,0.89727882170688023
211728447,21,50,mean_p,16,0.30651251476349828,0.011543601321023538,mean_p|train_n=16|p=50,447,739,-1.2764379302282343,0.89727882170688023
4270636587,21,50,mean_p,16,0.023977107790321202,0.70538398990163287,mean_p|train_n=16|p=50,448,741,-1.2764379302282343,0.89727882170688023
2732631369,21,50,mean_p,16,0.12860081552578856,0.15382723658068556,mean_p|train_n=16|p=50,449,742,-1.2764379302282343,0.89727882170688023
2077491670,21,50,mean_p,16,0.26649755476118026,0.020668125365683583,mean_p|train_n=16|p=50,450,743,-1.2764379302282343,0.89727882170688023
3603552822,21,50,mean_p,16,0.16780031174535334,0.086941780616437814,mean_p|train_n=16|p=50,451,744,-1.2764379302282343,0.89727882170688023
3425252634,21,50,mean_p,16,0.20180037482850313,0.053002055783483083,mean_p|train_n=16|p=50,452,747,-1.2764379302282343,0.89727882170688023
3932519603,21,50,mean_p,16,0.15889191698880295,0.09897923782652493,mean_p|train_n=16|p=50,453,748,-1.2764379302282343,0.89727882170688023
1645733151,21,50,mean_p,16,0.28974487071165933,0.014734661368057435,mean_p|train_n=16|p=50,454,752,-1.2764379302282343,0.89727882170688023
2421864026,21,50,mean_p,16,0.1484474900866003,0.1152311528181873,mean_p|train_n=16|p=50,455,753,-1.2764379302282343,0.89727882170688023
2137870848,21,50,mean_p,16,0.23586919015226893,0.032279163595535426,mean_p|train_n=16|p=50,456,754,-1.2764379302282343,0.89727882170688023
3010964342,21,50,mean_p,16,0.16879273553796187,0.085694864144198218,mean_p|train_n=16|p=50,457,755,-1.2764379302282343,0.89727882170688023
634745293,21,50,mean_p,16,0.36766599887706114,0.0047397084163882724,mean_p|train_n=16|p=50,458,756,-1.2764379302282343,0.89727882170688023
3580101717,21,50,mean_p,16,0.31618125780551704,0.010028110342867456,mean_p|train_n=16|p=50,459,757,-1.2764379302282343,0.89727882170688023
3537103697,21,50,mean_p,16,0.062611238289891208,0.4019711861675489,mean_p|train_n=16|p=50,460,758,-1.2764379302282343,0.89727882170688023
629831362,21,50,mean_p,16,0.19231721966529669,0.060847356081244808,mean_p|train_n=16|p=50,461,759,-1.2764379302282343,0.89727882170688023
654969200,21,50,mean_p,16,0.29757910645177393,0.01314664756027911,mean_p|train_n=16|p=50,462,760,-1.2764379302282343,0.89727882170688023
3520630388,21,50,mean_p,16,0.31771446535825792,0.0098067867879583544,mean_p|train_n=16|p=50,463,762,-1.2764379302282343,0.89727882170688023
3837720703,21,50,mean_p,16,0.31022590501642489,0.010936204944592798,mean_p|train_n=16|p=50,464,763,-1.2764379302282343,0.89727882170688023
3083425331,21,50,mean_p,16,0.14447445443708584,0.12209165133034523,mean_p|train_n=16|p=50,465,766,-1.2764379302282343,0.89727882170688023
2649164674,21,50,mean_p,16,0.35176045983336807,0.0059744861176029059,mean_p|train_n=16|p=50,466,768,-1.2764379302282343,0.89727882170688023
1915060188,21,50,mean_p,16,0.20241144241206474,0.05253270594122917,mean_p|train_n=16|p=50,467,769,-1.2764379302282343,0.89727882170688023
2226526635,21,50,mean_p,16,0.30063138085616059,0.012575338126203817,mean_p|train_n=16|p=50,468,771,-1.2764379302282343,0.89727882170688023
682409424,21,50,mean_p,16,0.18484287091322496,0.067840927804923581,mean_p|train_n=16|p=50,469,774,-1.2764379302282343,0.89727882170688023
2165840815,21,50,mean_p,16,0.16848257093798558,0.086082632639220141,mean_p|train_n=16|p=50,470,776,-1.2764379302282343,0.89727882170688023
925852931,21,50,mean_p,16,0.1116468670704453,0.19688372878628635,mean_p|train_n=16|p=50,471,779,-1.2764379302282343,0.89727882170688023
3598660758,21,50,mean_p,16,0.39121681621214272,0.0033641246076418934,mean_p|train_n=16|p=50,472,780,-1.2764379302282343,0.89727882170688023
4023199144,21,50,mean_p,16,0.18600247638999287,0.066705429083070172,mean_p|train_n=16|p=50,473,782,-1.2764379302282343,0.89727882170688023
3185111280,21,50,mean_p,16,0.17927432746743602,0.073568863925415728,mean_p|train_n=16|p=50,474,787,-1.2764379302282343,0.89727882170688023
963532838,21,50,mean_p,16,0.17140370053577952,0.082499105589286442,mean_p|train_n=16|p=50,475,792,-1.2764379302282343,0.89727882170688023
3576921471,21,50,mean_p,16,0.17133076109326059,0.082586742488748213,mean_p|train_n=16|p=50,476,793,-1.2764379302282343,0.89727882170688023
624822348,21,50,mean_p,16,0.30327434899726574,0.012100736519935406,mean_p|train_n=16|p=50,477,795,-1.2764379302282343,0.89727882170688023
3258404160,21,50,mean_p,16,0.33414364993966478,0.0077208925525630466,mean_p|train_n=16|p=50,478,796,-1.2764379302282343,0.89727882170688023
3937775528,21,50,mean_p,16,0.22944170044282103,0.035444959472703437,mean_p|train_n=16|p=50,479,797,-1.2764379302282343,0.89727882170688023
3382659738,21,50,mean_p,16,0.1340264426772933,0.14214593069863707,mean_p|train_n=16|p=50,480,798,-1.2764379302282343,0.89727882170688023
1033735484,21,50,mean_p,16,0.11599169510383649,0.18481764457666502,mean_p|train_n=16|p=50,481,800,-1.2764379302282343,0.89727882170688023
163536366,21,50,mean_p,16,0.18305199876150013,0.069632663847035647,mean_p|train_n=16|p=50,482,801,-1.2764379302282343,0.89727882170688023
2187028989,21,50,mean_p,16,0.16592055703935818,0.089353515535312442,mean_p|train_n=16|p=50,483,804,-1.2764379302282343,0.89727882170688023
2312663827,21,50,mean_p,16,0.36444366331585099,0.0049673188476765428,mean_p|train_n=16|p=50,484,805,-1.2764379302282343,0.89727882170688023
3041855467,21,50,mean_p,16,0.22705211625517785,0.036699534105641668,mean_p|train_n=16|p=50,485,808,-1.2764379302282343,0.89727882170688023
3148777663,21,50,mean_p,16,0.57271472621558295,0.00023961249286641421,mean_p|train_n=16|p=50,486,810,-1.2764379302282343,0.89727882170688023
809072087,21,50,mean_p,16,0.22401975633885945,0.038355708390971854,mean_p|train_n=16|p=50,487,811,-1.2764379302282343,0.89727882170688023
3335165850,21,50,mean_p,16,0.21827312395991499,0.04170211592902931,mean_p|train_n=16|p=50,488,812,-1.2764379302282343,0.89727882170688023
1725146427,21,50,mean_p,16,0.22556391644389906,0.037503206345955206,mean_p|train_n=16|p=50,489,813,-1.2764379302282343,0.89727882170688023
