seed,n,p,objective,train_n,X,p_succ,angle_id,eval_index,trial,delta_gamma,delta_beta
1216935791,12,8,mean_p,12,0.33976505584309452,0.059244265638381248,mean_p|train_n=12|p=8,0,1,-1.62371,1.10791
2260314959,12,8,mean_p,12,0.28965362682167511,0.089880781457878353,mean_p|train_n=12|p=8,1,3,-1.62371,1.10791
1769420166,12,8,mean_p,12,0.35841596454725505,0.050730895081943991,mean_p|train_n=12|p=8,2,4,-1.62371,1.10791
676365524,12,8,mean_p,12,0.38886573812177089,0.039380115219178599,mean_p|train_n=12|p=8,3,5,-1.62371,1.10791
389127389,12,8,mean_p,12,0.28583612421859411,0.092780569337581775,mean_p|train_n=12|p=8,4,9,-1.62371,1.10791
3394316332,12,8,mean_p,12,0.27243504333452689,0.10372096794393354,mean_p|train_n=12|p=8,5,10,-1.62371,1.10791
2681909953,12,8,mean_p,12,0.37539631204391694,0.044048730636921003,mean_p|train_n=12|p=8,6,11,-1.62371,1.10791
1040838781,12,8,mean_p,12,0.30919104416719795,0.076399524532429652,mean_p|train_n=12|p=8,7,13,-1.62371,1.10791
2016711147,12,8,mean_p,12,0.41302007688518144,0.032212380211994213,mean_p|train_n=12|p=8,8,19,-1.62371,1.10791
1367660954,12,8,mean_p,12,0.50307886042894912,0.015229935845396295,mean_p|train_n=12|p=8,9,21,-1.62371,1.10791
1320326900,12,8,mean_p,12,0.39889208723330571,0.036229154644907086,mean_p|train_n=12|p=8,10,23,-1.62371,1.10791
3848711562,12,8,mean_p,12,0.37233382885042859,0.045185197969069862,mean_p|train_n=12|p=8,11,25,-1.62371,1.10791
977253372,12,8,mean_p,12,0.47350497338252678,0.019477337916413096,mean_p|train_n=12|p=8,12,26,-1.62371,1.10791
1202033095,12,8,mean_p,12,0.19014098717369443,0.20565643988369037,mean_p|train_n=12|p=8,13,27,-1.62371,1.10791
3267263313,12,8,mean_p,12,0.42208469849449154,0.029872951962781804,mean_p|train_n=12|p=8,14,28,-1.62371,1.10791
664469226,12,8,mean_p,12,0.38613957647231562,0.040283283208329107,mean_p|train_n=12|p=8,15,32,-1.62371,1.10791
353195885,12,8,mean_p,12,0.36709967405972005,0.047195853080818737,mean_p|train_n=12|p=8,16,34,-1.62371,1.10791
1741453875,12,8,mean_p,12,0.484995569439781,0.017701963054910567,mean_p|train_n=12|p=8,17,35,-1.62371,1.10791
1585800779,12,8,mean_p,12,0.3039432741910032,0.079808195231096585,mean_p|train_n=12|p=8,18,38,-1.62371,1.10791
906179123,12,8,mean_p,12,0.38682281207281272,0.040055002825503054,mean_p|train_n=12|p=8,19,39,-1.62371,1.10791
1193735533,12,8,mean_p,12,0.50602365284290696,0.014861423961089873,mean_p|train_n=12|p=8,20,43,-1.62371,1.10791
4255288688,12,8,mean_p,12,0.48331584510347864,0.017951022816671155,mean_p|train_n=12|p=8,21,44,-1.62371,1.10791
1796686663,12,8,mean_p,12,0.45451625745601826,0.022809915470727988,mean_p|train_n=12|p=8,22,47,-1.62371,1.10791
1137546669,12,8,mean_p,12,0.36645382934360488,0.047450070726518245,mean_p|train_n=12|p=8,23,48,-1.62371,1.10791
663457092,12,8,mean_p,12,0.41670393311041093,0.031240314827247258,mean_p|train_n=12|p=8,24,50,-1.62371,1.10791
2547556208,12,8,mean_p,12,0.45568300934731193,0.0225896211825274,mean_p|train_n=12|p=8,25,51,-1.62371,1.10791
2149088460,12,8,mean_p,12,0.41524455862630599,0.031621843706690328,mean_p|train_n=12|p=8,26,52,-1.62371,1.10791
52176291,12,8,mean_p,12,0.34471463503161265,0.056854737527593513,mean_p|train_n=12|p=8,27,55,-1.62371,1.10791
848615504,12,8,mean_p,12,0.4115667749710063,0.032604133759824246,mean_p|train_n=12|p=8,28,57,-1.62371,1.10791
2131478535,12,8,mean_p,12,0.24451778756321726,0.13083192686599471,mean_p|train_n=12|p=8,29,58,-1.62371,1.10791
3210288208,12,8,mean_p,12,0.53078161605268248,0.01209555356453877,mean_p|train_n=12|p=8,30,59,-1.62371,1.10791
919791377,12,8,mean_p,12,0.35158681438076117,0.053695992419009561,mean_p|train_n=12|p=8,31,60,-1.62371,1.10791
318327399,12,8,mean_p,12,0.48890534730991159,0.017135544337442028,mean_p|train_n=12|p=8,32,61,-1.62371,1.10791
2506940005,12,8,mean_p,12,0.41391689704498291,0.031972984661455123,mean_p|train_n=12|p=8,33,62,-1.62371,1.10791
1142826353,12,8,mean_p,12,0.3159867121479587,0.072200841109353597,mean_p|train_n=12|p=8,34,63,-1.62371,1.10791
1592583332,12,8,mean_p,12,0.53151975953382702,0.012021517946362231,mean_p|train_n=12|p=8,35,65,-1.62371,1.10791
2620357059,12,8,mean_p,12,0.53304443572454996,0.01187002489774157,mean_p|train_n=12|p=8,36,66,-1.62371,1.10791
3446718403,12,8,mean_p,12,0.35127795007762019,0.053834118052338224,mean_p|train_n=12|p=8,37,67,-1.62371,1.10791
3302941087,12,8,mean_p,12,0.48562797239456673,0.017609092017962069,mean_p|train_n=12|p=8,38,68,-1.62371,1.10791
3269338048,12,8,mean_p,12,0.3807673078519796,0.042124176871455796,mean_p|train_n=12|p=8,39,69,-1.62371,1.10791
3211372244,12,8,mean_p,12,0.38488666853287151,0.040705286336753861,mean_p|train_n=12|p=8,40,70,-1.62371,1.10791
4073005787,12,8,mean_p,12,0.18816165715760624,0.20907031132306925,mean_p|train_n=12|p=8,41,72,-1.62371,1.10791
2656112186,12,8,mean_p,12,0.31906783218269186,0.070373984714560148,mean_p|train_n=12|p=8,42,73,-1.62371,1.10791
268025834,12,8,mean_p,12,0.54249582338691638,0.010972606774439739,mean_p|train_n=12|p=8,43,74,-1.62371,1.10791
329844738,12,8,mean_p,12,0.43915247869341872,0.025919294420314536,mean_p|train_n=12|p=8,44,75,-1.62371,1.10791
3128380832,12,8,mean_p,12,0.37992816756795006,0.0424192225276478,mean_p|train_n=12|p=8,45,76,-1.62371,1.10791
3894368030,12,8,mean_p,12,0.40579894733928773,0.034206460314456462,mean_p|train_n=12|p=8,46,77,-1.62371,1.10791
183603904,12,8,mean_p,12,0.32009006049489364,0.069778155580989709,mean_p|train_n=12|p=8,47,79,-1.62371,1.10791
4154396645,12,8,mean_p,12,0.45886059519142924,0.022000389220839685,mean_p|train_n=12|p=8,48,80,-1.62371,1.10791
1403226767,12,8,mean_p,12,0.50663044773291166,0.014786604680873968,mean_p|train_n=12|p=8,49,82,-1.62371,1.10791
3620670093,12,8,mean_p,12,0.28125318211636302,0.096385625409879216,mean_p|train_n=12|p=8,50,83,-1.62371,1.10791
560818909,12,8,mean_p,12,0.28589251545692468,0.092737060896451465,mean_p|train_n=12|p=8,51,85,-1.62371,1.10791
1583942076,12,8,mean_p,12,0.27085974726525575,0.10508896080959311,mean_p|train_n=12|p=8,52,87,-1.62371,1.10791
3426634136,12,8,mean_p,12,0.29475460938162351,0.086147019141749881,mean_p|train_n=12|p=8,53,88,-1.62371,1.10791
2349640817,12,8,mean_p,12,0.39885423822364974,0.036240562074367141,mean_p|train_n=12|p=8,54,89,-1.62371,1.10791
3701378178,12,8,mean_p,12,0.33175671299421788,0.063325020274709792,mean_p|train_n=12|p=8,55,91,-1.62371,1.10791
1099930715,12,8,mean_p,12,0.24132787130600875,0.13434975022814771,mean_p|train_n=12|p=8,56,92,-1.62371,1.10791
1107525205,12,8,mean_p,12,0.38261890686510874,0.041480385655915136,mean_p|train_n=12|p=8,57,93,-1.62371,1.10791
1817588038,12,8,mean_p,12,0.42442740307058413,0.029296480386883393,mean_p|train_n=12|p=8,58,96,-1.62371,1.10791
212512658,12,8,mean_p,12,0.56544513740046376,0.0090658521660949374,mean_p|train_n=12|p=8,59,97,-1.62371,1.10791
511949978,12,8,mean_p,12,0.33621151123390036,0.06102151738433239,mean_p|train_n=12|p=8,60,98,-1.62371,1.10791
3796505179,12,8,mean_p,12,0.37118743851918817,0.045618117962902216,mean_p|train_n=12|p=8,61,99,-1.62371,1.10791
1942790425,12,8,mean_p,12,0.40714016627773852,0.033826975598286735,mean_p|train_n=12|p=8,62,100,-1.62371,1.10791
3871071974,12,8,mean_p,12,0.30267461230051385,0.080654825005800984,mean_p|train_n=12|p=8,63,102,-1.62371,1.10791
4198724253,12,8,mean_p,12,0.57929258427024777,0.0080795406519246511,mean_p|train_n=12|p=8,64,103,-1.62371,1.10791
362511914,12,8,mean_p,12,0.40814101580894951,0.033546540603628341,mean_p|train_n=12|p=8,65,105,-1.62371,1.10791
3523414914,12,8,mean_p,12,0.39830968272192629,0.036405085490482762,mean_p|train_n=12|p=8,66,106,-1.62371,1.10791
2711606271,12,8,mean_p,12,0.32249501760039812,0.068396190774741975,mean_p|train_n=12|p=8,67,107,-1.62371,1.10791
302659376,12,8,mean_p,12,0.3479415985385364,0.055348990619449562,mean_p|train_n=12|p=8,68,109,-1.62371,1.10791
1873015386,12,8,mean_p,12,0.32204701552895193,0.068651536191956172,mean_p|train_n=12|p=8,69,110,-1.62371,1.10791
2811440190,12,8,mean_p,12,0.25749119291801975,0.11744894708843191,mean_p|train_n=12|p=8,70,111,-1.62371,1.10791
2924292950,12,8,mean_p,12,0.46728819385805004,0.020511000459497511,mean_p|train_n=12|p=8,71,113,-1.62371,1.10791
257506827,12,8,mean_p,12,0.3593481809535144,0.050339050982536875,mean_p|train_n=12|p=8,72,115,-1.62371,1.10791
875016919,12,8,mean_p,12,0.2644698355291491,0.11082551514559083,mean_p|train_n=12|p=8,73,116,-1.62371,1.10791
2269833673,12,8,mean_p,12,0.34133131557548957,0.058477450047184104,mean_p|train_n=12|p=8,74,118,-1.62371,1.10791
2939530626,12,8,mean_p,12,0.39172360413086732,0.038455046581647612,mean_p|train_n=12|p=8,75,121,-1.62371,1.10791
2211878734,12,8,mean_p,12,0.43036606578490749,0.027884499966503062,mean_p|train_n=12|p=8,76,122,-1.62371,1.10791
1838582899,12,8,mean_p,12,0.39207639587173948,0.038342367990378663,mean_p|train_n=12|p=8,77,123,-1.62371,1.10791
3804864276,12,8,mean_p,12,0.59957056050025759,0.006825513363190247,mean_p|train_n=12|p=8,78,126,-1.62371,1.10791
3108265496,12,8,mean_p,12,0.40622012650217743,0.034086835516687931,mean_p|train_n=12|p=8,79,127,-1.62371,1.10791
2891979621,12,8,mean_p,12,0.32284467755363161,0.068197556988247421,mean_p|train_n=12|p=8,80,128,-1.62371,1.10791
3194429525,12,8,mean_p,12,0.19858176870468716,0.1917128274348974,mean_p|train_n=12|p=8,81,129,-1.62371,1.10791
1059433015,12,8,mean_p,12,0.47431645482961282,0.019346314160731262,mean_p|train_n=12|p=8,82,130,-1.62371,1.10791
3861906028,12,8,mean_p,12,0.46908337988829213,0.020207006735915353,mean_p|train_n=12|p=8,83,131,-1.62371,1.10791
3631043342,12,8,mean_p,12,0.46644559016371473,0.020655258388524212,mean_p|train_n=12|p=8,84,133,-1.62371,1.10791
3813086073,12,8,mean_p,12,0.24610636577816317,0.12911456051837808,mean_p|train_n=12|p=8,85,135,-1.62371,1.10791
1068642326,12,8,mean_p,12,0.23949639924977095,0.1364120701392546,mean_p|train_n=12|p=8,86,138,-1.62371,1.10791
1927150651,12,8,mean_p,12,0.46272707257304452,0.021304103149900454,mean_p|train_n=12|p=8,87,139,-1.62371,1.10791
1309232292,12,8,mean_p,12,0.32603259183368949,0.066412973230794967,mean_p|train_n=12|p=8,88,140,-1.62371,1.10791
1139132446,12,8,mean_p,12,0.46537381796922239,0.02084021807330937,mean_p|train_n=12|p=8,89,142,-1.62371,1.10791
1989770883,12,8,mean_p,12,0.42381182309095045,0.029446870388843582,mean_p|train_n=12|p=8,90,146,-1.62371,1.10791
263668285,12,8,mean_p,12,0.38758837565246251,0.039800751792324514,mean_p|train_n=12|p=8,91,148,-1.62371,1.10791
1339424545,12,8,mean_p,12,0.47079120020034426,0.019921990310809087,mean_p|train_n=12|p=8,92,149,-1.62371,1.10791
402002945,12,8,mean_p,12,0.32347724062896654,0.067839677061415554,mean_p|train_n=12|p=8,93,151,-1.62371,1.10791
2426970106,12,8,mean_p,12,0.27152094440207969,0.10451259119792512,mean_p|train_n=12|p=8,94,152,-1.62371,1.10791
3169328480,12,8,mean_p,12,0.25130778056667324,0.12364764206445279,mean_p|train_n=12|p=8,95,153,-1.62371,1.10791
2389236307,12,8,mean_p,12,0.32828640993604502,0.065179544524594152,mean_p|train_n=12|p=8,96,157,-1.62371,1.10791
748930729,12,8,mean_p,12,0.31382015693309445,0.073513759678606322,mean_p|train_n=12|p=8,97,158,-1.62371,1.10791
3023586741,12,8,mean_p,12,0.38130581309189182,0.041935917851312017,mean_p|train_n=12|p=8,98,160,-1.62371,1.10791
159539188,12,8,mean_p,12,0.44060027424977904,0.025609035150378205,mean_p|train_n=12|p=8,99,161,-1.62371,1.10791
2271935472,12,8,mean_p,12,0.23944203526622029,0.13647376783918633,mean_p|train_n=12|p=8,100,162,-1.62371,1.10791
4136566324,12,8,mean_p,12,0.28367117199293496,0.094466455393828544,mean_p|train_n=12|p=8,101,164,-1.62371,1.10791
1862853050,12,8,mean_p,12,0.33610584935757748,0.061075170986750311,mean_p|train_n=12|p=8,102,166,-1.62371,1.10791
318759564,12,8,mean_p,12,0.31388787749914399,0.073472362226622873,mean_p|train_n=12|p=8,103,171,-1.62371,1.10791
2444213714,12,8,mean_p,12,0.33873462818436367,0.059754221986308607,mean_p|train_n=12|p=8,104,172,-1.62371,1.10791
1678586705,12,8,mean_p,12,0.44098410200282306,0.025527406386601472,mean_p|train_n=12|p=8,105,173,-1.62371,1.10791
3930057493,12,8,mean_p,12,0.50916766637879329,0.014477818078097731,mean_p|train_n=12|p=8,106,174,-1.62371,1.10791
1514675849,12,8,mean_p,12,0.44337840652848226,0.025024050191755451,mean_p|train_n=12|p=8,107,176,-1.62371,1.10791
2431395809,12,8,mean_p,12,0.46594350850227179,0.020741699205677248,mean_p|train_n=12|p=8,108,178,-1.62371,1.10791
548222184,12,8,mean_p,12,0.37402845774817312,0.04455275656384157,mean_p|train_n=12|p=8,109,180,-1.62371,1.10791
938421644,12,8,mean_p,12,0.47314558781827737,0.019535648342005298,mean_p|train_n=12|p=8,110,182,-1.62371,1.10791
3711038156,12,8,mean_p,12,0.33215850235315131,0.063113741935948417,mean_p|train_n=12|p=8,111,184,-1.62371,1.10791
3990213995,12,8,mean_p,12,0.2843900948068035,0.093903247496927716,mean_p|train_n=12|p=8,112,187,-1.62371,1.10791
1864162813,12,8,mean_p,12,0.30147700510893533,0.08146227631932508,mean_p|train_n=12|p=8,113,192,-1.62371,1.10791
377567525,12,8,mean_p,12,0.33920953369469758,0.059518649248383057,mean_p|train_n=12|p=8,114,193,-1.62371,1.10791
3858544149,12,8,mean_p,12,0.32905767145645776,0.064762744822222884,mean_p|train_n=12|p=8,115,194,-1.62371,1.10791
1495404943,12,8,mean_p,12,0.34444849753543411,0.056980734530200985,mean_p|train_n=12|p=8,116,195,-1.62371,1.10791
4176061691,12,8,mean_p,12,0.47623874340231009,0.019039442944706435,mean_p|train_n=12|p=8,117,197,-1.62371,1.10791
3532240169,12,8,mean_p,12,0.27054847165248008,0.10536140104218442,mean_p|train_n=12|p=8,118,198,-1.62371,1.10791
2091709317,12,8,mean_p,12,0.18027218462475428,0.22325026369259968,mean_p|train_n=12|p=8,119,199,-1.62371,1.10791
504848168,12,8,mean_p,12,0.34799688152070934,0.055323545292965438,mean_p|train_n=12|p=8,120,201,-1.62371,1.10791
2748886553,12,8,mean_p,12,0.39073403354154362,0.038772876954010896,mean_p|train_n=12|p=8,121,205,-1.62371,1.10791
3287941376,12,8,mean_p,12,0.25342627810042856,0.1214879106783993,mean_p|train_n=12|p=8,122,206,-1.62371,1.10791
2595151634,12,8,mean_p,12,0.48198940846424493,0.018150172858343271,mean_p|train_n=12|p=8,123,207,-1.62371,1.10791
3983506654,12,8,mean_p,12,0.36566479949816921,0.047762508051947865,mean_p|train_n=12|p=8,124,209,-1.62371,1.10791
1185875820,12,8,mean_p,12,0.48425783679734474,0.017810921349359538,mean_p|train_n=12|p=8,125,210,-1.62371,1.10791
2497401586,12,8,mean_p,12,0.29475199832422255,0.086148890117235005,mean_p|train_n=12|p=8,126,211,-1.62371,1.10791
1119592496,12,8,mean_p,12,0.41421082745063109,0.031894911167143623,mean_p|train_n=12|p=8,127,213,-1.62371,1.10791
1851123899,12,8,mean_p,12,0.5220519779813052,0.013006496966327059,mean_p|train_n=12|p=8,128,216,-1.62371,1.10791
2716632156,12,8,mean_p,12,0.45598786231194816,0.022532413339286315,mean_p|train_n=12|p=8,129,217,-1.62371,1.10791
3496788191,12,8,mean_p,12,0.43428469493597549,0.026990278259960348,mean_p|train_n=12|p=8,130,218,-1.62371,1.10791
3834749720,12,8,mean_p,12,0.34903426819955713,0.05484822646516653,mean_p|train_n=12|p=8,131,220,-1.62371,1.10791
1982779425,12,8,mean_p,12,0.36654606270800721,0.04741368215203496,mean_p|train_n=12|p=8,132,223,-1.62371,1.10791
2397927458,12,8,mean_p,12,0.47887931098030895,0.018625826668531711,mean_p|train_n=12|p=8,133,224,-1.62371,1.10791
3859601451,12,8,mean_p,12,0.21390954016001321,0.16876475164721902,mean_p|train_n=12|p=8,134,225,-1.62371,1.10791
4191944884,12,8,mean_p,12,0.33645253946404424,0.060899302991640855,mean_p|train_n=12|p=8,135,226,-1.62371,1.10791
471729922,12,8,mean_p,12,0.45577146496625165,0.022573006910235123,mean_p|train_n=12|p=8,136,228,-1.62371,1.10791
2976761866,12,8,mean_p,12,0.35314080865282255,0.053006397227921234,mean_p|train_n=12|p=8,137,229,-1.62371,1.10791
3348988987,12,8,mean_p,12,0.37768213242618459,0.043219147063205912,mean_p|train_n=12|p=8,138,233,-1.62371,1.10791
526118982,12,8,mean_p,12,0.1464346582978637,0.29581848283594903,mean_p|train_n=12|p=8,139,234,-1.62371,1.10791
921317735,12,8,mean_p,12,0.41282993507568655,0.032263366174447437,mean_p|train_n=12|p=8,140,236,-1.62371,1.10791
426566421,12,8,mean_p,12,0.34232615183937898,0.057995556481831308,mean_p|train_n=12|p=8,141,237,-1.62371,1.10791
1545334107,12,8,mean_p,12,0.42468330446838015,0.029234188327127191,mean_p|train_n=12|p=8,142,238,-1.62371,1.10791
1871220859,12,8,mean_p,12,0.46530264009360539,0.020852559988406655,mean_p|train_n=12|p=8,143,240,-1.62371,1.10791
3567581369,12,8,mean_p,12,0.51397719605320191,0.013910071514973943,mean_p|train_n=12|p=8,144,241,-1.62371,1.10791
594368971,12,8,mean_p,12,0.30844551397449871,0.076874761106850792,mean_p|train_n=12|p=8,145,242,-1.62371,1.10791
3982894010,12,8,mean_p,12,0.32918416325359862,0.064694641880759088,mean_p|train_n=12|p=8,146,243,-1.62371,1.10791
1822834691,12,8,mean_p,12,0.34633455860253637,0.056093806483609204,mean_p|train_n=12|p=8,147,244,-1.62371,1.10791
1126345216,12,8,mean_p,12,0.37579406487140293,0.043903239959735572,mean_p|train_n=12|p=8,148,245,-1.62371,1.10791
2783500083,12,8,mean_p,12,0.59591376599312751,0.0070363102314450199,mean_p|train_n=12|p=8,149,248,-1.62371,1.10791
3604963084,12,8,mean_p,12,0.40096712121929357,0.035609217544645168,mean_p|train_n=12|p=8,150,249,-1.62371,1.10791
1338819253,12,8,mean_p,12,0.22370585717161895,0.15555856257243592,mean_p|train_n=12|p=8,151,250,-1.62371,1.10791
358763462,12,8,mean_p,12,0.37998507261378922,0.042399149290645879,mean_p|train_n=12|p=8,152,256,-1.62371,1.10791
725766470,12,8,mean_p,12,0.47369381528831717,0.01944676804281854,mean_p|train_n=12|p=8,153,257,-1.62371,1.10791
1345698746,12,8,mean_p,12,0.48001190176116504,0.018451183649819888,mean_p|train_n=12|p=8,154,258,-1.62371,1.10791
743184830,12,8,mean_p,12,0.46245067039147197,0.021353138666778772,mean_p|train_n=12|p=8,155,259,-1.62371,1.10791
3600996020,12,8,mean_p,12,0.43673523287572164,0.026445704256552273,mean_p|train_n=12|p=8,156,260,-1.62371,1.10791
2467840563,12,8,mean_p,12,0.59593090370431712,0.0070353072946778327,mean_p|train_n=12|p=8,157,261,-1.62371,1.10791
1316867837,12,8,mean_p,12,0.38111102109397432,0.04200391893735958,mean_p|train_n=12|p=8,158,263,-1.62371,1.10791
3931069553,12,8,mean_p,12,0.53671341878814216,0.011513250194833831,mean_p|train_n=12|p=8,159,264,-1.62371,1.10791
1334282774,12,8,mean_p,12,0.31891701469584177,0.070462321782681969,mean_p|train_n=12|p=8,160,265,-1.62371,1.10791
2566956636,12,8,mean_p,12,0.53089713427889884,0.01208393709018825,mean_p|train_n=12|p=8,161,267,-1.62371,1.10791
2802387363,12,8,mean_p,12,0.4124120462575096,0.032375705583719321,mean_p|train_n=12|p=8,162,268,-1.62371,1.10791
3507435907,12,8,mean_p,12,0.39246186832646041,0.038219628888533815,mean_p|train_n=12|p=8,163,271,-1.62371,1.10791
3456663433,12,8,mean_p,12,0.37250700555989447,0.045120158104380553,mean_p|train_n=12|p=8,164,273,-1.62371,1.10791
2046883849,12,8,mean_p,12,0.39326284272669981,0.0379658439127466,mean_p|train_n=12|p=8,165,274,-1.62371,1.10791
126982840,12,8,mean_p,12,0.41184930778002998,0.032527602642221147,mean_p|train_n=12|p=8,166,275,-1.62371,1.10791
391368563,12,8,mean_p,12,0.47137331396961141,0.019825763448297604,mean_p|train_n=12|p=8,167,276,-1.62371,1.10791
2799428540,12,8,mean_p,12,0.34674029291070346,0.05590482000697531,mean_p|train_n=12|p=8,168,279,-1.62371,1.10791
1609573494,12,8,mean_p,12,0.24748626751549099,0.12764109450545078,mean_p|train_n=12|p=8,169,280,-1.62371,1.10791
1043089470,12,8,mean_p,12,0.48602546654084161,0.017550967862028036,mean_p|train_n=12|p=8,170,281,-1.62371,1.10791
1467741052,12,8,mean_p,12,0.45766765339891124,0.022219777172899094,mean_p|train_n=12|p=8,171,282,-1.62371,1.10791
1462525159,12,8,mean_p,12,0.26725392178418539,0.10828857456670207,mean_p|train_n=12|p=8,172,284,-1.62371,1.10791
2367483287,12,8,mean_p,12,0.41320959115078382,0.032161642698643939,mean_p|train_n=12|p=8,173,285,-1.62371,1.10791
545091367,12,8,mean_p,12,0.39181927159407498,0.038424458550364096,mean_p|train_n=12|p=8,174,286,-1.62371,1.10791
399418161,12,8,mean_p,12,0.24929397061299299,0.12573623309919763,mean_p|train_n=12|p=8,175,287,-1.62371,1.10791
577472713,12,8,mean_p,12,0.34410381270275242,0.057144333149998658,mean_p|train_n=12|p=8,176,288,-1.62371,1.10791
950978831,12,8,mean_p,12,0.32078685078827784,0.069374909306146371,mean_p|train_n=12|p=8,177,289,-1.62371,1.10791
585470564,12,8,mean_p,12,0.40814627757253019,0.033545072433865536,mean_p|train_n=12|p=8,178,294,-1.62371,1.10791
3132570216,12,8,mean_p,12,0.46458713834836379,0.020977031438641641,mean_p|train_n=12|p=8,179,295,-1.62371,1.10791
88876960,12,8,mean_p,12,0.26713865161382083,0.10839245039370915,mean_p|train_n=12|p=8,180,296,-1.62371,1.10791
159647886,12,8,mean_p,12,0.49849202199837617,0.01582221877903605,mean_p|train_n=12|p=8,181,297,-1.62371,1.10791
2465096363,12,8,mean_p,12,0.41275939596601807,0.032282301543354028,mean_p|train_n=12|p=8,182,299,-1.62371,1.10791
194148198,12,8,mean_p,12,0.45546496737169279,0.022630627393911761,mean_p|train_n=12|p=8,183,300,-1.62371,1.10791
2773470461,12,8,mean_p,12,0.31386997703229808,0.073483302480485915,mean_p|train_n=12|p=8,184,302,-1.62371,1.10791
1709429370,12,8,mean_p,12,0.33663315918214537,0.060807879459040863,mean_p|train_n=12|p=8,185,303,-1.62371,1.10791
3425235039,12,8,mean_p,12,0.38746502604095395,0.039841608049562216,mean_p|train_n=12|p=8,186,307,-1.62371,1.10791
2214729582,12,8,mean_p,12,0.34596399374295211,0.056266969575152356,mean_p|train_n=12|p=8,187,308,-1.62371,1.10791
535372192,12,8,mean_p,12,0.53582066887492552,0.011599062176439287,mean_p|train_n=12|p=8,188,311,-1.62371,1.10791
2275843041,12,8,mean_p,12,0.53707454592036463,0.011478718915288401,mean_p|train_n=12|p=8,189,313,-1.62371,1.10791
1547502198,12,8,mean_p,12,0.31972768670905161,0.069988794027306678,mean_p|train_n=12|p=8,190,315,-1.62371,1.10791
2919758614,12,8,mean_p,12,0.28985064849429365,0.089733607238665414,mean_p|train_n=12|p=8,191,316,-1.62371,1.10791
1321508001,12,8,mean_p,12,0.54880891422062039,0.010411292769674309,mean_p|train_n=12|p=8,192,318,-1.62371,1.10791
529824748,12,8,mean_p,12,0.30184393728296127,0.081214027914992992,mean_p|train_n=12|p=8,193,319,-1.62371,1.10791
1568465471,12,8,mean_p,12,0.32359023197459874,0.067775948870076957,mean_p|train_n=12|p=8,194,320,-1.62371,1.10791
4044989797,12,8,mean_p,12,0.37681046851485661,0.043533637394240737,mean_p|train_n=12|p=8,195,321,-1.62371,1.10791
2309234323,12,8,mean_p,12,0.48915548172164119,0.017099929878925373,mean_p|train_n=12|p=8,196,324,-1.62371,1.10791
2469833138,12,8,mean_p,12,0.33112891216031964,0.063656562117885757,mean_p|train_n=12|p=8,197,326,-1.62371,1.10791
623632733,12,8,mean_p,12,0.40661093790947439,0.033976210094973452,mean_p|train_n=12|p=8,198,328,-1.62371,1.10791
2508711938,12,8,mean_p,12,0.43872607058482643,0.026011387232311948,mean_p|train_n=12|p=8,199,330,-1.62371,1.10791
766670852,12,8,mean_p,12,0.33522827000146793,0.061522620281108067,mean_p|train_n=12|p=8,200,331,-1.62371,1.10791
3961610491,12,8,mean_p,12,0.27732302603213915,0.099588549766661622,mean_p|train_n=12|p=8,201,332,-1.62371,1.10791
4278194971,12,8,mean_p,12,0.46605756468746867,0.020722031038502817,mean_p|train_n=12|p=8,202,333,-1.62371,1.10791
60612706,12,8,mean_p,12,0.40480755480509939,0.034489698856816763,mean_p|train_n=12|p=8,203,337,-1.62371,1.10791
1964104363,12,8,mean_p,12,0.27369172603139996,0.10264244078561488,mean_p|train_n=12|p=8,204,339,-1.62371,1.10791
1399153991,12,8,mean_p,12,0.33138628446422602,0.063520434288479574,mean_p|train_n=12|p=8,205,340,-1.62371,1.10791
2263112484,12,8,mean_p,12,0.38178868675882427,0.041767822958985457,mean_p|train_n=12|p=8,206,341,-1.62371,1.10791
296616118,12,8,mean_p,12,0.22479244346375157,0.15415896313859839,mean_p|train_n=12|p=8,207,343,-1.62371,1.10791
569422242,12,8,mean_p,12,0.23289439087079222,0.14411249273950855,mean_p|train_n=12|p=8,208,344,-1.62371,1.10791
3435791340,12,8,mean_p,12,0.52166974445214098,0.013047914706263215,mean_p|train_n=12|p=8,209,345,-1.62371,1.10791
1312703387,12,8,mean_p,12,0.44209500634368332,0.025292613402799004,mean_p|train_n=12|p=8,210,346,-1.62371,1.10791
3979257590,12,8,mean_p,12,0.5146408261554114,0.013833500560055204,mean_p|train_n=12|p=8,211,347,-1.62371,1.10791
1180350031,12,8,mean_p,12,0.27392773784285068,0.10244114197630072,mean_p|train_n=12|p=8,212,348,-1.62371,1.10791
2218343563,12,8,mean_p,12,0.34599361938021317,0.056253106026032104,mean_p|train_n=12|p=8,213,349,-1.62371,1.10791
1892486562,12,8,mean_p,12,0.31197782789852335,0.074648964860710126,mean_p|train_n=12|p=8,214,353,-1.62371,1.10791
2425432250,12,8,mean_p,12,0.37474630615164289,0.044287529335135738,mean_p|train_n=12|p=8,215,354,-1.62371,1.10791
134627717,12,8,mean_p,12,0.34471650687149857,0.05685385233314353,mean_p|train_n=12|p=8,216,355,-1.62371,1.10791
1814196102,12,8,mean_p,12,0.21564119678613514,0.16635136835732189,mean_p|train_n=12|p=8,217,356,-1.62371,1.10791
1163298303,12,8,mean_p,12,0.44458848099089227,0.024773443521536914,mean_p|train_n=12|p=8,218,357,-1.62371,1.10791
1130101290,12,8,mean_p,12,0.46922933833907021,0.020182489340136747,mean_p|train_n=12|p=8,219,358,-1.62371,1.10791
525537987,12,8,mean_p,12,0.34232756812822474,0.057994873277353996,mean_p|train_n=12|p=8,220,359,-1.62371,1.10791
1022256139,12,8,mean_p,12,0.42919541832030722,0.028157342336090976,mean_p|train_n=12|p=8,221,360,-1.62371,1.10791
898138745,12,8,mean_p,12,0.44385667878549034,0.024924698346012592,mean_p|train_n=12|p=8,222,361,-1.62371,1.10791
3794874467,12,8,mean_p,12,0.37976266494514604,0.042477657555305665,mean_p|train_n=12|p=8,223,363,-1.62371,1.10791
361879560,12,8,mean_p,12,0.35173584429954907,0.053629472318258278,mean_p|train_n=12|p=8,224,364,-1.62371,1.10791
4240376136,12,8,mean_p,12,0.56190762227609892,0.009336571143610169,mean_p|train_n=12|p=8,225,365,-1.62371,1.10791
2566208174,12,8,mean_p,12,0.3259612701235452,0.06645238357291032,mean_p|train_n=12|p=8,226,367,-1.62371,1.10791
88911142,12,8,mean_p,12,0.42016990598916792,0.030352541407995232,mean_p|train_n=12|p=8,227,368,-1.62371,1.10791
4285790561,12,8,mean_p,12,0.37585664196873753,0.043880394196469177,mean_p|train_n=12|p=8,228,369,-1.62371,1.10791
4023269010,12,8,mean_p,12,0.45587261069183599,0.022554024079237681,mean_p|train_n=12|p=8,229,374,-1.62371,1.10791
1195091865,12,8,mean_p,12,0.32576981551681844,0.066558291614756071,mean_p|train_n=12|p=8,230,375,-1.62371,1.10791
3512959585,12,8,mean_p,12,0.40439347606960269,0.034608693429365928,mean_p|train_n=12|p=8,231,376,-1.62371,1.10791
3783530071,12,8,mean_p,12,0.36508009968584171,0.047995361828816037,mean_p|train_n=12|p=8,232,379,-1.62371,1.10791
3955096850,12,8,mean_p,12,0.2758610782921278,0.10080695338469686,mean_p|train_n=12|p=8,233,380,-1.62371,1.10791
1731455520,12,8,mean_p,12,0.43019653806834213,0.027923847409421127,mean_p|train_n=12|p=8,234,381,-1.62371,1.10791
4080954259,12,8,mean_p,12,0.32657345786331721,0.066114865800524461,mean_p|train_n=12|p=8,235,382,-1.62371,1.10791
1292193904,12,8,mean_p,12,0.38749781944696798,0.039830742020497092,mean_p|train_n=12|p=8,236,383,-1.62371,1.10791
3819642623,12,8,mean_p,12,0.34928963918953532,0.054731846106324908,mean_p|train_n=12|p=8,237,385,-1.62371,1.10791
3782599890,12,8,mean_p,12,0.34374788191144173,0.057313762431815046,mean_p|train_n=12|p=8,238,386,-1.62371,1.10791
2611367663,12,8,mean_p,12,0.47060646154024449,0.01995262623139012,mean_p|train_n=12|p=8,239,387,-1.62371,1.10791
47691385,12,8,mean_p,12,0.41359135918148454,0.032059676758395071,mean_p|train_n=12|p=8,240,390,-1.62371,1.10791
967538451,12,8,mean_p,12,0.26177271726728485,0.11333987274018005,mean_p|train_n=12|p=8,241,392,-1.62371,1.10791
832792358,12,8,mean_p,12,0.39262805542279583,0.038166834186465944,mean_p|train_n=12|p=8,242,394,-1.62371,1.10791
1791906076,12,8,mean_p,12,0.32178255535560152,0.068802716419732526,mean_p|train_n=12|p=8,243,398,-1.62371,1.10791
1021107362,12,8,mean_p,12,0.20485349622216195,0.18196817314794433,mean_p|train_n=12|p=8,244,399,-1.62371,1.10791
723091507,12,8,mean_p,12,0.24787065617986059,0.12723364508129875,mean_p|train_n=12|p=8,245,400,-1.62371,1.10791
144357268,12,8,mean_p,12,0.40804296522953448,0.033573911040025273,mean_p|train_n=12|p=8,246,402,-1.62371,1.10791
2559506881,12,8,mean_p,12,0.27719884171295633,0.099691471524354008,mean_p|train_n=12|p=8,247,403,-1.62371,1.10791
269114698,12,8,mean_p,12,0.2127220286173207,0.17043997576366748,mean_p|train_n=12|p=8,248,404,-1.62371,1.10791
1148793985,12,8,mean_p,12,0.30435551224858487,0.079535009559789357,mean_p|train_n=12|p=8,249,405,-1.62371,1.10791
3151022424,12,8,mean_p,12,0.34145466875261787,0.058417481615032761,mean_p|train_n=12|p=8,250,406,-1.62371,1.10791
2064535038,12,8,mean_p,12,0.29881844440823163,0.083283740004305953,mean_p|train_n=12|p=8,251,407,-1.62371,1.10791
2249685170,12,8,mean_p,12,0.34639115180242031,0.056067407715814373,mean_p|train_n=12|p=8,252,408,-1.62371,1.10791
3151829784,12,8,mean_p,12,0.56724282872495202,0.0089313009726068506,mean_p|train_n=12|p=8,253,409,-1.62371,1.10791
84092406,12,8,mean_p,12,0.38486595347528046,0.040712300584186706,mean_p|train_n=12|p=8,254,410,-1.62371,1.10791
969595782,12,8,mean_p,12,0.46050614039199605,0.021701315587549643,mean_p|train_n=12|p=8,255,413,-1.62371,1.10791
326379666,12,8,mean_p,12,0.33472168118980661,0.061782404303439911,mean_p|train_n=12|p=8,256,415,-1.62371,1.10791
1919714131,12,8,mean_p,12,0.2748061256797239,0.10169541153595332,mean_p|train_n=12|p=8,257,419,-1.62371,1.10791
3808756098,12,8,mean_p,12,0.44983301164028661,0.023715989286109011,mean_p|train_n=12|p=8,258,420,-1.62371,1.10791
2885946017,12,8,mean_p,12,0.2994057976092861,0.082877852358122894,mean_p|train_n=12|p=8,259,421,-1.62371,1.10791
653102423,12,8,mean_p,12,0.49899217193431306,0.015756533014019782,mean_p|train_n=12|p=8,260,422,-1.62371,1.10791
1824115839,12,8,mean_p,12,0.49977977192102774,0.015653648194455361,mean_p|train_n=12|p=8,261,423,-1.62371,1.10791
745712374,12,8,mean_p,12,0.38760711963054501,0.039794547019349952,mean_p|train_n=12|p=8,262,430,-1.62371,1.10791
1812272068,12,8,mean_p,12,0.5462115325937692,0.010638669970226789,mean_p|train_n=12|p=8,263,431,-1.62371,1.10791
3478587561,12,8,mean_p,12,0.32616965593353003,0.066337301126690132,mean_p|train_n=12|p=8,264,435,-1.62371,1.10791
452975069,12,8,mean_p,12,0.51860359301728998,0.013384962282080424,mean_p|train_n=12|p=8,265,436,-1.62371,1.10791
3528307358,12,8,mean_p,12,0.28377606084447177,0.094384074931900805,mean_p|train_n=12|p=8,266,437,-1.62371,1.10791
1921696307,12,8,mean_p,12,0.48748023495033216,0.017339873460346,mean_p|train_n=12|p=8,267,442,-1.62371,1.10791
3606077688,12,8,mean_p,12,0.37822148542063977,0.043025691069933446,mean_p|train_n=12|p=8,268,443,-1.62371,1.10791
3341779181,12,8,mean_p,12,0.34403950012057177,0.057174909946893913,mean_p|train_n=12|p=8,269,445,-1.62371,1.10791
531814568,12,8,mean_p,12,0.46080787511591209,0.021646918808044813,mean_p|train_n=12|p=8,270,446,-1.62371,1.10791
585375334,12,8,mean_p,12,0.36963669284602513,0.046210345484222752,mean_p|train_n=12|p=8,271,449,-1.62371,1.10791
243243684,12,8,mean_p,12,0.18979579639968655,0.20624777248902793,mean_p|train_n=12|p=8,272,450,-1.62371,1.10791
2535060801,12,8,mean_p,12,0.53579834069554289,0.011601216560987114,mean_p|train_n=12|p=8,273,454,-1.62371,1.10791
2814004787,12,8,mean_p,12,0.53700614175286387,0.011485251818834953,mean_p|train_n=12|p=8,274,456,-1.62371,1.10791
3869251584,12,8,mean_p,12,0.28966556875028404,0.089871854027987863,mean_p|train_n=12|p=8,275,457,-1.62371,1.10791
1917612020,12,8,mean_p,12,0.26518257920187188,0.11017043697270532,mean_p|train_n=12|p=8,276,458,-1.62371,1.10791
1782044880,12,8,mean_p,12,0.49144221072156752,0.0167777547295868,mean_p|train_n=12|p=8,277,460,-1.62371,1.10791
1961694943,12,8,mean_p,12,0.30455693521527155,0.079401869030962302,mean_p|train_n=12|p=8,278,461,-1.62371,1.10791
1476762554,12,8,mean_p,12,0.38478678009251449,0.040739120324084173,mean_p|train_n=12|p=8,279,463,-1.62371,1.10791
3377517350,12,8,mean_p,12,0.51357431612727245,0.013956763203027208,mean_p|train_n=12|p=8,280,464,-1.62371,1.10791
1661959566,12,8,mean_p,12,0.30315938569354939,0.080330260860144678,mean_p|train_n=12|p=8,281,465,-1.62371,1.10791
2736323622,12,8,mean_p,12,0.42832532227366094,0.028361863408538898,mean_p|train_n=12|p=8,282,467,-1.62371,1.10791
268614900,12,8,mean_p,12,0.31726823232633861,0.07143531181775184,mean_p|train_n=12|p=8,283,470,-1.62371,1.10791
2578839541,12,8,mean_p,12,0.30299516394500925,0.080440063606853685,mean_p|train_n=12|p=8,284,471,-1.62371,1.10791
3836611728,12,8,mean_p,12,0.48184069457422046,0.018172637921211571,mean_p|train_n=12|p=8,285,472,-1.62371,1.10791
3819321454,12,8,mean_p,12,0.5644286493747247,0.009142828081249367,mean_p|train_n=12|p=8,286,474,-1.62371,1.10791
3758060454,12,8,mean_p,12,0.32487417333265445,0.067055985275318919,mean_p|train_n=12|p=8,287,476,-1.62371,1.10791
3388560332,12,8,mean_p,12,0.31642954522854955,0.071935387014270477,mean_p|train_n=12|p=8,288,477,-1.62371,1.10791
2917681171,12,8,mean_p,12,0.60121961550234226,0.0067325306779524958,mean_p|train_n=12|p=8,289,478,-1.62371,1.10791
4032298676,12,8,mean_p,12,0.41109206765985623,0.032733125821089067,mean_p|train_n=12|p=8,290,480,-1.62371,1.10791
1491853058,12,8,mean_p,12,0.40779944406796975,0.033641985666392635,mean_p|train_n=12|p=8,291,483,-1.62371,1.10791
2666814671,12,8,mean_p,12,0.54301999188512007,0.010924871322242749,mean_p|train_n=12|p=8,292,484,-1.62371,1.10791
3590359745,12,8,mean_p,12,0.37515255491906396,0.044138130688047138,mean_p|train_n=12|p=8,293,485,-1.62371,1.10791
3430994935,12,8,mean_p,12,0.39900331565309766,0.036195651946188574,mean_p|train_n=12|p=8,294,489,-1.62371,1.10791
2804749510,12,8,mean_p,12,0.4228411277976532,0.029685587310673146,mean_p|train_n=12|p=8,295,490,-1.62371,1.10791
2351819166,12,8,mean_p,12,0.35298237922088371,0.053076293987524725,mean_p|train_n=12|p=8,296,493,-1.62371,1.10791
702058496,12,8,mean_p,12,0.46684649566692488,0.020586495287989153,mean_p|train_n=12|p=8,297,494,-1.62371,1.10791
4235491243,12,8,mean_p,12,0.33478021124244289,0.061752333521911243,mean_p|train_n=12|p=8,298,495,-1.62371,1.10791
1564739058,12,8,mean_p,12,0.31347992591986606,0.073722095477917929,mean_p|train_n=12|p=8,299,497,-1.62371,1.10791
394458901,12,8,mean_p,12,0.279196203127757,0.098048920876190632,mean_p|train_n=12|p=8,300,498,-1.62371,1.10791
2262818872,12,8,mean_p,12,0.38779546207495558,0.039732254149517525,mean_p|train_n=12|p=8,301,499,-1.62371,1.10791
1515195825,12,8,mean_p,12,0.23690182026338844,0.13938798914917711,mean_p|train_n=12|p=8,302,500,-1.62371,1.10791
2650857261,12,8,mean_p,12,0.3803360527469119,0.042275550959953154,mean_p|train_n=12|p=8,303,501,-1.62371,1.10791
788952829,12,8,mean_p,12,0.25734952218168528,0.1175874286314475,mean_p|train_n=12|p=8,304,502,-1.62371,1.10791
2074525852,12,8,mean_p,12,0.39498151153633798,0.037426964697146486,mean_p|train_n=12|p=8,305,504,-1.62371,1.10791
1337413104,12,8,mean_p,12,0.47089978360868839,0.019904005461848617,mean_p|train_n=12|p=8,306,508,-1.62371,1.10791
3358605087,12,8,mean_p,12,0.42645687210830269,0.028806087507514774,mean_p|train_n=12|p=8,307,509,-1.62371,1.10791
159662975,12,8,mean_p,12,0.4141179689592514,0.031919555522225355,mean_p|train_n=12|p=8,308,510,-1.62371,1.10791
1735061413,12,8,mean_p,12,0.36340588070320257,0.048668409287774203,mean_p|train_n=12|p=8,309,512,-1.62371,1.10791
1117218121,12,8,mean_p,12,0.42032855301472022,0.030312514947476259,mean_p|train_n=12|p=8,310,513,-1.62371,1.10791
4071319375,12,8,mean_p,12,0.33453517583581288,0.061878322216633495,mean_p|train_n=12|p=8,311,515,-1.62371,1.10791
2835284094,12,8,mean_p,12,0.39818317783993523,0.03644341246683945,mean_p|train_n=12|p=8,312,516,-1.62371,1.10791
3760783361,12,8,mean_p,12,0.45629276800521335,0.02247534051662909,mean_p|train_n=12|p=8,313,517,-1.62371,1.10791
1889951198,12,8,mean_p,12,0.40338123546213084,0.03490131425953856,mean_p|train_n=12|p=8,314,518,-1.62371,1.10791
2706383124,12,8,mean_p,12,0.40748962959200713,0.033728791664604539,mean_p|train_n=12|p=8,315,519,-1.62371,1.10791
3833986328,12,8,mean_p,12,0.26090056777849502,0.11416506770544085,mean_p|train_n=12|p=8,316,520,-1.62371,1.10791
772768926,12,8,mean_p,12,0.25097760120263424,0.12398768908385574,mean_p|train_n=12|p=8,317,521,-1.62371,1.10791
325518922,12,8,mean_p,12,0.16356646474937442,0.25653052733487802,mean_p|train_n=12|p=8,318,522,-1.62371,1.10791
3607417234,12,8,mean_p,12,0.53297015563134886,0.011877360992748991,mean_p|train_n=12|p=8,319,524,-1.62371,1.10791
773114014,12,8,mean_p,12,0.47108937971858517,0.019872641262041101,mean_p|train_n=12|p=8,320,525,-1.62371,1.10791
3977290378,12,8,mean_p,12,0.31089250484341707,0.075325906593998432,mean_p|train_n=12|p=8,321,527,-1.62371,1.10791
1706157636,12,8,mean_p,12,0.53734111679225571,0.011453295643824076,mean_p|train_n=12|p=8,322,528,-1.62371,1.10791
4112803957,12,8,mean_p,12,0.40723153418029406,0.033801277646135081,mean_p|train_n=12|p=8,323,531,-1.62371,1.10791
949030775,12,8,mean_p,12,0.46159840471584718,0.021505047728020751,mean_p|train_n=12|p=8,324,532,-1.62371,1.10791
2631819711,12,8,mean_p,12,0.5456323869089641,0.010690042189744845,mean_p|train_n=12|p=8,325,533,-1.62371,1.10791
1806335322,12,8,mean_p,12,0.32720849972253857,0.06576655921497454,mean_p|train_n=12|p=8,326,534,-1.62371,1.10791
411111585,12,8,mean_p,12,0.30643294913299796,0.078172479598247108,mean_p|train_n=12|p=8,327,536,-1.62371,1.10791
2782676682,12,8,mean_p,12,0.56028019881553404,0.0094638151766554286,mean_p|train_n=12|p=8,328,537,-1.62371,1.10791
738925165,12,8,mean_p,12,0.36510286783549079,0.047986273320860362,mean_p|train_n=12|p=8,329,540,-1.62371,1.10791
1657842142,12,8,mean_p,12,0.44771630798662526,0.024137236235720269,mean_p|train_n=12|p=8,330,544,-1.62371,1.10791
4069805835,12,8,mean_p,12,0.46721780946657782,0.020523011953939661,mean_p|train_n=12|p=8,331,548,-1.62371,1.10791
4234915068,12,8,mean_p,12,0.29658260196629643,0.084847077394549844,mean_p|train_n=12|p=8,332,549,-1.62371,1.10791
3996985156,12,8,mean_p,12,0.36913706138611341,0.04640278685239034,mean_p|train_n=12|p=8,333,550,-1.62371,1.10791
838505479,12,8,mean_p,12,0.48711869782310052,0.017392096085394135,mean_p|train_n=12|p=8,334,553,-1.62371,1.10791
1281233804,12,8,mean_p,12,0.43771087544845266,0.026231961408285036,mean_p|train_n=12|p=8,335,554,-1.62371,1.10791
2461508222,12,8,mean_p,12,0.36982213990685864,0.046139120728341858,mean_p|train_n=12|p=8,336,556,-1.62371,1.10791
3005205883,12,8,mean_p,12,0.55857222537659734,0.0095992226484512052,mean_p|train_n=12|p=8,337,557,-1.62371,1.10791
2553054371,12,8,mean_p,12,0.2478193080634663,0.12728799838426769,mean_p|train_n=12|p=8,338,559,-1.62371,1.10791
2921254797,12,8,mean_p,12,0.45091524180223591,0.023503462169525254,mean_p|train_n=12|p=8,339,560,-1.62371,1.10791
266926753,12,8,mean_p,12,0.43644467007255949,0.026509696417348388,mean_p|train_n=12|p=8,340,561,-1.62371,1.10791
2563953616,12,8,mean_p,12,0.26678803208314095,0.10870902442120921,mean_p|train_n=12|p=8,341,563,-1.62371,1.10791
1866302096,12,8,mean_p,12,0.51894132019355144,0.013347414869533948,mean_p|train_n=12|p=8,342,565,-1.62371,1.10791
319233540,12,8,mean_p,12,0.31915847678122983,0.070320945501835902,mean_p|train_n=12|p=8,343,567,-1.62371,1.10791
302433924,12,8,mean_p,12,0.59543735337089898,0.0070642482574183214,mean_p|train_n=12|p=8,344,568,-1.62371,1.10791
1612252276,12,8,mean_p,12,0.33071169739867701,0.063877852906269447,mean_p|train_n=12|p=8,345,569,-1.62371,1.10791
405918214,12,8,mean_p,12,0.39891962261985475,0.036220857926461243,mean_p|train_n=12|p=8,346,570,-1.62371,1.10791
1664803502,12,8,mean_p,12,0.28012081020411667,0.097297751625397264,mean_p|train_n=12|p=8,347,571,-1.62371,1.10791
2014402957,12,8,mean_p,12,0.42806383208730886,0.028423617999110421,mean_p|train_n=12|p=8,348,572,-1.62371,1.10791
1120513724,12,8,mean_p,12,0.42729982914920822,0.028604819483551168,mean_p|train_n=12|p=8,349,574,-1.62371,1.10791
2189456496,12,8,mean_p,12,0.49081246168736997,0.016865868948353849,mean_p|train_n=12|p=8,350,575,-1.62371,1.10791
1282424370,12,8,mean_p,12,0.40612875627694883,0.034112751227734793,mean_p|train_n=12|p=8,351,577,-1.62371,1.10791
2288611405,12,8,mean_p,12,0.43174302193148151,0.027566955155596616,mean_p|train_n=12|p=8,352,578,-1.62371,1.10791
3039173019,12,8,mean_p,12,0.44124802942001512,0.025471427881839887,mean_p|train_n=12|p=8,353,579,-1.62371,1.10791
1293505450,12,8,mean_p,12,0.4011324249394545,0.035560290021464526,mean_p|train_n=12|p=8,354,580,-1.62371,1.10791
595924664,12,8,mean_p,12,0.40294298328420436,0.035028771459697468,mean_p|train_n=12|p=8,355,581,-1.62371,1.10791
301164946,12,8,mean_p,12,0.45023847119879229,0.023636141410024514,mean_p|train_n=12|p=8,356,582,-1.62371,1.10791
3665596527,12,8,mean_p,12,0.29826523943564731,0.083667847314756863,mean_p|train_n=12|p=8,357,583,-1.62371,1.10791
1972637296,12,8,mean_p,12,0.22962046532413161,0.14809085067187786,mean_p|train_n=12|p=8,358,584,-1.62371,1.10791
1628839531,12,8,mean_p,12,0.28631635922493359,0.092410698191863233,mean_p|train_n=12|p=8,359,586,-1.62371,1.10791
2933840308,12,8,mean_p,12,0.37326687311192058,0.04483587995158389,mean_p|train_n=12|p=8,360,587,-1.62371,1.10791
2483740908,12,8,mean_p,12,0.41979844802189548,0.030446466696526869,mean_p|train_n=12|p=8,361,593,-1.62371,1.10791
2443598614,12,8,mean_p,12,0.51708331361109006,0.013555294210429232,mean_p|train_n=12|p=8,362,594,-1.62371,1.10791
2362666470,12,8,mean_p,12,0.47765595058205035,0.018816323679047564,mean_p|train_n=12|p=8,363,596,-1.62371,1.10791
506126084,12,8,mean_p,12,0.56543383085546217,0.0090667048060449149,mean_p|train_n=12|p=8,364,597,-1.62371,1.10791
3729911138,12,8,mean_p,12,0.42399143685650387,0.029402910043518433,mean_p|train_n=12|p=8,365,598,-1.62371,1.10791
4117690695,12,8,mean_p,12,0.30423859406617021,0.079612394828040181,mean_p|train_n=12|p=8,366,599,-1.62371,1.10791
427776861,12,8,mean_p,12,0.32044868888287475,0.069570318386931798,mean_p|train_n=12|p=8,367,600,-1.62371,1.10791
2729001950,12,8,mean_p,12,0.40354652675933939,0.034853363006022153,mean_p|train_n=12|p=8,368,604,-1.62371,1.10791
2191880423,12,8,mean_p,12,0.28737842180343087,0.091597938416832864,mean_p|train_n=12|p=8,369,606,-1.62371,1.10791
1443853621,12,8,mean_p,12,0.42274359100432468,0.029709680650542827,mean_p|train_n=12|p=8,370,607,-1.62371,1.10791
3264324300,12,8,mean_p,12,0.34310227210719546,0.057622367001465891,mean_p|train_n=12|p=8,371,608,-1.62371,1.10791
3981396807,12,8,mean_p,12,0.46908669685409032,0.020206449237424918,mean_p|train_n=12|p=8,372,609,-1.62371,1.10791
2125821102,12,8,mean_p,12,0.28727575631818364,0.091676191654642733,mean_p|train_n=12|p=8,373,610,-1.62371,1.10791
2532077815,12,8,mean_p,12,0.38715397740657115,0.039944820905593065,mean_p|train_n=12|p=8,374,611,-1.62371,1.10791
3003691460,12,8,mean_p,12,0.4052079288467943,0.034375031691946743,mean_p|train_n=12|p=8,375,612,-1.62371,1.10791
2912323976,12,8,mean_p,12,0.59137355397067803,0.0073071136032737119,mean_p|train_n=12|p=8,376,613,-1.62371,1.10791
2367253442,12,8,mean_p,12,0.29464094695608423,0.086228502551138148,mean_p|train_n=12|p=8,377,615,-1.62371,1.10791
2180588817,12,8,mean_p,12,0.36459002812005664,0.048191404648598335,mean_p|train_n=12|p=8,378,618,-1.62371,1.10791
481354086,12,8,mean_p,12,0.28739004952246017,0.091589079799665948,mean_p|train_n=12|p=8,379,619,-1.62371,1.10791
383572482,12,8,mean_p,12,0.48226734192986864,0.018108262013618655,mean_p|train_n=12|p=8,380,622,-1.62371,1.10791
3363251528,12,8,mean_p,12,0.3181244964747717,0.070928342398437746,mean_p|train_n=12|p=8,381,623,-1.62371,1.10791
3828013051,12,8,mean_p,12,0.40543486703678172,0.03431020593832608,mean_p|train_n=12|p=8,382,626,-1.62371,1.10791
638813175,12,8,mean_p,12,0.34012842224329098,0.059065476284761102,mean_p|train_n=12|p=8,383,629,-1.62371,1.10791
2023424544,12,8,mean_p,12,0.28637566756130589,0.092365122047352935,mean_p|train_n=12|p=8,384,632,-1.62371,1.10791
2953615635,12,8,mean_p,12,0.43324582396438682,0.027224514139354013,mean_p|train_n=12|p=8,385,633,-1.62371,1.10791
2894537495,12,8,mean_p,12,0.27064668098526679,0.10527536832628788,mean_p|train_n=12|p=8,386,634,-1.62371,1.10791
3343690458,12,8,mean_p,12,0.30646218711782736,0.078153470775397943,mean_p|train_n=12|p=8,387,635,-1.62371,1.10791
2273798768,12,8,mean_p,12,0.56617270730657066,0.0090111535160805421,mean_p|train_n=12|p=8,388,636,-1.62371,1.10791
333324312,12,8,mean_p,12,0.43702413548428182,0.026382230880035596,mean_p|train_n=12|p=8,389,637,-1.62371,1.10791
4185123123,12,8,mean_p,12,0.44815527873376843,0.024049265705593879,mean_p|train_n=12|p=8,390,638,-1.62371,1.10791
380862748,12,8,mean_p,12,0.3549843356384017,0.052199795762945908,mean_p|train_n=12|p=8,391,639,-1.62371,1.10791
1847856687,12,8,mean_p,12,0.48488831937048382,0.017717761685556593,mean_p|train_n=12|p=8,392,642,-1.62371,1.10791
2566871617,12,8,mean_p,12,0.43715683968618069,0.026353126172967128,mean_p|train_n=12|p=8,393,643,-1.62371,1.10791
1180244662,12,8,mean_p,12,0.3790867777062259,0.042717134031618281,mean_p|train_n=12|p=8,394,645,-1.62371,1.10791
1348366265,12,8,mean_p,12,0.3079159087327768,0.077214151601376887,mean_p|train_n=12|p=8,395,647,-1.62371,1.10791
2960691278,12,8,mean_p,12,0.25290782265427719,0.12201294533529194,mean_p|train_n=12|p=8,396,649,-1.62371,1.10791
2215180692,12,8,mean_p,12,0.42107900224636974,0.030123891684600348,mean_p|train_n=12|p=8,397,650,-1.62371,1.10791
3546424658,12,8,mean_p,12,0.47344252993591601,0.019487456878327331,mean_p|train_n=12|p=8,398,651,-1.62371,1.10791
3547556142,12,8,mean_p,12,0.30480917482536635,0.079235452981394894,mean_p|train_n=12|p=8,399,652,-1.62371,1.10791
3701380570,12,8,mean_p,12,0.31446786918671094,0.073118767864873382,mean_p|train_n=12|p=8,400,653,-1.62371,1.10791
4099300952,12,8,mean_p,12,0.51920678060091419,0.013317975788965434,mean_p|train_n=12|p=8,401,654,-1.62371,1.10791
1089933520,12,8,mean_p,12,0.32755033689956142,0.065579829322038097,mean_p|train_n=12|p=8,402,656,-1.62371,1.10791
233807824,12,8,mean_p,12,0.50533259440344569,0.014947094338422283,mean_p|train_n=12|p=8,403,658,-1.62371,1.10791
83890374,12,8,mean_p,12,0.32615623536869065,0.066344706714580606,mean_p|train_n=12|p=8,404,660,-1.62371,1.10791
1349287653,12,8,mean_p,12,0.35831092202286824,0.050775239005995204,mean_p|train_n=12|p=8,405,661,-1.62371,1.10791
208843933,12,8,mean_p,12,0.44349625925141817,0.024999531850530818,mean_p|train_n=12|p=8,406,665,-1.62371,1.10791
3052992668,12,8,mean_p,12,0.47556733413547464,0.019146068554079951,mean_p|train_n=12|p=8,407,666,-1.62371,1.10791
2220951722,12,8,mean_p,12,0.5153198223427663,0.013755592870925901,mean_p|train_n=12|p=8,408,668,-1.62371,1.10791
2958655497,12,8,mean_p,12,0.30037026349274032,0.08221564922543409,mean_p|train_n=12|p=8,409,669,-1.62371,1.10791
183623913,12,8,mean_p,12,0.3858982446925297,0.040364226720378961,mean_p|train_n=12|p=8,410,670,-1.62371,1.10791
1191154280,12,8,mean_p,12,0.49244495086551487,0.016638400844853986,mean_p|train_n=12|p=8,411,671,-1.62371,1.10791
3649632371,12,8,mean_p,12,0.34832386866140047,0.055173280609741603,mean_p|train_n=12|p=8,412,672,-1.62371,1.10791
1145609720,12,8,mean_p,12,0.27067459481554007,0.10525092825357189,mean_p|train_n=12|p=8,413,674,-1.62371,1.10791
1555680410,12,8,mean_p,12,0.60086419126158097,0.0067524637488199091,mean_p|train_n=12|p=8,414,675,-1.62371,1.10791
3539872457,12,8,mean_p,12,0.23325098530209876,0.14368567842174118,mean_p|train_n=12|p=8,415,676,-1.62371,1.10791
1061076950,12,8,mean_p,12,0.25279130547418455,0.12213125304620183,mean_p|train_n=12|p=8,416,679,-1.62371,1.10791
2220434886,12,8,mean_p,12,0.48565529684844438,0.017605090306154623,mean_p|train_n=12|p=8,417,682,-1.62371,1.10791
587117887,12,8,mean_p,12,0.18827928784455031,0.20886585183860656,mean_p|train_n=12|p=8,418,683,-1.62371,1.10791
4084850930,12,8,mean_p,12,0.38839024039022191,0.039536175094819187,mean_p|train_n=12|p=8,419,685,-1.62371,1.10791
1375945873,12,8,mean_p,12,0.4269641549387353,0.028684797443795682,mean_p|train_n=12|p=8,420,687,-1.62371,1.10791
2515139322,12,8,mean_p,12,0.34981425086710843,0.054493538689419974,mean_p|train_n=12|p=8,421,689,-1.62371,1.10791
1579633452,12,8,mean_p,12,0.34801696438836482,0.055314304565459264,mean_p|train_n=12|p=8,422,690,-1.62371,1.10791
1351102274,12,8,mean_p,12,0.26983065832790254,0.10599235389016544,mean_p|train_n=12|p=8,423,691,-1.62371,1.10791
4096795589,12,8,mean_p,12,0.30707421650128219,0.077756624522842044,mean_p|train_n=12|p=8,424,692,-1.62371,1.10791
1842137080,12,8,mean_p,12,0.27651842913061242,0.10025727625851837,mean_p|train_n=12|p=8,425,693,-1.62371,1.10791
4263654489,12,8,mean_p,12,0.47203407726969715,0.019717098461926562,mean_p|train_n=12|p=8,426,695,-1.62371,1.10791
2031547525,12,8,mean_p,12,0.64694950674040852,0.0046024122132856627,mean_p|train_n=12|p=8,427,698,-1.62371,1.10791
1234581830,12,8,mean_p,12,0.37059183017685071,0.045844676829311794,mean_p|train_n=12|p=8,428,699,-1.62371,1.10791
3984643912,12,8,mean_p,12,0.44919843032680151,0.023841500319131379,mean_p|train_n=12|p=8,429,700,-1.62371,1.10791
3183129030,12,8,mean_p,12,0.34471764420123918,0.056853314495809,mean_p|train_n=12|p=8,430,702,-1.62371,1.10791
2392566820,12,8,mean_p,12,0.450572976515273,0.023570469102758982,mean_p|train_n=12|p=8,431,703,-1.62371,1.10791
3779154371,12,8,mean_p,12,0.1728178326174622,0.23753071889604652,mean_p|train_n=12|p=8,432,707,-1.62371,1.10791
1199278659,12,8,mean_p,12,0.39527671598862085,0.037335177705778405,mean_p|train_n=12|p=8,433,708,-1.62371,1.10791
3052055697,12,8,mean_p,12,0.37641962930410822,0.043675391585134872,mean_p|train_n=12|p=8,434,709,-1.62371,1.10791
1588583160,12,8,mean_p,12,0.22982407502069266,0.14784025954577784,mean_p|train_n=12|p=8,435,710,-1.62371,1.10791
2182107628,12,8,mean_p,12,0.45198794124075031,0.023294686178767624,mean_p|train_n=12|p=8,436,711,-1.62371,1.10791
2996365765,12,8,mean_p,12,0.23178069654225317,0.14545367385786065,mean_p|train_n=12|p=8,437,716,-1.62371,1.10791
3510288282,12,8,mean_p,12,0.39170175837487559,0.038462034801912827,mean_p|train_n=12|p=8,438,717,-1.62371,1.10791
3041852539,12,8,mean_p,12,0.53862236402577313,0.011331884650820781,mean_p|train_n=12|p=8,439,719,-1.62371,1.10791
1250010904,12,8,mean_p,12,0.40610265550460972,0.034120157914124122,mean_p|train_n=12|p=8,440,722,-1.62371,1.10791
3886936860,12,8,mean_p,12,0.35540284175355702,0.052018402296196496,mean_p|train_n=12|p=8,441,723,-1.62371,1.10791
1400028594,12,8,mean_p,12,0.42993385851345339,0.02798492512255292,mean_p|train_n=12|p=8,442,725,-1.62371,1.10791
1817310376,12,8,mean_p,12,0.33896258073973495,0.059641031973252788,mean_p|train_n=12|p=8,443,726,-1.62371,1.10791
2779949098,12,8,mean_p,12,0.31022365879661706,0.075746135434957354,mean_p|train_n=12|p=8,444,727,-1.62371,1.10791
2507548820,12,8,mean_p,12,0.34772850884156253,0.055447179837011806,mean_p|train_n=12|p=8,445,729,-1.62371,1.10791
3799977642,12,8,mean_p,12,0.54509159091026138,0.010738236607405123,mean_p|train_n=12|p=8,446,731,-1.62371,1.10791
3625690170,12,8,mean_p,12,0.42559811275555465,0.029012584846711025,mean_p|train_n=12|p=8,447,732,-1.62371,1.10791
735440234,12,8,mean_p,12,0.45415213861398124,0.022879103564608368,mean_p|train_n=12|p=8,448,734,-1.62371,1.10791
1663586918,12,8,mean_p,12,0.23765179911853695,0.13852117261551661,mean_p|train_n=12|p=8,449,735,-1.62371,1.10791
3736851613,12,8,mean_p,12,0.26279512832094726,0.11238009734038873,mean_p|train_n=12|p=8,450,737,-1.62371,1.10791
3122238466,12,8,mean_p,12,0.34986624561556484,0.054469976410588983,mean_p|train_n=12|p=8,451,742,-1.62371,1.10791
3407059569,12,8,mean_p,12,0.3675653494807849,0.047013399226843833,mean_p|train_n=12|p=8,452,744,-1.62371,1.10791
4149728233,12,8,mean_p,12,0.35665663942823661,0.051478731943897543,mean_p|train_n=12|p=8,453,745,-1.62371,1.10791
3097668738,12,8,mean_p,12,0.2545280706730757,0.12037962659838983,mean_p|train_n=12|p=8,454,746,-1.62371,1.10791
663279833,12,8,mean_p,12,0.19409321112645425,0.19900567348333556,mean_p|train_n=12|p=8,455,747,-1.62371,1.10791
343798633,12,8,mean_p,12,0.48609314868294434,0.017541090075571579,mean_p|train_n=12|p=8,456,748,-1.62371,1.10791
4180745191,12,8,mean_p,12,0.47166829929152493,0.019777178208999404,mean_p|train_n=12|p=8,457,749,-1.62371,1.10791
1867724239,12,8,mean_p,12,0.45741467758331106,0.022266581112605099,mean_p|train_n=12|p=8,458,750,-1.62371,1.10791
2732701255,12,8,mean_p,12,0.38426873036396242,0.040915044624101123,mean_p|train_n=12|p=8,459,752,-1.62371,1.10791
734660194,12,8,mean_p,12,0.41382847852980986,0.031996507667133335,mean_p|train_n=12|p=8,460,753,-1.62371,1.10791
1563374576,12,8,mean_p,12,0.43297988332909459,0.027284802291399214,mean_p|train_n=12|p=8,461,755,-1.62371,1.10791
1378221120,12,8,mean_p,12,0.34677833069866609,0.055887135110879962,mean_p|train_n=12|p=8,462,757,-1.62371,1.10791
3979066007,12,8,mean_p,12,0.2921281149762604,0.088049744033993071,mean_p|train_n=12|p=8,463,758,-1.62371,1.10791
971360976,12,8,mean_p,12,0.30293355355347446,0.080481296552865636,mean_p|train_n=12|p=8,464,759,-1.62371,1.10791
3647860370,12,8,mean_p,12,0.35436433219230984,0.052469687714297775,mean_p|train_n=12|p=8,465,761,-1.62371,1.10791
2206397984,12,8,mean_p,12,0.35384705674971073,0.052695928903541786,mean_p|train_n=12|p=8,466,763,-1.62371,1.10791
4195074654,12,8,mean_p,12,0.30146764716490365,0.081468617360806891,mean_p|train_n=12|p=8,467,764,-1.62371,1.10791
3898485333,12,8,mean_p,12,0.4385972809726455,0.026039266649775163,mean_p|train_n=12|p=8,468,765,-1.62371,1.10791
1072155883,12,8,mean_p,12,0.37286599443209695,0.044985630914802462,mean_p|train_n=12|p=8,469,766,-1.62371,1.10791
876039206,12,8,mean_p,12,0.63034883109992457,0.0052838822302946585,mean_p|train_n=12|p=8,470,767,-1.62371,1.10791
2140066866,12,8,mean_p,12,0.41182065536192841,0.032535355678128493,mean_p|train_n=12|p=8,471,768,-1.62371,1.10791
2964756852,12,8,mean_p,12,0.4867340836185749,0.017447824773600944,mean_p|train_n=12|p=8,472,772,-1.62371,1.10791
3408979853,12,8,mean_p,12,0.39326005381352269,0.037966724636676413,mean_p|train_n=12|p=8,473,773,-1.62371,1.10791
572880207,12,8,mean_p,12,0.31731920787951989,0.071405029470762355,mean_p|train_n=12|p=8,474,774,-1.62371,1.10791
3537993616,12,8,mean_p,12,0.25572595858240871,0.11918614953852952,mean_p|train_n=12|p=8,475,775,-1.62371,1.10791
2244247085,12,8,mean_p,12,0.31067654877770173,0.075461334011002607,mean_p|train_n=12|p=8,476,776,-1.62371,1.10791
2919118555,12,8,mean_p,12,0.25553827717012839,0.11937235516083435,mean_p|train_n=12|p=8,477,777,-1.62371,1.10791
667826161,12,8,mean_p,12,0.27325128889944283,0.10301915616915569,mean_p|train_n=12|p=8,478,779,-1.62371,1.10791
438933332,12,8,mean_p,12,0.29235235654793895,0.08788566768792111,mean_p|train_n=12|p=8,479,780,-1.62371,1.10791
368428891,12,8,mean_p,12,0.38580520646409017,0.040395475483427611,mean_p|train_n=12|p=8,480,781,-1.62371,1.10791
3345670643,12,8,mean_p,12,0.43376749484130322,0.027106639182594306,mean_p|train_n=12|p=8,481,782,-1.62371,1.10791
1795369636,12,8,mean_p,12,0.5935418660471915,0.0071765073775465812,mean_p|train_n=12|p=8,482,783,-1.62371,1.10791
2287838679,12,8,mean_p,12,0.39358974244858541,0.037862752139424728,mean_p|train_n=12|p=8,483,784,-1.62371,1.10791
3280606748,12,8,mean_p,12,0.25901472419553123,0.11596998056549315,mean_p|train_n=12|p=8,484,785,-1.62371,1.10791
3862066433,12,8,mean_p,12,0.35523695880351269,0.052090225556486319,mean_p|train_n=12|p=8,485,788,-1.62371,1.10791
2877820793,12,8,mean_p,12,0.33035823537547498,0.06406593105811656,mean_p|train_n=12|p=8,486,790,-1.62371,1.10791
2746408794,12,8,mean_p,12,0.40507876307572593,0.034411983064318738,mean_p|train_n=12|p=8,487,792,-1.62371,1.10791
3254903644,12,8,mean_p,12,0.39992459609812281,0.035919344856937735,mean_p|train_n=12|p=8,488,795,-1.62371,1.10791
1811795727,12,8,mean_p,12,0.38051166722916546,0.042213843288540581,mean_p|train_n=12|p=8,489,799,-1.62371,1.10791
4095768624,12,8,mean_p,12,0.48174034583514175,0.018187812542490998,mean_p|train_n=12|p=8,490,800,-1.62371,1.10791
997922360,12,8,mean_p,12,0.51169122350770258,0.014177090720997976,mean_p|train_n=12|p=8,491,801,-1.62371,1.10791
553597154,12,8,mean_p,12,0.20952907085201586,0.17502721261734827,mean_p|train_n=12|p=8,492,804,-1.62371,1.10791
3974562301,12,8,mean_p,12,0.28214381514360148,0.095674231533813631,mean_p|train_n=12|p=8,493,805,-1.62371,1.10791
1174219841,12,8,mean_p,12,0.37244027059171175,0.045145210618672202,mean_p|train_n=12|p=8,494,806,-1.62371,1.10791
3782704271,12,8,mean_p,12,0.4882410207320857,0.017230492526459126,mean_p|train_n=12|p=8,495,808,-1.62371,1.10791
3782658724,12,8,mean_p,12,0.26216522758987881,0.11297044308117571,mean_p|train_n=12|p=8,496,809,-1.62371,1.10791
1067458673,12,8,mean_p,12,0.2990244157784861,0.08314117864857859,mean_p|train_n=12|p=8,497,810,-1.62371,1.10791
3601237586,12,8,mean_p,12,0.41225545443223693,0.032417902226492906,mean_p|train_n=12|p=8,498,813,-1.62371,1.10791
3629373823,12,8,mean_p,12,0.45478291462147896,0.022759379326954623,mean_p|train_n=12|p=8,499,816,-1.62371,1.10791
1216935791,12,15,mean_p,12,0.20152721021005685,0.1870730286621462,mean_p|train_n=12|p=15,0,1,-1.59108,1.0206900000000001
2260314959,12,15,mean_p,12,0.21032740047497764,0.17386882635323156,mean_p|train_n=12|p=15,1,3,-1.59108,1.0206900000000001
1769420166,12,15,mean_p,12,0.26467698991531974,0.11063472036292075,mean_p|train_n=12|p=15,2,4,-1.59108,1.0206900000000001
676365524,12,15,mean_p,12,0.25235171289713165,0.12257863462270803,mean_p|train_n=12|p=15,3,5,-1.59108,1.0206900000000001
389127389,12,15,mean_p,12,0.20666374495714271,0.17924876206978357,mean_p|train_n=12|p=15,4,9,-1.59108,1.0206900000000001
3394316332,12,15,mean_p,12,0.14172352901777827,0.30764056485867353,mean_p|train_n=12|p=15,5,10,-1.59108,1.0206900000000001
2681909953,12,15,mean_p,12,0.2645872239762993,0.11071735685467805,mean_p|train_n=12|p=15,6,11,-1.59108,1.0206900000000001
1040838781,12,15,mean_p,12,0.2085776995850169,0.17641774720351192,mean_p|train_n=12|p=15,7,13,-1.59108,1.0206900000000001
2016711147,12,15,mean_p,12,0.32376426746478659,0.067677908298872991,mean_p|train_n=12|p=15,8,19,-1.59108,1.0206900000000001
1367660954,12,15,mean_p,12,0.4489713085607725,0.023886582958353234,mean_p|train_n=12|p=15,9,21,-1.59108,1.0206900000000001
1320326900,12,15,mean_p,12,0.29824273604442891,0.083683509556340324,mean_p|train_n=12|p=15,10,23,-1.59108,1.0206900000000001
3848711562,12,15,mean_p,12,0.26813734480195145,0.10749577498760865,mean_p|train_n=12|p=15,11,25,-1.59108,1.0206900000000001
977253372,12,15,mean_p,12,0.39195824507018306,0.038380067502462756,mean_p|train_n=12|p=15,12,26,-1.59108,1.0206900000000001
1202033095,12,15,mean_p,12,0.10770089778436363,0.40826823424657038,mean_p|train_n=12|p=15,13,27,-1.59108,1.0206900000000001
3267263313,12,15,mean_p,12,0.32312322515778763,0.068039733389578541,mean_p|train_n=12|p=15,14,28,-1.59108,1.0206900000000001
664469226,12,15,mean_p,12,0.3587885735295972,0.050573909514534568,mean_p|train_n=12|p=15,15,32,-1.59108,1.0206900000000001
353195885,12,15,mean_p,12,0.27006771115769584,0.10578356936868386,mean_p|train_n=12|p=15,16,34,-1.59108,1.0206900000000001
1741453875,12,15,mean_p,12,0.43100893374092303,0.027735793200472252,mean_p|train_n=12|p=15,17,35,-1.59108,1.0206900000000001
1585800779,12,15,mean_p,12,0.15035540051127916,0.28632691447330305,mean_p|train_n=12|p=15,18,38,-1.59108,1.0206900000000001
906179123,12,15,mean_p,12,0.26778375195864307,0.10781239646961337,mean_p|train_n=12|p=15,19,39,-1.59108,1.0206900000000001
1193735533,12,15,mean_p,12,0.39667191845849331,0.036904408532674661,mean_p|train_n=12|p=15,20,43,-1.59108,1.0206900000000001
4255288688,12,15,mean_p,12,0.47247939954878143,0.019644199716974679,mean_p|train_n=12|p=15,21,44,-1.59108,1.0206900000000001
1796686663,12,15,mean_p,12,0.36957325700110083,0.046234734553814223,mean_p|train_n=12|p=15,22,47,-1.59108,1.0206900000000001
1137546669,12,15,mean_p,12,0.29234225276121856,0.087893053992008058,mean_p|train_n=12|p=15,23,48,-1.59108,1.0206900000000001
663457092,12,15,mean_p,12,0.25690486897695414,0.11802313348571367,mean_p|train_n=12|p=15,24,50,-1.59108,1.0206900000000001
2547556208,12,15,mean_p,12,0.35548552394720839,0.051982639919270962,mean_p|train_n=12|p=15,25,51,-1.59108,1.0206900000000001
2149088460,12,15,mean_p,12,0.29464856403185152,0.08622303954021221,mean_p|train_n=12|p=15,26,52,-1.59108,1.0206900000000001
52176291,12,15,mean_p,12,0.23910070191011923,0.13686178530531035,mean_p|train_n=12|p=15,27,55,-1.59108,1.0206900000000001
848615504,12,15,mean_p,12,0.27309194598094683,0.10315578592632825,mean_p|train_n=12|p=15,28,57,-1.59108,1.0206900000000001
2131478535,12,15,mean_p,12,0.14163169307848564,0.3078756519931285,mean_p|train_n=12|p=15,29,58,-1.59108,1.0206900000000001
3210288208,12,15,mean_p,12,0.40589255419746767,0.034179837531488053,mean_p|train_n=12|p=15,30,59,-1.59108,1.0206900000000001
919791377,12,15,mean_p,12,0.28481704977483563,0.093570359250762153,mean_p|train_n=12|p=15,31,60,-1.59108,1.0206900000000001
318327399,12,15,mean_p,12,0.3464707463190258,0.056030300652998903,mean_p|train_n=12|p=15,32,61,-1.59108,1.0206900000000001
2506940005,12,15,mean_p,12,0.33148196703492,0.063469900693844547,mean_p|train_n=12|p=15,33,62,-1.59108,1.0206900000000001
1142826353,12,15,mean_p,12,0.22107252490997042,0.15900341991602976,mean_p|train_n=12|p=15,34,63,-1.59108,1.0206900000000001
1592583332,12,15,mean_p,12,0.37195748248731536,0.045326865572339378,mean_p|train_n=12|p=15,35,65,-1.59108,1.0206900000000001
2620357059,12,15,mean_p,12,0.48315869584337895,0.017974502493625814,mean_p|train_n=12|p=15,36,66,-1.59108,1.0206900000000001
3446718403,12,15,mean_p,12,0.21790862602662808,0.16324339076572533,mean_p|train_n=12|p=15,37,67,-1.59108,1.0206900000000001
3302941087,12,15,mean_p,12,0.39530822341196598,0.037325394506242518,mean_p|train_n=12|p=15,38,68,-1.59108,1.0206900000000001
3269338048,12,15,mean_p,12,0.32701702428848406,0.065871385640186908,mean_p|train_n=12|p=15,39,69,-1.59108,1.0206900000000001
3211372244,12,15,mean_p,12,0.29157396740229902,0.08845652583595634,mean_p|train_n=12|p=15,40,70,-1.59108,1.0206900000000001
4073005787,12,15,mean_p,12,0.086015768289791225,0.4889676010199458,mean_p|train_n=12|p=15,41,72,-1.59108,1.0206900000000001
2656112186,12,15,mean_p,12,0.2173872029203413,0.16395292721614091,mean_p|train_n=12|p=15,42,73,-1.59108,1.0206900000000001
268025834,12,15,mean_p,12,0.32195909312955023,0.068701760656076902,mean_p|train_n=12|p=15,43,74,-1.59108,1.0206900000000001
329844738,12,15,mean_p,12,0.36267706321578519,0.048964339757844644,mean_p|train_n=12|p=15,44,75,-1.59108,1.0206900000000001
3128380832,12,15,mean_p,12,0.28895478090906435,0.09040476522049104,mean_p|train_n=12|p=15,45,76,-1.59108,1.0206900000000001
3894368030,12,15,mean_p,12,0.28773446275786596,0.091327075564508614,mean_p|train_n=12|p=15,46,77,-1.59108,1.0206900000000001
183603904,12,15,mean_p,12,0.22992826124922158,0.14771219716392756,mean_p|train_n=12|p=15,47,79,-1.59108,1.0206900000000001
4154396645,12,15,mean_p,12,0.39492402660529485,0.037444864537667127,mean_p|train_n=12|p=15,48,80,-1.59108,1.0206900000000001
1403226767,12,15,mean_p,12,0.419573093522077,0.030503590476274378,mean_p|train_n=12|p=15,49,82,-1.59108,1.0206900000000001
3620670093,12,15,mean_p,12,0.19333682451895182,0.20026165394171136,mean_p|train_n=12|p=15,50,83,-1.59108,1.0206900000000001
560818909,12,15,mean_p,12,0.21213814363973768,0.17126975105933887,mean_p|train_n=12|p=15,51,85,-1.59108,1.0206900000000001
1583942076,12,15,mean_p,12,0.14464902954897321,0.30024489999405468,mean_p|train_n=12|p=15,52,87,-1.59108,1.0206900000000001
3426634136,12,15,mean_p,12,0.22745951639407549,0.15077674144383213,mean_p|train_n=12|p=15,53,88,-1.59108,1.0206900000000001
2349640817,12,15,mean_p,12,0.33775682667911622,0.060242192171104179,mean_p|train_n=12|p=15,54,89,-1.59108,1.0206900000000001
3701378178,12,15,mean_p,12,0.25686889515275729,0.11805845387102984,mean_p|train_n=12|p=15,55,91,-1.59108,1.0206900000000001
1099930715,12,15,mean_p,12,0.14262245623263223,0.30534889409966137,mean_p|train_n=12|p=15,56,92,-1.59108,1.0206900000000001
1107525205,12,15,mean_p,12,0.29268367510102905,0.087643803128158365,mean_p|train_n=12|p=15,57,93,-1.59108,1.0206900000000001
1817588038,12,15,mean_p,12,0.386294771415856,0.040231316063788207,mean_p|train_n=12|p=15,58,96,-1.59108,1.0206900000000001
212512658,12,15,mean_p,12,0.51734991584407586,0.013525268174825439,mean_p|train_n=12|p=15,59,97,-1.59108,1.0206900000000001
511949978,12,15,mean_p,12,0.24620781465466249,0.12900565598760619,mean_p|train_n=12|p=15,60,98,-1.59108,1.0206900000000001
3796505179,12,15,mean_p,12,0.28105285793963924,0.096546361801692043,mean_p|train_n=12|p=15,61,99,-1.59108,1.0206900000000001
1942790425,12,15,mean_p,12,0.20305332738543977,0.18471335340807568,mean_p|train_n=12|p=15,62,100,-1.59108,1.0206900000000001
3871071974,12,15,mean_p,12,0.20079234426381018,0.18822000374514741,mean_p|train_n=12|p=15,63,102,-1.59108,1.0206900000000001
4198724253,12,15,mean_p,12,0.56215729707371853,0.0093172016643586382,mean_p|train_n=12|p=15,64,103,-1.59108,1.0206900000000001
362511914,12,15,mean_p,12,0.2999295038524582,0.082517616133479008,mean_p|train_n=12|p=15,65,105,-1.59108,1.0206900000000001
3523414914,12,15,mean_p,12,0.25586352404342011,0.11904985029035284,mean_p|train_n=12|p=15,66,106,-1.59108,1.0206900000000001
2711606271,12,15,mean_p,12,0.21033330762324273,0.17386028364385692,mean_p|train_n=12|p=15,67,107,-1.59108,1.0206900000000001
302659376,12,15,mean_p,12,0.24272343569523824,0.13279923781572006,mean_p|train_n=12|p=15,68,109,-1.59108,1.0206900000000001
1873015386,12,15,mean_p,12,0.2246727265246683,0.1543125476216573,mean_p|train_n=12|p=15,69,110,-1.59108,1.0206900000000001
2811440190,12,15,mean_p,12,0.1486193230151546,0.29049155412403088,mean_p|train_n=12|p=15,70,111,-1.59108,1.0206900000000001
2924292950,12,15,mean_p,12,0.30482911783021494,0.079222310395415843,mean_p|train_n=12|p=15,71,113,-1.59108,1.0206900000000001
257506827,12,15,mean_p,12,0.24586386900032853,0.12937525147585741,mean_p|train_n=12|p=15,72,115,-1.59108,1.0206900000000001
875016919,12,15,mean_p,12,0.15049647782016531,0.285991121765241,mean_p|train_n=12|p=15,73,116,-1.59108,1.0206900000000001
2269833673,12,15,mean_p,12,0.25322425614114358,0.1216922271067874,mean_p|train_n=12|p=15,74,118,-1.59108,1.0206900000000001
2939530626,12,15,mean_p,12,0.29514472523416208,0.085867934375569652,mean_p|train_n=12|p=15,75,121,-1.59108,1.0206900000000001
2211878734,12,15,mean_p,12,0.30630289518446069,0.078257089084720788,mean_p|train_n=12|p=15,76,122,-1.59108,1.0206900000000001
1838582899,12,15,mean_p,12,0.32740465828869764,0.065659341917323644,mean_p|train_n=12|p=15,77,123,-1.59108,1.0206900000000001
3804864276,12,15,mean_p,12,0.51932320249484776,0.013305085301934753,mean_p|train_n=12|p=15,78,126,-1.59108,1.0206900000000001
3108265496,12,15,mean_p,12,0.29234179071218108,0.087893391784635469,mean_p|train_n=12|p=15,79,127,-1.59108,1.0206900000000001
2891979621,12,15,mean_p,12,0.26532182040427726,0.11004291410407507,mean_p|train_n=12|p=15,80,128,-1.59108,1.0206900000000001
3194429525,12,15,mean_p,12,0.10618895608540097,0.41343502701712648,mean_p|train_n=12|p=15,81,129,-1.59108,1.0206900000000001
1059433015,12,15,mean_p,12,0.35066495625529792,0.054109305141863309,mean_p|train_n=12|p=15,82,130,-1.59108,1.0206900000000001
3861906028,12,15,mean_p,12,0.36988493460874045,0.046115028020712705,mean_p|train_n=12|p=15,83,131,-1.59108,1.0206900000000001
3631043342,12,15,mean_p,12,0.43105922617814368,0.027724193169572937,mean_p|train_n=12|p=15,84,133,-1.59108,1.0206900000000001
3813086073,12,15,mean_p,12,0.10872497070735819,0.40480537504362357,mean_p|train_n=12|p=15,85,135,-1.59108,1.0206900000000001
1068642326,12,15,mean_p,12,0.17004096637619745,0.24308089323186494,mean_p|train_n=12|p=15,86,138,-1.59108,1.0206900000000001
1927150651,12,15,mean_p,12,0.38387858176602302,0.041048036360369078,mean_p|train_n=12|p=15,87,139,-1.59108,1.0206900000000001
1309232292,12,15,mean_p,12,0.21103729490991344,0.17284520194018582,mean_p|train_n=12|p=15,88,140,-1.59108,1.0206900000000001
1139132446,12,15,mean_p,12,0.42243177911724256,0.029786835045236992,mean_p|train_n=12|p=15,89,142,-1.59108,1.0206900000000001
1989770883,12,15,mean_p,12,0.41552386659257051,0.031548464529999681,mean_p|train_n=12|p=15,90,146,-1.59108,1.0206900000000001
263668285,12,15,mean_p,12,0.30760876519668773,0.077411666502445617,mean_p|train_n=12|p=15,91,148,-1.59108,1.0206900000000001
1339424545,12,15,mean_p,12,0.44701937866551794,0.024277563601399377,mean_p|train_n=12|p=15,92,149,-1.59108,1.0206900000000001
402002945,12,15,mean_p,12,0.23928440256059993,0.13665282304951371,mean_p|train_n=12|p=15,93,151,-1.59108,1.0206900000000001
2426970106,12,15,mean_p,12,0.1582351261335411,0.2681623284831528,mean_p|train_n=12|p=15,94,152,-1.59108,1.0206900000000001
3169328480,12,15,mean_p,12,0.13636977062868019,0.3216498124223352,mean_p|train_n=12|p=15,95,153,-1.59108,1.0206900000000001
2389236307,12,15,mean_p,12,0.27981013829981827,0.097549503516414796,mean_p|train_n=12|p=15,96,157,-1.59108,1.0206900000000001
748930729,12,15,mean_p,12,0.19508065994881305,0.19737786063637261,mean_p|train_n=12|p=15,97,158,-1.59108,1.0206900000000001
3023586741,12,15,mean_p,12,0.24746609031366973,0.12766251821189492,mean_p|train_n=12|p=15,98,160,-1.59108,1.0206900000000001
159539188,12,15,mean_p,12,0.35139980755600431,0.053779580402569069,mean_p|train_n=12|p=15,99,161,-1.59108,1.0206900000000001
2271935472,12,15,mean_p,12,0.13884968666718556,0.3150829863824442,mean_p|train_n=12|p=15,100,162,-1.59108,1.0206900000000001
4136566324,12,15,mean_p,12,0.17624354248102012,0.23085797722369461,mean_p|train_n=12|p=15,101,164,-1.59108,1.0206900000000001
1862853050,12,15,mean_p,12,0.19531044357991897,0.19700097527615995,mean_p|train_n=12|p=15,102,166,-1.59108,1.0206900000000001
318759564,12,15,mean_p,12,0.22705616790330177,0.15128344064568658,mean_p|train_n=12|p=15,103,171,-1.59108,1.0206900000000001
2444213714,12,15,mean_p,12,0.26376736471575735,0.1114749628065005,mean_p|train_n=12|p=15,104,172,-1.59108,1.0206900000000001
1678586705,12,15,mean_p,12,0.31758015008634238,0.071250216046255296,mean_p|train_n=12|p=15,105,173,-1.59108,1.0206900000000001
3930057493,12,15,mean_p,12,0.43865979831504731,0.026025729630374677,mean_p|train_n=12|p=15,106,174,-1.59108,1.0206900000000001
1514675849,12,15,mean_p,12,0.35307878332828996,0.053033750927506521,mean_p|train_n=12|p=15,107,176,-1.59108,1.0206900000000001
2431395809,12,15,mean_p,12,0.35458561376031295,0.05237320248936294,mean_p|train_n=12|p=15,108,178,-1.59108,1.0206900000000001
548222184,12,15,mean_p,12,0.26096642981929463,0.11410254234902993,mean_p|train_n=12|p=15,109,180,-1.59108,1.0206900000000001
938421644,12,15,mean_p,12,0.40789131426698894,0.033616287800274293,mean_p|train_n=12|p=15,110,182,-1.59108,1.0206900000000001
3711038156,12,15,mean_p,12,0.19777764992979138,0.19299939107784889,mean_p|train_n=12|p=15,111,184,-1.59108,1.0206900000000001
3990213995,12,15,mean_p,12,0.20957742906733046,0.17495682517129127,mean_p|train_n=12|p=15,112,187,-1.59108,1.0206900000000001
1864162813,12,15,mean_p,12,0.19666767377924213,0.1947895131707765,mean_p|train_n=12|p=15,113,192,-1.59108,1.0206900000000001
377567525,12,15,mean_p,12,0.29507845906533497,0.085915276667546059,mean_p|train_n=12|p=15,114,193,-1.59108,1.0206900000000001
3858544149,12,15,mean_p,12,0.2221466427869471,0.15758916886064961,mean_p|train_n=12|p=15,115,194,-1.59108,1.0206900000000001
1495404943,12,15,mean_p,12,0.23338323266448957,0.14352771069503178,mean_p|train_n=12|p=15,116,195,-1.59108,1.0206900000000001
4176061691,12,15,mean_p,12,0.34824533196813962,0.055209334321785632,mean_p|train_n=12|p=15,117,197,-1.59108,1.0206900000000001
3532240169,12,15,mean_p,12,0.17691071532804747,0.22958040494711462,mean_p|train_n=12|p=15,118,198,-1.59108,1.0206900000000001
2091709317,12,15,mean_p,12,0.096216791469969851,0.44919024499062599,mean_p|train_n=12|p=15,119,199,-1.59108,1.0206900000000001
504848168,12,15,mean_p,12,0.2776647049347995,0.09930592039603385,mean_p|train_n=12|p=15,120,201,-1.59108,1.0206900000000001
2748886553,12,15,mean_p,12,0.29720802200391949,0.084406840684387197,mean_p|train_n=12|p=15,121,205,-1.59108,1.0206900000000001
3287941376,12,15,mean_p,12,0.13461407631323349,0.32638147614075447,mean_p|train_n=12|p=15,122,206,-1.59108,1.0206900000000001
2595151634,12,15,mean_p,12,0.40528821134324633,0.034352084704051981,mean_p|train_n=12|p=15,123,207,-1.59108,1.0206900000000001
3983506654,12,15,mean_p,12,0.26911664417201103,0.10662371574962472,mean_p|train_n=12|p=15,124,209,-1.59108,1.0206900000000001
1185875820,12,15,mean_p,12,0.428610370141981,0.028294698176457408,mean_p|train_n=12|p=15,125,210,-1.59108,1.0206900000000001
2497401586,12,15,mean_p,12,0.21663230151326029,0.16498564181919817,mean_p|train_n=12|p=15,126,211,-1.59108,1.0206900000000001
1119592496,12,15,mean_p,12,0.31430804161989728,0.073216037204797635,mean_p|train_n=12|p=15,127,213,-1.59108,1.0206900000000001
1851123899,12,15,mean_p,12,0.43927111093491872,0.025893731035084619,mean_p|train_n=12|p=15,128,216,-1.59108,1.0206900000000001
2716632156,12,15,mean_p,12,0.30254621002659937,0.080741011995763876,mean_p|train_n=12|p=15,129,217,-1.59108,1.0206900000000001
3496788191,12,15,mean_p,12,0.40075155964242865,0.03567312181653904,mean_p|train_n=12|p=15,130,218,-1.59108,1.0206900000000001
3834749720,12,15,mean_p,12,0.2055032124806512,0.18098743537858752,mean_p|train_n=12|p=15,131,220,-1.59108,1.0206900000000001
1982779425,12,15,mean_p,12,0.22192623906182887,0.15787833680796631,mean_p|train_n=12|p=15,132,223,-1.59108,1.0206900000000001
2397927458,12,15,mean_p,12,0.43041011183802586,0.02787428593921908,mean_p|train_n=12|p=15,133,224,-1.59108,1.0206900000000001
3859601451,12,15,mean_p,12,0.11330110557609657,0.38968673640615475,mean_p|train_n=12|p=15,134,225,-1.59108,1.0206900000000001
4191944884,12,15,mean_p,12,0.25849499881424193,0.11647239866195862,mean_p|train_n=12|p=15,135,226,-1.59108,1.0206900000000001
471729922,12,15,mean_p,12,0.29172690814016072,0.088344069596320712,mean_p|train_n=12|p=15,136,228,-1.59108,1.0206900000000001
2976761866,12,15,mean_p,12,0.24237255367104785,0.13318738578602615,mean_p|train_n=12|p=15,137,229,-1.59108,1.0206900000000001
3348988987,12,15,mean_p,12,0.24279312764092664,0.13272227888783067,mean_p|train_n=12|p=15,138,233,-1.59108,1.0206900000000001
526118982,12,15,mean_p,12,0.062005456399141949,0.59705449557294521,mean_p|train_n=12|p=15,139,234,-1.59108,1.0206900000000001
921317735,12,15,mean_p,12,0.32224980416486249,0.06853583592542134,mean_p|train_n=12|p=15,140,236,-1.59108,1.0206900000000001
426566421,12,15,mean_p,12,0.2281864178380284,0.14986786606529917,mean_p|train_n=12|p=15,141,237,-1.59108,1.0206900000000001
1545334107,12,15,mean_p,12,0.30606940675844041,0.078409220023234222,mean_p|train_n=12|p=15,142,238,-1.59108,1.0206900000000001
1871220859,12,15,mean_p,12,0.40366545073833454,0.034818903738014592,mean_p|train_n=12|p=15,143,240,-1.59108,1.0206900000000001
3567581369,12,15,mean_p,12,0.4787063134708196,0.018652647646986285,mean_p|train_n=12|p=15,144,241,-1.59108,1.0206900000000001
594368971,12,15,mean_p,12,0.21063191258219957,0.17342899811721443,mean_p|train_n=12|p=15,145,242,-1.59108,1.0206900000000001
3982894010,12,15,mean_p,12,0.24828825016883879,0.12679247212403896,mean_p|train_n=12|p=15,146,243,-1.59108,1.0206900000000001
1822834691,12,15,mean_p,12,0.26731274861497095,0.10823560108127368,mean_p|train_n=12|p=15,147,244,-1.59108,1.0206900000000001
1126345216,12,15,mean_p,12,0.25185961094048026,0.12308140039798759,mean_p|train_n=12|p=15,148,245,-1.59108,1.0206900000000001
2783500083,12,15,mean_p,12,0.54532922636940262,0.01071703241289346,mean_p|train_n=12|p=15,149,248,-1.59108,1.0206900000000001
3604963084,12,15,mean_p,12,0.25147344758462675,0.12347737548524959,mean_p|train_n=12|p=15,150,249,-1.59108,1.0206900000000001
1338819253,12,15,mean_p,12,0.13943269513040715,0.31355874437388909,mean_p|train_n=12|p=15,151,250,-1.59108,1.0206900000000001
358763462,12,15,mean_p,12,0.32121924749836611,0.069125845417653653,mean_p|train_n=12|p=15,152,256,-1.59108,1.0206900000000001
725766470,12,15,mean_p,12,0.40757361291923816,0.033705238520664579,mean_p|train_n=12|p=15,153,257,-1.59108,1.0206900000000001
1345698746,12,15,mean_p,12,0.38668482768096718,0.040101001221325809,mean_p|train_n=12|p=15,154,258,-1.59108,1.0206900000000001
743184830,12,15,mean_p,12,0.43441524047911634,0.026960986845012788,mean_p|train_n=12|p=15,155,259,-1.59108,1.0206900000000001
3600996020,12,15,mean_p,12,0.38665152304023426,0.040112111548082585,mean_p|train_n=12|p=15,156,260,-1.59108,1.0206900000000001
2467840563,12,15,mean_p,12,0.51378513329792519,0.013932311073957624,mean_p|train_n=12|p=15,157,261,-1.59108,1.0206900000000001
1316867837,12,15,mean_p,12,0.27330981633479773,0.10296901684421121,mean_p|train_n=12|p=15,158,263,-1.59108,1.0206900000000001
3931069553,12,15,mean_p,12,0.47667897178024571,0.018969853384754851,mean_p|train_n=12|p=15,159,264,-1.59108,1.0206900000000001
1334282774,12,15,mean_p,12,0.24229986179371535,0.13326793976327167,mean_p|train_n=12|p=15,160,265,-1.59108,1.0206900000000001
2566956636,12,15,mean_p,12,0.46033182114161614,0.021732804162701191,mean_p|train_n=12|p=15,161,267,-1.59108,1.0206900000000001
2802387363,12,15,mean_p,12,0.3005284087432803,0.0821075726079811,mean_p|train_n=12|p=15,162,268,-1.59108,1.0206900000000001
3507435907,12,15,mean_p,12,0.31905277552985628,0.070382798743692909,mean_p|train_n=12|p=15,163,271,-1.59108,1.0206900000000001
3456663433,12,15,mean_p,12,0.2784135797465791,0.098689269778309052,mean_p|train_n=12|p=15,164,273,-1.59108,1.0206900000000001
2046883849,12,15,mean_p,12,0.31831597906532372,0.070815464216513344,mean_p|train_n=12|p=15,165,274,-1.59108,1.0206900000000001
126982840,12,15,mean_p,12,0.33590183681075786,0.061178899179563512,mean_p|train_n=12|p=15,166,275,-1.59108,1.0206900000000001
391368563,12,15,mean_p,12,0.40762179625007183,0.033691732919952262,mean_p|train_n=12|p=15,167,276,-1.59108,1.0206900000000001
2799428540,12,15,mean_p,12,0.25589154123230068,0.11902211009497385,mean_p|train_n=12|p=15,168,279,-1.59108,1.0206900000000001
1609573494,12,15,mean_p,12,0.14336691715777231,0.30346393891307838,mean_p|train_n=12|p=15,169,280,-1.59108,1.0206900000000001
1043089470,12,15,mean_p,12,0.42622084086923456,0.028862696686160261,mean_p|train_n=12|p=15,170,281,-1.59108,1.0206900000000001
1467741052,12,15,mean_p,12,0.37528625478067168,0.044089072654324608,mean_p|train_n=12|p=15,171,282,-1.59108,1.0206900000000001
1462525159,12,15,mean_p,12,0.16101171537683556,0.26204008293870595,mean_p|train_n=12|p=15,172,284,-1.59108,1.0206900000000001
2367483287,12,15,mean_p,12,0.35026501645465152,0.054289605194396948,mean_p|train_n=12|p=15,173,285,-1.59108,1.0206900000000001
545091367,12,15,mean_p,12,0.27966628056173631,0.097666298679335614,mean_p|train_n=12|p=15,174,286,-1.59108,1.0206900000000001
399418161,12,15,mean_p,12,0.14281596254679083,0.3048578180666478,mean_p|train_n=12|p=15,175,287,-1.59108,1.0206900000000001
577472713,12,15,mean_p,12,0.2568579519557726,0.11806920038928523,mean_p|train_n=12|p=15,176,288,-1.59108,1.0206900000000001
950978831,12,15,mean_p,12,0.25959799558614982,0.11540871306047737,mean_p|train_n=12|p=15,177,289,-1.59108,1.0206900000000001
585470564,12,15,mean_p,12,0.33279530047745715,0.062780328768027346,mean_p|train_n=12|p=15,178,294,-1.59108,1.0206900000000001
3132570216,12,15,mean_p,12,0.34677303972299584,0.055889594707431343,mean_p|train_n=12|p=15,179,295,-1.59108,1.0206900000000001
88876960,12,15,mean_p,12,0.15823026553343802,0.26817317032695165,mean_p|train_n=12|p=15,180,296,-1.59108,1.0206900000000001
159647886,12,15,mean_p,12,0.39467642935595726,0.037522060052588443,mean_p|train_n=12|p=15,181,297,-1.59108,1.0206900000000001
2465096363,12,15,mean_p,12,0.32963124735746568,0.064454506039633375,mean_p|train_n=12|p=15,182,299,-1.59108,1.0206900000000001
194148198,12,15,mean_p,12,0.38399979159601583,0.041006672789184108,mean_p|train_n=12|p=15,183,300,-1.59108,1.0206900000000001
2773470461,12,15,mean_p,12,0.21722790744861398,0.16417030595281421,mean_p|train_n=12|p=15,184,302,-1.59108,1.0206900000000001
1709429370,12,15,mean_p,12,0.2174858520139942,0.16381845244441884,mean_p|train_n=12|p=15,185,303,-1.59108,1.0206900000000001
3425235039,12,15,mean_p,12,0.29020914123961522,0.089466432825903358,mean_p|train_n=12|p=15,186,307,-1.59108,1.0206900000000001
2214729582,12,15,mean_p,12,0.26615288030489509,0.10928485871699266,mean_p|train_n=12|p=15,187,308,-1.59108,1.0206900000000001
535372192,12,15,mean_p,12,0.54238092765065948,0.0109830980422675,mean_p|train_n=12|p=15,188,311,-1.59108,1.0206900000000001
2275843041,12,15,mean_p,12,0.47018009167881419,0.020023512742345474,mean_p|train_n=12|p=15,189,313,-1.59108,1.0206900000000001
1547502198,12,15,mean_p,12,0.18876079247794883,0.20803100804002275,mean_p|train_n=12|p=15,190,315,-1.59108,1.0206900000000001
2919758614,12,15,mean_p,12,0.208614323248176,0.17636401376747846,mean_p|train_n=12|p=15,191,316,-1.59108,1.0206900000000001
1321508001,12,15,mean_p,12,0.36477080266734435,0.048118996556507462,mean_p|train_n=12|p=15,192,318,-1.59108,1.0206900000000001
529824748,12,15,mean_p,12,0.23322831794660495,0.14371277172684291,mean_p|train_n=12|p=15,193,319,-1.59108,1.0206900000000001
1568465471,12,15,mean_p,12,0.2650464917673736,0.11029521428525235,mean_p|train_n=12|p=15,194,320,-1.59108,1.0206900000000001
4044989797,12,15,mean_p,12,0.26104790844969106,0.11402523894975004,mean_p|train_n=12|p=15,195,321,-1.59108,1.0206900000000001
2309234323,12,15,mean_p,12,0.32812807502619062,0.065265442063387927,mean_p|train_n=12|p=15,196,324,-1.59108,1.0206900000000001
2469833138,12,15,mean_p,12,0.24184610006538754,0.13377188122043554,mean_p|train_n=12|p=15,197,326,-1.59108,1.0206900000000001
623632733,12,15,mean_p,12,0.33406805624938268,0.062119211394639662,mean_p|train_n=12|p=15,198,328,-1.59108,1.0206900000000001
2508711938,12,15,mean_p,12,0.27855892052278702,0.098570035361253444,mean_p|train_n=12|p=15,199,330,-1.59108,1.0206900000000001
766670852,12,15,mean_p,12,0.23671200040824072,0.13960823949123019,mean_p|train_n=12|p=15,200,331,-1.59108,1.0206900000000001
3961610491,12,15,mean_p,12,0.20964261919870919,0.17486198295091143,mean_p|train_n=12|p=15,201,332,-1.59108,1.0206900000000001
4278194971,12,15,mean_p,12,0.38368105781498357,0.041115531992676535,mean_p|train_n=12|p=15,202,333,-1.59108,1.0206900000000001
60612706,12,15,mean_p,12,0.26697034359245103,0.10854430032017462,mean_p|train_n=12|p=15,203,337,-1.59108,1.0206900000000001
1964104363,12,15,mean_p,12,0.16622640819024259,0.25091717006329539,mean_p|train_n=12|p=15,204,339,-1.59108,1.0206900000000001
1399153991,12,15,mean_p,12,0.24604737386713069,0.12917793011579243,mean_p|train_n=12|p=15,205,340,-1.59108,1.0206900000000001
2263112484,12,15,mean_p,12,0.31022018816546826,0.075748322098257298,mean_p|train_n=12|p=15,206,341,-1.59108,1.0206900000000001
296616118,12,15,mean_p,12,0.12180883426026505,0.36306354664237833,mean_p|train_n=12|p=15,207,343,-1.59108,1.0206900000000001
569422242,12,15,mean_p,12,0.14634098831138609,0.29604905223404387,mean_p|train_n=12|p=15,208,344,-1.59108,1.0206900000000001
3435791340,12,15,mean_p,12,0.41857653598682759,0.030757489629068987,mean_p|train_n=12|p=15,209,345,-1.59108,1.0206900000000001
1312703387,12,15,mean_p,12,0.329018166053126,0.064784029143710453,mean_p|train_n=12|p=15,210,346,-1.59108,1.0206900000000001
3979257590,12,15,mean_p,12,0.4419253726238217,0.025328325801686445,mean_p|train_n=12|p=15,211,347,-1.59108,1.0206900000000001
1180350031,12,15,mean_p,12,0.13943720750816976,0.31354697582478031,mean_p|train_n=12|p=15,212,348,-1.59108,1.0206900000000001
2218343563,12,15,mean_p,12,0.19616114783333097,0.19561192466926058,mean_p|train_n=12|p=15,213,349,-1.59108,1.0206900000000001
1892486562,12,15,mean_p,12,0.19695903700228892,0.19431801407547972,mean_p|train_n=12|p=15,214,353,-1.59108,1.0206900000000001
2425432250,12,15,mean_p,12,0.2881740340582391,0.090993770521457767,mean_p|train_n=12|p=15,215,354,-1.59108,1.0206900000000001
134627717,12,15,mean_p,12,0.2554398801133117,0.11947009470577688,mean_p|train_n=12|p=15,216,355,-1.59108,1.0206900000000001
1814196102,12,15,mean_p,12,0.093284156069731949,0.46028206287790491,mean_p|train_n=12|p=15,217,356,-1.59108,1.0206900000000001
1163298303,12,15,mean_p,12,0.39697671431129272,0.036810966213241446,mean_p|train_n=12|p=15,218,357,-1.59108,1.0206900000000001
1130101290,12,15,mean_p,12,0.28250086308220673,0.095390515757079158,mean_p|train_n=12|p=15,219,358,-1.59108,1.0206900000000001
525537987,12,15,mean_p,12,0.24128961809941363,0.13439250459805932,mean_p|train_n=12|p=15,220,359,-1.59108,1.0206900000000001
1022256139,12,15,mean_p,12,0.29907251827901787,0.083107920071985711,mean_p|train_n=12|p=15,221,360,-1.59108,1.0206900000000001
898138745,12,15,mean_p,12,0.37302745497631201,0.044925256165466873,mean_p|train_n=12|p=15,222,361,-1.59108,1.0206900000000001
3794874467,12,15,mean_p,12,0.25193351016750126,0.12300576840176076,mean_p|train_n=12|p=15,223,363,-1.59108,1.0206900000000001
361879560,12,15,mean_p,12,0.25790300175093345,0.11704733395745727,mean_p|train_n=12|p=15,224,364,-1.59108,1.0206900000000001
4240376136,12,15,mean_p,12,0.49355713268166373,0.016485190945144595,mean_p|train_n=12|p=15,225,365,-1.59108,1.0206900000000001
2566208174,12,15,mean_p,12,0.18714150211061079,0.21085190696657416,mean_p|train_n=12|p=15,226,367,-1.59108,1.0206900000000001
88911142,12,15,mean_p,12,0.31492077934615742,0.072843832976636089,mean_p|train_n=12|p=15,227,368,-1.59108,1.0206900000000001
4285790561,12,15,mean_p,12,0.34172305661940378,0.05828721661332812,mean_p|train_n=12|p=15,228,369,-1.59108,1.0206900000000001
4023269010,12,15,mean_p,12,0.43464854725473095,0.026908717324361515,mean_p|train_n=12|p=15,229,374,-1.59108,1.0206900000000001
1195091865,12,15,mean_p,12,0.23317624844511009,0.14377502748734397,mean_p|train_n=12|p=15,230,375,-1.59108,1.0206900000000001
3512959585,12,15,mean_p,12,0.37568267788191306,0.043943934762241441,mean_p|train_n=12|p=15,231,376,-1.59108,1.0206900000000001
3783530071,12,15,mean_p,12,0.28103117745932271,0.096563773882688914,mean_p|train_n=12|p=15,232,379,-1.59108,1.0206900000000001
3955096850,12,15,mean_p,12,0.19501132079923666,0.19749173052616836,mean_p|train_n=12|p=15,233,380,-1.59108,1.0206900000000001
1731455520,12,15,mean_p,12,0.32765043370119767,0.065525251473764243,mean_p|train_n=12|p=15,234,381,-1.59108,1.0206900000000001
4080954259,12,15,mean_p,12,0.23775891596241849,0.13839780897517995,mean_p|train_n=12|p=15,235,382,-1.59108,1.0206900000000001
1292193904,12,15,mean_p,12,0.24904836023163479,0.12599336594945001,mean_p|train_n=12|p=15,236,383,-1.59108,1.0206900000000001
3819642623,12,15,mean_p,12,0.22609130366760621,0.15250245324129719,mean_p|train_n=12|p=15,237,385,-1.59108,1.0206900000000001
3782599890,12,15,mean_p,12,0.23405977017773738,0.14272230819724832,mean_p|train_n=12|p=15,238,386,-1.59108,1.0206900000000001
2611367663,12,15,mean_p,12,0.40446785772992283,0.034587288024850081,mean_p|train_n=12|p=15,239,387,-1.59108,1.0206900000000001
47691385,12,15,mean_p,12,0.32077186271738639,0.069383558625756611,mean_p|train_n=12|p=15,240,390,-1.59108,1.0206900000000001
967538451,12,15,mean_p,12,0.1547369696544825,0.27607963260945051,mean_p|train_n=12|p=15,241,392,-1.59108,1.0206900000000001
832792358,12,15,mean_p,12,0.27335234199597352,0.10293260123825158,mean_p|train_n=12|p=15,242,394,-1.59108,1.0206900000000001
1791906076,12,15,mean_p,12,0.2189163887148444,0.16188074911466849,mean_p|train_n=12|p=15,243,398,-1.59108,1.0206900000000001
1021107362,12,15,mean_p,12,0.099220719141556987,0.4381058458040431,mean_p|train_n=12|p=15,244,399,-1.59108,1.0206900000000001
723091507,12,15,mean_p,12,0.15956270783199195,0.26521743163723738,mean_p|train_n=12|p=15,245,400,-1.59108,1.0206900000000001
144357268,12,15,mean_p,12,0.31205022612677114,0.074604025418524053,mean_p|train_n=12|p=15,246,402,-1.59108,1.0206900000000001
2559506881,12,15,mean_p,12,0.14457241362581866,0.30043629904260155,mean_p|train_n=12|p=15,247,403,-1.59108,1.0206900000000001
269114698,12,15,mean_p,12,0.10698316338454202,0.41071286382284183,mean_p|train_n=12|p=15,248,404,-1.59108,1.0206900000000001
1148793985,12,15,mean_p,12,0.21176231728225559,0.17180598413110049,mean_p|train_n=12|p=15,249,405,-1.59108,1.0206900000000001
3151022424,12,15,mean_p,12,0.22442870379287375,0.15462607758854077,mean_p|train_n=12|p=15,250,406,-1.59108,1.0206900000000001
2064535038,12,15,mean_p,12,0.22537133164141146,0.15341846322649275,mean_p|train_n=12|p=15,251,407,-1.59108,1.0206900000000001
2249685170,12,15,mean_p,12,0.22046898981369054,0.15980363411174578,mean_p|train_n=12|p=15,252,408,-1.59108,1.0206900000000001
3151829784,12,15,mean_p,12,0.6502288193146134,0.0044785709226611205,mean_p|train_n=12|p=15,253,409,-1.59108,1.0206900000000001
84092406,12,15,mean_p,12,0.27565966174787809,0.10097598042322484,mean_p|train_n=12|p=15,254,410,-1.59108,1.0206900000000001
969595782,12,15,mean_p,12,0.30034493235074849,0.08223297376576677,mean_p|train_n=12|p=15,255,413,-1.59108,1.0206900000000001
326379666,12,15,mean_p,12,0.20085260115344392,0.18812569100458112,mean_p|train_n=12|p=15,256,415,-1.59108,1.0206900000000001
1919714131,12,15,mean_p,12,0.15038979378286116,0.28624501516187378,mean_p|train_n=12|p=15,257,419,-1.59108,1.0206900000000001
3808756098,12,15,mean_p,12,0.34768456664450281,0.055467449536324584,mean_p|train_n=12|p=15,258,420,-1.59108,1.0206900000000001
2885946017,12,15,mean_p,12,0.21593303186257826,0.16594805410037314,mean_p|train_n=12|p=15,259,421,-1.59108,1.0206900000000001
653102423,12,15,mean_p,12,0.46161784531641353,0.021501570591981798,mean_p|train_n=12|p=15,260,422,-1.59108,1.0206900000000001
1824115839,12,15,mean_p,12,0.34333136505058331,0.057512669737423167,mean_p|train_n=12|p=15,261,423,-1.59108,1.0206900000000001
745712374,12,15,mean_p,12,0.27310791181408189,0.1031420877406595,mean_p|train_n=12|p=15,262,430,-1.59108,1.0206900000000001
1812272068,12,15,mean_p,12,0.46712793187271112,0.020538360300177468,mean_p|train_n=12|p=15,263,431,-1.59108,1.0206900000000001
3478587561,12,15,mean_p,12,0.21878215959404956,0.16206158770901083,mean_p|train_n=12|p=15,264,435,-1.59108,1.0206900000000001
452975069,12,15,mean_p,12,0.46921917229487037,0.020184196018938651,mean_p|train_n=12|p=15,265,436,-1.59108,1.0206900000000001
3528307358,12,15,mean_p,12,0.14829519781926195,0.29127577530754184,mean_p|train_n=12|p=15,266,437,-1.59108,1.0206900000000001
1921696307,12,15,mean_p,12,0.43729969007294883,0.026321832086295495,mean_p|train_n=12|p=15,267,442,-1.59108,1.0206900000000001
3606077688,12,15,mean_p,12,0.25360926000351047,0.12130314663658778,mean_p|train_n=12|p=15,268,443,-1.59108,1.0206900000000001
3341779181,12,15,mean_p,12,0.23131471299567705,0.14601853787027155,mean_p|train_n=12|p=15,269,445,-1.59108,1.0206900000000001
531814568,12,15,mean_p,12,0.38498079991765216,0.04067342808339499,mean_p|train_n=12|p=15,270,446,-1.59108,1.0206900000000001
585375334,12,15,mean_p,12,0.2862107334280124,0.092491923197539114,mean_p|train_n=12|p=15,271,449,-1.59108,1.0206900000000001
243243684,12,15,mean_p,12,0.11890579593169215,0.37193706972420421,mean_p|train_n=12|p=15,272,450,-1.59108,1.0206900000000001
2535060801,12,15,mean_p,12,0.47657100740746738,0.018986896389508612,mean_p|train_n=12|p=15,273,454,-1.59108,1.0206900000000001
2814004787,12,15,mean_p,12,0.43282138089212768,0.027320797921273014,mean_p|train_n=12|p=15,274,456,-1.59108,1.0206900000000001
3869251584,12,15,mean_p,12,0.17350531704676708,0.23617631489602869,mean_p|train_n=12|p=15,275,457,-1.59108,1.0206900000000001
1917612020,12,15,mean_p,12,0.15939606191031042,0.26558531020675835,mean_p|train_n=12|p=15,276,458,-1.59108,1.0206900000000001
1782044880,12,15,mean_p,12,0.32578524851930252,0.066549748201291323,mean_p|train_n=12|p=15,277,460,-1.59108,1.0206900000000001
1961694943,12,15,mean_p,12,0.20264969409041558,0.18533453878202011,mean_p|train_n=12|p=15,278,461,-1.59108,1.0206900000000001
1476762554,12,15,mean_p,12,0.28477872502514862,0.093600192018999995,mean_p|train_n=12|p=15,279,463,-1.59108,1.0206900000000001
3377517350,12,15,mean_p,12,0.40449679424000057,0.03457896431169636,mean_p|train_n=12|p=15,280,464,-1.59108,1.0206900000000001
1661959566,12,15,mean_p,12,0.23086740333184266,0.14656282887336811,mean_p|train_n=12|p=15,281,465,-1.59108,1.0206900000000001
2736323622,12,15,mean_p,12,0.39296589537135951,0.038059733121158186,mean_p|train_n=12|p=15,282,467,-1.59108,1.0206900000000001
268614900,12,15,mean_p,12,0.19825765504119128,0.19223036366540869,mean_p|train_n=12|p=15,283,470,-1.59108,1.0206900000000001
2578839541,12,15,mean_p,12,0.16056623310469428,0.26301285195854179,mean_p|train_n=12|p=15,284,471,-1.59108,1.0206900000000001
3836611728,12,15,mean_p,12,0.44977303577982025,0.02372782331899247,mean_p|train_n=12|p=15,285,472,-1.59108,1.0206900000000001
3819321454,12,15,mean_p,12,0.54260181631765281,0.010962937319471143,mean_p|train_n=12|p=15,286,474,-1.59108,1.0206900000000001
3758060454,12,15,mean_p,12,0.22325253927135766,0.15614621769736958,mean_p|train_n=12|p=15,287,476,-1.59108,1.0206900000000001
3388560332,12,15,mean_p,12,0.18605401132945401,0.21276781875228246,mean_p|train_n=12|p=15,288,477,-1.59108,1.0206900000000001
2917681171,12,15,mean_p,12,0.5414910750889409,0.011064691971548917,mean_p|train_n=12|p=15,289,478,-1.59108,1.0206900000000001
4032298676,12,15,mean_p,12,0.34115221710946525,0.058564628774385091,mean_p|train_n=12|p=15,290,480,-1.59108,1.0206900000000001
1491853058,12,15,mean_p,12,0.34463591629784524,0.056891976154042859,mean_p|train_n=12|p=15,291,483,-1.59108,1.0206900000000001
2666814671,12,15,mean_p,12,0.53571145011047294,0.01160960420349463,mean_p|train_n=12|p=15,292,484,-1.59108,1.0206900000000001
3590359745,12,15,mean_p,12,0.27998268524018366,0.097409600390053031,mean_p|train_n=12|p=15,293,485,-1.59108,1.0206900000000001
3430994935,12,15,mean_p,12,0.3176924498070503,0.071183693517320262,mean_p|train_n=12|p=15,294,489,-1.59108,1.0206900000000001
2804749510,12,15,mean_p,12,0.39145644229526599,0.038540596007518753,mean_p|train_n=12|p=15,295,490,-1.59108,1.0206900000000001
2351819166,12,15,mean_p,12,0.27683134798454129,0.099996667339626283,mean_p|train_n=12|p=15,296,493,-1.59108,1.0206900000000001
702058496,12,15,mean_p,12,0.29121224675613949,0.088723066441317236,mean_p|train_n=12|p=15,297,494,-1.59108,1.0206900000000001
4235491243,12,15,mean_p,12,0.20827347919909853,0.17686472596172634,mean_p|train_n=12|p=15,298,495,-1.59108,1.0206900000000001
1564739058,12,15,mean_p,12,0.21368844292067324,0.16907540151583375,mean_p|train_n=12|p=15,299,497,-1.59108,1.0206900000000001
394458901,12,15,mean_p,12,0.20399272670376731,0.18327568204801387,mean_p|train_n=12|p=15,300,498,-1.59108,1.0206900000000001
2262818872,12,15,mean_p,12,0.24886802330218685,0.12618249786359048,mean_p|train_n=12|p=15,301,499,-1.59108,1.0206900000000001
1515195825,12,15,mean_p,12,0.1233500888319425,0.35843885350208765,mean_p|train_n=12|p=15,302,500,-1.59108,1.0206900000000001
2650857261,12,15,mean_p,12,0.27876439574731582,0.098401713699231314,mean_p|train_n=12|p=15,303,501,-1.59108,1.0206900000000001
788952829,12,15,mean_p,12,0.14509702787240716,0.29912816578374285,mean_p|train_n=12|p=15,304,502,-1.59108,1.0206900000000001
2074525852,12,15,mean_p,12,0.3281375806505486,0.065260282018611893,mean_p|train_n=12|p=15,305,504,-1.59108,1.0206900000000001
1337413104,12,15,mean_p,12,0.32826658171034179,0.065190295248186286,mean_p|train_n=12|p=15,306,508,-1.59108,1.0206900000000001
3358605087,12,15,mean_p,12,0.32893903996033791,0.064826680938073367,mean_p|train_n=12|p=15,307,509,-1.59108,1.0206900000000001
159662975,12,15,mean_p,12,0.36141751189356319,0.049480018751423514,mean_p|train_n=12|p=15,308,510,-1.59108,1.0206900000000001
1735061413,12,15,mean_p,12,0.26184761436167886,0.11326928664996096,mean_p|train_n=12|p=15,309,512,-1.59108,1.0206900000000001
1117218121,12,15,mean_p,12,0.3654077585781515,0.047864733834279208,mean_p|train_n=12|p=15,310,513,-1.59108,1.0206900000000001
4071319375,12,15,mean_p,12,0.23705874710349448,0.13920616737863115,mean_p|train_n=12|p=15,311,515,-1.59108,1.0206900000000001
2835284094,12,15,mean_p,12,0.27345640610154359,0.10284354329398271,mean_p|train_n=12|p=15,312,516,-1.59108,1.0206900000000001
3760783361,12,15,mean_p,12,0.4102778826791133,0.032955553417166786,mean_p|train_n=12|p=15,313,517,-1.59108,1.0206900000000001
1889951198,12,15,mean_p,12,0.38122176215321263,0.041965246175478782,mean_p|train_n=12|p=15,314,518,-1.59108,1.0206900000000001
2706383124,12,15,mean_p,12,0.28663820654201982,0.092163640905270156,mean_p|train_n=12|p=15,315,519,-1.59108,1.0206900000000001
3833986328,12,15,mean_p,12,0.16570169798869452,0.25201467039845415,mean_p|train_n=12|p=15,316,520,-1.59108,1.0206900000000001
772768926,12,15,mean_p,12,0.13997803518330995,0.31213965937308585,mean_p|train_n=12|p=15,317,521,-1.59108,1.0206900000000001
325518922,12,15,mean_p,12,0.074862743245917268,0.5364988862232376,mean_p|train_n=12|p=15,318,522,-1.59108,1.0206900000000001
3607417234,12,15,mean_p,12,0.4447945286560972,0.02473102176210874,mean_p|train_n=12|p=15,319,524,-1.59108,1.0206900000000001
773114014,12,15,mean_p,12,0.40248401040923443,0.035162753900141751,mean_p|train_n=12|p=15,320,525,-1.59108,1.0206900000000001
3977290378,12,15,mean_p,12,0.23034027219281475,0.1472068522913762,mean_p|train_n=12|p=15,321,527,-1.59108,1.0206900000000001
1706157636,12,15,mean_p,12,0.45224574075140861,0.02324478852665942,mean_p|train_n=12|p=15,322,528,-1.59108,1.0206900000000001
4112803957,12,15,mean_p,12,0.32599491014285559,0.066433792144945145,mean_p|train_n=12|p=15,323,531,-1.59108,1.0206900000000001
949030775,12,15,mean_p,12,0.38931015447413309,0.039234813326492618,mean_p|train_n=12|p=15,324,532,-1.59108,1.0206900000000001
2631819711,12,15,mean_p,12,0.41709040494247035,0.031140051501944706,mean_p|train_n=12|p=15,325,533,-1.59108,1.0206900000000001
1806335322,12,15,mean_p,12,0.23071068958928931,0.14675399930129235,mean_p|train_n=12|p=15,326,534,-1.59108,1.0206900000000001
411111585,12,15,mean_p,12,0.212968986270895,0.17009022820847219,mean_p|train_n=12|p=15,327,536,-1.59108,1.0206900000000001
2782676682,12,15,mean_p,12,0.51605960056690492,0.013671210431477851,mean_p|train_n=12|p=15,328,537,-1.59108,1.0206900000000001
738925165,12,15,mean_p,12,0.28087317343735607,0.096690765336320136,mean_p|train_n=12|p=15,329,540,-1.59108,1.0206900000000001
1657842142,12,15,mean_p,12,0.36555420470026906,0.047806465077752658,mean_p|train_n=12|p=15,330,544,-1.59108,1.0206900000000001
4069805835,12,15,mean_p,12,0.39264925317604099,0.038160105281553593,mean_p|train_n=12|p=15,331,548,-1.59108,1.0206900000000001
4234915068,12,15,mean_p,12,0.19511784397508816,0.19731682346508692,mean_p|train_n=12|p=15,332,549,-1.59108,1.0206900000000001
3996985156,12,15,mean_p,12,0.23819991971830293,0.1378910727856599,mean_p|train_n=12|p=15,333,550,-1.59108,1.0206900000000001
838505479,12,15,mean_p,12,0.40618459470806584,0.034096911204607949,mean_p|train_n=12|p=15,334,553,-1.59108,1.0206900000000001
1281233804,12,15,mean_p,12,0.37367258658930336,0.044684830464795745,mean_p|train_n=12|p=15,335,554,-1.59108,1.0206900000000001
2461508222,12,15,mean_p,12,0.22364341978482474,0.1556393712732812,mean_p|train_n=12|p=15,336,556,-1.59108,1.0206900000000001
3005205883,12,15,mean_p,12,0.51652395384694849,0.013618508836722044,mean_p|train_n=12|p=15,337,557,-1.59108,1.0206900000000001
2553054371,12,15,mean_p,12,0.1640526245596011,0.25549527309316272,mean_p|train_n=12|p=15,338,559,-1.59108,1.0206900000000001
2921254797,12,15,mean_p,12,0.36523729764237539,0.047932647182622051,mean_p|train_n=12|p=15,339,560,-1.59108,1.0206900000000001
266926753,12,15,mean_p,12,0.34988553626239466,0.054461237126797103,mean_p|train_n=12|p=15,340,561,-1.59108,1.0206900000000001
2563953616,12,15,mean_p,12,0.1617028064818985,0.2605381100220826,mean_p|train_n=12|p=15,341,563,-1.59108,1.0206900000000001
1866302096,12,15,mean_p,12,0.41942226407333433,0.030541883200686591,mean_p|train_n=12|p=15,342,565,-1.59108,1.0206900000000001
319233540,12,15,mean_p,12,0.2373794235860143,0.13883535585321993,mean_p|train_n=12|p=15,343,567,-1.59108,1.0206900000000001
302433924,12,15,mean_p,12,0.51770289746112763,0.013485615974827838,mean_p|train_n=12|p=15,344,568,-1.59108,1.0206900000000001
1612252276,12,15,mean_p,12,0.23481122300306678,0.1418330175241693,mean_p|train_n=12|p=15,345,569,-1.59108,1.0206900000000001
405918214,12,15,mean_p,12,0.34775209879073793,0.05543630129815847,mean_p|train_n=12|p=15,346,570,-1.59108,1.0206900000000001
1664803502,12,15,mean_p,12,0.2151218687941672,0.16707150208883023,mean_p|train_n=12|p=15,347,571,-1.59108,1.0206900000000001
2014402957,12,15,mean_p,12,0.40708094686130175,0.033843641966247333,mean_p|train_n=12|p=15,348,572,-1.59108,1.0206900000000001
1120513724,12,15,mean_p,12,0.34670644181031185,0.055920563093923209,mean_p|train_n=12|p=15,349,574,-1.59108,1.0206900000000001
2189456496,12,15,mean_p,12,0.40504673885167319,0.034421150605424986,mean_p|train_n=12|p=15,350,575,-1.59108,1.0206900000000001
1282424370,12,15,mean_p,12,0.34949374377431547,0.054639006996608556,mean_p|train_n=12|p=15,351,577,-1.59108,1.0206900000000001
2288611405,12,15,mean_p,12,0.35417415567799632,0.052552752243495267,mean_p|train_n=12|p=15,352,578,-1.59108,1.0206900000000001
3039173019,12,15,mean_p,12,0.37542794981632333,0.044037140492165811,mean_p|train_n=12|p=15,353,579,-1.59108,1.0206900000000001
1293505450,12,15,mean_p,12,0.32352698861742873,0.067811611343673805,mean_p|train_n=12|p=15,354,580,-1.59108,1.0206900000000001
595924664,12,15,mean_p,12,0.32369812144331239,0.067715154058775512,mean_p|train_n=12|p=15,355,581,-1.59108,1.0206900000000001
301164946,12,15,mean_p,12,0.34026004120333403,0.059000848217756155,mean_p|train_n=12|p=15,356,582,-1.59108,1.0206900000000001
3665596527,12,15,mean_p,12,0.21549825860008398,0.16654926551141186,mean_p|train_n=12|p=15,357,583,-1.59108,1.0206900000000001
1972637296,12,15,mean_p,12,0.13062657161775057,0.33738813418589703,mean_p|train_n=12|p=15,358,584,-1.59108,1.0206900000000001
1628839531,12,15,mean_p,12,0.18890949317906222,0.20777386235315623,mean_p|train_n=12|p=15,359,586,-1.59108,1.0206900000000001
2933840308,12,15,mean_p,12,0.30106687332623666,0.081740649669899371,mean_p|train_n=12|p=15,360,587,-1.59108,1.0206900000000001
2483740908,12,15,mean_p,12,0.32777217361925959,0.065458933913163028,mean_p|train_n=12|p=15,361,593,-1.59108,1.0206900000000001
2443598614,12,15,mean_p,12,0.46881069012704546,0.020252891673457639,mean_p|train_n=12|p=15,362,594,-1.59108,1.0206900000000001
2362666470,12,15,mean_p,12,0.40515444725558764,0.034390326736112357,mean_p|train_n=12|p=15,363,596,-1.59108,1.0206900000000001
506126084,12,15,mean_p,12,0.38378549221163438,0.041079832045836227,mean_p|train_n=12|p=15,364,597,-1.59108,1.0206900000000001
3729911138,12,15,mean_p,12,0.35488394795675643,0.052243400860903559,mean_p|train_n=12|p=15,365,598,-1.59108,1.0206900000000001
4117690695,12,15,mean_p,12,0.20820966362808838,0.1769586312087999,mean_p|train_n=12|p=15,366,599,-1.59108,1.0206900000000001
427776861,12,15,mean_p,12,0.24196264024732106,0.1336422717435283,mean_p|train_n=12|p=15,367,600,-1.59108,1.0206900000000001
2729001950,12,15,mean_p,12,0.30302763021955031,0.080418343951449284,mean_p|train_n=12|p=15,368,604,-1.59108,1.0206900000000001
2191880423,12,15,mean_p,12,0.16523960394970841,0.25298517542360716,mean_p|train_n=12|p=15,369,606,-1.59108,1.0206900000000001
1443853621,12,15,mean_p,12,0.39217778327722325,0.038310046860334165,mean_p|train_n=12|p=15,370,607,-1.59108,1.0206900000000001
3264324300,12,15,mean_p,12,0.24494732719610834,0.13036532325925354,mean_p|train_n=12|p=15,371,608,-1.59108,1.0206900000000001
3981396807,12,15,mean_p,12,0.40412668322608752,0.034685579568245042,mean_p|train_n=12|p=15,372,609,-1.59108,1.0206900000000001
2125821102,12,15,mean_p,12,0.20394518034627604,0.18334817815453991,mean_p|train_n=12|p=15,373,610,-1.59108,1.0206900000000001
2532077815,12,15,mean_p,12,0.28710400406550735,0.091807253405456618,mean_p|train_n=12|p=15,374,611,-1.59108,1.0206900000000001
3003691460,12,15,mean_p,12,0.26770051572960191,0.10788706509421148,mean_p|train_n=12|p=15,375,612,-1.59108,1.0206900000000001
2912323976,12,15,mean_p,12,0.61382821603096582,0.0060622178289501004,mean_p|train_n=12|p=15,376,613,-1.59108,1.0206900000000001
2367253442,12,15,mean_p,12,0.1989731216858297,0.19108978179138314,mean_p|train_n=12|p=15,377,615,-1.59108,1.0206900000000001
2180588817,12,15,mean_p,12,0.2976804459009485,0.084075813845480185,mean_p|train_n=12|p=15,378,618,-1.59108,1.0206900000000001
481354086,12,15,mean_p,12,0.18102646846152223,0.22185398590544694,mean_p|train_n=12|p=15,379,619,-1.59108,1.0206900000000001
383572482,12,15,mean_p,12,0.42788772406729686,0.028465284144103219,mean_p|train_n=12|p=15,380,622,-1.59108,1.0206900000000001
3363251528,12,15,mean_p,12,0.21388676138400931,0.16879673028640574,mean_p|train_n=12|p=15,381,623,-1.59108,1.0206900000000001
3828013051,12,15,mean_p,12,0.30259922016153168,0.080705419039335979,mean_p|train_n=12|p=15,382,626,-1.59108,1.0206900000000001
638813175,12,15,mean_p,12,0.25666629895743459,0.11825756753321205,mean_p|train_n=12|p=15,383,629,-1.59108,1.0206900000000001
2023424544,12,15,mean_p,12,0.17622686032340895,0.23089001290351852,mean_p|train_n=12|p=15,384,632,-1.59108,1.0206900000000001
2953615635,12,15,mean_p,12,0.37970763787564349,0.042497104126769034,mean_p|train_n=12|p=15,385,633,-1.59108,1.0206900000000001
2894537495,12,15,mean_p,12,0.2182818142325684,0.16273745386796887,mean_p|train_n=12|p=15,386,634,-1.59108,1.0206900000000001
3343690458,12,15,mean_p,12,0.17364692562080422,0.23589829437484627,mean_p|train_n=12|p=15,387,635,-1.59108,1.0206900000000001
2273798768,12,15,mean_p,12,0.63895371775774634,0.0049189134534356029,mean_p|train_n=12|p=15,388,636,-1.59108,1.0206900000000001
333324312,12,15,mean_p,12,0.36823702698841726,0.046751474463547549,mean_p|train_n=12|p=15,389,637,-1.59108,1.0206900000000001
4185123123,12,15,mean_p,12,0.27513232651638897,0.10141985920342417,mean_p|train_n=12|p=15,390,638,-1.59108,1.0206900000000001
380862748,12,15,mean_p,12,0.16355139279190029,0.25656268930499154,mean_p|train_n=12|p=15,391,639,-1.59108,1.0206900000000001
1847856687,12,15,mean_p,12,0.42548633528765417,0.029039571517046069,mean_p|train_n=12|p=15,392,642,-1.59108,1.0206900000000001
2566871617,12,15,mean_p,12,0.36528109045175849,0.047915190495297973,mean_p|train_n=12|p=15,393,643,-1.59108,1.0206900000000001
1180244662,12,15,mean_p,12,0.29184338888033851,0.088258518050356061,mean_p|train_n=12|p=15,394,645,-1.59108,1.0206900000000001
1348366265,12,15,mean_p,12,0.2255772565726438,0.1531559075691992,mean_p|train_n=12|p=15,395,647,-1.59108,1.0206900000000001
2960691278,12,15,mean_p,12,0.16245594876449568,0.2589110806416513,mean_p|train_n=12|p=15,396,649,-1.59108,1.0206900000000001
2215180692,12,15,mean_p,12,0.33469322311968014,0.061797030397393836,mean_p|train_n=12|p=15,397,650,-1.59108,1.0206900000000001
3546424658,12,15,mean_p,12,0.30610238840542808,0.078387712687708333,mean_p|train_n=12|p=15,398,651,-1.59108,1.0206900000000001
3547556142,12,15,mean_p,12,0.19817684380387776,0.19235961838767671,mean_p|train_n=12|p=15,399,652,-1.59108,1.0206900000000001
3701380570,12,15,mean_p,12,0.20129269860668034,0.18743829181164079,mean_p|train_n=12|p=15,400,653,-1.59108,1.0206900000000001
4099300952,12,15,mean_p,12,0.45081988286102842,0.023522111885186589,mean_p|train_n=12|p=15,401,654,-1.59108,1.0206900000000001
1089933520,12,15,mean_p,12,0.23739161721174321,0.13882127536797501,mean_p|train_n=12|p=15,402,656,-1.59108,1.0206900000000001
233807824,12,15,mean_p,12,0.38824322098260944,0.039584552391637925,mean_p|train_n=12|p=15,403,658,-1.59108,1.0206900000000001
83890374,12,15,mean_p,12,0.23176754235702049,0.14546958931489065,mean_p|train_n=12|p=15,404,660,-1.59108,1.0206900000000001
1349287653,12,15,mean_p,12,0.23693704879161484,0.13934715129329955,mean_p|train_n=12|p=15,405,661,-1.59108,1.0206900000000001
208843933,12,15,mean_p,12,0.33634822483287907,0.06095216609810758,mean_p|train_n=12|p=15,406,665,-1.59108,1.0206900000000001
3052992668,12,15,mean_p,12,0.38734854906580507,0.039880226428958603,mean_p|train_n=12|p=15,407,666,-1.59108,1.0206900000000001
2220951722,12,15,mean_p,12,0.44444304905686621,0.024803429316523042,mean_p|train_n=12|p=15,408,668,-1.59108,1.0206900000000001
2958655497,12,15,mean_p,12,0.20007389632046821,0.18934815175916933,mean_p|train_n=12|p=15,409,669,-1.59108,1.0206900000000001
183623913,12,15,mean_p,12,0.29534038967092174,0.085728298741120423,mean_p|train_n=12|p=15,410,670,-1.59108,1.0206900000000001
1191154280,12,15,mean_p,12,0.47366773104579152,0.019450987722497263,mean_p|train_n=12|p=15,411,671,-1.59108,1.0206900000000001
3649632371,12,15,mean_p,12,0.28189889758326164,0.095869334582031993,mean_p|train_n=12|p=15,412,672,-1.59108,1.0206900000000001
1145609720,12,15,mean_p,12,0.17134624514346597,0.24045603792192097,mean_p|train_n=12|p=15,413,674,-1.59108,1.0206900000000001
1555680410,12,15,mean_p,12,0.57089505530892926,0.0086640623245995817,mean_p|train_n=12|p=15,414,675,-1.59108,1.0206900000000001
3539872457,12,15,mean_p,12,0.15739595727009917,0.27004065205255812,mean_p|train_n=12|p=15,415,676,-1.59108,1.0206900000000001
1061076950,12,15,mean_p,12,0.15831569029204293,0.26798268939370029,mean_p|train_n=12|p=15,416,679,-1.59108,1.0206900000000001
2220434886,12,15,mean_p,12,0.40740900418484172,0.033751418563847307,mean_p|train_n=12|p=15,417,682,-1.59108,1.0206900000000001
587117887,12,15,mean_p,12,0.082400550448753648,0.50389442319515598,mean_p|train_n=12|p=15,418,683,-1.59108,1.0206900000000001
4084850930,12,15,mean_p,12,0.35483108776012101,0.052266376224877981,mean_p|train_n=12|p=15,419,685,-1.59108,1.0206900000000001
1375945873,12,15,mean_p,12,0.28767404202002006,0.091372984943477148,mean_p|train_n=12|p=15,420,687,-1.59108,1.0206900000000001
2515139322,12,15,mean_p,12,0.2372235495424985,0.13901547594243568,mean_p|train_n=12|p=15,421,689,-1.59108,1.0206900000000001
1579633452,12,15,mean_p,12,0.26634658613314954,0.10910892074984124,mean_p|train_n=12|p=15,422,690,-1.59108,1.0206900000000001
1351102274,12,15,mean_p,12,0.18782667959091989,0.20965364891804733,mean_p|train_n=12|p=15,423,691,-1.59108,1.0206900000000001
4096795589,12,15,mean_p,12,0.18907183229854266,0.20749349488129823,mean_p|train_n=12|p=15,424,692,-1.59108,1.0206900000000001
1842137080,12,15,mean_p,12,0.17215747991866256,0.23883898385457025,mean_p|train_n=12|p=15,425,693,-1.59108,1.0206900000000001
4263654489,12,15,mean_p,12,0.46162792180228718,0.021499768538018525,mean_p|train_n=12|p=15,426,695,-1.59108,1.0206900000000001
2031547525,12,15,mean_p,12,0.62667527000813694,0.005447827583016247,mean_p|train_n=12|p=15,427,698,-1.59108,1.0206900000000001
1234581830,12,15,mean_p,12,0.28369528532337418,0.09444751024713971,mean_p|train_n=12|p=15,428,699,-1.59108,1.0206900000000001
3984643912,12,15,mean_p,12,0.40254525776326205,0.035144845107810331,mean_p|train_n=12|p=15,429,700,-1.59108,1.0206900000000001
3183129030,12,15,mean_p,12,0.26804785264848868,0.10757582192305365,mean_p|train_n=12|p=15,430,702,-1.59108,1.0206900000000001
2392566820,12,15,mean_p,12,0.37365046913766059,0.044693051790552517,mean_p|train_n=12|p=15,431,703,-1.59108,1.0206900000000001
3779154371,12,15,mean_p,12,0.076056695203655336,0.53119727744892542,mean_p|train_n=12|p=15,432,707,-1.59108,1.0206900000000001
1199278659,12,15,mean_p,12,0.28686608187503276,0.0919891181231038,mean_p|train_n=12|p=15,433,708,-1.59108,1.0206900000000001
3052055697,12,15,mean_p,12,0.28768678226342748,0.091363302627887805,mean_p|train_n=12|p=15,434,709,-1.59108,1.0206900000000001
1588583160,12,15,mean_p,12,0.12064566541011644,0.36659322150656271,mean_p|train_n=12|p=15,435,710,-1.59108,1.0206900000000001
2182107628,12,15,mean_p,12,0.4004868078715042,0.035751765704324492,mean_p|train_n=12|p=15,436,711,-1.59108,1.0206900000000001
2996365765,12,15,mean_p,12,0.12367348627499308,0.35747596858156183,mean_p|train_n=12|p=15,437,716,-1.59108,1.0206900000000001
3510288282,12,15,mean_p,12,0.30546768003636454,0.07880264363348792,mean_p|train_n=12|p=15,438,717,-1.59108,1.0206900000000001
3041852539,12,15,mean_p,12,0.3852517764467111,0.040581856690590438,mean_p|train_n=12|p=15,439,719,-1.59108,1.0206900000000001
1250010904,12,15,mean_p,12,0.30025711779104863,0.082293060396124273,mean_p|train_n=12|p=15,440,722,-1.59108,1.0206900000000001
3886936860,12,15,mean_p,12,0.27107462955918782,0.10490129879345447,mean_p|train_n=12|p=15,441,723,-1.59108,1.0206900000000001
1400028594,12,15,mean_p,12,0.35084111268935025,0.054030080726527339,mean_p|train_n=12|p=15,442,725,-1.59108,1.0206900000000001
1817310376,12,15,mean_p,12,0.2300871046207931,0.14751716542462198,mean_p|train_n=12|p=15,443,726,-1.59108,1.0206900000000001
2779949098,12,15,mean_p,12,0.20800435898293032,0.17726107738840602,mean_p|train_n=12|p=15,444,727,-1.59108,1.0206900000000001
2507548820,12,15,mean_p,12,0.25291726638866702,0.12200336150036337,mean_p|train_n=12|p=15,445,729,-1.59108,1.0206900000000001
3799977642,12,15,mean_p,12,0.49417426689810978,0.016400786341181247,mean_p|train_n=12|p=15,446,731,-1.59108,1.0206900000000001
3625690170,12,15,mean_p,12,0.377174116881966,0.043402158314517304,mean_p|train_n=12|p=15,447,732,-1.59108,1.0206900000000001
735440234,12,15,mean_p,12,0.36223336884517199,0.049145378768186726,mean_p|train_n=12|p=15,448,734,-1.59108,1.0206900000000001
1663586918,12,15,mean_p,12,0.13174599173438684,0.33426126787471439,mean_p|train_n=12|p=15,449,735,-1.59108,1.0206900000000001
3736851613,12,15,mean_p,12,0.16481693276017087,0.25387615565853383,mean_p|train_n=12|p=15,450,737,-1.59108,1.0206900000000001
3122238466,12,15,mean_p,12,0.21282492078821136,0.17029417000643685,mean_p|train_n=12|p=15,451,742,-1.59108,1.0206900000000001
3407059569,12,15,mean_p,12,0.2802330259310909,0.09720697781356305,mean_p|train_n=12|p=15,452,744,-1.59108,1.0206900000000001
4149728233,12,15,mean_p,12,0.26124584311868171,0.11383766517828223,mean_p|train_n=12|p=15,453,745,-1.59108,1.0206900000000001
3097668738,12,15,mean_p,12,0.15493948590909914,0.27561497266857082,mean_p|train_n=12|p=15,454,746,-1.59108,1.0206900000000001
663279833,12,15,mean_p,12,0.10180293322141044,0.42879643051372707,mean_p|train_n=12|p=15,455,747,-1.59108,1.0206900000000001
343798633,12,15,mean_p,12,0.387700865908082,0.039763528933562012,mean_p|train_n=12|p=15,456,748,-1.59108,1.0206900000000001
4180745191,12,15,mean_p,12,0.34882956746964022,0.054941693500214397,mean_p|train_n=12|p=15,457,749,-1.59108,1.0206900000000001
1867724239,12,15,mean_p,12,0.34899335218537225,0.054866896129961276,mean_p|train_n=12|p=15,458,750,-1.59108,1.0206900000000001
2732701255,12,15,mean_p,12,0.32421822388830074,0.067422844906539214,mean_p|train_n=12|p=15,459,752,-1.59108,1.0206900000000001
734660194,12,15,mean_p,12,0.28414789781884758,0.094092609823831261,mean_p|train_n=12|p=15,460,753,-1.59108,1.0206900000000001
1563374576,12,15,mean_p,12,0.34058353625828913,0.058842304714855083,mean_p|train_n=12|p=15,461,755,-1.59108,1.0206900000000001
1378221120,12,15,mean_p,12,0.27657881027596121,0.10020693606266032,mean_p|train_n=12|p=15,462,757,-1.59108,1.0206900000000001
3979066007,12,15,mean_p,12,0.20099696265354983,0.18789993179037121,mean_p|train_n=12|p=15,463,758,-1.59108,1.0206900000000001
971360976,12,15,mean_p,12,0.1886956950730326,0.20814368004938039,mean_p|train_n=12|p=15,464,759,-1.59108,1.0206900000000001
3647860370,12,15,mean_p,12,0.20031259485237807,0.18897258559013658,mean_p|train_n=12|p=15,465,761,-1.59108,1.0206900000000001
2206397984,12,15,mean_p,12,0.26945906726188878,0.10632046266210403,mean_p|train_n=12|p=15,466,763,-1.59108,1.0206900000000001
4195074654,12,15,mean_p,12,0.22635415511264292,0.15216939572771282,mean_p|train_n=12|p=15,467,764,-1.59108,1.0206900000000001
3898485333,12,15,mean_p,12,0.31851100470125665,0.070700682077843344,mean_p|train_n=12|p=15,468,765,-1.59108,1.0206900000000001
1072155883,12,15,mean_p,12,0.30710570334369786,0.077736262714405271,mean_p|train_n=12|p=15,469,766,-1.59108,1.0206900000000001
876039206,12,15,mean_p,12,0.57409552846870049,0.0084364610670264514,mean_p|train_n=12|p=15,470,767,-1.59108,1.0206900000000001
2140066866,12,15,mean_p,12,0.33311724146880006,0.06261243861838782,mean_p|train_n=12|p=15,471,768,-1.59108,1.0206900000000001
2964756852,12,15,mean_p,12,0.44804366925403372,0.024071602004554823,mean_p|train_n=12|p=15,472,772,-1.59108,1.0206900000000001
3408979853,12,15,mean_p,12,0.28419060970716453,0.094059187714858161,mean_p|train_n=12|p=15,473,773,-1.59108,1.0206900000000001
572880207,12,15,mean_p,12,0.19606844972598667,0.19576280767970505,mean_p|train_n=12|p=15,474,774,-1.59108,1.0206900000000001
3537993616,12,15,mean_p,12,0.15458652759015554,0.27642531886572297,mean_p|train_n=12|p=15,475,775,-1.59108,1.0206900000000001
2244247085,12,15,mean_p,12,0.23903845140728752,0.1369326686516899,mean_p|train_n=12|p=15,476,776,-1.59108,1.0206900000000001
2919118555,12,15,mean_p,12,0.16739326905748175,0.24849362942199199,mean_p|train_n=12|p=15,477,777,-1.59108,1.0206900000000001
667826161,12,15,mean_p,12,0.17619237664260057,0.23095624793648439,mean_p|train_n=12|p=15,478,779,-1.59108,1.0206900000000001
438933332,12,15,mean_p,12,0.2038480150664794,0.18349641969571759,mean_p|train_n=12|p=15,479,780,-1.59108,1.0206900000000001
368428891,12,15,mean_p,12,0.30353286134671897,0.080081103460186237,mean_p|train_n=12|p=15,480,781,-1.59108,1.0206900000000001
3345670643,12,15,mean_p,12,0.34251284113985631,0.057905568667286342,mean_p|train_n=12|p=15,481,782,-1.59108,1.0206900000000001
1795369636,12,15,mean_p,12,0.58928584660918459,0.0074351101995433575,mean_p|train_n=12|p=15,482,783,-1.59108,1.0206900000000001
2287838679,12,15,mean_p,12,0.29048256482739004,0.089263192890686627,mean_p|train_n=12|p=15,483,784,-1.59108,1.0206900000000001
3280606748,12,15,mean_p,12,0.17503043632667784,0.23319920317599852,mean_p|train_n=12|p=15,484,785,-1.59108,1.0206900000000001
3862066433,12,15,mean_p,12,0.30712508227231217,0.077723733462929157,mean_p|train_n=12|p=15,485,788,-1.59108,1.0206900000000001
2877820793,12,15,mean_p,12,0.26237864524504867,0.11277008056844451,mean_p|train_n=12|p=15,486,790,-1.59108,1.0206900000000001
2746408794,12,15,mean_p,12,0.36792497337936769,0.046872979694735986,mean_p|train_n=12|p=15,487,792,-1.59108,1.0206900000000001
3254903644,12,15,mean_p,12,0.33633367570321426,0.060959542747533332,mean_p|train_n=12|p=15,488,795,-1.59108,1.0206900000000001
1811795727,12,15,mean_p,12,0.30816663172277142,0.077053292737420995,mean_p|train_n=12|p=15,489,799,-1.59108,1.0206900000000001
4095768624,12,15,mean_p,12,0.46860272443984291,0.020287955645389995,mean_p|train_n=12|p=15,490,800,-1.59108,1.0206900000000001
997922360,12,15,mean_p,12,0.40916320683538365,0.033262525419098674,mean_p|train_n=12|p=15,491,801,-1.59108,1.0206900000000001
553597154,12,15,mean_p,12,0.12880682511376287,0.34253376165123106,mean_p|train_n=12|p=15,492,804,-1.59108,1.0206900000000001
3974562301,12,15,mean_p,12,0.20131780757254047,0.18739914931702578,mean_p|train_n=12|p=15,493,805,-1.59108,1.0206900000000001
1174219841,12,15,mean_p,12,0.27454184776998342,0.10191920445925789,mean_p|train_n=12|p=15,494,806,-1.59108,1.0206900000000001
3782704271,12,15,mean_p,12,0.43421266428290411,0.027006453902025086,mean_p|train_n=12|p=15,495,808,-1.59108,1.0206900000000001
3782658724,12,15,mean_p,12,0.1460612352657864,0.2967387369278387,mean_p|train_n=12|p=15,496,809,-1.59108,1.0206900000000001
1067458673,12,15,mean_p,12,0.20460624781914036,0.18234278566883333,mean_p|train_n=12|p=15,497,810,-1.59108,1.0206900000000001
3601237586,12,15,mean_p,12,0.31135532065325094,0.075036489885479035,mean_p|train_n=12|p=15,498,813,-1.59108,1.0206900000000001
3629373823,12,15,mean_p,12,0.34704551392641819,0.055763071260678872,mean_p|train_n=12|p=15,499,816,-1.59108,1.0206900000000001
1216935791,12,30,mean_p,12,0.12189714200678069,0.36279696596612515,mean_p|train_n=12|p=30,0,1,-1.4154500000000001,0.99980999999999998
2260314959,12,30,mean_p,12,0.15938626131356312,0.26560696135727224,mean_p|train_n=12|p=30,1,3,-1.4154500000000001,0.99980999999999998
1769420166,12,30,mean_p,12,0.16271871227998955,0.25834582110740301,mean_p|train_n=12|p=30,2,4,-1.4154500000000001,0.99980999999999998
676365524,12,30,mean_p,12,0.18408011008027714,0.21628997136001024,mean_p|train_n=12|p=30,3,5,-1.4154500000000001,0.99980999999999998
389127389,12,30,mean_p,12,0.13423078485169529,0.32742368277025585,mean_p|train_n=12|p=30,4,9,-1.4154500000000001,0.99980999999999998
3394316332,12,30,mean_p,12,0.075195671470934491,0.53501525843975961,mean_p|train_n=12|p=30,5,10,-1.4154500000000001,0.99980999999999998
2681909953,12,30,mean_p,12,0.17724975483075267,0.22893388845988469,mean_p|train_n=12|p=30,6,11,-1.4154500000000001,0.99980999999999998
1040838781,12,30,mean_p,12,0.12931635853854753,0.34108511393707364,mean_p|train_n=12|p=30,7,13,-1.4154500000000001,0.99980999999999998
2016711147,12,30,mean_p,12,0.2529419538132272,0.12197831138671529,mean_p|train_n=12|p=30,8,19,-1.4154500000000001,0.99980999999999998
1367660954,12,30,mean_p,12,0.39391642620288819,0.037760008130463554,mean_p|train_n=12|p=30,9,21,-1.4154500000000001,0.99980999999999998
1320326900,12,30,mean_p,12,0.22020760859162203,0.16015144240217899,mean_p|train_n=12|p=30,10,23,-1.4154500000000001,0.99980999999999998
3848711562,12,30,mean_p,12,0.16213037352587903,0.25961317727765088,mean_p|train_n=12|p=30,11,25,-1.4154500000000001,0.99980999999999998
977253372,12,30,mean_p,12,0.31373036358524892,0.073568686149822982,mean_p|train_n=12|p=30,12,26,-1.4154500000000001,0.99980999999999998
1202033095,12,30,mean_p,12,0.042068653225232962,0.70474642587762992,mean_p|train_n=12|p=30,13,27,-1.4154500000000001,0.99980999999999998
3267263313,12,30,mean_p,12,0.20932966506492179,0.17531775550879006,mean_p|train_n=12|p=30,14,28,-1.4154500000000001,0.99980999999999998
664469226,12,30,mean_p,12,0.33163477037503913,0.06338928280660662,mean_p|train_n=12|p=30,15,32,-1.4154500000000001,0.99980999999999998
353195885,12,30,mean_p,12,0.17184112116107417,0.23946829193665251,mean_p|train_n=12|p=30,16,34,-1.4154500000000001,0.99980999999999998
1741453875,12,30,mean_p,12,0.35978360935805692,0.050157063187823557,mean_p|train_n=12|p=30,17,35,-1.4154500000000001,0.99980999999999998
1585800779,12,30,mean_p,12,0.064299804494885343,0.58576842988276412,mean_p|train_n=12|p=30,18,38,-1.4154500000000001,0.99980999999999998
906179123,12,30,mean_p,12,0.16949954380996701,0.24417805876805318,mean_p|train_n=12|p=30,19,39,-1.4154500000000001,0.99980999999999998
1193735533,12,30,mean_p,12,0.29301333556544801,0.087403809618007727,mean_p|train_n=12|p=30,20,43,-1.4154500000000001,0.99980999999999998
4255288688,12,30,mean_p,12,0.3972058880422859,0.036740863488885861,mean_p|train_n=12|p=30,21,44,-1.4154500000000001,0.99980999999999998
1796686663,12,30,mean_p,12,0.25387530197178337,0.12103501473080774,mean_p|train_n=12|p=30,22,47,-1.4154500000000001,0.99980999999999998
1137546669,12,30,mean_p,12,0.21229460291114519,0.17104700700818101,mean_p|train_n=12|p=30,23,48,-1.4154500000000001,0.99980999999999998
663457092,12,30,mean_p,12,0.1782896787667394,0.2269621857624898,mean_p|train_n=12|p=30,24,50,-1.4154500000000001,0.99980999999999998
2547556208,12,30,mean_p,12,0.26660606918082663,0.10887368280938273,mean_p|train_n=12|p=30,25,51,-1.4154500000000001,0.99980999999999998
2149088460,12,30,mean_p,12,0.2147880338605935,0.16753606439669882,mean_p|train_n=12|p=30,26,52,-1.4154500000000001,0.99980999999999998
52176291,12,30,mean_p,12,0.1575708513427351,0.26964810195088312,mean_p|train_n=12|p=30,27,55,-1.4154500000000001,0.99980999999999998
848615504,12,30,mean_p,12,0.16431063891617748,0.25494754185328472,mean_p|train_n=12|p=30,28,57,-1.4154500000000001,0.99980999999999998
2131478535,12,30,mean_p,12,0.072711494090810916,0.54618517877043948,mean_p|train_n=12|p=30,29,58,-1.4154500000000001,0.99980999999999998
3210288208,12,30,mean_p,12,0.30512563941207843,0.079027157473594706,mean_p|train_n=12|p=30,30,59,-1.4154500000000001,0.99980999999999998
919791377,12,30,mean_p,12,0.22277382293111345,0.15676920810884562,mean_p|train_n=12|p=30,31,60,-1.4154500000000001,0.99980999999999998
318327399,12,30,mean_p,12,0.25726096332235243,0.11767407683790866,mean_p|train_n=12|p=30,32,61,-1.4154500000000001,0.99980999999999998
2506940005,12,30,mean_p,12,0.24163554044083091,0.13400637266565046,mean_p|train_n=12|p=30,33,62,-1.4154500000000001,0.99980999999999998
1142826353,12,30,mean_p,12,0.14685793789397888,0.29477881393878924,mean_p|train_n=12|p=30,34,63,-1.4154500000000001,0.99980999999999998
1592583332,12,30,mean_p,12,0.22682089804172145,0.15157978005180822,mean_p|train_n=12|p=30,35,65,-1.4154500000000001,0.99980999999999998
2620357059,12,30,mean_p,12,0.40527191852608313,0.034356740408653233,mean_p|train_n=12|p=30,36,66,-1.4154500000000001,0.99980999999999998
3446718403,12,30,mean_p,12,0.12375476335791151,0.35723438085106568,mean_p|train_n=12|p=30,37,67,-1.4154500000000001,0.99980999999999998
3302941087,12,30,mean_p,12,0.35284277159111616,0.05313796323270064,mean_p|train_n=12|p=30,38,68,-1.4154500000000001,0.99980999999999998
3269338048,12,30,mean_p,12,0.28861507549377469,0.090660573274200046,mean_p|train_n=12|p=30,39,69,-1.4154500000000001,0.99980999999999998
3211372244,12,30,mean_p,12,0.22093728246758618,0.15918238589186789,mean_p|train_n=12|p=30,40,70,-1.4154500000000001,0.99980999999999998
4073005787,12,30,mean_p,12,0.035823601944445928,0.74232186895157137,mean_p|train_n=12|p=30,41,72,-1.4154500000000001,0.99980999999999998
2656112186,12,30,mean_p,12,0.15130193612483792,0.28408149571041968,mean_p|train_n=12|p=30,42,73,-1.4154500000000001,0.99980999999999998
268025834,12,30,mean_p,12,0.19578070268583261,0.19623191000304069,mean_p|train_n=12|p=30,43,74,-1.4154500000000001,0.99980999999999998
329844738,12,30,mean_p,12,0.28759772542847128,0.091431005425710629,mean_p|train_n=12|p=30,44,75,-1.4154500000000001,0.99980999999999998
3128380832,12,30,mean_p,12,0.22039221003631818,0.15990572309829004,mean_p|train_n=12|p=30,45,76,-1.4154500000000001,0.99980999999999998
3894368030,12,30,mean_p,12,0.21923515658510251,0.16145210108827004,mean_p|train_n=12|p=30,46,77,-1.4154500000000001,0.99980999999999998
183603904,12,30,mean_p,12,0.1420545050400307,0.30679480089988653,mean_p|train_n=12|p=30,47,79,-1.4154500000000001,0.99980999999999998
4154396645,12,30,mean_p,12,0.2895009245233347,0.089995015345636475,mean_p|train_n=12|p=30,48,80,-1.4154500000000001,0.99980999999999998
1403226767,12,30,mean_p,12,0.33014452833032926,0.064179913705356306,mean_p|train_n=12|p=30,49,82,-1.4154500000000001,0.99980999999999998
3620670093,12,30,mean_p,12,0.1064330876772769,0.41259634547087565,mean_p|train_n=12|p=30,50,83,-1.4154500000000001,0.99980999999999998
560818909,12,30,mean_p,12,0.14791331263586979,0.29220246390376287,mean_p|train_n=12|p=30,51,85,-1.4154500000000001,0.99980999999999998
1583942076,12,30,mean_p,12,0.080332445156712909,0.51263740611370523,mean_p|train_n=12|p=30,52,87,-1.4154500000000001,0.99980999999999998
3426634136,12,30,mean_p,12,0.15410446546892065,0.27753592103056562,mean_p|train_n=12|p=30,53,88,-1.4154500000000001,0.99980999999999998
2349640817,12,30,mean_p,12,0.28978133973174847,0.089785353046172217,mean_p|train_n=12|p=30,54,89,-1.4154500000000001,0.99980999999999998
3701378178,12,30,mean_p,12,0.16413427523621124,0.25532181207260385,mean_p|train_n=12|p=30,55,91,-1.4154500000000001,0.99980999999999998
1099930715,12,30,mean_p,12,0.066186195793351207,0.57664912478227881,mean_p|train_n=12|p=30,56,92,-1.4154500000000001,0.99980999999999998
1107525205,12,30,mean_p,12,0.20565619967834073,0.1807572732159248,mean_p|train_n=12|p=30,57,93,-1.4154500000000001,0.99980999999999998
1817588038,12,30,mean_p,12,0.3660649623893743,0.047603796668432105,mean_p|train_n=12|p=30,58,96,-1.4154500000000001,0.99980999999999998
212512658,12,30,mean_p,12,0.4550369200510605,0.022711345031761976,mean_p|train_n=12|p=30,59,97,-1.4154500000000001,0.99980999999999998
511949978,12,30,mean_p,12,0.16967193933067481,0.24382817162739948,mean_p|train_n=12|p=30,60,98,-1.4154500000000001,0.99980999999999998
3796505179,12,30,mean_p,12,0.20908846153109692,0.17566984414249862,mean_p|train_n=12|p=30,61,99,-1.4154500000000001,0.99980999999999998
1942790425,12,30,mean_p,12,0.091632427322865598,0.46664937618730779,mean_p|train_n=12|p=30,62,100,-1.4154500000000001,0.99980999999999998
3871071974,12,30,mean_p,12,0.11921917115464729,0.37096884774058941,mean_p|train_n=12|p=30,63,102,-1.4154500000000001,0.99980999999999998
4198724253,12,30,mean_p,12,0.49006740487236738,0.016970714792754617,mean_p|train_n=12|p=30,64,103,-1.4154500000000001,0.99980999999999998
362511914,12,30,mean_p,12,0.22389036657794434,0.15532000899959111,mean_p|train_n=12|p=30,65,105,-1.4154500000000001,0.99980999999999998
3523414914,12,30,mean_p,12,0.16730765986435436,0.24867063909711373,mean_p|train_n=12|p=30,66,106,-1.4154500000000001,0.99980999999999998
2711606271,12,30,mean_p,12,0.12029875151834508,0.36765257174355293,mean_p|train_n=12|p=30,67,107,-1.4154500000000001,0.99980999999999998
302659376,12,30,mean_p,12,0.15338946548368343,0.27919140126452402,mean_p|train_n=12|p=30,68,109,-1.4154500000000001,0.99980999999999998
1873015386,12,30,mean_p,12,0.13518967087771847,0.32482260692452958,mean_p|train_n=12|p=30,69,110,-1.4154500000000001,0.99980999999999998
2811440190,12,30,mean_p,12,0.0658073889899949,0.5784689114859719,mean_p|train_n=12|p=30,70,111,-1.4154500000000001,0.99980999999999998
2924292950,12,30,mean_p,12,0.16949047382086732,0.24419648075588457,mean_p|train_n=12|p=30,71,113,-1.4154500000000001,0.99980999999999998
257506827,12,30,mean_p,12,0.14688581642862289,0.29471046644973786,mean_p|train_n=12|p=30,72,115,-1.4154500000000001,0.99980999999999998
875016919,12,30,mean_p,12,0.071276717945475535,0.5527424750469887,mean_p|train_n=12|p=30,73,116,-1.4154500000000001,0.99980999999999998
2269833673,12,30,mean_p,12,0.18904055929075916,0.20754747543458535,mean_p|train_n=12|p=30,74,118,-1.4154500000000001,0.99980999999999998
2939530626,12,30,mean_p,12,0.2067430616602646,0.17913054388848096,mean_p|train_n=12|p=30,75,121,-1.4154500000000001,0.99980999999999998
2211878734,12,30,mean_p,12,0.21907485556343501,0.16166751624797365,mean_p|train_n=12|p=30,76,122,-1.4154500000000001,0.99980999999999998
1838582899,12,30,mean_p,12,0.27199861337467307,0.10409817198244763,mean_p|train_n=12|p=30,77,123,-1.4154500000000001,0.99980999999999998
3804864276,12,30,mean_p,12,0.44033517048295873,0.025665567200460801,mean_p|train_n=12|p=30,78,126,-1.4154500000000001,0.99980999999999998
3108265496,12,30,mean_p,12,0.1892691765292199,0.2071531813349349,mean_p|train_n=12|p=30,79,127,-1.4154500000000001,0.99980999999999998
2891979621,12,30,mean_p,12,0.21497162155552638,0.16728042544082206,mean_p|train_n=12|p=30,80,128,-1.4154500000000001,0.99980999999999998
3194429525,12,30,mean_p,12,0.056207765682107121,0.6265522854538893,mean_p|train_n=12|p=30,81,129,-1.4154500000000001,0.99980999999999998
1059433015,12,30,mean_p,12,0.29327798813099132,0.08721161764048109,mean_p|train_n=12|p=30,82,130,-1.4154500000000001,0.99980999999999998
3861906028,12,30,mean_p,12,0.29828997433328475,0.083650635338243282,mean_p|train_n=12|p=30,83,131,-1.4154500000000001,0.99980999999999998
3631043342,12,30,mean_p,12,0.35423846686509469,0.052524647958148013,mean_p|train_n=12|p=30,84,133,-1.4154500000000001,0.99980999999999998
3813086073,12,30,mean_p,12,0.043955765384344841,0.69377069887792131,mean_p|train_n=12|p=30,85,135,-1.4154500000000001,0.99980999999999998
1068642326,12,30,mean_p,12,0.10938721563409191,0.40258167587815341,mean_p|train_n=12|p=30,86,138,-1.4154500000000001,0.99980999999999998
1927150651,12,30,mean_p,12,0.30029485100417963,0.082267236274517638,mean_p|train_n=12|p=30,87,139,-1.4154500000000001,0.99980999999999998
1309232292,12,30,mean_p,12,0.11848052814181381,0.37325504419796907,mean_p|train_n=12|p=30,88,140,-1.4154500000000001,0.99980999999999998
1139132446,12,30,mean_p,12,0.38482753079525805,0.04072531394303016,mean_p|train_n=12|p=30,89,142,-1.4154500000000001,0.99980999999999998
1989770883,12,30,mean_p,12,0.3605274238007809,0.049847705692075452,mean_p|train_n=12|p=30,90,146,-1.4154500000000001,0.99980999999999998
263668285,12,30,mean_p,12,0.2359345259045903,0.1405139907140201,mean_p|train_n=12|p=30,91,148,-1.4154500000000001,0.99980999999999998
1339424545,12,30,mean_p,12,0.40656873199853943,0.03398813983974696,mean_p|train_n=12|p=30,92,149,-1.4154500000000001,0.99980999999999998
402002945,12,30,mean_p,12,0.18530630953099633,0.21409518954604176,mean_p|train_n=12|p=30,93,151,-1.4154500000000001,0.99980999999999998
2426970106,12,30,mean_p,12,0.095300860429396284,0.45262546998678799,mean_p|train_n=12|p=30,94,152,-1.4154500000000001,0.99980999999999998
3169328480,12,30,mean_p,12,0.061224618140928964,0.60094488307700844,mean_p|train_n=12|p=30,95,153,-1.4154500000000001,0.99980999999999998
2389236307,12,30,mean_p,12,0.23860157447274868,0.13743116526566176,mean_p|train_n=12|p=30,96,157,-1.4154500000000001,0.99980999999999998
748930729,12,30,mean_p,12,0.12540784608507766,0.35235603933128534,mean_p|train_n=12|p=30,97,158,-1.4154500000000001,0.99980999999999998
3023586741,12,30,mean_p,12,0.13568119504151135,0.32349731866999126,mean_p|train_n=12|p=30,98,160,-1.4154500000000001,0.99980999999999998
159539188,12,30,mean_p,12,0.29803206040056424,0.083830280976407698,mean_p|train_n=12|p=30,99,161,-1.4154500000000001,0.99980999999999998
2271935472,12,30,mean_p,12,0.060800911161565309,0.60306652692478779,mean_p|train_n=12|p=30,100,162,-1.4154500000000001,0.99980999999999998
4136566324,12,30,mean_p,12,0.10282731568882154,0.4251583601039467,mean_p|train_n=12|p=30,101,164,-1.4154500000000001,0.99980999999999998
1862853050,12,30,mean_p,12,0.12060188966040948,0.36672672843347043,mean_p|train_n=12|p=30,102,166,-1.4154500000000001,0.99980999999999998
318759564,12,30,mean_p,12,0.14398863010923318,0.30189869771323175,mean_p|train_n=12|p=30,103,171,-1.4154500000000001,0.99980999999999998
2444213714,12,30,mean_p,12,0.19065971788372263,0.20477100954975153,mean_p|train_n=12|p=30,104,172,-1.4154500000000001,0.99980999999999998
1678586705,12,30,mean_p,12,0.22427553241411549,0.15482320351725584,mean_p|train_n=12|p=30,105,173,-1.4154500000000001,0.99980999999999998
3930057493,12,30,mean_p,12,0.31144371235772611,0.074981341718206113,mean_p|train_n=12|p=30,106,174,-1.4154500000000001,0.99980999999999998
1514675849,12,30,mean_p,12,0.24666157369363562,0.12851967258746694,mean_p|train_n=12|p=30,107,176,-1.4154500000000001,0.99980999999999998
2431395809,12,30,mean_p,12,0.23856728929558516,0.13747036293640688,mean_p|train_n=12|p=30,108,178,-1.4154500000000001,0.99980999999999998
548222184,12,30,mean_p,12,0.15903336170309004,0.26638775253149805,mean_p|train_n=12|p=30,109,180,-1.4154500000000001,0.99980999999999998
938421644,12,30,mean_p,12,0.33101226336954764,0.063718355338944752,mean_p|train_n=12|p=30,110,182,-1.4154500000000001,0.99980999999999998
3711038156,12,30,mean_p,12,0.1170589572165297,0.37769471805979332,mean_p|train_n=12|p=30,111,184,-1.4154500000000001,0.99980999999999998
3990213995,12,30,mean_p,12,0.14210257209391461,0.30667216562975258,mean_p|train_n=12|p=30,112,187,-1.4154500000000001,0.99980999999999998
1864162813,12,30,mean_p,12,0.11710053344009676,0.37756412576132914,mean_p|train_n=12|p=30,113,192,-1.4154500000000001,0.99980999999999998
377567525,12,30,mean_p,12,0.26307353629387586,0.11212015619909292,mean_p|train_n=12|p=30,114,193,-1.4154500000000001,0.99980999999999998
3858544149,12,30,mean_p,12,0.13197214486125586,0.33363308375865652,mean_p|train_n=12|p=30,115,194,-1.4154500000000001,0.99980999999999998
1495404943,12,30,mean_p,12,0.14586197872204221,0.29723095038891384,mean_p|train_n=12|p=30,116,195,-1.4154500000000001,0.99980999999999998
4176061691,12,30,mean_p,12,0.24841269883364162,0.12666129271780241,mean_p|train_n=12|p=30,117,197,-1.4154500000000001,0.99980999999999998
3532240169,12,30,mean_p,12,0.098252111471886908,0.44164976909722453,mean_p|train_n=12|p=30,118,198,-1.4154500000000001,0.99980999999999998
2091709317,12,30,mean_p,12,0.039137266344788292,0.72214117218500884,mean_p|train_n=12|p=30,119,199,-1.4154500000000001,0.99980999999999998
504848168,12,30,mean_p,12,0.21583428965041804,0.16608440565137744,mean_p|train_n=12|p=30,120,201,-1.4154500000000001,0.99980999999999998
2748886553,12,30,mean_p,12,0.22757381555217115,0.1506334640532882,mean_p|train_n=12|p=30,121,205,-1.4154500000000001,0.99980999999999998
3287941376,12,30,mean_p,12,0.064769863661661278,0.5834826391887793,mean_p|train_n=12|p=30,122,206,-1.4154500000000001,0.99980999999999998
2595151634,12,30,mean_p,12,0.33813729503154422,0.060051848255555776,mean_p|train_n=12|p=30,123,207,-1.4154500000000001,0.99980999999999998
3983506654,12,30,mean_p,12,0.19326813260763875,0.20037610878686155,mean_p|train_n=12|p=30,124,209,-1.4154500000000001,0.99980999999999998
1185875820,12,30,mean_p,12,0.35458667869778027,0.052372738574783494,mean_p|train_n=12|p=30,125,210,-1.4154500000000001,0.99980999999999998
2497401586,12,30,mean_p,12,0.1529739926261012,0.28015790166303484,mean_p|train_n=12|p=30,126,211,-1.4154500000000001,0.99980999999999998
1119592496,12,30,mean_p,12,0.23998524175989389,0.13585853418673,mean_p|train_n=12|p=30,127,213,-1.4154500000000001,0.99980999999999998
1851123899,12,30,mean_p,12,0.36574617912103818,0.047730188708779028,mean_p|train_n=12|p=30,128,216,-1.4154500000000001,0.99980999999999998
2716632156,12,30,mean_p,12,0.2011412918372745,0.18767449394419722,mean_p|train_n=12|p=30,129,217,-1.4154500000000001,0.99980999999999998
3496788191,12,30,mean_p,12,0.34984826043988515,0.054478125537165197,mean_p|train_n=12|p=30,130,218,-1.4154500000000001,0.99980999999999998
3834749720,12,30,mean_p,12,0.10368877008888028,0.42212282883197672,mean_p|train_n=12|p=30,131,220,-1.4154500000000001,0.99980999999999998
1982779425,12,30,mean_p,12,0.10953081232546436,0.40210111788172426,mean_p|train_n=12|p=30,132,223,-1.4154500000000001,0.99980999999999998
2397927458,12,30,mean_p,12,0.3495583413230583,0.054609656944694981,mean_p|train_n=12|p=30,133,224,-1.4154500000000001,0.99980999999999998
3859601451,12,30,mean_p,12,0.046749848063404376,0.67783302002657897,mean_p|train_n=12|p=30,134,225,-1.4154500000000001,0.99980999999999998
4191944884,12,30,mean_p,12,0.17692062331797065,0.22956148546756266,mean_p|train_n=12|p=30,135,226,-1.4154500000000001,0.99980999999999998
471729922,12,30,mean_p,12,0.19092066613289452,0.20432703473819194,mean_p|train_n=12|p=30,136,228,-1.4154500000000001,0.99980999999999998
2976761866,12,30,mean_p,12,0.17346435450627465,0.23625679785233711,mean_p|train_n=12|p=30,137,229,-1.4154500000000001,0.99980999999999998
3348988987,12,30,mean_p,12,0.13730620475264693,0.31915420096969366,mean_p|train_n=12|p=30,138,233,-1.4154500000000001,0.99980999999999998
526118982,12,30,mean_p,12,0.021187765179800994,0.83842103492709485,mean_p|train_n=12|p=30,139,234,-1.4154500000000001,0.99980999999999998
921317735,12,30,mean_p,12,0.28079412340784454,0.096754362321403733,mean_p|train_n=12|p=30,140,236,-1.4154500000000001,0.99980999999999998
426566421,12,30,mean_p,12,0.1389554953932064,0.31480580628063898,mean_p|train_n=12|p=30,141,237,-1.4154500000000001,0.99980999999999998
1545334107,12,30,mean_p,12,0.17529284429377634,0.23269076644687123,mean_p|train_n=12|p=30,142,238,-1.4154500000000001,0.99980999999999998
1871220859,12,30,mean_p,12,0.33197931245074547,0.063207880562790836,mean_p|train_n=12|p=30,143,240,-1.4154500000000001,0.99980999999999998
3567581369,12,30,mean_p,12,0.41557787004386521,0.031534296518077716,mean_p|train_n=12|p=30,144,241,-1.4154500000000001,0.99980999999999998
594368971,12,30,mean_p,12,0.14200542955079851,0.30692005962369484,mean_p|train_n=12|p=30,145,242,-1.4154500000000001,0.99980999999999998
3982894010,12,30,mean_p,12,0.18531808199054731,0.21407422625034223,mean_p|train_n=12|p=30,146,243,-1.4154500000000001,0.99980999999999998
1822834691,12,30,mean_p,12,0.18807842455171833,0.20921510276953251,mean_p|train_n=12|p=30,147,244,-1.4154500000000001,0.99980999999999998
1126345216,12,30,mean_p,12,0.15984497522370048,0.26459547550185331,mean_p|train_n=12|p=30,148,245,-1.4154500000000001,0.99980999999999998
2783500083,12,30,mean_p,12,0.50230061882252364,0.015328842526512896,mean_p|train_n=12|p=30,149,248,-1.4154500000000001,0.99980999999999998
3604963084,12,30,mean_p,12,0.16147122491138455,0.26104045296494388,mean_p|train_n=12|p=30,150,249,-1.4154500000000001,0.99980999999999998
1338819253,12,30,mean_p,12,0.082326808276655478,0.50420359179784402,mean_p|train_n=12|p=30,151,250,-1.4154500000000001,0.99980999999999998
358763462,12,30,mean_p,12,0.26608040310417697,0.10935076078256957,mean_p|train_n=12|p=30,152,256,-1.4154500000000001,0.99980999999999998
725766470,12,30,mean_p,12,0.34963598181110811,0.054574401663172428,mean_p|train_n=12|p=30,153,257,-1.4154500000000001,0.99980999999999998
1345698746,12,30,mean_p,12,0.30875412846035061,0.076677677954830076,mean_p|train_n=12|p=30,154,258,-1.4154500000000001,0.99980999999999998
743184830,12,30,mean_p,12,0.3922930397682925,0.038273337516094741,mean_p|train_n=12|p=30,155,259,-1.4154500000000001,0.99980999999999998
3600996020,12,30,mean_p,12,0.33093561906242897,0.063758989341898581,mean_p|train_n=12|p=30,156,260,-1.4154500000000001,0.99980999999999998
2467840563,12,30,mean_p,12,0.42940316346397073,0.028108729150914707,mean_p|train_n=12|p=30,157,261,-1.4154500000000001,0.99980999999999998
1316867837,12,30,mean_p,12,0.18060808273922155,0.22262739041047183,mean_p|train_n=12|p=30,158,263,-1.4154500000000001,0.99980999999999998
3931069553,12,30,mean_p,12,0.43178891046389239,0.027556435130036184,mean_p|train_n=12|p=30,159,264,-1.4154500000000001,0.99980999999999998
1334282774,12,30,mean_p,12,0.18443635347430468,0.21565002049680537,mean_p|train_n=12|p=30,160,265,-1.4154500000000001,0.99980999999999998
2566956636,12,30,mean_p,12,0.39628954956015555,0.037021968193996335,mean_p|train_n=12|p=30,161,267,-1.4154500000000001,0.99980999999999998
2802387363,12,30,mean_p,12,0.19833830254320103,0.19210145742005821,mean_p|train_n=12|p=30,162,268,-1.4154500000000001,0.99980999999999998
3507435907,12,30,mean_p,12,0.22895209763766675,0.14891642871004121,mean_p|train_n=12|p=30,163,271,-1.4154500000000001,0.99980999999999998
3456663433,12,30,mean_p,12,0.19030906505340417,0.20536912638025107,mean_p|train_n=12|p=30,164,273,-1.4154500000000001,0.99980999999999998
2046883849,12,30,mean_p,12,0.23354666699652882,0.14333273045580192,mean_p|train_n=12|p=30,165,274,-1.4154500000000001,0.99980999999999998
126982840,12,30,mean_p,12,0.25087956488884688,0.12408883522747051,mean_p|train_n=12|p=30,166,275,-1.4154500000000001,0.99980999999999998
391368563,12,30,mean_p,12,0.34748509491848328,0.055559555251968179,mean_p|train_n=12|p=30,167,276,-1.4154500000000001,0.99980999999999998
2799428540,12,30,mean_p,12,0.17045023837506043,0.24225479716580059,mean_p|train_n=12|p=30,168,279,-1.4154500000000001,0.99980999999999998
1609573494,12,30,mean_p,12,0.087813220834854433,0.48171152630133712,mean_p|train_n=12|p=30,169,280,-1.4154500000000001,0.99980999999999998
1043089470,12,30,mean_p,12,0.35895512910364297,0.050503894431001027,mean_p|train_n=12|p=30,170,281,-1.4154500000000001,0.99980999999999998
1467741052,12,30,mean_p,12,0.29236815596236293,0.08787411887840417,mean_p|train_n=12|p=30,171,282,-1.4154500000000001,0.99980999999999998
1462525159,12,30,mean_p,12,0.093000593526550032,0.4613689686280058,mean_p|train_n=12|p=30,172,284,-1.4154500000000001,0.99980999999999998
2367483287,12,30,mean_p,12,0.28520713653103397,0.093267248155752963,mean_p|train_n=12|p=30,173,285,-1.4154500000000001,0.99980999999999998
545091367,12,30,mean_p,12,0.19116615524612113,0.20391024074189085,mean_p|train_n=12|p=30,174,286,-1.4154500000000001,0.99980999999999998
399418161,12,30,mean_p,12,0.061647110800477654,0.59883675184572926,mean_p|train_n=12|p=30,175,287,-1.4154500000000001,0.99980999999999998
577472713,12,30,mean_p,12,0.19177574908998776,0.20287893901246112,mean_p|train_n=12|p=30,176,288,-1.4154500000000001,0.99980999999999998
950978831,12,30,mean_p,12,0.20188949352165578,0.18651015357281658,mean_p|train_n=12|p=30,177,289,-1.4154500000000001,0.99980999999999998
585470564,12,30,mean_p,12,0.29138385596408761,0.088596513012264191,mean_p|train_n=12|p=30,178,294,-1.4154500000000001,0.99980999999999998
3132570216,12,30,mean_p,12,0.2867600998287822,0.092070245400158207,mean_p|train_n=12|p=30,179,295,-1.4154500000000001,0.99980999999999998
88876960,12,30,mean_p,12,0.08484787623161387,0.49374070204898657,mean_p|train_n=12|p=30,180,296,-1.4154500000000001,0.99980999999999998
159647886,12,30,mean_p,12,0.30970623444045947,0.076072835297517974,mean_p|train_n=12|p=30,181,297,-1.4154500000000001,0.99980999999999998
2465096363,12,30,mean_p,12,0.25517186860722857,0.11973672133440671,mean_p|train_n=12|p=30,182,299,-1.4154500000000001,0.99980999999999998
194148198,12,30,mean_p,12,0.29354680948024303,0.087016830915175286,mean_p|train_n=12|p=30,183,300,-1.4154500000000001,0.99980999999999998
2773470461,12,30,mean_p,12,0.11933109831213179,0.37062364242239781,mean_p|train_n=12|p=30,184,302,-1.4154500000000001,0.99980999999999998
1709429370,12,30,mean_p,12,0.13241749542699002,0.33239948566342281,mean_p|train_n=12|p=30,185,303,-1.4154500000000001,0.99980999999999998
3425235039,12,30,mean_p,12,0.21741139331376966,0.16391994156038428,mean_p|train_n=12|p=30,186,307,-1.4154500000000001,0.99980999999999998
2214729582,12,30,mean_p,12,0.16820643926442505,0.24681854954657217,mean_p|train_n=12|p=30,187,308,-1.4154500000000001,0.99980999999999998
535372192,12,30,mean_p,12,0.51706629175438457,0.013557213556687243,mean_p|train_n=12|p=30,188,311,-1.4154500000000001,0.99980999999999998
2275843041,12,30,mean_p,12,0.43123699516867259,0.02768322933663676,mean_p|train_n=12|p=30,189,313,-1.4154500000000001,0.99980999999999998
1547502198,12,30,mean_p,12,0.11352971471682226,0.38894644436777831,mean_p|train_n=12|p=30,190,315,-1.4154500000000001,0.99980999999999998
2919758614,12,30,mean_p,12,0.13570166722079027,0.3234422373305576,mean_p|train_n=12|p=30,191,316,-1.4154500000000001,0.99980999999999998
1321508001,12,30,mean_p,12,0.22027234662929729,0.16006522793087424,mean_p|train_n=12|p=30,192,318,-1.4154500000000001,0.99980999999999998
529824748,12,30,mean_p,12,0.17796179470399709,0.22758201616193324,mean_p|train_n=12|p=30,193,319,-1.4154500000000001,0.99980999999999998
1568465471,12,30,mean_p,12,0.20673842163224829,0.17913745750577292,mean_p|train_n=12|p=30,194,320,-1.4154500000000001,0.99980999999999998
4044989797,12,30,mean_p,12,0.16396964480841766,0.255671678377274,mean_p|train_n=12|p=30,195,321,-1.4154500000000001,0.99980999999999998
2309234323,12,30,mean_p,12,0.21663581527902565,0.16498081990677466,mean_p|train_n=12|p=30,196,324,-1.4154500000000001,0.99980999999999998
2469833138,12,30,mean_p,12,0.17106746375247195,0.24101426358886735,mean_p|train_n=12|p=30,197,326,-1.4154500000000001,0.99980999999999998
623632733,12,30,mean_p,12,0.26142198728140048,0.11367100078211062,mean_p|train_n=12|p=30,198,328,-1.4154500000000001,0.99980999999999998
2508711938,12,30,mean_p,12,0.18018364545067478,0.22341473649093152,mean_p|train_n=12|p=30,199,330,-1.4154500000000001,0.99980999999999998
766670852,12,30,mean_p,12,0.16342310799143683,0.25683659883037635,mean_p|train_n=12|p=30,200,331,-1.4154500000000001,0.99980999999999998
3961610491,12,30,mean_p,12,0.15163477450497279,0.28329611175403857,mean_p|train_n=12|p=30,201,332,-1.4154500000000001,0.99980999999999998
4278194971,12,30,mean_p,12,0.30032670414814694,0.082245442704003663,mean_p|train_n=12|p=30,202,333,-1.4154500000000001,0.99980999999999998
60612706,12,30,mean_p,12,0.16917631818961912,0.24483541843800982,mean_p|train_n=12|p=30,203,337,-1.4154500000000001,0.99980999999999998
1964104363,12,30,mean_p,12,0.083835491810654958,0.49791593702882331,mean_p|train_n=12|p=30,204,339,-1.4154500000000001,0.99980999999999998
1399153991,12,30,mean_p,12,0.18313350302859935,0.21799968623478122,mean_p|train_n=12|p=30,205,340,-1.4154500000000001,0.99980999999999998
2263112484,12,30,mean_p,12,0.21866335681366722,0.16222181186702583,mean_p|train_n=12|p=30,206,341,-1.4154500000000001,0.99980999999999998
296616118,12,30,mean_p,12,0.066151782183440797,0.57681421096842245,mean_p|train_n=12|p=30,207,343,-1.4154500000000001,0.99980999999999998
569422242,12,30,mean_p,12,0.075771970873603711,0.53245678707832222,mean_p|train_n=12|p=30,208,344,-1.4154500000000001,0.99980999999999998
3435791340,12,30,mean_p,12,0.35542760191969913,0.052007690247208797,mean_p|train_n=12|p=30,209,345,-1.4154500000000001,0.99980999999999998
1312703387,12,30,mean_p,12,0.25330418122866227,0.12161135321999679,mean_p|train_n=12|p=30,210,346,-1.4154500000000001,0.99980999999999998
3979257590,12,30,mean_p,12,0.37332841108905263,0.044812936197618017,mean_p|train_n=12|p=30,211,347,-1.4154500000000001,0.99980999999999998
1180350031,12,30,mean_p,12,0.054578475603907321,0.6351011523035649,mean_p|train_n=12|p=30,212,348,-1.4154500000000001,0.99980999999999998
2218343563,12,30,mean_p,12,0.1220917737755195,0.36221010855920999,mean_p|train_n=12|p=30,213,349,-1.4154500000000001,0.99980999999999998
1892486562,12,30,mean_p,12,0.11082570108563998,0.39779349430039723,mean_p|train_n=12|p=30,214,353,-1.4154500000000001,0.99980999999999998
2425432250,12,30,mean_p,12,0.21790028883840476,0.16325471156210467,mean_p|train_n=12|p=30,215,354,-1.4154500000000001,0.99980999999999998
134627717,12,30,mean_p,12,0.18933058354734436,0.20704740088354789,mean_p|train_n=12|p=30,216,355,-1.4154500000000001,0.99980999999999998
1814196102,12,30,mean_p,12,0.035458182832806731,0.74458156694291933,mean_p|train_n=12|p=30,217,356,-1.4154500000000001,0.99980999999999998
1163298303,12,30,mean_p,12,0.32127377850726024,0.069094498690295242,mean_p|train_n=12|p=30,218,357,-1.4154500000000001,0.99980999999999998
1130101290,12,30,mean_p,12,0.16343587877753926,0.25680931796251311,mean_p|train_n=12|p=30,219,358,-1.4154500000000001,0.99980999999999998
525537987,12,30,mean_p,12,0.15461142713618969,0.27636807473257508,mean_p|train_n=12|p=30,220,359,-1.4154500000000001,0.99980999999999998
1022256139,12,30,mean_p,12,0.20020322964773005,0.18914456728737006,mean_p|train_n=12|p=30,221,360,-1.4154500000000001,0.99980999999999998
898138745,12,30,mean_p,12,0.2987836916117162,0.083307817951385935,mean_p|train_n=12|p=30,222,361,-1.4154500000000001,0.99980999999999998
3794874467,12,30,mean_p,12,0.15368297735342007,0.27851062502886759,mean_p|train_n=12|p=30,223,363,-1.4154500000000001,0.99980999999999998
361879560,12,30,mean_p,12,0.17813954002336685,0.22724579749625529,mean_p|train_n=12|p=30,224,364,-1.4154500000000001,0.99980999999999998
4240376136,12,30,mean_p,12,0.45241547425687889,0.023211994605058801,mean_p|train_n=12|p=30,225,365,-1.4154500000000001,0.99980999999999998
2566208174,12,30,mean_p,12,0.11225886765002092,0.39307965182338944,mean_p|train_n=12|p=30,226,367,-1.4154500000000001,0.99980999999999998
88911142,12,30,mean_p,12,0.22936170606731496,0.14840992971403069,mean_p|train_n=12|p=30,227,368,-1.4154500000000001,0.99980999999999998
4285790561,12,30,mean_p,12,0.32583819552624632,0.066520446090224478,mean_p|train_n=12|p=30,228,369,-1.4154500000000001,0.99980999999999998
4023269010,12,30,mean_p,12,0.3954481624883886,0.037281973749672181,mean_p|train_n=12|p=30,229,374,-1.4154500000000001,0.99980999999999998
1195091865,12,30,mean_p,12,0.16138866063323223,0.2612197841606676,mean_p|train_n=12|p=30,230,375,-1.4154500000000001,0.99980999999999998
3512959585,12,30,mean_p,12,0.33077419720501688,0.063844654074033294,mean_p|train_n=12|p=30,231,376,-1.4154500000000001,0.99980999999999998
3783530071,12,30,mean_p,12,0.22168850883424243,0.15819083183476715,mean_p|train_n=12|p=30,232,379,-1.4154500000000001,0.99980999999999998
3955096850,12,30,mean_p,12,0.12338024243992456,0.35834896448960418,mean_p|train_n=12|p=30,233,380,-1.4154500000000001,0.99980999999999998
1731455520,12,30,mean_p,12,0.26033485245156762,0.11470353592370709,mean_p|train_n=12|p=30,234,381,-1.4154500000000001,0.99980999999999998
4080954259,12,30,mean_p,12,0.16212264201591089,0.25962987325028214,mean_p|train_n=12|p=30,235,382,-1.4154500000000001,0.99980999999999998
1292193904,12,30,mean_p,12,0.14692812856265514,0.29460676357978782,mean_p|train_n=12|p=30,236,383,-1.4154500000000001,0.99980999999999998
3819642623,12,30,mean_p,12,0.13538539038012795,0.32429424246034916,mean_p|train_n=12|p=30,237,385,-1.4154500000000001,0.99980999999999998
3782599890,12,30,mean_p,12,0.1637710801556144,0.25609429829691704,mean_p|train_n=12|p=30,238,386,-1.4154500000000001,0.99980999999999998
2611367663,12,30,mean_p,12,0.33460937993283285,0.061840141937230322,mean_p|train_n=12|p=30,239,387,-1.4154500000000001,0.99980999999999998
47691385,12,30,mean_p,12,0.27496227214761726,0.10156341630754435,mean_p|train_n=12|p=30,240,390,-1.4154500000000001,0.99980999999999998
967538451,12,30,mean_p,12,0.078949910394853148,0.51856655777252025,mean_p|train_n=12|p=30,241,392,-1.4154500000000001,0.99980999999999998
832792358,12,30,mean_p,12,0.19738649396278787,0.1936283456741327,mean_p|train_n=12|p=30,242,394,-1.4154500000000001,0.99980999999999998
1791906076,12,30,mean_p,12,0.13161766203372957,0.33461825434078862,mean_p|train_n=12|p=30,243,398,-1.4154500000000001,0.99980999999999998
1021107362,12,30,mean_p,12,0.034471454483929832,0.75071777421837815,mean_p|train_n=12|p=30,244,399,-1.4154500000000001,0.99980999999999998
723091507,12,30,mean_p,12,0.087331246831598042,0.48364655843637344,mean_p|train_n=12|p=30,245,400,-1.4154500000000001,0.99980999999999998
144357268,12,30,mean_p,12,0.24809558861751257,0.12699582169361157,mean_p|train_n=12|p=30,246,402,-1.4154500000000001,0.99980999999999998
2559506881,12,30,mean_p,12,0.067000125155029497,0.57275835274224074,mean_p|train_n=12|p=30,247,403,-1.4154500000000001,0.99980999999999998
269114698,12,30,mean_p,12,0.044700172694221503,0.68948827699055482,mean_p|train_n=12|p=30,248,404,-1.4154500000000001,0.99980999999999998
1148793985,12,30,mean_p,12,0.13481520579116998,0.32583591339016144,mean_p|train_n=12|p=30,249,405,-1.4154500000000001,0.99980999999999998
3151022424,12,30,mean_p,12,0.14054688317841166,0.31066624516231239,mean_p|train_n=12|p=30,250,406,-1.4154500000000001,0.99980999999999998
2064535038,12,30,mean_p,12,0.15331565473155973,0.27936286082204553,mean_p|train_n=12|p=30,251,407,-1.4154500000000001,0.99980999999999998
2249685170,12,30,mean_p,12,0.1124027577251578,0.39260947821944603,mean_p|train_n=12|p=30,252,408,-1.4154500000000001,0.99980999999999998
3151829784,12,30,mean_p,12,0.63407413337245344,0.0051226654803940268,mean_p|train_n=12|p=30,253,409,-1.4154500000000001,0.99980999999999998
84092406,12,30,mean_p,12,0.17206095550956982,0.23903081690184455,mean_p|train_n=12|p=30,254,410,-1.4154500000000001,0.99980999999999998
969595782,12,30,mean_p,12,0.2108776383296308,0.17307489044393468,mean_p|train_n=12|p=30,255,413,-1.4154500000000001,0.99980999999999998
326379666,12,30,mean_p,12,0.12663523183312222,0.34877709857563943,mean_p|train_n=12|p=30,256,415,-1.4154500000000001,0.99980999999999998
1919714131,12,30,mean_p,12,0.068089457402761788,0.56759213800053621,mean_p|train_n=12|p=30,257,419,-1.4154500000000001,0.99980999999999998
3808756098,12,30,mean_p,12,0.22041120923489618,0.15988045505099113,mean_p|train_n=12|p=30,258,420,-1.4154500000000001,0.99980999999999998
2885946017,12,30,mean_p,12,0.13576169968090412,0.32328077130490329,mean_p|train_n=12|p=30,259,421,-1.4154500000000001,0.99980999999999998
653102423,12,30,mean_p,12,0.40225510539477599,0.035229766798823642,mean_p|train_n=12|p=30,260,422,-1.4154500000000001,0.99980999999999998
1824115839,12,30,mean_p,12,0.24120427755356177,0.13448793600368272,mean_p|train_n=12|p=30,261,423,-1.4154500000000001,0.99980999999999998
745712374,12,30,mean_p,12,0.18591983983456806,0.21300540170053839,mean_p|train_n=12|p=30,262,430,-1.4154500000000001,0.99980999999999998
1812272068,12,30,mean_p,12,0.39874285794667458,0.036274152160211917,mean_p|train_n=12|p=30,263,431,-1.4154500000000001,0.99980999999999998
3478587561,12,30,mean_p,12,0.12707674122188153,0.34749860835736529,mean_p|train_n=12|p=30,264,435,-1.4154500000000001,0.99980999999999998
452975069,12,30,mean_p,12,0.39854686635167114,0.036333334954859409,mean_p|train_n=12|p=30,265,436,-1.4154500000000001,0.99980999999999998
3528307358,12,30,mean_p,12,0.076406611771118807,0.52965346267031099,mean_p|train_n=12|p=30,266,437,-1.4154500000000001,0.99980999999999998
1921696307,12,30,mean_p,12,0.39559129473167798,0.037237614459868194,mean_p|train_n=12|p=30,267,442,-1.4154500000000001,0.99980999999999998
3606077688,12,30,mean_p,12,0.14004511698030978,0.31196554316877095,mean_p|train_n=12|p=30,268,443,-1.4154500000000001,0.99980999999999998
3341779181,12,30,mean_p,12,0.14827412427338632,0.29132683600634812,mean_p|train_n=12|p=30,269,445,-1.4154500000000001,0.99980999999999998
531814568,12,30,mean_p,12,0.26123923993928816,0.11384391773600348,mean_p|train_n=12|p=30,270,446,-1.4154500000000001,0.99980999999999998
585375334,12,30,mean_p,12,0.20199869000164936,0.18634082875691432,mean_p|train_n=12|p=30,271,449,-1.4154500000000001,0.99980999999999998
243243684,12,30,mean_p,12,0.061076166223428395,0.60168738112930087,mean_p|train_n=12|p=30,272,450,-1.4154500000000001,0.99980999999999998
2535060801,12,30,mean_p,12,0.3984983516235267,0.036347999655473223,mean_p|train_n=12|p=30,273,454,-1.4154500000000001,0.99980999999999998
2814004787,12,30,mean_p,12,0.29649855895847593,0.084906410487369716,mean_p|train_n=12|p=30,274,456,-1.4154500000000001,0.99980999999999998
3869251584,12,30,mean_p,12,0.087551407414770299,0.48276169390604712,mean_p|train_n=12|p=30,275,457,-1.4154500000000001,0.99980999999999998
1917612020,12,30,mean_p,12,0.083902131600726515,0.49764002159344101,mean_p|train_n=12|p=30,276,458,-1.4154500000000001,0.99980999999999998
1782044880,12,30,mean_p,12,0.18840972514203205,0.20863936635639244,mean_p|train_n=12|p=30,277,460,-1.4154500000000001,0.99980999999999998
1961694943,12,30,mean_p,12,0.10642275273923117,0.41263181526179249,mean_p|train_n=12|p=30,278,461,-1.4154500000000001,0.99980999999999998
1476762554,12,30,mean_p,12,0.18498248741199239,0.21467262725166947,mean_p|train_n=12|p=30,279,463,-1.4154500000000001,0.99980999999999998
3377517350,12,30,mean_p,12,0.30213254760841668,0.081019299896693972,mean_p|train_n=12|p=30,280,464,-1.4154500000000001,0.99980999999999998
1661959566,12,30,mean_p,12,0.15084583131575383,0.28516128340079339,mean_p|train_n=12|p=30,281,465,-1.4154500000000001,0.99980999999999998
2736323622,12,30,mean_p,12,0.36872915918032118,0.046560491240669584,mean_p|train_n=12|p=30,282,467,-1.4154500000000001,0.99980999999999998
268614900,12,30,mean_p,12,0.083226176459140752,0.50044585157688215,mean_p|train_n=12|p=30,283,470,-1.4154500000000001,0.99980999999999998
2578839541,12,30,mean_p,12,0.068338657356989949,0.56641685889747206,mean_p|train_n=12|p=30,284,471,-1.4154500000000001,0.99980999999999998
3836611728,12,30,mean_p,12,0.44969397635510017,0.023743431815091899,mean_p|train_n=12|p=30,285,472,-1.4154500000000001,0.99980999999999998
3819321454,12,30,mean_p,12,0.47943060724157055,0.018540612472356454,mean_p|train_n=12|p=30,286,474,-1.4154500000000001,0.99980999999999998
3758060454,12,30,mean_p,12,0.14750899948963284,0.2931867897986975,mean_p|train_n=12|p=30,287,476,-1.4154500000000001,0.99980999999999998
3388560332,12,30,mean_p,12,0.12201637663318865,0.3624373347286306,mean_p|train_n=12|p=30,288,477,-1.4154500000000001,0.99980999999999998
2917681171,12,30,mean_p,12,0.47850448188609507,0.018683987786021792,mean_p|train_n=12|p=30,289,478,-1.4154500000000001,0.99980999999999998
4032298676,12,30,mean_p,12,0.27627138240957066,0.10046350442951722,mean_p|train_n=12|p=30,290,480,-1.4154500000000001,0.99980999999999998
1491853058,12,30,mean_p,12,0.30096225861248305,0.081811808128166852,mean_p|train_n=12|p=30,291,483,-1.4154500000000001,0.99980999999999998
2666814671,12,30,mean_p,12,0.47603809161982552,0.019071245823240979,mean_p|train_n=12|p=30,292,484,-1.4154500000000001,0.99980999999999998
3590359745,12,30,mean_p,12,0.20694863652940906,0.17882450605289091,mean_p|train_n=12|p=30,293,485,-1.4154500000000001,0.99980999999999998
3430994935,12,30,mean_p,12,0.23198135198890335,0.14521111341013043,mean_p|train_n=12|p=30,294,489,-1.4154500000000001,0.99980999999999998
2804749510,12,30,mean_p,12,0.37082973245998591,0.04575404836746149,mean_p|train_n=12|p=30,295,490,-1.4154500000000001,0.99980999999999998
2351819166,12,30,mean_p,12,0.21640782548836743,0.16529398072575219,mean_p|train_n=12|p=30,296,493,-1.4154500000000001,0.99980999999999998
702058496,12,30,mean_p,12,0.18434257582076427,0.21581829757511023,mean_p|train_n=12|p=30,297,494,-1.4154500000000001,0.99980999999999998
4235491243,12,30,mean_p,12,0.10283722408049491,0.42512332183032508,mean_p|train_n=12|p=30,298,495,-1.4154500000000001,0.99980999999999998
1564739058,12,30,mean_p,12,0.1265686229581868,0.34897038754884729,mean_p|train_n=12|p=30,299,497,-1.4154500000000001,0.99980999999999998
394458901,12,30,mean_p,12,0.14919863963790561,0.28909515271802699,mean_p|train_n=12|p=30,300,498,-1.4154500000000001,0.99980999999999998
2262818872,12,30,mean_p,12,0.14056798459357958,0.31061172285261057,mean_p|train_n=12|p=30,301,499,-1.4154500000000001,0.99980999999999998
1515195825,12,30,mean_p,12,0.058312716901431194,0.61567777568309767,mean_p|train_n=12|p=30,302,500,-1.4154500000000001,0.99980999999999998
2650857261,12,30,mean_p,12,0.20162238539852365,0.18692499184541003,mean_p|train_n=12|p=30,303,501,-1.4154500000000001,0.99980999999999998
788952829,12,30,mean_p,12,0.078134963366273791,0.52209362198170817,mean_p|train_n=12|p=30,304,502,-1.4154500000000001,0.99980999999999998
2074525852,12,30,mean_p,12,0.24747608726180759,0.12765190322415543,mean_p|train_n=12|p=30,305,504,-1.4154500000000001,0.99980999999999998
1337413104,12,30,mean_p,12,0.19732310557547061,0.19373046309577621,mean_p|train_n=12|p=30,306,508,-1.4154500000000001,0.99980999999999998
3358605087,12,30,mean_p,12,0.23067831322337154,0.14679352533449438,mean_p|train_n=12|p=30,307,509,-1.4154500000000001,0.99980999999999998
159662975,12,30,mean_p,12,0.30734325540154311,0.077582815089626417,mean_p|train_n=12|p=30,308,510,-1.4154500000000001,0.99980999999999998
1735061413,12,30,mean_p,12,0.17989548280869819,0.22395087472286171,mean_p|train_n=12|p=30,309,512,-1.4154500000000001,0.99980999999999998
1117218121,12,30,mean_p,12,0.27760734450945418,0.099353311608344486,mean_p|train_n=12|p=30,310,513,-1.4154500000000001,0.99980999999999998
4071319375,12,30,mean_p,12,0.16339473809863089,0.25689721277588262,mean_p|train_n=12|p=30,311,515,-1.4154500000000001,0.99980999999999998
2835284094,12,30,mean_p,12,0.23258543705334547,0.14448331009198442,mean_p|train_n=12|p=30,312,516,-1.4154500000000001,0.99980999999999998
3760783361,12,30,mean_p,12,0.35828845155335437,0.050784729993830845,mean_p|train_n=12|p=30,313,517,-1.4154500000000001,0.99980999999999998
1889951198,12,30,mean_p,12,0.29783961977181322,0.083964573558685723,mean_p|train_n=12|p=30,314,518,-1.4154500000000001,0.99980999999999998
2706383124,12,30,mean_p,12,0.21139077864296554,0.17233774970540858,mean_p|train_n=12|p=30,315,519,-1.4154500000000001,0.99980999999999998
3833986328,12,30,mean_p,12,0.099015343769237193,0.43885488598744421,mean_p|train_n=12|p=30,316,520,-1.4154500000000001,0.99980999999999998
772768926,12,30,mean_p,12,0.067138863064369406,0.57209777684593943,mean_p|train_n=12|p=30,317,521,-1.4154500000000001,0.99980999999999998
325518922,12,30,mean_p,12,0.025729716439659617,0.80733727204465344,mean_p|train_n=12|p=30,318,522,-1.4154500000000001,0.99980999999999998
3607417234,12,30,mean_p,12,0.30899661604088263,0.076523178391122146,mean_p|train_n=12|p=30,319,524,-1.4154500000000001,0.99980999999999998
773114014,12,30,mean_p,12,0.34701048386521705,0.05577932141765729,mean_p|train_n=12|p=30,320,525,-1.4154500000000001,0.99980999999999998
3977290378,12,30,mean_p,12,0.15394208053444308,0.2779110364979458,mean_p|train_n=12|p=30,321,527,-1.4154500000000001,0.99980999999999998
1706157636,12,30,mean_p,12,0.36323287047551417,0.048738496399237462,mean_p|train_n=12|p=30,322,528,-1.4154500000000001,0.99980999999999998
4112803957,12,30,mean_p,12,0.25818907842258337,0.116769148723495,mean_p|train_n=12|p=30,323,531,-1.4154500000000001,0.99980999999999998
949030775,12,30,mean_p,12,0.30710670794735562,0.077735613148374724,mean_p|train_n=12|p=30,324,532,-1.4154500000000001,0.99980999999999998
2631819711,12,30,mean_p,12,0.34683713715818976,0.05585980525276811,mean_p|train_n=12|p=30,325,533,-1.4154500000000001,0.99980999999999998
1806335322,12,30,mean_p,12,0.15524682664728637,0.27491129357305305,mean_p|train_n=12|p=30,326,534,-1.4154500000000001,0.99980999999999998
411111585,12,30,mean_p,12,0.13159615463872776,0.33467812072030201,mean_p|train_n=12|p=30,327,536,-1.4154500000000001,0.99980999999999998
2782676682,12,30,mean_p,12,0.44044993502884361,0.025641078933721997,mean_p|train_n=12|p=30,328,537,-1.4154500000000001,0.99980999999999998
738925165,12,30,mean_p,12,0.22096418385844482,0.15914677130887792,mean_p|train_n=12|p=30,329,540,-1.4154500000000001,0.99980999999999998
1657842142,12,30,mean_p,12,0.33966512041480662,0.059293532286922232,mean_p|train_n=12|p=30,330,544,-1.4154500000000001,0.99980999999999998
4069805835,12,30,mean_p,12,0.33763556523967458,0.060302984563099779,mean_p|train_n=12|p=30,331,548,-1.4154500000000001,0.99980999999999998
4234915068,12,30,mean_p,12,0.12469476761798777,0.35445215060399737,mean_p|train_n=12|p=30,332,549,-1.4154500000000001,0.99980999999999998
3996985156,12,30,mean_p,12,0.13834078781664566,0.31641952840248544,mean_p|train_n=12|p=30,333,550,-1.4154500000000001,0.99980999999999998
838505479,12,30,mean_p,12,0.32869410986050879,0.064958885096608202,mean_p|train_n=12|p=30,334,553,-1.4154500000000001,0.99980999999999998
1281233804,12,30,mean_p,12,0.27439678230884884,0.10204225649295169,mean_p|train_n=12|p=30,335,554,-1.4154500000000001,0.99980999999999998
2461508222,12,30,mean_p,12,0.13186496043792681,0.33393066195093679,mean_p|train_n=12|p=30,336,556,-1.4154500000000001,0.99980999999999998
3005205883,12,30,mean_p,12,0.49001186192043411,0.016978556960429037,mean_p|train_n=12|p=30,337,557,-1.4154500000000001,0.99980999999999998
2553054371,12,30,mean_p,12,0.095852721880968009,0.45055256510181751,mean_p|train_n=12|p=30,338,559,-1.4154500000000001,0.99980999999999998
2921254797,12,30,mean_p,12,0.28779779190520577,0.091278981052767022,mean_p|train_n=12|p=30,339,560,-1.4154500000000001,0.99980999999999998
266926753,12,30,mean_p,12,0.25791303065168619,0.11703757050417027,mean_p|train_n=12|p=30,340,561,-1.4154500000000001,0.99980999999999998
2563953616,12,30,mean_p,12,0.10421114006330562,0.42029270447795114,mean_p|train_n=12|p=30,341,563,-1.4154500000000001,0.99980999999999998
1866302096,12,30,mean_p,12,0.321810795950005,0.068786556651824177,mean_p|train_n=12|p=30,342,565,-1.4154500000000001,0.99980999999999998
319233540,12,30,mean_p,12,0.13867996111262151,0.31552811497060118,mean_p|train_n=12|p=30,343,567,-1.4154500000000001,0.99980999999999998
302433924,12,30,mean_p,12,0.44667564863019765,0.024347074079644506,mean_p|train_n=12|p=30,344,568,-1.4154500000000001,0.99980999999999998
1612252276,12,30,mean_p,12,0.16045623050803864,0.26325361250159729,mean_p|train_n=12|p=30,345,569,-1.4154500000000001,0.99980999999999998
405918214,12,30,mean_p,12,0.27335116394787995,0.10293360985181425,mean_p|train_n=12|p=30,346,570,-1.4154500000000001,0.99980999999999998
1664803502,12,30,mean_p,12,0.14763961181067478,0.29286844382276833,mean_p|train_n=12|p=30,347,571,-1.4154500000000001,0.99980999999999998
2014402957,12,30,mean_p,12,0.3726792953499099,0.045055544240512113,mean_p|train_n=12|p=30,348,572,-1.4154500000000001,0.99980999999999998
1120513724,12,30,mean_p,12,0.28472301309331088,0.093643576289028016,mean_p|train_n=12|p=30,349,574,-1.4154500000000001,0.99980999999999998
2189456496,12,30,mean_p,12,0.35630570860609873,0.051629215851466952,mean_p|train_n=12|p=30,350,575,-1.4154500000000001,0.99980999999999998
1282424370,12,30,mean_p,12,0.31346947619998894,0.07372850355756469,mean_p|train_n=12|p=30,351,577,-1.4154500000000001,0.99980999999999998
2288611405,12,30,mean_p,12,0.29425598293008365,0.086505052255615097,mean_p|train_n=12|p=30,352,578,-1.4154500000000001,0.99980999999999998
3039173019,12,30,mean_p,12,0.30969904351475858,0.076077385535379988,mean_p|train_n=12|p=30,353,579,-1.4154500000000001,0.99980999999999998
1293505450,12,30,mean_p,12,0.27517030239113066,0.10138782832071197,mean_p|train_n=12|p=30,354,580,-1.4154500000000001,0.99980999999999998
595924664,12,30,mean_p,12,0.25825150766468918,0.11670852953332009,mean_p|train_n=12|p=30,355,581,-1.4154500000000001,0.99980999999999998
301164946,12,30,mean_p,12,0.2306769240121829,0.14679522156312405,mean_p|train_n=12|p=30,356,582,-1.4154500000000001,0.99980999999999998
3665596527,12,30,mean_p,12,0.14648305077875376,0.29569943472810611,mean_p|train_n=12|p=30,357,583,-1.4154500000000001,0.99980999999999998
1972637296,12,30,mean_p,12,0.06034386141692985,0.6053635278866869,mean_p|train_n=12|p=30,358,584,-1.4154500000000001,0.99980999999999998
1628839531,12,30,mean_p,12,0.12341887653887211,0.35823382776502743,mean_p|train_n=12|p=30,359,586,-1.4154500000000001,0.99980999999999998
2933840308,12,30,mean_p,12,0.21245615922846398,0.17081731051535873,mean_p|train_n=12|p=30,360,587,-1.4154500000000001,0.99980999999999998
2483740908,12,30,mean_p,12,0.24926247014061353,0.12576918201402243,mean_p|train_n=12|p=30,361,593,-1.4154500000000001,0.99980999999999998
2443598614,12,30,mean_p,12,0.40281665090766611,0.035065599149632906,mean_p|train_n=12|p=30,362,594,-1.4154500000000001,0.99980999999999998
2362666470,12,30,mean_p,12,0.33059691331231889,0.06393886922978094,mean_p|train_n=12|p=30,363,596,-1.4154500000000001,0.99980999999999998
506126084,12,30,mean_p,12,0.2499171725087749,0.12508614713470664,mean_p|train_n=12|p=30,364,597,-1.4154500000000001,0.99980999999999998
3729911138,12,30,mean_p,12,0.2951969923776368,0.085830611758594452,mean_p|train_n=12|p=30,365,598,-1.4154500000000001,0.99980999999999998
4117690695,12,30,mean_p,12,0.13516168978980578,0.32489821498377647,mean_p|train_n=12|p=30,366,599,-1.4154500000000001,0.99980999999999998
427776861,12,30,mean_p,12,0.18035679138379632,0.22309320899144169,mean_p|train_n=12|p=30,367,600,-1.4154500000000001,0.99980999999999998
2729001950,12,30,mean_p,12,0.21704069133516127,0.16442615436715124,mean_p|train_n=12|p=30,368,604,-1.4154500000000001,0.99980999999999998
2191880423,12,30,mean_p,12,0.064894858218361481,0.5828763218284716,mean_p|train_n=12|p=30,369,606,-1.4154500000000001,0.99980999999999998
1443853621,12,30,mean_p,12,0.36579461988179024,0.047710961186477809,mean_p|train_n=12|p=30,370,607,-1.4154500000000001,0.99980999999999998
3264324300,12,30,mean_p,12,0.17438304265062529,0.23445833748039868,mean_p|train_n=12|p=30,371,608,-1.4154500000000001,0.99980999999999998
3981396807,12,30,mean_p,12,0.32862806181058341,0.064994581508910992,mean_p|train_n=12|p=30,372,609,-1.4154500000000001,0.99980999999999998
2125821102,12,30,mean_p,12,0.12680084770975653,0.34829697001865068,mean_p|train_n=12|p=30,373,610,-1.4154500000000001,0.99980999999999998
2532077815,12,30,mean_p,12,0.19561666486530727,0.19649983710347196,mean_p|train_n=12|p=30,374,611,-1.4154500000000001,0.99980999999999998
3003691460,12,30,mean_p,12,0.16962975314986473,0.24391374467454588,mean_p|train_n=12|p=30,375,612,-1.4154500000000001,0.99980999999999998
2912323976,12,30,mean_p,12,0.62568236165987268,0.0054930062933013406,mean_p|train_n=12|p=30,376,613,-1.4154500000000001,0.99980999999999998
2367253442,12,30,mean_p,12,0.1344904250815965,0.32671733283688131,mean_p|train_n=12|p=30,377,615,-1.4154500000000001,0.99980999999999998
2180588817,12,30,mean_p,12,0.22241674088425969,0.15723552441411753,mean_p|train_n=12|p=30,378,618,-1.4154500000000001,0.99980999999999998
481354086,12,30,mean_p,12,0.10618205525628842,0.41345875865498138,mean_p|train_n=12|p=30,379,619,-1.4154500000000001,0.99980999999999998
383572482,12,30,mean_p,12,0.36541336762993254,0.047862500767690282,mean_p|train_n=12|p=30,380,622,-1.4154500000000001,0.99980999999999998
3363251528,12,30,mean_p,12,0.1320744300280213,0.33334935474911392,mean_p|train_n=12|p=30,381,623,-1.4154500000000001,0.99980999999999998
3828013051,12,30,mean_p,12,0.19359412643677806,0.1998335168266307,mean_p|train_n=12|p=30,382,626,-1.4154500000000001,0.99980999999999998
638813175,12,30,mean_p,12,0.16856746613226156,0.24607848072161451,mean_p|train_n=12|p=30,383,629,-1.4154500000000001,0.99980999999999998
2023424544,12,30,mean_p,12,0.1040716516003075,0.42078062469450056,mean_p|train_n=12|p=30,384,632,-1.4154500000000001,0.99980999999999998
2953615635,12,30,mean_p,12,0.31708476111326533,0.071544410375275341,mean_p|train_n=12|p=30,385,633,-1.4154500000000001,0.99980999999999998
2894537495,12,30,mean_p,12,0.16860538859894988,0.24600087237532281,mean_p|train_n=12|p=30,386,634,-1.4154500000000001,0.99980999999999998
3343690458,12,30,mean_p,12,0.098617126401915653,0.44031090582690968,mean_p|train_n=12|p=30,387,635,-1.4154500000000001,0.99980999999999998
2273798768,12,30,mean_p,12,0.67049777424563584,0.0037837348504529428,mean_p|train_n=12|p=30,388,636,-1.4154500000000001,0.99980999999999998
333324312,12,30,mean_p,12,0.308094471073659,0.07709955519311662,mean_p|train_n=12|p=30,389,637,-1.4154500000000001,0.99980999999999998
4185123123,12,30,mean_p,12,0.16634029355015123,0.25067959584702343,mean_p|train_n=12|p=30,390,638,-1.4154500000000001,0.99980999999999998
380862748,12,30,mean_p,12,0.05825433078180358,0.61597684734013514,mean_p|train_n=12|p=30,391,639,-1.4154500000000001,0.99980999999999998
1847856687,12,30,mean_p,12,0.3718782991403376,0.045356728974107877,mean_p|train_n=12|p=30,392,642,-1.4154500000000001,0.99980999999999998
2566871617,12,30,mean_p,12,0.32254967939859336,0.068365100553592573,mean_p|train_n=12|p=30,393,643,-1.4154500000000001,0.99980999999999998
1180244662,12,30,mean_p,12,0.23962472837763402,0.13626653998668534,mean_p|train_n=12|p=30,394,645,-1.4154500000000001,0.99980999999999998
1348366265,12,30,mean_p,12,0.15943091785808086,0.26550832191228985,mean_p|train_n=12|p=30,395,647,-1.4154500000000001,0.99980999999999998
2960691278,12,30,mean_p,12,0.090506992570279832,0.47103823936367994,mean_p|train_n=12|p=30,396,649,-1.4154500000000001,0.99980999999999998
2215180692,12,30,mean_p,12,0.27147945245176186,0.10454866684385211,mean_p|train_n=12|p=30,397,650,-1.4154500000000001,0.99980999999999998
3546424658,12,30,mean_p,12,0.22398853438007835,0.15519323625720499,mean_p|train_n=12|p=30,398,651,-1.4154500000000001,0.99980999999999998
3547556142,12,30,mean_p,12,0.12973884993656817,0.33988858151254653,mean_p|train_n=12|p=30,399,652,-1.4154500000000001,0.99980999999999998
3701380570,12,30,mean_p,12,0.11116956609114444,0.39665735539996294,mean_p|train_n=12|p=30,400,653,-1.4154500000000001,0.99980999999999998
4099300952,12,30,mean_p,12,0.39915255110975084,0.036150749953879277,mean_p|train_n=12|p=30,401,654,-1.4154500000000001,0.99980999999999998
1089933520,12,30,mean_p,12,0.18905255711410743,0.20752676424923214,mean_p|train_n=12|p=30,402,656,-1.4154500000000001,0.99980999999999998
233807824,12,30,mean_p,12,0.31342935923960186,0.073753109647468063,mean_p|train_n=12|p=30,403,658,-1.4154500000000001,0.99980999999999998
83890374,12,30,mean_p,12,0.15757087815474544,0.26964804181503993,mean_p|train_n=12|p=30,404,660,-1.4154500000000001,0.99980999999999998
1349287653,12,30,mean_p,12,0.13311469769331657,0.33047742462139418,mean_p|train_n=12|p=30,405,661,-1.4154500000000001,0.99980999999999998
208843933,12,30,mean_p,12,0.24842570077102277,0.12664759541017337,mean_p|train_n=12|p=30,406,665,-1.4154500000000001,0.99980999999999998
3052992668,12,30,mean_p,12,0.27902645650295727,0.098187455172154839,mean_p|train_n=12|p=30,407,666,-1.4154500000000001,0.99980999999999998
2220951722,12,30,mean_p,12,0.40428754411721846,0.03463920118322511,mean_p|train_n=12|p=30,408,668,-1.4154500000000001,0.99980999999999998
2958655497,12,30,mean_p,12,0.11910013016304689,0.37133634635943219,mean_p|train_n=12|p=30,409,669,-1.4154500000000001,0.99980999999999998
183623913,12,30,mean_p,12,0.21692998191291959,0.16457763676374326,mean_p|train_n=12|p=30,410,670,-1.4154500000000001,0.99980999999999998
1191154280,12,30,mean_p,12,0.42482392843802042,0.029200013751256623,mean_p|train_n=12|p=30,411,671,-1.4154500000000001,0.99980999999999998
3649632371,12,30,mean_p,12,0.20853084145558345,0.176486520297615,mean_p|train_n=12|p=30,412,672,-1.4154500000000001,0.99980999999999998
1145609720,12,30,mean_p,12,0.095486780122623571,0.45192605436407907,mean_p|train_n=12|p=30,413,674,-1.4154500000000001,0.99980999999999998
1555680410,12,30,mean_p,12,0.51982647375285895,0.013249505394726158,mean_p|train_n=12|p=30,414,675,-1.4154500000000001,0.99980999999999998
3539872457,12,30,mean_p,12,0.099037735263704685,0.43877315809812639,mean_p|train_n=12|p=30,415,676,-1.4154500000000001,0.99980999999999998
1061076950,12,30,mean_p,12,0.083190319213894831,0.50059513290439084,mean_p|train_n=12|p=30,416,679,-1.4154500000000001,0.99980999999999998
2220434886,12,30,mean_p,12,0.38260037798677732,0.041486779059041475,mean_p|train_n=12|p=30,417,682,-1.4154500000000001,0.99980999999999998
587117887,12,30,mean_p,12,0.037839871552595335,0.72997630566970084,mean_p|train_n=12|p=30,418,683,-1.4154500000000001,0.99980999999999998
4084850930,12,30,mean_p,12,0.30835988799961772,0.076929532108139895,mean_p|train_n=12|p=30,419,685,-1.4154500000000001,0.99980999999999998
1375945873,12,30,mean_p,12,0.18311375860616061,0.21803549115187232,mean_p|train_n=12|p=30,420,687,-1.4154500000000001,0.99980999999999998
2515139322,12,30,mean_p,12,0.14607908988819732,0.29669467135980981,mean_p|train_n=12|p=30,421,689,-1.4154500000000001,0.99980999999999998
1579633452,12,30,mean_p,12,0.19027772747006785,0.20542266460508501,mean_p|train_n=12|p=30,422,690,-1.4154500000000001,0.99980999999999998
1351102274,12,30,mean_p,12,0.1366321736869846,0.32094854277650842,mean_p|train_n=12|p=30,423,691,-1.4154500000000001,0.99980999999999998
4096795589,12,30,mean_p,12,0.11047922970930048,0.39894153605699212,mean_p|train_n=12|p=30,424,692,-1.4154500000000001,0.99980999999999998
1842137080,12,30,mean_p,12,0.11135752967186806,0.39603769109896159,mean_p|train_n=12|p=30,425,693,-1.4154500000000001,0.99980999999999998
4263654489,12,30,mean_p,12,0.43882274251077463,0.025990480026364247,mean_p|train_n=12|p=30,426,695,-1.4154500000000001,0.99980999999999998
2031547525,12,30,mean_p,12,0.57988644318332272,0.0080397295240097703,mean_p|train_n=12|p=30,427,698,-1.4154500000000001,0.99980999999999998
1234581830,12,30,mean_p,12,0.22116887115714443,0.15887604791596519,mean_p|train_n=12|p=30,428,699,-1.4154500000000001,0.99980999999999998
3984643912,12,30,mean_p,12,0.33913644613960581,0.059554843135184679,mean_p|train_n=12|p=30,429,700,-1.4154500000000001,0.99980999999999998
3183129030,12,30,mean_p,12,0.19093878299857722,0.20429624663864338,mean_p|train_n=12|p=30,430,702,-1.4154500000000001,0.99980999999999998
2392566820,12,30,mean_p,12,0.32948825965826462,0.064531209853184557,mean_p|train_n=12|p=30,431,703,-1.4154500000000001,0.99980999999999998
3779154371,12,30,mean_p,12,0.022541217842079828,0.82903527032592672,mean_p|train_n=12|p=30,432,707,-1.4154500000000001,0.99980999999999998
1199278659,12,30,mean_p,12,0.19877623635949856,0.19140297560876751,mean_p|train_n=12|p=30,433,708,-1.4154500000000001,0.99980999999999998
3052055697,12,30,mean_p,12,0.21803883537488847,0.16306668557018633,mean_p|train_n=12|p=30,434,709,-1.4154500000000001,0.99980999999999998
1588583160,12,30,mean_p,12,0.062146161248632072,0.59635614156124372,mean_p|train_n=12|p=30,435,710,-1.4154500000000001,0.99980999999999998
2182107628,12,30,mean_p,12,0.34464138890175572,0.056889386499351706,mean_p|train_n=12|p=30,436,711,-1.4154500000000001,0.99980999999999998
2996365765,12,30,mean_p,12,0.058904006302635294,0.61265717900026218,mean_p|train_n=12|p=30,437,716,-1.4154500000000001,0.99980999999999998
3510288282,12,30,mean_p,12,0.2161765377443037,0.165612278923988,mean_p|train_n=12|p=30,438,717,-1.4154500000000001,0.99980999999999998
3041852539,12,30,mean_p,12,0.28765499293819169,0.091387463756960247,mean_p|train_n=12|p=30,439,719,-1.4154500000000001,0.99980999999999998
1250010904,12,30,mean_p,12,0.21465298918356235,0.16772435837208727,mean_p|train_n=12|p=30,440,722,-1.4154500000000001,0.99980999999999998
3886936860,12,30,mean_p,12,0.20025085546076271,0.18906965432631259,mean_p|train_n=12|p=30,441,723,-1.4154500000000001,0.99980999999999998
1400028594,12,30,mean_p,12,0.27745489293094389,0.099479377141274639,mean_p|train_n=12|p=30,442,725,-1.4154500000000001,0.99980999999999998
1817310376,12,30,mean_p,12,0.15762096163631031,0.26953573450310458,mean_p|train_n=12|p=30,443,726,-1.4154500000000001,0.99980999999999998
2779949098,12,30,mean_p,12,0.12983914364533375,0.33960515802523611,mean_p|train_n=12|p=30,444,727,-1.4154500000000001,0.99980999999999998
2507548820,12,30,mean_p,12,0.18325707752973777,0.2177757273672026,mean_p|train_n=12|p=30,445,729,-1.4154500000000001,0.99980999999999998
3799977642,12,30,mean_p,12,0.42815548328250808,0.028401957988267001,mean_p|train_n=12|p=30,446,731,-1.4154500000000001,0.99980999999999998
3625690170,12,30,mean_p,12,0.30253969240962048,0.080745389247284874,mean_p|train_n=12|p=30,447,732,-1.4154500000000001,0.99980999999999998
735440234,12,30,mean_p,12,0.28030950289931433,0.09714516241309458,mean_p|train_n=12|p=30,448,734,-1.4154500000000001,0.99980999999999998
1663586918,12,30,mean_p,12,0.068370633439026371,0.56626622927953285,mean_p|train_n=12|p=30,449,735,-1.4154500000000001,0.99980999999999998
3736851613,12,30,mean_p,12,0.10347006225407039,0.42289143696155462,mean_p|train_n=12|p=30,450,737,-1.4154500000000001,0.99980999999999998
3122238466,12,30,mean_p,12,0.13768492310070463,0.31815041813493816,mean_p|train_n=12|p=30,451,742,-1.4154500000000001,0.99980999999999998
3407059569,12,30,mean_p,12,0.20541227043789403,0.18112439233823119,mean_p|train_n=12|p=30,452,744,-1.4154500000000001,0.99980999999999998
4149728233,12,30,mean_p,12,0.17126566768941576,0.24061725144932378,mean_p|train_n=12|p=30,453,745,-1.4154500000000001,0.99980999999999998
3097668738,12,30,mean_p,12,0.083464219489849265,0.49945595597659909,mean_p|train_n=12|p=30,454,746,-1.4154500000000001,0.99980999999999998
663279833,12,30,mean_p,12,0.058054839036653615,0.61699980201912907,mean_p|train_n=12|p=30,455,747,-1.4154500000000001,0.99980999999999998
343798633,12,30,mean_p,12,0.30282682374273923,0.080552775837616442,mean_p|train_n=12|p=30,456,748,-1.4154500000000001,0.99980999999999998
4180745191,12,30,mean_p,12,0.23482264073622813,0.1418195482771866,mean_p|train_n=12|p=30,457,749,-1.4154500000000001,0.99980999999999998
1867724239,12,30,mean_p,12,0.25922584905785429,0.11576650587471603,mean_p|train_n=12|p=30,458,750,-1.4154500000000001,0.99980999999999998
2732701255,12,30,mean_p,12,0.26355235659832627,0.11167450158120851,mean_p|train_n=12|p=30,459,752,-1.4154500000000001,0.99980999999999998
734660194,12,30,mean_p,12,0.1846690246640342,0.21523307561874669,mean_p|train_n=12|p=30,460,753,-1.4154500000000001,0.99980999999999998
1563374576,12,30,mean_p,12,0.25847846843013728,0.11648841423671281,mean_p|train_n=12|p=30,461,755,-1.4154500000000001,0.99980999999999998
1378221120,12,30,mean_p,12,0.21277792399313888,0.17036075243275436,mean_p|train_n=12|p=30,462,757,-1.4154500000000001,0.99980999999999998
3979066007,12,30,mean_p,12,0.11472945862185276,0.38508437639033066,mean_p|train_n=12|p=30,463,758,-1.4154500000000001,0.99980999999999998
971360976,12,30,mean_p,12,0.1189767058637725,0.37171776137195656,mean_p|train_n=12|p=30,464,759,-1.4154500000000001,0.99980999999999998
3647860370,12,30,mean_p,12,0.11610778281983729,0.38069475702125399,mean_p|train_n=12|p=30,465,761,-1.4154500000000001,0.99980999999999998
2206397984,12,30,mean_p,12,0.20506263704167196,0.18165189931897985,mean_p|train_n=12|p=30,466,763,-1.4154500000000001,0.99980999999999998
4195074654,12,30,mean_p,12,0.1660253881871018,0.25133706389242955,mean_p|train_n=12|p=30,467,764,-1.4154500000000001,0.99980999999999998
3898485333,12,30,mean_p,12,0.21085536249044831,0.17310696163441153,mean_p|train_n=12|p=30,468,765,-1.4154500000000001,0.99980999999999998
1072155883,12,30,mean_p,12,0.24365781765407221,0.1317711264387178,mean_p|train_n=12|p=30,469,766,-1.4154500000000001,0.99980999999999998
876039206,12,30,mean_p,12,0.48073335039981774,0.018340792579942724,mean_p|train_n=12|p=30,470,767,-1.4154500000000001,0.99980999999999998
2140066866,12,30,mean_p,12,0.25425608086306706,0.12065227545941833,mean_p|train_n=12|p=30,471,768,-1.4154500000000001,0.99980999999999998
2964756852,12,30,mean_p,12,0.38665344101434801,0.040111471634234577,mean_p|train_n=12|p=30,472,772,-1.4154500000000001,0.99980999999999998
3408979853,12,30,mean_p,12,0.2031634133851026,0.1845442944179147,mean_p|train_n=12|p=30,473,773,-1.4154500000000001,0.99980999999999998
572880207,12,30,mean_p,12,0.13261418740250563,0.33185611213153116,mean_p|train_n=12|p=30,474,774,-1.4154500000000001,0.99980999999999998
3537993616,12,30,mean_p,12,0.077683519552853686,0.52405777104704598,mean_p|train_n=12|p=30,475,775,-1.4154500000000001,0.99980999999999998
2244247085,12,30,mean_p,12,0.15865660489187758,0.26722386123001257,mean_p|train_n=12|p=30,476,776,-1.4154500000000001,0.99980999999999998
2919118555,12,30,mean_p,12,0.10078755380414643,0.43243324771791819,mean_p|train_n=12|p=30,477,777,-1.4154500000000001,0.99980999999999998
667826161,12,30,mean_p,12,0.11690430955997762,0.3781808680857292,mean_p|train_n=12|p=30,478,779,-1.4154500000000001,0.99980999999999998
438933332,12,30,mean_p,12,0.1261067376612163,0.3503136594668762,mean_p|train_n=12|p=30,479,780,-1.4154500000000001,0.99980999999999998
368428891,12,30,mean_p,12,0.22857112111863678,0.14938907453154843,mean_p|train_n=12|p=30,480,781,-1.4154500000000001,0.99980999999999998
3345670643,12,30,mean_p,12,0.2595378622639245,0.11546645204209449,mean_p|train_n=12|p=30,481,782,-1.4154500000000001,0.99980999999999998
1795369636,12,30,mean_p,12,0.52661832478938442,0.012521750776506319,mean_p|train_n=12|p=30,482,783,-1.4154500000000001,0.99980999999999998
2287838679,12,30,mean_p,12,0.22874533643746542,0.14917275424092413,mean_p|train_n=12|p=30,483,784,-1.4154500000000001,0.99980999999999998
3280606748,12,30,mean_p,12,0.11023299563137294,0.3997594525000453,mean_p|train_n=12|p=30,484,785,-1.4154500000000001,0.99980999999999998
3862066433,12,30,mean_p,12,0.27343144873565983,0.10286489475325766,mean_p|train_n=12|p=30,485,788,-1.4154500000000001,0.99980999999999998
2877820793,12,30,mean_p,12,0.18789440072638605,0.20953558666876831,mean_p|train_n=12|p=30,486,790,-1.4154500000000001,0.99980999999999998
2746408794,12,30,mean_p,12,0.3113904449517505,0.075014570749180484,mean_p|train_n=12|p=30,487,792,-1.4154500000000001,0.99980999999999998
3254903644,12,30,mean_p,12,0.28246635933754133,0.095417896199214314,mean_p|train_n=12|p=30,488,795,-1.4154500000000001,0.99980999999999998
1811795727,12,30,mean_p,12,0.27696406920289535,0.09988633752291147,mean_p|train_n=12|p=30,489,799,-1.4154500000000001,0.99980999999999998
4095768624,12,30,mean_p,12,0.44625127755532423,0.024433166709628674,mean_p|train_n=12|p=30,490,800,-1.4154500000000001,0.99980999999999998
997922360,12,30,mean_p,12,0.31874179682605031,0.070565089939180092,mean_p|train_n=12|p=30,491,801,-1.4154500000000001,0.99980999999999998
553597154,12,30,mean_p,12,0.071265098523066117,0.55279589888355474,mean_p|train_n=12|p=30,492,804,-1.4154500000000001,0.99980999999999998
3974562301,12,30,mean_p,12,0.15021881352740798,0.28665239493198497,mean_p|train_n=12|p=30,493,805,-1.4154500000000001,0.99980999999999998
1174219841,12,30,mean_p,12,0.1815989375787844,0.22080010282088861,mean_p|train_n=12|p=30,494,806,-1.4154500000000001,0.99980999999999998
3782704271,12,30,mean_p,12,0.41031540149751228,0.032945270491304746,mean_p|train_n=12|p=30,495,808,-1.4154500000000001,0.99980999999999998
3782658724,12,30,mean_p,12,0.066032832953801399,0.57738518867756072,mean_p|train_n=12|p=30,496,809,-1.4154500000000001,0.99980999999999998
1067458673,12,30,mean_p,12,0.12180581283324975,0.36307267109705282,mean_p|train_n=12|p=30,497,810,-1.4154500000000001,0.99980999999999998
3601237586,12,30,mean_p,12,0.222657479182754,0.15692099025109313,mean_p|train_n=12|p=30,498,813,-1.4154500000000001,0.99980999999999998
3629373823,12,30,mean_p,12,0.25429525453218649,0.12061296883744228,mean_p|train_n=12|p=30,499,816,-1.4154500000000001,0.99980999999999998
1216935791,12,40,mean_p,12,0.10218362287577097,0.42744079939207874,mean_p|train_n=12|p=40,0,1,-1.4213,0.95160999999999996
2260314959,12,40,mean_p,12,0.14150050624384605,0.3082117835395134,mean_p|train_n=12|p=40,1,3,-1.4213,0.95160999999999996
1769420166,12,40,mean_p,12,0.12463153673417347,0.35463862009546276,mean_p|train_n=12|p=40,2,4,-1.4213,0.95160999999999996
676365524,12,40,mean_p,12,0.14615424801753771,0.29650925131844169,mean_p|train_n=12|p=40,3,5,-1.4213,0.95160999999999996
389127389,12,40,mean_p,12,0.10534251918763748,0.41635607221108689,mean_p|train_n=12|p=40,4,9,-1.4213,0.95160999999999996
3394316332,12,40,mean_p,12,0.0500628815414065,0.65940897189101055,mean_p|train_n=12|p=40,5,10,-1.4213,0.95160999999999996
2681909953,12,40,mean_p,12,0.14573902293852803,0.2975350891678844,mean_p|train_n=12|p=40,6,11,-1.4213,0.95160999999999996
1040838781,12,40,mean_p,12,0.10338449870321931,0.42319251491136184,mean_p|train_n=12|p=40,7,13,-1.4213,0.95160999999999996
2016711147,12,40,mean_p,12,0.22459499855422146,0.154412346503323,mean_p|train_n=12|p=40,8,19,-1.4213,0.95160999999999996
1367660954,12,40,mean_p,12,0.36209844170098876,0.049200565216861017,mean_p|train_n=12|p=40,9,21,-1.4213,0.95160999999999996
1320326900,12,40,mean_p,12,0.1906575311512605,0.20477473410808292,mean_p|train_n=12|p=40,10,23,-1.4213,0.95160999999999996
3848711562,12,40,mean_p,12,0.12802100136946609,0.34477999748132304,mean_p|train_n=12|p=40,11,25,-1.4213,0.95160999999999996
977253372,12,40,mean_p,12,0.2953835762480112,0.085697509307795974,mean_p|train_n=12|p=40,12,26,-1.4213,0.95160999999999996
1202033095,12,40,mean_p,12,0.02555142530462369,0.80853542848195681,mean_p|train_n=12|p=40,13,27,-1.4213,0.95160999999999996
3267263313,12,40,mean_p,12,0.16489450738817527,0.25371239551288594,mean_p|train_n=12|p=40,14,28,-1.4213,0.95160999999999996
664469226,12,40,mean_p,12,0.34215722450442887,0.05807710320354105,mean_p|train_n=12|p=40,15,32,-1.4213,0.95160999999999996
353195885,12,40,mean_p,12,0.13682023392118106,0.32044689434172535,mean_p|train_n=12|p=40,16,34,-1.4213,0.95160999999999996
1741453875,12,40,mean_p,12,0.333391331621743,0.062469856258932775,mean_p|train_n=12|p=40,17,35,-1.4213,0.95160999999999996
1585800779,12,40,mean_p,12,0.040033864118018972,0.71677569862508239,mean_p|train_n=12|p=40,18,38,-1.4213,0.95160999999999996
906179123,12,40,mean_p,12,0.13726187812727877,0.31927189434173481,mean_p|train_n=12|p=40,19,39,-1.4213,0.95160999999999996
1193735533,12,40,mean_p,12,0.25853219781996634,0.11643636620535672,mean_p|train_n=12|p=40,20,43,-1.4213,0.95160999999999996
4255288688,12,40,mean_p,12,0.37515714728533839,0.044136444721831987,mean_p|train_n=12|p=40,21,44,-1.4213,0.95160999999999996
1796686663,12,40,mean_p,12,0.20556752611869181,0.18089064280141667,mean_p|train_n=12|p=40,22,47,-1.4213,0.95160999999999996
1137546669,12,40,mean_p,12,0.17456656577431021,0.2341007092883339,mean_p|train_n=12|p=40,23,48,-1.4213,0.95160999999999996
663457092,12,40,mean_p,12,0.15102517790619985,0.28473620748366851,mean_p|train_n=12|p=40,24,50,-1.4213,0.95160999999999996
2547556208,12,40,mean_p,12,0.23660928136512208,0.13972757076185616,mean_p|train_n=12|p=40,25,51,-1.4213,0.95160999999999996
2149088460,12,40,mean_p,12,0.19781283553506404,0.19294291505279962,mean_p|train_n=12|p=40,26,52,-1.4213,0.95160999999999996
52176291,12,40,mean_p,12,0.1397972346764732,0.31260942572040629,mean_p|train_n=12|p=40,27,55,-1.4213,0.95160999999999996
848615504,12,40,mean_p,12,0.12158432370773113,0.36374217449646973,mean_p|train_n=12|p=40,28,57,-1.4213,0.95160999999999996
2131478535,12,40,mean_p,12,0.047592136190126783,0.67310074832696976,mean_p|train_n=12|p=40,29,58,-1.4213,0.95160999999999996
3210288208,12,40,mean_p,12,0.26434441891302918,0.11094118710419748,mean_p|train_n=12|p=40,30,59,-1.4213,0.95160999999999996
919791377,12,40,mean_p,12,0.19824678723168598,0.19224774128721633,mean_p|train_n=12|p=40,31,60,-1.4213,0.95160999999999996
318327399,12,40,mean_p,12,0.21039518963366799,0.17377081728959301,mean_p|train_n=12|p=40,32,61,-1.4213,0.95160999999999996
2506940005,12,40,mean_p,12,0.20307048410156492,0.18468699566758898,mean_p|train_n=12|p=40,33,62,-1.4213,0.95160999999999996
1142826353,12,40,mean_p,12,0.12090310598915445,0.36580906411594699,mean_p|train_n=12|p=40,34,63,-1.4213,0.95160999999999996
1592583332,12,40,mean_p,12,0.18203058583885282,0.22000877474986491,mean_p|train_n=12|p=40,35,65,-1.4213,0.95160999999999996
2620357059,12,40,mean_p,12,0.38840197265709553,0.039532317095901971,mean_p|train_n=12|p=40,36,66,-1.4213,0.95160999999999996
3446718403,12,40,mean_p,12,0.093373235960333201,0.45994114517889501,mean_p|train_n=12|p=40,37,67,-1.4213,0.95160999999999996
3302941087,12,40,mean_p,12,0.34638024943462137,0.056072492326489691,mean_p|train_n=12|p=40,38,68,-1.4213,0.95160999999999996
3269338048,12,40,mean_p,12,0.27257622837066353,0.10359923532741827,mean_p|train_n=12|p=40,39,69,-1.4213,0.95160999999999996
3211372244,12,40,mean_p,12,0.18953082650925859,0.20670283511774898,mean_p|train_n=12|p=40,40,70,-1.4213,0.95160999999999996
4073005787,12,40,mean_p,12,0.019178045972203364,0.85255419335131433,mean_p|train_n=12|p=40,41,72,-1.4213,0.95160999999999996
2656112186,12,40,mean_p,12,0.12238923564275915,0.36131502946352984,mean_p|train_n=12|p=40,42,73,-1.4213,0.95160999999999996
268025834,12,40,mean_p,12,0.15438236263352986,0.2768951421516137,mean_p|train_n=12|p=40,43,74,-1.4213,0.95160999999999996
329844738,12,40,mean_p,12,0.26203711749711006,0.11309088739320557,mean_p|train_n=12|p=40,44,75,-1.4213,0.95160999999999996
3128380832,12,40,mean_p,12,0.18890470527446648,0.20778213704360421,mean_p|train_n=12|p=40,45,76,-1.4213,0.95160999999999996
3894368030,12,40,mean_p,12,0.18940481139144891,0.20691960723334779,mean_p|train_n=12|p=40,46,77,-1.4213,0.95160999999999996
183603904,12,40,mean_p,12,0.10806192962597731,0.40704405255806747,mean_p|train_n=12|p=40,47,79,-1.4213,0.95160999999999996
4154396645,12,40,mean_p,12,0.24541776441010943,0.12985620221925501,mean_p|train_n=12|p=40,48,80,-1.4213,0.95160999999999996
1403226767,12,40,mean_p,12,0.30223942064450676,0.080947310203503917,mean_p|train_n=12|p=40,49,82,-1.4213,0.95160999999999996
3620670093,12,40,mean_p,12,0.072597919676176223,0.54670139574026289,mean_p|train_n=12|p=40,50,83,-1.4213,0.95160999999999996
560818909,12,40,mean_p,12,0.12039480090914155,0.36735896538345514,mean_p|train_n=12|p=40,51,85,-1.4213,0.95160999999999996
1583942076,12,40,mean_p,12,0.051371838634048601,0.65226853306836241,mean_p|train_n=12|p=40,52,87,-1.4213,0.95160999999999996
3426634136,12,40,mean_p,12,0.12689328937673106,0.34802926456647654,mean_p|train_n=12|p=40,53,88,-1.4213,0.95160999999999996
2349640817,12,40,mean_p,12,0.27083175435377194,0.10511343241361404,mean_p|train_n=12|p=40,54,89,-1.4213,0.95160999999999996
3701378178,12,40,mean_p,12,0.12189702824145994,0.36279730927138276,mean_p|train_n=12|p=40,55,91,-1.4213,0.95160999999999996
1099930715,12,40,mean_p,12,0.040137400508941885,0.71615868321593079,mean_p|train_n=12|p=40,56,92,-1.4213,0.95160999999999996
1107525205,12,40,mean_p,12,0.17003191283284358,0.24309919919016251,mean_p|train_n=12|p=40,57,93,-1.4213,0.95160999999999996
1817588038,12,40,mean_p,12,0.36210865202590403,0.049196386933205584,mean_p|train_n=12|p=40,58,96,-1.4213,0.95160999999999996
212512658,12,40,mean_p,12,0.42276362731143052,0.029704729727431507,mean_p|train_n=12|p=40,59,97,-1.4213,0.95160999999999996
511949978,12,40,mean_p,12,0.14505264264132903,0.29923862009462487,mean_p|train_n=12|p=40,60,98,-1.4213,0.95160999999999996
3796505179,12,40,mean_p,12,0.17721791983042953,0.22899451728488168,mean_p|train_n=12|p=40,61,99,-1.4213,0.95160999999999996
1942790425,12,40,mean_p,12,0.056614435899659178,0.62443649778786692,mean_p|train_n=12|p=40,62,100,-1.4213,0.95160999999999996
3871071974,12,40,mean_p,12,0.089770679828462929,0.4739319545278603,mean_p|train_n=12|p=40,63,102,-1.4213,0.95160999999999996
4198724253,12,40,mean_p,12,0.47686104518245021,0.018941146347492045,mean_p|train_n=12|p=40,64,103,-1.4213,0.95160999999999996
362511914,12,40,mean_p,12,0.18855671119822889,0.20838444064295256,mean_p|train_n=12|p=40,65,105,-1.4213,0.95160999999999996
3523414914,12,40,mean_p,12,0.13987110617573056,0.31241740315362504,mean_p|train_n=12|p=40,66,106,-1.4213,0.95160999999999996
2711606271,12,40,mean_p,12,0.091327511630797054,0.46783440257465536,mean_p|train_n=12|p=40,67,107,-1.4213,0.95160999999999996
302659376,12,40,mean_p,12,0.11896389515759316,0.37175737241051249,mean_p|train_n=12|p=40,68,109,-1.4213,0.95160999999999996
1873015386,12,40,mean_p,12,0.10593921555536923,0.41429474133322808,mean_p|train_n=12|p=40,69,110,-1.4213,0.95160999999999996
2811440190,12,40,mean_p,12,0.039772937405366984,0.71833302589462755,mean_p|train_n=12|p=40,70,111,-1.4213,0.95160999999999996
2924292950,12,40,mean_p,12,0.12382484357049622,0.3570262057444209,mean_p|train_n=12|p=40,71,113,-1.4213,0.95160999999999996
257506827,12,40,mean_p,12,0.10927016078787137,0.40297383430212302,mean_p|train_n=12|p=40,72,115,-1.4213,0.95160999999999996
875016919,12,40,mean_p,12,0.044048648258927986,0.69323491387146086,mean_p|train_n=12|p=40,73,116,-1.4213,0.95160999999999996
2269833673,12,40,mean_p,12,0.16271896158908053,0.25834528537759277,mean_p|train_n=12|p=40,74,118,-1.4213,0.95160999999999996
2939530626,12,40,mean_p,12,0.1685834825558703,0.24604570011678797,mean_p|train_n=12|p=40,75,121,-1.4213,0.95160999999999996
2211878734,12,40,mean_p,12,0.18635645806116188,0.21223323545484069,mean_p|train_n=12|p=40,76,122,-1.4213,0.95160999999999996
1838582899,12,40,mean_p,12,0.24934983547318812,0.12567782070995523,mean_p|train_n=12|p=40,77,123,-1.4213,0.95160999999999996
3804864276,12,40,mean_p,12,0.41912654398446492,0.030617100473037975,mean_p|train_n=12|p=40,78,126,-1.4213,0.95160999999999996
3108265496,12,40,mean_p,12,0.15529037194337666,0.2748117388455153,mean_p|train_n=12|p=40,79,127,-1.4213,0.95160999999999996
2891979621,12,40,mean_p,12,0.19589668624352383,0.19604269163434199,mean_p|train_n=12|p=40,80,128,-1.4213,0.95160999999999996
3194429525,12,40,mean_p,12,0.041888651034200787,0.70580237389113254,mean_p|train_n=12|p=40,81,129,-1.4213,0.95160999999999996
1059433015,12,40,mean_p,12,0.27594254361480491,0.1007386687727049,mean_p|train_n=12|p=40,82,130,-1.4213,0.95160999999999996
3861906028,12,40,mean_p,12,0.27147455087528022,0.10455292939735321,mean_p|train_n=12|p=40,83,131,-1.4213,0.95160999999999996
3631043342,12,40,mean_p,12,0.35608185948371357,0.051725435110170699,mean_p|train_n=12|p=40,84,133,-1.4213,0.95160999999999996
3813086073,12,40,mean_p,12,0.021524830490890129,0.83607370425300875,mean_p|train_n=12|p=40,85,135,-1.4213,0.95160999999999996
1068642326,12,40,mean_p,12,0.088136195837019496,0.48041917842150283,mean_p|train_n=12|p=40,86,138,-1.4213,0.95160999999999996
1927150651,12,40,mean_p,12,0.26790403043411143,0.10770458968452566,mean_p|train_n=12|p=40,87,139,-1.4213,0.95160999999999996
1309232292,12,40,mean_p,12,0.084171782413965932,0.49652511933579302,mean_p|train_n=12|p=40,88,140,-1.4213,0.95160999999999996
1139132446,12,40,mean_p,12,0.36345750027580342,0.048647517527575734,mean_p|train_n=12|p=40,89,142,-1.4213,0.95160999999999996
1989770883,12,40,mean_p,12,0.32479622294773736,0.067099476668445721,mean_p|train_n=12|p=40,90,146,-1.4213,0.95160999999999996
263668285,12,40,mean_p,12,0.20047004038443447,0.18872526999129899,mean_p|train_n=12|p=40,91,148,-1.4213,0.95160999999999996
1339424545,12,40,mean_p,12,0.39527204094261642,0.037336629547467227,mean_p|train_n=12|p=40,92,149,-1.4213,0.95160999999999996
402002945,12,40,mean_p,12,0.16512252317302986,0.25323166517161672,mean_p|train_n=12|p=40,93,151,-1.4213,0.95160999999999996
2426970106,12,40,mean_p,12,0.077809540665434593,0.52350873408226994,mean_p|train_n=12|p=40,94,152,-1.4213,0.95160999999999996
3169328480,12,40,mean_p,12,0.03650897757683106,0.73810208420252099,mean_p|train_n=12|p=40,95,153,-1.4213,0.95160999999999996
2389236307,12,40,mean_p,12,0.22793656301004026,0.15017965043350853,mean_p|train_n=12|p=40,96,157,-1.4213,0.95160999999999996
748930729,12,40,mean_p,12,0.095941231140251146,0.45022099067613558,mean_p|train_n=12|p=40,97,158,-1.4213,0.95160999999999996
3023586741,12,40,mean_p,12,0.097368515706896142,0.44490765035246321,mean_p|train_n=12|p=40,98,160,-1.4213,0.95160999999999996
159539188,12,40,mean_p,12,0.27750234869566331,0.099440117798060002,mean_p|train_n=12|p=40,99,161,-1.4213,0.95160999999999996
2271935472,12,40,mean_p,12,0.03606827010430122,0.74081271141070593,mean_p|train_n=12|p=40,100,162,-1.4213,0.95160999999999996
4136566324,12,40,mean_p,12,0.068882179916065406,0.56386192820834014,mean_p|train_n=12|p=40,101,164,-1.4213,0.95160999999999996
1862853050,12,40,mean_p,12,0.08425662405358364,0.4961748486810002,mean_p|train_n=12|p=40,102,166,-1.4213,0.95160999999999996
318759564,12,40,mean_p,12,0.11882674414200027,0.37218171152700252,mean_p|train_n=12|p=40,103,171,-1.4213,0.95160999999999996
2444213714,12,40,mean_p,12,0.16277104371925935,0.2582333926347502,mean_p|train_n=12|p=40,104,172,-1.4213,0.95160999999999996
1678586705,12,40,mean_p,12,0.18215130438742,0.21978797290716248,mean_p|train_n=12|p=40,105,173,-1.4213,0.95160999999999996
3930057493,12,40,mean_p,12,0.27874309012888415,0.098419153519151051,mean_p|train_n=12|p=40,106,174,-1.4213,0.95160999999999996
1514675849,12,40,mean_p,12,0.21030724735204964,0.17389797424742012,mean_p|train_n=12|p=40,107,176,-1.4213,0.95160999999999996
2431395809,12,40,mean_p,12,0.18469744531009294,0.21518220133205065,mean_p|train_n=12|p=40,108,178,-1.4213,0.95160999999999996
548222184,12,40,mean_p,12,0.11902080443669046,0.37158143969874735,mean_p|train_n=12|p=40,109,180,-1.4213,0.95160999999999996
938421644,12,40,mean_p,12,0.29293563167064635,0.08746031895501849,mean_p|train_n=12|p=40,110,182,-1.4213,0.95160999999999996
3711038156,12,40,mean_p,12,0.081725960780575771,0.50672976188685293,mean_p|train_n=12|p=40,111,184,-1.4213,0.95160999999999996
3990213995,12,40,mean_p,12,0.11770372992878327,0.37567453738358686,mean_p|train_n=12|p=40,112,187,-1.4213,0.95160999999999996
1864162813,12,40,mean_p,12,0.084984862295569855,0.49317844536553435,mean_p|train_n=12|p=40,113,192,-1.4213,0.95160999999999996
377567525,12,40,mean_p,12,0.25072419615511332,0.12424930147448882,mean_p|train_n=12|p=40,114,193,-1.4213,0.95160999999999996
3858544149,12,40,mean_p,12,0.10141576696619743,0.43017953454141367,mean_p|train_n=12|p=40,115,194,-1.4213,0.95160999999999996
1495404943,12,40,mean_p,12,0.10963628192037506,0.40174852074408368,mean_p|train_n=12|p=40,116,195,-1.4213,0.95160999999999996
4176061691,12,40,mean_p,12,0.21398503630152113,0.16865880752786258,mean_p|train_n=12|p=40,117,197,-1.4213,0.95160999999999996
3532240169,12,40,mean_p,12,0.071891437682275502,0.54992346332467124,mean_p|train_n=12|p=40,118,198,-1.4213,0.95160999999999996
2091709317,12,40,mean_p,12,0.021416133021476557,0.83682995714232677,mean_p|train_n=12|p=40,119,199,-1.4213,0.95160999999999996
504848168,12,40,mean_p,12,0.18583228219157311,0.21316058662911683,mean_p|train_n=12|p=40,120,201,-1.4213,0.95160999999999996
2748886553,12,40,mean_p,12,0.20136822012788561,0.18732058560717613,mean_p|train_n=12|p=40,121,205,-1.4213,0.95160999999999996
3287941376,12,40,mean_p,12,0.040428422984226942,0.71442720526135939,mean_p|train_n=12|p=40,122,206,-1.4213,0.95160999999999996
2595151634,12,40,mean_p,12,0.30062847982111129,0.082039257341975425,mean_p|train_n=12|p=40,123,207,-1.4213,0.95160999999999996
3983506654,12,40,mean_p,12,0.16721300621015325,0.2488664963123946,mean_p|train_n=12|p=40,124,209,-1.4213,0.95160999999999996
1185875820,12,40,mean_p,12,0.33301615398865519,0.062665106674771431,mean_p|train_n=12|p=40,125,210,-1.4213,0.95160999999999996
2497401586,12,40,mean_p,12,0.12889295884153504,0.34228844458023966,mean_p|train_n=12|p=40,126,211,-1.4213,0.95160999999999996
1119592496,12,40,mean_p,12,0.2104639093662645,0.1736715191990218,mean_p|train_n=12|p=40,127,213,-1.4213,0.95160999999999996
1851123899,12,40,mean_p,12,0.35078107061712882,0.054057070947945825,mean_p|train_n=12|p=40,128,216,-1.4213,0.95160999999999996
2716632156,12,40,mean_p,12,0.16141211072253586,0.26116883759422638,mean_p|train_n=12|p=40,129,217,-1.4213,0.95160999999999996
3496788191,12,40,mean_p,12,0.33232117271416706,0.06302840338023516,mean_p|train_n=12|p=40,130,218,-1.4213,0.95160999999999996
3834749720,12,40,mean_p,12,0.069381106769248205,0.56152677425473996,mean_p|train_n=12|p=40,131,220,-1.4213,0.95160999999999996
1982779425,12,40,mean_p,12,0.073075394616728032,0.54453446339209566,mean_p|train_n=12|p=40,132,223,-1.4213,0.95160999999999996
2397927458,12,40,mean_p,12,0.32203988051997617,0.068655610598660571,mean_p|train_n=12|p=40,133,224,-1.4213,0.95160999999999996
3859601451,12,40,mean_p,12,0.026946586324108669,0.79920691120182463,mean_p|train_n=12|p=40,134,225,-1.4213,0.95160999999999996
4191944884,12,40,mean_p,12,0.14603669017069301,0.29679932540032067,mean_p|train_n=12|p=40,135,226,-1.4213,0.95160999999999996
471729922,12,40,mean_p,12,0.14777056594792423,0.29254961174816496,mean_p|train_n=12|p=40,136,228,-1.4213,0.95160999999999996
2976761866,12,40,mean_p,12,0.16348904327271219,0.25669577946107813,mean_p|train_n=12|p=40,137,229,-1.4213,0.95160999999999996
3348988987,12,40,mean_p,12,0.097263454797777371,0.44529661265109216,mean_p|train_n=12|p=40,138,233,-1.4213,0.95160999999999996
526118982,12,40,mean_p,12,0.011601245484780419,0.90801312359656305,mean_p|train_n=12|p=40,139,234,-1.4213,0.95160999999999996
921317735,12,40,mean_p,12,0.25597150533688412,0.11894297210608706,mean_p|train_n=12|p=40,140,236,-1.4213,0.95160999999999996
426566421,12,40,mean_p,12,0.11087716006213448,0.39762326567728545,mean_p|train_n=12|p=40,141,237,-1.4213,0.95160999999999996
1545334107,12,40,mean_p,12,0.13334506410966571,0.32984479189527532,mean_p|train_n=12|p=40,142,238,-1.4213,0.95160999999999996
1871220859,12,40,mean_p,12,0.30070590836919758,0.081986438399629949,mean_p|train_n=12|p=40,143,240,-1.4213,0.95160999999999996
3567581369,12,40,mean_p,12,0.39133784834079605,0.038578632626298973,mean_p|train_n=12|p=40,144,241,-1.4213,0.95160999999999996
594368971,12,40,mean_p,12,0.10943485563760591,0.40242218110627115,mean_p|train_n=12|p=40,145,242,-1.4213,0.95160999999999996
3982894010,12,40,mean_p,12,0.15976462613763323,0.26477237035413692,mean_p|train_n=12|p=40,146,243,-1.4213,0.95160999999999996
1822834691,12,40,mean_p,12,0.16498980107972502,0.25351137497161808,mean_p|train_n=12|p=40,147,244,-1.4213,0.95160999999999996
1126345216,12,40,mean_p,12,0.1207553960455567,0.36625877947457552,mean_p|train_n=12|p=40,148,245,-1.4213,0.95160999999999996
2783500083,12,40,mean_p,12,0.48147872874376069,0.018227433585377539,mean_p|train_n=12|p=40,149,248,-1.4213,0.95160999999999996
3604963084,12,40,mean_p,12,0.12620206442202841,0.35003600385934674,mean_p|train_n=12|p=40,150,249,-1.4213,0.95160999999999996
1338819253,12,40,mean_p,12,0.066328371565038111,0.57596759134382502,mean_p|train_n=12|p=40,151,250,-1.4213,0.95160999999999996
358763462,12,40,mean_p,12,0.24359258267291808,0.13184264608177337,mean_p|train_n=12|p=40,152,256,-1.4213,0.95160999999999996
725766470,12,40,mean_p,12,0.33817267789070177,0.060034177215835191,mean_p|train_n=12|p=40,153,257,-1.4213,0.95160999999999996
1345698746,12,40,mean_p,12,0.2765163656634646,0.10025899703275327,mean_p|train_n=12|p=40,154,258,-1.4213,0.95160999999999996
743184830,12,40,mean_p,12,0.39645312844633701,0.036971629952750273,mean_p|train_n=12|p=40,155,259,-1.4213,0.95160999999999996
3600996020,12,40,mean_p,12,0.30934567282739822,0.076301325298786971,mean_p|train_n=12|p=40,156,260,-1.4213,0.95160999999999996
2467840563,12,40,mean_p,12,0.38950345611643128,0.039171780794809728,mean_p|train_n=12|p=40,157,261,-1.4213,0.95160999999999996
1316867837,12,40,mean_p,12,0.14875875075626047,0.29015485839980204,mean_p|train_n=12|p=40,158,263,-1.4213,0.95160999999999996
3931069553,12,40,mean_p,12,0.41759359398646906,0.031009990026267479,mean_p|train_n=12|p=40,159,264,-1.4213,0.95160999999999996
1334282774,12,40,mean_p,12,0.16648544514732247,0.25037712371443044,mean_p|train_n=12|p=40,160,265,-1.4213,0.95160999999999996
2566956636,12,40,mean_p,12,0.37046865744546764,0.045891669776830041,mean_p|train_n=12|p=40,161,267,-1.4213,0.95160999999999996
2802387363,12,40,mean_p,12,0.16548253712000513,0.25247449419963053,mean_p|train_n=12|p=40,162,268,-1.4213,0.95160999999999996
3507435907,12,40,mean_p,12,0.19581649345379806,0.19617350060743965,mean_p|train_n=12|p=40,163,271,-1.4213,0.95160999999999996
3456663433,12,40,mean_p,12,0.15634096497409125,0.27242073472568307,mean_p|train_n=12|p=40,164,273,-1.4213,0.95160999999999996
2046883849,12,40,mean_p,12,0.21199362689343104,0.17147575076419669,mean_p|train_n=12|p=40,165,274,-1.4213,0.95160999999999996
126982840,12,40,mean_p,12,0.22163302748350236,0.15826385072965826,mean_p|train_n=12|p=40,166,275,-1.4213,0.95160999999999996
391368563,12,40,mean_p,12,0.32985344065405769,0.06433549433253892,mean_p|train_n=12|p=40,167,276,-1.4213,0.95160999999999996
2799428540,12,40,mean_p,12,0.13978947994570348,0.31262959031554383,mean_p|train_n=12|p=40,168,279,-1.4213,0.95160999999999996
1609573494,12,40,mean_p,12,0.063072152427652711,0.59178054400187674,mean_p|train_n=12|p=40,169,280,-1.4213,0.95160999999999996
1043089470,12,40,mean_p,12,0.32964038678110824,0.064449606420826533,mean_p|train_n=12|p=40,170,281,-1.4213,0.95160999999999996
1467741052,12,40,mean_p,12,0.2602201779533449,0.11481299644214558,mean_p|train_n=12|p=40,171,282,-1.4213,0.95160999999999996
1462525159,12,40,mean_p,12,0.065951892457589562,0.57777404074283334,mean_p|train_n=12|p=40,172,284,-1.4213,0.95160999999999996
2367483287,12,40,mean_p,12,0.26078503662625419,0.11427482862508867,mean_p|train_n=12|p=40,173,285,-1.4213,0.95160999999999996
545091367,12,40,mean_p,12,0.15920458382630939,0.26600863696426241,mean_p|train_n=12|p=40,174,286,-1.4213,0.95160999999999996
399418161,12,40,mean_p,12,0.041251251881097711,0.70955428957633127,mean_p|train_n=12|p=40,175,287,-1.4213,0.95160999999999996
577472713,12,40,mean_p,12,0.16885756288833934,0.24548541973631977,mean_p|train_n=12|p=40,176,288,-1.4213,0.95160999999999996
950978831,12,40,mean_p,12,0.1867952125385203,0.21146011095725759,mean_p|train_n=12|p=40,177,289,-1.4213,0.95160999999999996
585470564,12,40,mean_p,12,0.2739026892744752,0.10246248762071888,mean_p|train_n=12|p=40,178,294,-1.4213,0.95160999999999996
3132570216,12,40,mean_p,12,0.26592803154986028,0.10948943880924991,mean_p|train_n=12|p=40,179,295,-1.4213,0.95160999999999996
88876960,12,40,mean_p,12,0.05561587616546778,0.62964453241307072,mean_p|train_n=12|p=40,180,296,-1.4213,0.95160999999999996
159647886,12,40,mean_p,12,0.28499849343935346,0.093429248814742155,mean_p|train_n=12|p=40,181,297,-1.4213,0.95160999999999996
2465096363,12,40,mean_p,12,0.22669358470660408,0.15174038238335336,mean_p|train_n=12|p=40,182,299,-1.4213,0.95160999999999996
194148198,12,40,mean_p,12,0.2552197740508117,0.11968901979309506,mean_p|train_n=12|p=40,183,300,-1.4213,0.95160999999999996
2773470461,12,40,mean_p,12,0.087226420022302062,0.48406844580785885,mean_p|train_n=12|p=40,184,302,-1.4213,0.95160999999999996
1709429370,12,40,mean_p,12,0.10240336307629568,0.4266602590272276,mean_p|train_n=12|p=40,185,303,-1.4213,0.95160999999999996
3425235039,12,40,mean_p,12,0.17856406324894467,0.22644478833494189,mean_p|train_n=12|p=40,186,307,-1.4213,0.95160999999999996
2214729582,12,40,mean_p,12,0.12426029565680853,0.35573539993945957,mean_p|train_n=12|p=40,187,308,-1.4213,0.95160999999999996
535372192,12,40,mean_p,12,0.55389832600502986,0.0099797548224719018,mean_p|train_n=12|p=40,188,311,-1.4213,0.95160999999999996
2275843041,12,40,mean_p,12,0.42708418022213118,0.028656174488951872,mean_p|train_n=12|p=40,189,313,-1.4213,0.95160999999999996
1547502198,12,40,mean_p,12,0.088905189257008799,0.47735607636543054,mean_p|train_n=12|p=40,190,315,-1.4213,0.95160999999999996
2919758614,12,40,mean_p,12,0.10918468193931284,0.4032604477855477,mean_p|train_n=12|p=40,191,316,-1.4213,0.95160999999999996
1321508001,12,40,mean_p,12,0.16922210627042608,0.24474218950950732,mean_p|train_n=12|p=40,192,318,-1.4213,0.95160999999999996
529824748,12,40,mean_p,12,0.15821896187501042,0.26819838547227642,mean_p|train_n=12|p=40,193,319,-1.4213,0.95160999999999996
1568465471,12,40,mean_p,12,0.17917099078993318,0.22530451196918302,mean_p|train_n=12|p=40,194,320,-1.4213,0.95160999999999996
4044989797,12,40,mean_p,12,0.12364997222292173,0.35754589213741383,mean_p|train_n=12|p=40,195,321,-1.4213,0.95160999999999996
2309234323,12,40,mean_p,12,0.18226253784741184,0.21958471605988072,mean_p|train_n=12|p=40,196,324,-1.4213,0.95160999999999996
2469833138,12,40,mean_p,12,0.13965763317196958,0.31297263007291898,mean_p|train_n=12|p=40,197,326,-1.4213,0.95160999999999996
623632733,12,40,mean_p,12,0.22735839478674968,0.15090361399739774,mean_p|train_n=12|p=40,198,328,-1.4213,0.95160999999999996
2508711938,12,40,mean_p,12,0.14339848240497463,0.30338427420276182,mean_p|train_n=12|p=40,199,330,-1.4213,0.95160999999999996
766670852,12,40,mean_p,12,0.14063494792833844,0.31043876484226535,mean_p|train_n=12|p=40,200,331,-1.4213,0.95160999999999996
3961610491,12,40,mean_p,12,0.1327191454806762,0.33156652261318542,mean_p|train_n=12|p=40,201,332,-1.4213,0.95160999999999996
4278194971,12,40,mean_p,12,0.26942127088824863,0.10635389309245727,mean_p|train_n=12|p=40,202,333,-1.4213,0.95160999999999996
60612706,12,40,mean_p,12,0.13502445183474882,0.32526930235140011,mean_p|train_n=12|p=40,203,337,-1.4213,0.95160999999999996
1964104363,12,40,mean_p,12,0.055528978133556429,0.6300998024273452,mean_p|train_n=12|p=40,204,339,-1.4213,0.95160999999999996
1399153991,12,40,mean_p,12,0.15734091728441721,0.2701643075939536,mean_p|train_n=12|p=40,205,340,-1.4213,0.95160999999999996
2263112484,12,40,mean_p,12,0.19628413403128361,0.19541192176930372,mean_p|train_n=12|p=40,206,341,-1.4213,0.95160999999999996
296616118,12,40,mean_p,12,0.04201073212773223,0.70508603628567934,mean_p|train_n=12|p=40,207,343,-1.4213,0.95160999999999996
569422242,12,40,mean_p,12,0.050868762499559773,0.65500364946394996,mean_p|train_n=12|p=40,208,344,-1.4213,0.95160999999999996
3435791340,12,40,mean_p,12,0.32648393496059913,0.066164115284882086,mean_p|train_n=12|p=40,209,345,-1.4213,0.95160999999999996
1312703387,12,40,mean_p,12,0.21651034519143822,0.16515308885695981,mean_p|train_n=12|p=40,210,346,-1.4213,0.95160999999999996
3979257590,12,40,mean_p,12,0.32870755253924916,0.064951622251042271,mean_p|train_n=12|p=40,211,347,-1.4213,0.95160999999999996
1180350031,12,40,mean_p,12,0.02913989088634969,0.78475885575258697,mean_p|train_n=12|p=40,212,348,-1.4213,0.95160999999999996
2218343563,12,40,mean_p,12,0.091171345983422747,0.46844249061451371,mean_p|train_n=12|p=40,213,349,-1.4213,0.95160999999999996
1892486562,12,40,mean_p,12,0.0771581458209427,0.52635288097859256,mean_p|train_n=12|p=40,214,353,-1.4213,0.95160999999999996
2425432250,12,40,mean_p,12,0.19768519320303793,0.1931478711480181,mean_p|train_n=12|p=40,215,354,-1.4213,0.95160999999999996
134627717,12,40,mean_p,12,0.16171892196351748,0.2605031885817789,mean_p|train_n=12|p=40,216,355,-1.4213,0.95160999999999996
1814196102,12,40,mean_p,12,0.020572821923965413,0.84272050655405117,mean_p|train_n=12|p=40,217,356,-1.4213,0.95160999999999996
1163298303,12,40,mean_p,12,0.28742105661279888,0.091565461130976522,mean_p|train_n=12|p=40,218,357,-1.4213,0.95160999999999996
1130101290,12,40,mean_p,12,0.12591047490083992,0.35088600225612243,mean_p|train_n=12|p=40,219,358,-1.4213,0.95160999999999996
525537987,12,40,mean_p,12,0.12376096284367055,0.35721596022332996,mean_p|train_n=12|p=40,220,359,-1.4213,0.95160999999999996
1022256139,12,40,mean_p,12,0.16602067709679705,0.25134691291613348,mean_p|train_n=12|p=40,221,360,-1.4213,0.95160999999999996
898138745,12,40,mean_p,12,0.26903521980463957,0.10669595313006977,mean_p|train_n=12|p=40,222,361,-1.4213,0.95160999999999996
3794874467,12,40,mean_p,12,0.12554961418331015,0.35194078812121177,mean_p|train_n=12|p=40,223,363,-1.4213,0.95160999999999996
361879560,12,40,mean_p,12,0.14338019824122386,0.30343041742299437,mean_p|train_n=12|p=40,224,364,-1.4213,0.95160999999999996
4240376136,12,40,mean_p,12,0.42926815551251279,0.028140311987767969,mean_p|train_n=12|p=40,225,365,-1.4213,0.95160999999999996
2566208174,12,40,mean_p,12,0.078761176071731234,0.51938126774726456,mean_p|train_n=12|p=40,226,367,-1.4213,0.95160999999999996
88911142,12,40,mean_p,12,0.19737905655180796,0.19364032440633799,mean_p|train_n=12|p=40,227,368,-1.4213,0.95160999999999996
4285790561,12,40,mean_p,12,0.31355152928696955,0.073678201140145422,mean_p|train_n=12|p=40,228,369,-1.4213,0.95160999999999996
4023269010,12,40,mean_p,12,0.38967881457952264,0.039114686848450424,mean_p|train_n=12|p=40,229,374,-1.4213,0.95160999999999996
1195091865,12,40,mean_p,12,0.13048020329727106,0.33779914002841371,mean_p|train_n=12|p=40,230,375,-1.4213,0.95160999999999996
3512959585,12,40,mean_p,12,0.30869800795143737,0.07671347924091336,mean_p|train_n=12|p=40,231,376,-1.4213,0.95160999999999996
3783530071,12,40,mean_p,12,0.20443539161090538,0.18260210487886275,mean_p|train_n=12|p=40,232,379,-1.4213,0.95160999999999996
3955096850,12,40,mean_p,12,0.097236852309605215,0.44539515579347577,mean_p|train_n=12|p=40,233,380,-1.4213,0.95160999999999996
1731455520,12,40,mean_p,12,0.22437236421484941,0.15469855535472024,mean_p|train_n=12|p=40,234,381,-1.4213,0.95160999999999996
4080954259,12,40,mean_p,12,0.1334057601643496,0.32967830993643044,mean_p|train_n=12|p=40,235,382,-1.4213,0.95160999999999996
1292193904,12,40,mean_p,12,0.10898000284009803,0.40394757250373065,mean_p|train_n=12|p=40,236,383,-1.4213,0.95160999999999996
3819642623,12,40,mean_p,12,0.099448188471453369,0.4372777171389281,mean_p|train_n=12|p=40,237,385,-1.4213,0.95160999999999996
3782599890,12,40,mean_p,12,0.13043748638683458,0.33791918452026387,mean_p|train_n=12|p=40,238,386,-1.4213,0.95160999999999996
2611367663,12,40,mean_p,12,0.30536009888837934,0.078873190543143498,mean_p|train_n=12|p=40,239,387,-1.4213,0.95160999999999996
47691385,12,40,mean_p,12,0.26123774787927889,0.11384533061680933,mean_p|train_n=12|p=40,240,390,-1.4213,0.95160999999999996
967538451,12,40,mean_p,12,0.057298741535089182,0.62089236724568275,mean_p|train_n=12|p=40,241,392,-1.4213,0.95160999999999996
832792358,12,40,mean_p,12,0.16555415915682223,0.25232413101007484,mean_p|train_n=12|p=40,242,394,-1.4213,0.95160999999999996
1791906076,12,40,mean_p,12,0.10216419690279017,0.42750987115618327,mean_p|train_n=12|p=40,243,398,-1.4213,0.95160999999999996
1021107362,12,40,mean_p,12,0.017459718353343447,0.86482694590769837,mean_p|train_n=12|p=40,244,399,-1.4213,0.95160999999999996
723091507,12,40,mean_p,12,0.064820563164214043,0.58323663257971381,mean_p|train_n=12|p=40,245,400,-1.4213,0.95160999999999996
144357268,12,40,mean_p,12,0.21412755278284049,0.16845899466663661,mean_p|train_n=12|p=40,246,402,-1.4213,0.95160999999999996
2559506881,12,40,mean_p,12,0.040666469039604587,0.71301403074475844,mean_p|train_n=12|p=40,247,403,-1.4213,0.95160999999999996
269114698,12,40,mean_p,12,0.025735005232503761,0.80730175729856701,mean_p|train_n=12|p=40,248,404,-1.4213,0.95160999999999996
1148793985,12,40,mean_p,12,0.10590689594759667,0.41440612989227232,mean_p|train_n=12|p=40,249,405,-1.4213,0.95160999999999996
3151022424,12,40,mean_p,12,0.10972315218166644,0.40145833556510169,mean_p|train_n=12|p=40,250,406,-1.4213,0.95160999999999996
2064535038,12,40,mean_p,12,0.12637497832214165,0.34953292385667623,mean_p|train_n=12|p=40,251,407,-1.4213,0.95160999999999996
2249685170,12,40,mean_p,12,0.075542132186458943,0.5334756820119898,mean_p|train_n=12|p=40,252,408,-1.4213,0.95160999999999996
3151829784,12,40,mean_p,12,0.58400163951528727,0.0077691922427483478,mean_p|train_n=12|p=40,253,409,-1.4213,0.95160999999999996
84092406,12,40,mean_p,12,0.13577671681791267,0.32324039313785802,mean_p|train_n=12|p=40,254,410,-1.4213,0.95160999999999996
969595782,12,40,mean_p,12,0.17299756001992614,0.2371758922645722,mean_p|train_n=12|p=40,255,413,-1.4213,0.95160999999999996
326379666,12,40,mean_p,12,0.094769632014554364,0.45462988127658382,mean_p|train_n=12|p=40,256,415,-1.4213,0.95160999999999996
1919714131,12,40,mean_p,12,0.038922120254638176,0.72343462598853181,mean_p|train_n=12|p=40,257,419,-1.4213,0.95160999999999996
3808756098,12,40,mean_p,12,0.17523830392600251,0.23279635149756475,mean_p|train_n=12|p=40,258,420,-1.4213,0.95160999999999996
2885946017,12,40,mean_p,12,0.10647666842256466,0.41244680869086264,mean_p|train_n=12|p=40,259,421,-1.4213,0.95160999999999996
653102423,12,40,mean_p,12,0.3846225025670153,0.040794825205651641,mean_p|train_n=12|p=40,260,422,-1.4213,0.95160999999999996
1824115839,12,40,mean_p,12,0.2037139462940514,0.1837011603607912,mean_p|train_n=12|p=40,261,423,-1.4213,0.95160999999999996
745712374,12,40,mean_p,12,0.15390290817644259,0.27800160203570862,mean_p|train_n=12|p=40,262,430,-1.4213,0.95160999999999996
1812272068,12,40,mean_p,12,0.36571240867860605,0.047743597746295705,mean_p|train_n=12|p=40,263,431,-1.4213,0.95160999999999996
3478587561,12,40,mean_p,12,0.08960420295092153,0.47458867014206246,mean_p|train_n=12|p=40,264,435,-1.4213,0.95160999999999996
452975069,12,40,mean_p,12,0.36288272403380878,0.048880651069484464,mean_p|train_n=12|p=40,265,436,-1.4213,0.95160999999999996
3528307358,12,40,mean_p,12,0.051527994947526544,0.6514218699017742,mean_p|train_n=12|p=40,266,437,-1.4213,0.95160999999999996
1921696307,12,40,mean_p,12,0.38424481055975629,0.040923185864160529,mean_p|train_n=12|p=40,267,442,-1.4213,0.95160999999999996
3606077688,12,40,mean_p,12,0.1083423718345957,0.40609566670137665,mean_p|train_n=12|p=40,268,443,-1.4213,0.95160999999999996
3341779181,12,40,mean_p,12,0.11694800252028754,0.37804345160663039,mean_p|train_n=12|p=40,269,445,-1.4213,0.95160999999999996
531814568,12,40,mean_p,12,0.21616465463908166,0.16562864899812943,mean_p|train_n=12|p=40,270,446,-1.4213,0.95160999999999996
585375334,12,40,mean_p,12,0.17192419605424983,0.23930287709423759,mean_p|train_n=12|p=40,271,449,-1.4213,0.95160999999999996
243243684,12,40,mean_p,12,0.043867396174926472,0.69428083168099508,mean_p|train_n=12|p=40,272,450,-1.4213,0.95160999999999996
2535060801,12,40,mean_p,12,0.36209310733259498,0.049202748295795184,mean_p|train_n=12|p=40,273,454,-1.4213,0.95160999999999996
2814004787,12,40,mean_p,12,0.23786633678239574,0.13827420558631665,mean_p|train_n=12|p=40,274,456,-1.4213,0.95160999999999996
3869251584,12,40,mean_p,12,0.062109794023402963,0.5965365630478463,mean_p|train_n=12|p=40,275,457,-1.4213,0.95160999999999996
1917612020,12,40,mean_p,12,0.059922405589285986,0.60748939674406044,mean_p|train_n=12|p=40,276,458,-1.4213,0.95160999999999996
1782044880,12,40,mean_p,12,0.14189286146940266,0.30720756805106031,mean_p|train_n=12|p=40,277,460,-1.4213,0.95160999999999996
1961694943,12,40,mean_p,12,0.075974405374607021,0.53156098921138473,mean_p|train_n=12|p=40,278,461,-1.4213,0.95160999999999996
1476762554,12,40,mean_p,12,0.1511419169557337,0.28445986050441979,mean_p|train_n=12|p=40,279,463,-1.4213,0.95160999999999996
3377517350,12,40,mean_p,12,0.25395177861913759,0.12095804704089949,mean_p|train_n=12|p=40,280,464,-1.4213,0.95160999999999996
1661959566,12,40,mean_p,12,0.11968071890742386,0.36954741139055636,mean_p|train_n=12|p=40,281,465,-1.4213,0.95160999999999996
2736323622,12,40,mean_p,12,0.36010504894975609,0.050023139399411512,mean_p|train_n=12|p=40,282,467,-1.4213,0.95160999999999996
268614900,12,40,mean_p,12,0.050766525116278223,0.65556089272413787,mean_p|train_n=12|p=40,283,470,-1.4213,0.95160999999999996
2578839541,12,40,mean_p,12,0.043166284706217251,0.69834148490136849,mean_p|train_n=12|p=40,284,471,-1.4213,0.95160999999999996
3836611728,12,40,mean_p,12,0.4706468508823376,0.019945924290320612,mean_p|train_n=12|p=40,285,472,-1.4213,0.95160999999999996
3819321454,12,40,mean_p,12,0.46037467127410703,0.021725059593763568,mean_p|train_n=12|p=40,286,474,-1.4213,0.95160999999999996
3758060454,12,40,mean_p,12,0.11862861794719971,0.37279556050214657,mean_p|train_n=12|p=40,287,476,-1.4213,0.95160999999999996
3388560332,12,40,mean_p,12,0.090099807230181503,0.47263629046736999,mean_p|train_n=12|p=40,288,477,-1.4213,0.95160999999999996
2917681171,12,40,mean_p,12,0.45592446489425131,0.022544298375168796,mean_p|train_n=12|p=40,289,478,-1.4213,0.95160999999999996
4032298676,12,40,mean_p,12,0.25944526812595392,0.11555541583157648,mean_p|train_n=12|p=40,290,480,-1.4213,0.95160999999999996
1491853058,12,40,mean_p,12,0.29902756652210288,0.083138999783901379,mean_p|train_n=12|p=40,291,483,-1.4213,0.95160999999999996
2666814671,12,40,mean_p,12,0.48213970864638322,0.018127496383704016,mean_p|train_n=12|p=40,292,484,-1.4213,0.95160999999999996
3590359745,12,40,mean_p,12,0.1811059926105284,0.22170728616472166,mean_p|train_n=12|p=40,293,485,-1.4213,0.95160999999999996
3430994935,12,40,mean_p,12,0.20709476605258537,0.17860728205674306,mean_p|train_n=12|p=40,294,489,-1.4213,0.95160999999999996
2804749510,12,40,mean_p,12,0.37969039220328921,0.042503200581089383,mean_p|train_n=12|p=40,295,490,-1.4213,0.95160999999999996
2351819166,12,40,mean_p,12,0.18699361810073556,0.21111142801722321,mean_p|train_n=12|p=40,296,493,-1.4213,0.95160999999999996
702058496,12,40,mean_p,12,0.16035723579701455,0.26347046870662194,mean_p|train_n=12|p=40,297,494,-1.4213,0.95160999999999996
4235491243,12,40,mean_p,12,0.074874372877790571,0.5364469918233058,mean_p|train_n=12|p=40,298,495,-1.4213,0.95160999999999996
1564739058,12,40,mean_p,12,0.092582035110405483,0.46297801061894883,mean_p|train_n=12|p=40,299,497,-1.4213,0.95160999999999996
394458901,12,40,mean_p,12,0.13479171655541716,0.32589958076901093,mean_p|train_n=12|p=40,300,498,-1.4213,0.95160999999999996
2262818872,12,40,mean_p,12,0.10273828615897147,0.42547331787156306,mean_p|train_n=12|p=40,301,499,-1.4213,0.95160999999999996
1515195825,12,40,mean_p,12,0.036522051785738967,0.73802182128451699,mean_p|train_n=12|p=40,302,500,-1.4213,0.95160999999999996
2650857261,12,40,mean_p,12,0.1734938095529098,0.23619892198198308,mean_p|train_n=12|p=40,303,501,-1.4213,0.95160999999999996
788952829,12,40,mean_p,12,0.052198860198704226,0.64779699353013098,mean_p|train_n=12|p=40,304,502,-1.4213,0.95160999999999996
2074525852,12,40,mean_p,12,0.21439026310860157,0.16809128619229322,mean_p|train_n=12|p=40,305,504,-1.4213,0.95160999999999996
1337413104,12,40,mean_p,12,0.15536645111843411,0.2746378905742084,mean_p|train_n=12|p=40,306,508,-1.4213,0.95160999999999996
3358605087,12,40,mean_p,12,0.19304397897436706,0.20075005001755034,mean_p|train_n=12|p=40,307,509,-1.4213,0.95160999999999996
159662975,12,40,mean_p,12,0.27385581758456001,0.10250244222889912,mean_p|train_n=12|p=40,308,510,-1.4213,0.95160999999999996
1735061413,12,40,mean_p,12,0.14898057731863809,0.28961998684036183,mean_p|train_n=12|p=40,309,512,-1.4213,0.95160999999999996
1117218121,12,40,mean_p,12,0.24282435300306812,0.13268781203548724,mean_p|train_n=12|p=40,310,513,-1.4213,0.95160999999999996
4071319375,12,40,mean_p,12,0.13369719684198203,0.32888010389816125,mean_p|train_n=12|p=40,311,515,-1.4213,0.95160999999999996
2835284094,12,40,mean_p,12,0.21978243907861797,0.16071881431961862,mean_p|train_n=12|p=40,312,516,-1.4213,0.95160999999999996
3760783361,12,40,mean_p,12,0.33045811536537767,0.064012728569169203,mean_p|train_n=12|p=40,313,517,-1.4213,0.95160999999999996
1889951198,12,40,mean_p,12,0.2703537572324694,0.10553218146963214,mean_p|train_n=12|p=40,314,518,-1.4213,0.95160999999999996
2706383124,12,40,mean_p,12,0.17521046629557555,0.2328502610122577,mean_p|train_n=12|p=40,315,519,-1.4213,0.95160999999999996
3833986328,12,40,mean_p,12,0.072865799517278299,0.54548461262932835,mean_p|train_n=12|p=40,316,520,-1.4213,0.95160999999999996
772768926,12,40,mean_p,12,0.042173275971122838,0.70413340290533299,mean_p|train_n=12|p=40,317,521,-1.4213,0.95160999999999996
325518922,12,40,mean_p,12,0.014364322710893751,0.88738257392886921,mean_p|train_n=12|p=40,318,522,-1.4213,0.95160999999999996
3607417234,12,40,mean_p,12,0.25346591133252766,0.12144786757965098,mean_p|train_n=12|p=40,319,524,-1.4213,0.95160999999999996
773114014,12,40,mean_p,12,0.33238570075703294,0.06299458327442245,mean_p|train_n=12|p=40,320,525,-1.4213,0.95160999999999996
3977290378,12,40,mean_p,12,0.12551282290875376,0.35204850595124554,mean_p|train_n=12|p=40,321,527,-1.4213,0.95160999999999996
1706157636,12,40,mean_p,12,0.32960037099483125,0.064471061524093667,mean_p|train_n=12|p=40,322,528,-1.4213,0.95160999999999996
4112803957,12,40,mean_p,12,0.23277847438467428,0.14425150814401957,mean_p|train_n=12|p=40,323,531,-1.4213,0.95160999999999996
949030775,12,40,mean_p,12,0.28057279642521799,0.096932645941118681,mean_p|train_n=12|p=40,324,532,-1.4213,0.95160999999999996
2631819711,12,40,mean_p,12,0.32463998398726457,0.067186733091756309,mean_p|train_n=12|p=40,325,533,-1.4213,0.95160999999999996
1806335322,12,40,mean_p,12,0.13159882216058388,0.33467069502376312,mean_p|train_n=12|p=40,326,534,-1.4213,0.95160999999999996
411111585,12,40,mean_p,12,0.10867647012296838,0.40496871316369476,mean_p|train_n=12|p=40,327,536,-1.4213,0.95160999999999996
2782676682,12,40,mean_p,12,0.40825820096254734,0.033513858093700284,mean_p|train_n=12|p=40,328,537,-1.4213,0.95160999999999996
738925165,12,40,mean_p,12,0.19472067818196107,0.19796974382226135,mean_p|train_n=12|p=40,329,540,-1.4213,0.95160999999999996
1657842142,12,40,mean_p,12,0.35302903279072478,0.053055701542427058,mean_p|train_n=12|p=40,330,544,-1.4213,0.95160999999999996
4069805835,12,40,mean_p,12,0.3116228879047428,0.074869677232389645,mean_p|train_n=12|p=40,331,548,-1.4213,0.95160999999999996
4234915068,12,40,mean_p,12,0.10538100570815163,0.41622280885464369,mean_p|train_n=12|p=40,332,549,-1.4213,0.95160999999999996
3996985156,12,40,mean_p,12,0.10627009774495316,0.41315608668549703,mean_p|train_n=12|p=40,333,550,-1.4213,0.95160999999999996
838505479,12,40,mean_p,12,0.30991251827098903,0.075942419871306385,mean_p|train_n=12|p=40,334,553,-1.4213,0.95160999999999996
1281233804,12,40,mean_p,12,0.23644418816409826,0.13991957739229119,mean_p|train_n=12|p=40,335,554,-1.4213,0.95160999999999996
2461508222,12,40,mean_p,12,0.09845656869369622,0.44089932570857504,mean_p|train_n=12|p=40,336,556,-1.4213,0.95160999999999996
3005205883,12,40,mean_p,12,0.47167576945682871,0.019775949390463343,mean_p|train_n=12|p=40,337,557,-1.4213,0.95160999999999996
2553054371,12,40,mean_p,12,0.073079577552483663,0.54451551790752595,mean_p|train_n=12|p=40,338,559,-1.4213,0.95160999999999996
2921254797,12,40,mean_p,12,0.25982679106082407,0.11518929137066383,mean_p|train_n=12|p=40,339,560,-1.4213,0.95160999999999996
266926753,12,40,mean_p,12,0.21902564574836667,0.16173370285087238,mean_p|train_n=12|p=40,340,561,-1.4213,0.95160999999999996
2563953616,12,40,mean_p,12,0.083127517237687173,0.5008566981729573,mean_p|train_n=12|p=40,341,563,-1.4213,0.95160999999999996
1866302096,12,40,mean_p,12,0.28632747256196461,0.092402156313725003,mean_p|train_n=12|p=40,342,565,-1.4213,0.95160999999999996
319233540,12,40,mean_p,12,0.10812784845114477,0.4068209325467062,mean_p|train_n=12|p=40,343,567,-1.4213,0.95160999999999996
302433924,12,40,mean_p,12,0.44630810813275973,0.024421619796675138,mean_p|train_n=12|p=40,344,568,-1.4213,0.95160999999999996
1612252276,12,40,mean_p,12,0.13244692912602737,0.33231811670934386,mean_p|train_n=12|p=40,345,569,-1.4213,0.95160999999999996
405918214,12,40,mean_p,12,0.25375028327859889,0.12116094163166626,mean_p|train_n=12|p=40,346,570,-1.4213,0.95160999999999996
1664803502,12,40,mean_p,12,0.12645847375901401,0.34929025908155609,mean_p|train_n=12|p=40,347,571,-1.4213,0.95160999999999996
2014402957,12,40,mean_p,12,0.35967367057220784,0.050202950046464682,mean_p|train_n=12|p=40,348,572,-1.4213,0.95160999999999996
1120513724,12,40,mean_p,12,0.27155801891536591,0.10448036687364419,mean_p|train_n=12|p=40,349,574,-1.4213,0.95160999999999996
2189456496,12,40,mean_p,12,0.3539756889582959,0.052639577960838839,mean_p|train_n=12|p=40,350,575,-1.4213,0.95160999999999996
1282424370,12,40,mean_p,12,0.31260367683090079,0.074261377052859984,mean_p|train_n=12|p=40,351,577,-1.4213,0.95160999999999996
2288611405,12,40,mean_p,12,0.27264804993036496,0.10353736415111951,mean_p|train_n=12|p=40,352,578,-1.4213,0.95160999999999996
3039173019,12,40,mean_p,12,0.28157547047481918,0.09612758862946634,mean_p|train_n=12|p=40,353,579,-1.4213,0.95160999999999996
1293505450,12,40,mean_p,12,0.26415904620215303,0.11111237780756461,mean_p|train_n=12|p=40,354,580,-1.4213,0.95160999999999996
595924664,12,40,mean_p,12,0.24457677084818522,0.13076775526554463,mean_p|train_n=12|p=40,355,581,-1.4213,0.95160999999999996
301164946,12,40,mean_p,12,0.19503243732768538,0.19745704566147967,mean_p|train_n=12|p=40,356,582,-1.4213,0.95160999999999996
3665596527,12,40,mean_p,12,0.12389126993255443,0.35682899648714772,mean_p|train_n=12|p=40,357,583,-1.4213,0.95160999999999996
1972637296,12,40,mean_p,12,0.03905920045734395,0.72261023512730305,mean_p|train_n=12|p=40,358,584,-1.4213,0.95160999999999996
1628839531,12,40,mean_p,12,0.099213191273924181,0.43813327867913321,mean_p|train_n=12|p=40,359,586,-1.4213,0.95160999999999996
2933840308,12,40,mean_p,12,0.18465079072818125,0.2152657215510394,mean_p|train_n=12|p=40,360,587,-1.4213,0.95160999999999996
2483740908,12,40,mean_p,12,0.22067084775736448,0.15953554778599255,mean_p|train_n=12|p=40,361,593,-1.4213,0.95160999999999996
2443598614,12,40,mean_p,12,0.35988048288288127,0.050116664342749799,mean_p|train_n=12|p=40,362,594,-1.4213,0.95160999999999996
2362666470,12,40,mean_p,12,0.30070156947080257,0.081989397338852466,mean_p|train_n=12|p=40,363,596,-1.4213,0.95160999999999996
506126084,12,40,mean_p,12,0.21434737354436192,0.16815126267729458,mean_p|train_n=12|p=40,364,597,-1.4213,0.95160999999999996
3729911138,12,40,mean_p,12,0.274520506497339,0.10193729791794254,mean_p|train_n=12|p=40,365,598,-1.4213,0.95160999999999996
4117690695,12,40,mean_p,12,0.10608425709048934,0.41379522859151707,mean_p|train_n=12|p=40,366,599,-1.4213,0.95160999999999996
427776861,12,40,mean_p,12,0.16995679700959018,0.24325113402092663,mean_p|train_n=12|p=40,367,600,-1.4213,0.95160999999999996
2729001950,12,40,mean_p,12,0.1771008424676194,0.22921762582922431,mean_p|train_n=12|p=40,368,604,-1.4213,0.95160999999999996
2191880423,12,40,mean_p,12,0.038529350774019436,0.72580192620997419,mean_p|train_n=12|p=40,369,606,-1.4213,0.95160999999999996
1443853621,12,40,mean_p,12,0.35696918950420903,0.051345075544598114,mean_p|train_n=12|p=40,370,607,-1.4213,0.95160999999999996
3264324300,12,40,mean_p,12,0.14366300486373387,0.30271749102278622,mean_p|train_n=12|p=40,371,608,-1.4213,0.95160999999999996
3981396807,12,40,mean_p,12,0.28372517969193367,0.094424028380783939,mean_p|train_n=12|p=40,372,609,-1.4213,0.95160999999999996
2125821102,12,40,mean_p,12,0.10194783901564276,0.42827991672421878,mean_p|train_n=12|p=40,373,610,-1.4213,0.95160999999999996
2532077815,12,40,mean_p,12,0.17194931606369965,0.23925288180846427,mean_p|train_n=12|p=40,374,611,-1.4213,0.95160999999999996
3003691460,12,40,mean_p,12,0.13061999548998449,0.33740658938061735,mean_p|train_n=12|p=40,375,612,-1.4213,0.95160999999999996
2912323976,12,40,mean_p,12,0.66158493942525198,0.0040749010061144975,mean_p|train_n=12|p=40,376,613,-1.4213,0.95160999999999996
2367253442,12,40,mean_p,12,0.10600696989060086,0.41406132521319799,mean_p|train_n=12|p=40,377,615,-1.4213,0.95160999999999996
2180588817,12,40,mean_p,12,0.19436133982768924,0.19856233924692443,mean_p|train_n=12|p=40,378,618,-1.4213,0.95160999999999996
481354086,12,40,mean_p,12,0.082010794792025152,0.50553064752100507,mean_p|train_n=12|p=40,379,619,-1.4213,0.95160999999999996
383572482,12,40,mean_p,12,0.33761472205546528,0.060313440121402093,mean_p|train_n=12|p=40,380,622,-1.4213,0.95160999999999996
3363251528,12,40,mean_p,12,0.097099684660330296,0.44590360978998778,mean_p|train_n=12|p=40,381,623,-1.4213,0.95160999999999996
3828013051,12,40,mean_p,12,0.15615398430650518,0.27284474983993218,mean_p|train_n=12|p=40,382,626,-1.4213,0.95160999999999996
638813175,12,40,mean_p,12,0.13447029406486477,0.32677204463052401,mean_p|train_n=12|p=40,383,629,-1.4213,0.95160999999999996
2023424544,12,40,mean_p,12,0.076567108854033519,0.5289468591252543,mean_p|train_n=12|p=40,384,632,-1.4213,0.95160999999999996
2953615635,12,40,mean_p,12,0.28802268005384357,0.091108397193920498,mean_p|train_n=12|p=40,385,633,-1.4213,0.95160999999999996
2894537495,12,40,mean_p,12,0.1522796486831075,0.28178060432315333,mean_p|train_n=12|p=40,386,634,-1.4213,0.95160999999999996
3343690458,12,40,mean_p,12,0.077134416320533736,0.52645678088749626,mean_p|train_n=12|p=40,387,635,-1.4213,0.95160999999999996
2273798768,12,40,mean_p,12,0.657720947482339,0.0042079947797079853,mean_p|train_n=12|p=40,388,636,-1.4213,0.95160999999999996
333324312,12,40,mean_p,12,0.2816700064505922,0.09605203051204779,mean_p|train_n=12|p=40,389,637,-1.4213,0.95160999999999996
4185123123,12,40,mean_p,12,0.12306981850122613,0.35927542917150246,mean_p|train_n=12|p=40,390,638,-1.4213,0.95160999999999996
380862748,12,40,mean_p,12,0.030786946716300074,0.77408110522218299,mean_p|train_n=12|p=40,391,639,-1.4213,0.95160999999999996
1847856687,12,40,mean_p,12,0.3477204137161129,0.055450913407660472,mean_p|train_n=12|p=40,392,642,-1.4213,0.95160999999999996
2566871617,12,40,mean_p,12,0.32257729590203221,0.068349398372718029,mean_p|train_n=12|p=40,393,643,-1.4213,0.95160999999999996
1180244662,12,40,mean_p,12,0.22334810322134857,0.15602214972803241,mean_p|train_n=12|p=40,394,645,-1.4213,0.95160999999999996
1348366265,12,40,mean_p,12,0.13755251635283017,0.31850099923264907,mean_p|train_n=12|p=40,395,647,-1.4213,0.95160999999999996
2960691278,12,40,mean_p,12,0.068264892441113334,0.56676449587819189,mean_p|train_n=12|p=40,396,649,-1.4213,0.95160999999999996
2215180692,12,40,mean_p,12,0.25131329690344534,0.12364196879573762,mean_p|train_n=12|p=40,397,650,-1.4213,0.95160999999999996
3546424658,12,40,mean_p,12,0.18725859179070251,0.21064665307886399,mean_p|train_n=12|p=40,398,651,-1.4213,0.95160999999999996
3547556142,12,40,mean_p,12,0.1033939932921773,0.42315909512234501,mean_p|train_n=12|p=40,399,652,-1.4213,0.95160999999999996
3701380570,12,40,mean_p,12,0.075602994793706607,0.53320568313173311,mean_p|train_n=12|p=40,400,653,-1.4213,0.95160999999999996
4099300952,12,40,mean_p,12,0.3935912590579837,0.037862274511302987,mean_p|train_n=12|p=40,401,654,-1.4213,0.95160999999999996
1089933520,12,40,mean_p,12,0.17961074426991999,0.22448190601397855,mean_p|train_n=12|p=40,402,656,-1.4213,0.95160999999999996
233807824,12,40,mean_p,12,0.27791036250145701,0.099103213572844046,mean_p|train_n=12|p=40,403,658,-1.4213,0.95160999999999996
83890374,12,40,mean_p,12,0.13431183787054851,0.32720301464622131,mean_p|train_n=12|p=40,404,660,-1.4213,0.95160999999999996
1349287653,12,40,mean_p,12,0.095847730907248255,0.45057126961766825,mean_p|train_n=12|p=40,405,661,-1.4213,0.95160999999999996
208843933,12,40,mean_p,12,0.2097043801477009,0.17477217712318263,mean_p|train_n=12|p=40,406,665,-1.4213,0.95160999999999996
3052992668,12,40,mean_p,12,0.24026592803776106,0.13554171757732139,mean_p|train_n=12|p=40,407,666,-1.4213,0.95160999999999996
2220951722,12,40,mean_p,12,0.39582792329617328,0.037164394682563502,mean_p|train_n=12|p=40,408,668,-1.4213,0.95160999999999996
2958655497,12,40,mean_p,12,0.087521864657932921,0.482880337389682,mean_p|train_n=12|p=40,409,669,-1.4213,0.95160999999999996
183623913,12,40,mean_p,12,0.18857300528540386,0.20835620012866274,mean_p|train_n=12|p=40,410,670,-1.4213,0.95160999999999996
1191154280,12,40,mean_p,12,0.40791876590255627,0.033608612858251452,mean_p|train_n=12|p=40,411,671,-1.4213,0.95160999999999996
3649632371,12,40,mean_p,12,0.18445146743155394,0.21562291189601468,mean_p|train_n=12|p=40,412,672,-1.4213,0.95160999999999996
1145609720,12,40,mean_p,12,0.066885718397931421,0.57330365396256688,mean_p|train_n=12|p=40,413,674,-1.4213,0.95160999999999996
1555680410,12,40,mean_p,12,0.5030401916987568,0.015234835151070006,mean_p|train_n=12|p=40,414,675,-1.4213,0.95160999999999996
3539872457,12,40,mean_p,12,0.07653154804158839,0.52910333761833805,mean_p|train_n=12|p=40,415,676,-1.4213,0.95160999999999996
1061076950,12,40,mean_p,12,0.055928351920960205,0.62801014802530442,mean_p|train_n=12|p=40,416,679,-1.4213,0.95160999999999996
2220434886,12,40,mean_p,12,0.39563012614394483,0.037225589002324096,mean_p|train_n=12|p=40,417,682,-1.4213,0.95160999999999996
587117887,12,40,mean_p,12,0.020468781175865768,0.8434501012453981,mean_p|train_n=12|p=40,418,683,-1.4213,0.95160999999999996
4084850930,12,40,mean_p,12,0.29794451065062832,0.083891349958203923,mean_p|train_n=12|p=40,419,685,-1.4213,0.95160999999999996
1375945873,12,40,mean_p,12,0.13361163408725091,0.32911424821303925,mean_p|train_n=12|p=40,420,687,-1.4213,0.95160999999999996
2515139322,12,40,mean_p,12,0.11011161897931776,0.40016324648882723,mean_p|train_n=12|p=40,421,689,-1.4213,0.95160999999999996
1579633452,12,40,mean_p,12,0.16610129762624912,0.25117842052191952,mean_p|train_n=12|p=40,422,690,-1.4213,0.95160999999999996
1351102274,12,40,mean_p,12,0.11668962644934837,0.37885678288399793,mean_p|train_n=12|p=40,423,691,-1.4213,0.95160999999999996
4096795589,12,40,mean_p,12,0.080789574251346766,0.51069190955316601,mean_p|train_n=12|p=40,424,692,-1.4213,0.95160999999999996
1842137080,12,40,mean_p,12,0.093467995969137033,0.4595787662647523,mean_p|train_n=12|p=40,425,693,-1.4213,0.95160999999999996
4263654489,12,40,mean_p,12,0.43028854454348409,0.027902485789363687,mean_p|train_n=12|p=40,426,695,-1.4213,0.95160999999999996
2031547525,12,40,mean_p,12,0.58378875258605178,0.0077829616784183906,mean_p|train_n=12|p=40,427,698,-1.4213,0.95160999999999996
1234581830,12,40,mean_p,12,0.19424653904679359,0.19875203420909718,mean_p|train_n=12|p=40,428,699,-1.4213,0.95160999999999996
3984643912,12,40,mean_p,12,0.32169705210071098,0.068851666046317941,mean_p|train_n=12|p=40,429,700,-1.4213,0.95160999999999996
3183129030,12,40,mean_p,12,0.14939298673191811,0.2886281981915616,mean_p|train_n=12|p=40,430,702,-1.4213,0.95160999999999996
2392566820,12,40,mean_p,12,0.3170907291133751,0.071540858968170848,mean_p|train_n=12|p=40,431,703,-1.4213,0.95160999999999996
3779154371,12,40,mean_p,12,0.011508610984618582,0.90871302831343248,mean_p|train_n=12|p=40,432,707,-1.4213,0.95160999999999996
1199278659,12,40,mean_p,12,0.16956677521729543,0.24404154887709922,mean_p|train_n=12|p=40,433,708,-1.4213,0.95160999999999996
3052055697,12,40,mean_p,12,0.19190652044652504,0.20265838237819164,mean_p|train_n=12|p=40,434,709,-1.4213,0.95160999999999996
1588583160,12,40,mean_p,12,0.039613567160219222,0.71928588275428185,mean_p|train_n=12|p=40,435,710,-1.4213,0.95160999999999996
2182107628,12,40,mean_p,12,0.31996260182724628,0.069852171613329211,mean_p|train_n=12|p=40,436,711,-1.4213,0.95160999999999996
2996365765,12,40,mean_p,12,0.036529704503043173,0.73797484509798073,mean_p|train_n=12|p=40,437,716,-1.4213,0.95160999999999996
3510288282,12,40,mean_p,12,0.18044948091901844,0.22292127713251758,mean_p|train_n=12|p=40,438,717,-1.4213,0.95160999999999996
3041852539,12,40,mean_p,12,0.24019383685147597,0.13562301786456255,mean_p|train_n=12|p=40,439,719,-1.4213,0.95160999999999996
1250010904,12,40,mean_p,12,0.18196703873550588,0.22012509551522286,mean_p|train_n=12|p=40,440,722,-1.4213,0.95160999999999996
3886936860,12,40,mean_p,12,0.17433871785937938,0.23454479427861691,mean_p|train_n=12|p=40,441,723,-1.4213,0.95160999999999996
1400028594,12,40,mean_p,12,0.2454759822626302,0.12979333555191408,mean_p|train_n=12|p=40,442,725,-1.4213,0.95160999999999996
1817310376,12,40,mean_p,12,0.13054062156299495,0.3376294234060882,mean_p|train_n=12|p=40,443,726,-1.4213,0.95160999999999996
2779949098,12,40,mean_p,12,0.1004996859102239,0.43346991420698733,mean_p|train_n=12|p=40,444,727,-1.4213,0.95160999999999996
2507548820,12,40,mean_p,12,0.15643527874530283,0.27220710993937497,mean_p|train_n=12|p=40,445,729,-1.4213,0.95160999999999996
3799977642,12,40,mean_p,12,0.38744860679874082,0.039847049646018415,mean_p|train_n=12|p=40,446,731,-1.4213,0.95160999999999996
3625690170,12,40,mean_p,12,0.27939125627578842,0.097889974644616906,mean_p|train_n=12|p=40,447,732,-1.4213,0.95160999999999996
735440234,12,40,mean_p,12,0.24496118566399905,0.13035029671958295,mean_p|train_n=12|p=40,448,734,-1.4213,0.95160999999999996
1663586918,12,40,mean_p,12,0.045873065095068576,0.68279444151878188,mean_p|train_n=12|p=40,449,735,-1.4213,0.95160999999999996
3736851613,12,40,mean_p,12,0.086500214953578014,0.48700126354492046,mean_p|train_n=12|p=40,450,737,-1.4213,0.95160999999999996
3122238466,12,40,mean_p,12,0.10923558192295796,0.40308975386770612,mean_p|train_n=12|p=40,451,742,-1.4213,0.95160999999999996
3407059569,12,40,mean_p,12,0.17196293962276499,0.23922577178725929,mean_p|train_n=12|p=40,452,744,-1.4213,0.95160999999999996
4149728233,12,40,mean_p,12,0.13729501818978726,0.31918389876058145,mean_p|train_n=12|p=40,453,745,-1.4213,0.95160999999999996
3097668738,12,40,mean_p,12,0.060791981660637033,0.60311132045036708,mean_p|train_n=12|p=40,454,746,-1.4213,0.95160999999999996
663279833,12,40,mean_p,12,0.042035782365280716,0.70493913844054634,mean_p|train_n=12|p=40,455,747,-1.4213,0.95160999999999996
343798633,12,40,mean_p,12,0.26631612055065174,0.10913657306390295,mean_p|train_n=12|p=40,456,748,-1.4213,0.95160999999999996
4180745191,12,40,mean_p,12,0.19646099683573567,0.19512466196307016,mean_p|train_n=12|p=40,457,749,-1.4213,0.95160999999999996
1867724239,12,40,mean_p,12,0.22917942824395518,0.14863511124553738,mean_p|train_n=12|p=40,458,750,-1.4213,0.95160999999999996
2732701255,12,40,mean_p,12,0.21983707674650413,0.16064579010427013,mean_p|train_n=12|p=40,459,752,-1.4213,0.95160999999999996
734660194,12,40,mean_p,12,0.1479730430085425,0.29205732697597142,mean_p|train_n=12|p=40,460,753,-1.4213,0.95160999999999996
1563374576,12,40,mean_p,12,0.22610397809720881,0.15248637683148145,mean_p|train_n=12|p=40,461,755,-1.4213,0.95160999999999996
1378221120,12,40,mean_p,12,0.19035416611723899,0.20529209863406056,mean_p|train_n=12|p=40,462,757,-1.4213,0.95160999999999996
3979066007,12,40,mean_p,12,0.075371662192206465,0.53423264948250682,mean_p|train_n=12|p=40,463,758,-1.4213,0.95160999999999996
971360976,12,40,mean_p,12,0.099596232090673364,0.43673958815759961,mean_p|train_n=12|p=40,464,759,-1.4213,0.95160999999999996
3647860370,12,40,mean_p,12,0.080062064526722695,0.51379160598863338,mean_p|train_n=12|p=40,465,761,-1.4213,0.95160999999999996
2206397984,12,40,mean_p,12,0.17964787595721735,0.22441258487849081,mean_p|train_n=12|p=40,466,763,-1.4213,0.95160999999999996
4195074654,12,40,mean_p,12,0.13961131745892533,0.31309322390013389,mean_p|train_n=12|p=40,467,764,-1.4213,0.95160999999999996
3898485333,12,40,mean_p,12,0.16054539743602189,0.2630584376717412,mean_p|train_n=12|p=40,468,765,-1.4213,0.95160999999999996
1072155883,12,40,mean_p,12,0.21169864345102296,0.17189700081054629,mean_p|train_n=12|p=40,469,766,-1.4213,0.95160999999999996
876039206,12,40,mean_p,12,0.44802286337525454,0.0240757681587992,mean_p|train_n=12|p=40,470,767,-1.4213,0.95160999999999996
2140066866,12,40,mean_p,12,0.22125035106768176,0.15876840919721705,mean_p|train_n=12|p=40,471,768,-1.4213,0.95160999999999996
2964756852,12,40,mean_p,12,0.37739789906103899,0.043321446073827249,mean_p|train_n=12|p=40,472,772,-1.4213,0.95160999999999996
3408979853,12,40,mean_p,12,0.1708159898043379,0.24151892109739373,mean_p|train_n=12|p=40,473,773,-1.4213,0.95160999999999996
572880207,12,40,mean_p,12,0.10490831482434833,0.41786250680587245,mean_p|train_n=12|p=40,474,774,-1.4213,0.95160999999999996
3537993616,12,40,mean_p,12,0.050809852054405295,0.65532468206575423,mean_p|train_n=12|p=40,475,775,-1.4213,0.95160999999999996
2244247085,12,40,mean_p,12,0.12389837336717442,0.35680791397286415,mean_p|train_n=12|p=40,476,776,-1.4213,0.95160999999999996
2919118555,12,40,mean_p,12,0.076074235797913975,0.53111978218365086,mean_p|train_n=12|p=40,477,777,-1.4213,0.95160999999999996
667826161,12,40,mean_p,12,0.091636943856157574,0.46663184568118121,mean_p|train_n=12|p=40,478,779,-1.4213,0.95160999999999996
438933332,12,40,mean_p,12,0.10252285221348344,0.42623641943420676,mean_p|train_n=12|p=40,479,780,-1.4213,0.95160999999999996
368428891,12,40,mean_p,12,0.19935740165277441,0.19047996690429408,mean_p|train_n=12|p=40,480,781,-1.4213,0.95160999999999996
3345670643,12,40,mean_p,12,0.22689901027589768,0.15148132773007536,mean_p|train_n=12|p=40,481,782,-1.4213,0.95160999999999996
1795369636,12,40,mean_p,12,0.49213698317925214,0.016681076461383847,mean_p|train_n=12|p=40,482,783,-1.4213,0.95160999999999996
2287838679,12,40,mean_p,12,0.19795748981859143,0.192710905644804,mean_p|train_n=12|p=40,483,784,-1.4213,0.95160999999999996
3280606748,12,40,mean_p,12,0.088403540508214154,0.47935205219843008,mean_p|train_n=12|p=40,484,785,-1.4213,0.95160999999999996
3862066433,12,40,mean_p,12,0.25821684143160106,0.11674218677893676,mean_p|train_n=12|p=40,485,788,-1.4213,0.95160999999999996
2877820793,12,40,mean_p,12,0.15509747899791276,0.27525301125891571,mean_p|train_n=12|p=40,486,790,-1.4213,0.95160999999999996
2746408794,12,40,mean_p,12,0.28468130215342985,0.093676070800640554,mean_p|train_n=12|p=40,487,792,-1.4213,0.95160999999999996
3254903644,12,40,mean_p,12,0.26708450668940703,0.10844127753435011,mean_p|train_n=12|p=40,488,795,-1.4213,0.95160999999999996
1811795727,12,40,mean_p,12,0.27369546658255778,0.10263924731796877,mean_p|train_n=12|p=40,489,799,-1.4213,0.95160999999999996
4095768624,12,40,mean_p,12,0.4858080535499239,0.017582735579733264,mean_p|train_n=12|p=40,490,800,-1.4213,0.95160999999999996
997922360,12,40,mean_p,12,0.29377110992025762,0.086854636822999043,mean_p|train_n=12|p=40,491,801,-1.4213,0.95160999999999996
553597154,12,40,mean_p,12,0.053110428540675991,0.64290383312195509,mean_p|train_n=12|p=40,492,804,-1.4213,0.95160999999999996
3974562301,12,40,mean_p,12,0.13427200222155672,0.3273114492389767,mean_p|train_n=12|p=40,493,805,-1.4213,0.95160999999999996
1174219841,12,40,mean_p,12,0.14805273125700108,0.29186380728093758,mean_p|train_n=12|p=40,494,806,-1.4213,0.95160999999999996
3782704271,12,40,mean_p,12,0.40880714817814368,0.033361182154642954,mean_p|train_n=12|p=40,495,808,-1.4213,0.95160999999999996
3782658724,12,40,mean_p,12,0.04256027997976003,0.70187043546039452,mean_p|train_n=12|p=40,496,809,-1.4213,0.95160999999999996
1067458673,12,40,mean_p,12,0.091067107279946449,0.46884882191381616,mean_p|train_n=12|p=40,497,810,-1.4213,0.95160999999999996
3601237586,12,40,mean_p,12,0.18449847499865588,0.21553862025922971,mean_p|train_n=12|p=40,498,813,-1.4213,0.95160999999999996
3629373823,12,40,mean_p,12,0.21741855371342844,0.16391017902034777,mean_p|train_n=12|p=40,499,816,-1.4213,0.95160999999999996
4255556282,13,8,mean_p,12,0.29374549091071167,0.070869496924679184,mean_p|train_n=12|p=8,0,0,-1.62371,1.10791
1651414637,13,8,mean_p,12,0.31367004621177347,0.05922250803534556,mean_p|train_n=12|p=8,1,1,-1.62371,1.10791
4172946883,13,8,mean_p,12,0.46066383209433498,0.01574863044715321,mean_p|train_n=12|p=8,2,4,-1.62371,1.10791
3923137535,13,8,mean_p,12,0.48967281963974685,0.01212604880774441,mean_p|train_n=12|p=8,3,7,-1.62371,1.10791
3130589790,13,8,mean_p,12,0.42087829729576831,0.022539231482226869,mean_p|train_n=12|p=8,4,8,-1.62371,1.10791
814765734,13,8,mean_p,12,0.44671905284922242,0.017857232409726847,mean_p|train_n=12|p=8,5,9,-1.62371,1.10791
2261924277,13,8,mean_p,12,0.33318058020993158,0.049674610215530768,mean_p|train_n=12|p=8,6,10,-1.62371,1.10791
932267093,13,8,mean_p,12,0.3343780600297655,0.049141483447420177,mean_p|train_n=12|p=8,7,11,-1.62371,1.10791
876739246,13,8,mean_p,12,0.33933574723652526,0.046994485498138734,mean_p|train_n=12|p=8,8,13,-1.62371,1.10791
2475766733,13,8,mean_p,12,0.4944434073995615,0.01161582717482205,mean_p|train_n=12|p=8,9,14,-1.62371,1.10791
2427998624,13,8,mean_p,12,0.33343036495232309,0.04956292889838277,mean_p|train_n=12|p=8,10,18,-1.62371,1.10791
2780117087,13,8,mean_p,12,0.22590215113289022,0.13060409480743751,mean_p|train_n=12|p=8,11,21,-1.62371,1.10791
1397282121,13,8,mean_p,12,0.24140641354981598,0.11357495381607691,mean_p|train_n=12|p=8,12,22,-1.62371,1.10791
2147897312,13,8,mean_p,12,0.37268816736224242,0.034795723709699758,mean_p|train_n=12|p=8,13,28,-1.62371,1.10791
1576364215,13,8,mean_p,12,0.40853066932756354,0.025191857266732599,mean_p|train_n=12|p=8,14,29,-1.62371,1.10791
2476035482,13,8,mean_p,12,0.45314522885279584,0.016852565291954193,mean_p|train_n=12|p=8,15,31,-1.62371,1.10791
183646802,13,8,mean_p,12,0.41609802841305726,0.023531312969195223,mean_p|train_n=12|p=8,16,32,-1.62371,1.10791
3167059966,13,8,mean_p,12,0.32853657541835152,0.051797436854896767,mean_p|train_n=12|p=8,17,35,-1.62371,1.10791
3334411575,13,8,mean_p,12,0.56385367254562757,0.0062147077164524138,mean_p|train_n=12|p=8,18,36,-1.62371,1.10791
1438274136,13,8,mean_p,12,0.4929636271378936,0.011771751861932227,mean_p|train_n=12|p=8,19,40,-1.62371,1.10791
1595676324,13,8,mean_p,12,0.46254806041020569,0.015483497629123561,mean_p|train_n=12|p=8,20,41,-1.62371,1.10791
1493860438,13,8,mean_p,12,0.31266276780807717,0.059762487891570536,mean_p|train_n=12|p=8,21,43,-1.62371,1.10791
4252199835,13,8,mean_p,12,0.38272470322275431,0.031786959986790778,mean_p|train_n=12|p=8,22,46,-1.62371,1.10791
3408708942,13,8,mean_p,12,0.57544936076845243,0.0055981207068165522,mean_p|train_n=12|p=8,23,47,-1.62371,1.10791
3377905787,13,8,mean_p,12,0.29620132756603662,0.069318427707697597,mean_p|train_n=12|p=8,24,50,-1.62371,1.10791
3785336841,13,8,mean_p,12,0.436539728593206,0.019572658384912303,mean_p|train_n=12|p=8,25,52,-1.62371,1.10791
2160252416,13,8,mean_p,12,0.27792410685796687,0.081728700784230099,mean_p|train_n=12|p=8,26,53,-1.62371,1.10791
1763323171,13,8,mean_p,12,0.62850682812483405,0.0034706250678929406,mean_p|train_n=12|p=8,27,55,-1.62371,1.10791
2267329021,13,8,mean_p,12,0.44563335533849674,0.018032789315280802,mean_p|train_n=12|p=8,28,56,-1.62371,1.10791
2149821600,13,8,mean_p,12,0.2177357507087809,0.14057726925900293,mean_p|train_n=12|p=8,29,58,-1.62371,1.10791
2175177582,13,8,mean_p,12,0.33479737092845852,0.048956158868782504,mean_p|train_n=12|p=8,30,59,-1.62371,1.10791
2274322959,13,8,mean_p,12,0.41137861836095324,0.024553592953287275,mean_p|train_n=12|p=8,31,62,-1.62371,1.10791
813729837,13,8,mean_p,12,0.47976283026241617,0.013258700629870085,mean_p|train_n=12|p=8,32,63,-1.62371,1.10791
3919278927,13,8,mean_p,12,0.47108443531773958,0.014337152615565929,mean_p|train_n=12|p=8,33,64,-1.62371,1.10791
3782207348,13,8,mean_p,12,0.38017625207353778,0.03252535746652984,mean_p|train_n=12|p=8,34,65,-1.62371,1.10791
2723938697,13,8,mean_p,12,0.35757018309815525,0.0398738748394281,mean_p|train_n=12|p=8,35,67,-1.62371,1.10791
708713963,13,8,mean_p,12,0.35133750243026651,0.042177355982451085,mean_p|train_n=12|p=8,36,75,-1.62371,1.10791
2724084657,13,8,mean_p,12,0.44383822037549725,0.01832685618185358,mean_p|train_n=12|p=8,37,76,-1.62371,1.10791
2718593322,13,8,mean_p,12,0.44484743860623027,0.018160947681973551,mean_p|train_n=12|p=8,38,78,-1.62371,1.10791
2614124859,13,8,mean_p,12,0.40958571404236938,0.024953495222467741,mean_p|train_n=12|p=8,39,79,-1.62371,1.10791
1826311120,13,8,mean_p,12,0.37175698924648909,0.035088914789806094,mean_p|train_n=12|p=8,40,80,-1.62371,1.10791
16605759,13,8,mean_p,12,0.33920524577369549,0.047049780575374706,mean_p|train_n=12|p=8,41,83,-1.62371,1.10791
2372635823,13,8,mean_p,12,0.25634293415339171,0.099272769824216345,mean_p|train_n=12|p=8,42,87,-1.62371,1.10791
1393156433,13,8,mean_p,12,0.26819914786923926,0.08921382333639391,mean_p|train_n=12|p=8,43,88,-1.62371,1.10791
2812176473,13,8,mean_p,12,0.40192115171709281,0.026737808392429625,mean_p|train_n=12|p=8,44,89,-1.62371,1.10791
480582259,13,8,mean_p,12,0.45456850741425192,0.016637810534331974,mean_p|train_n=12|p=8,45,90,-1.62371,1.10791
1383312952,13,8,mean_p,12,0.34314522626702038,0.045408684693315438,mean_p|train_n=12|p=8,46,91,-1.62371,1.10791
3418321834,13,8,mean_p,12,0.26962539595256918,0.088074601514403786,mean_p|train_n=12|p=8,47,93,-1.62371,1.10791
2668008257,13,8,mean_p,12,0.35317077289556054,0.041486332997204875,mean_p|train_n=12|p=8,48,94,-1.62371,1.10791
3962924388,13,8,mean_p,12,0.369480385462443,0.035816172673723515,mean_p|train_n=12|p=8,49,95,-1.62371,1.10791
3485447545,13,8,mean_p,12,0.3625492334414297,0.038124440229653063,mean_p|train_n=12|p=8,50,97,-1.62371,1.10791
3194581779,13,8,mean_p,12,0.35866555167449771,0.039482244802805481,mean_p|train_n=12|p=8,51,98,-1.62371,1.10791
2690162688,13,8,mean_p,12,0.43118758103983384,0.020539735966340116,mean_p|train_n=12|p=8,52,99,-1.62371,1.10791
2927753273,13,8,mean_p,12,0.37460216552998155,0.034200751779657777,mean_p|train_n=12|p=8,53,100,-1.62371,1.10791
353394292,13,8,mean_p,12,0.51848252270840789,0.0093535335788548137,mean_p|train_n=12|p=8,54,101,-1.62371,1.10791
3330760477,13,8,mean_p,12,0.28845544349694763,0.074329526842215429,mean_p|train_n=12|p=8,55,102,-1.62371,1.10791
2582531892,13,8,mean_p,12,0.48067036876645475,0.013150716415722172,mean_p|train_n=12|p=8,56,103,-1.62371,1.10791
2441398602,13,8,mean_p,12,0.33426057172311918,0.049193535951791344,mean_p|train_n=12|p=8,57,104,-1.62371,1.10791
2522029905,13,8,mean_p,12,0.50483003886576516,0.01057799123100351,mean_p|train_n=12|p=8,58,109,-1.62371,1.10791
1464198585,13,8,mean_p,12,0.39654396194939801,0.028065245599998248,mean_p|train_n=12|p=8,59,110,-1.62371,1.10791
3373258433,13,8,mean_p,12,0.38461341532336318,0.031250554539912684,mean_p|train_n=12|p=8,60,111,-1.62371,1.10791
2091447848,13,8,mean_p,12,0.38465260890501018,0.03123951973126235,mean_p|train_n=12|p=8,61,112,-1.62371,1.10791
1126568935,13,8,mean_p,12,0.53345671206100342,0.0081728940258252013,mean_p|train_n=12|p=8,62,113,-1.62371,1.10791
1897217296,13,8,mean_p,12,0.34142655661269866,0.046117392794072766,mean_p|train_n=12|p=8,63,115,-1.62371,1.10791
2155038565,13,8,mean_p,12,0.51094416100762452,0.01001097227364056,mean_p|train_n=12|p=8,64,119,-1.62371,1.10791
2936456461,13,8,mean_p,12,0.35219519697784085,0.041852640012710877,mean_p|train_n=12|p=8,65,120,-1.62371,1.10791
1251447701,13,8,mean_p,12,0.51438988666066132,0.0097049162165641426,mean_p|train_n=12|p=8,66,122,-1.62371,1.10791
3092205438,13,8,mean_p,12,0.48099424204927177,0.013112393390739796,mean_p|train_n=12|p=8,67,123,-1.62371,1.10791
311094117,13,8,mean_p,12,0.25707384744106732,0.098621088281945643,mean_p|train_n=12|p=8,68,124,-1.62371,1.10791
761647772,13,8,mean_p,12,0.26842940495985895,0.08902891201032706,mean_p|train_n=12|p=8,69,125,-1.62371,1.10791
1133612949,13,8,mean_p,12,0.39536827138483532,0.028364150608362202,mean_p|train_n=12|p=8,70,126,-1.62371,1.10791
3571831956,13,8,mean_p,12,0.4321861653880808,0.020355745226929182,mean_p|train_n=12|p=8,71,127,-1.62371,1.10791
2519171354,13,8,mean_p,12,0.51704211906643038,0.0094757276720531872,mean_p|train_n=12|p=8,72,129,-1.62371,1.10791
3094883975,13,8,mean_p,12,0.40869796338745268,0.025153909849818138,mean_p|train_n=12|p=8,73,130,-1.62371,1.10791
668587493,13,8,mean_p,12,0.4218012641378196,0.022352555131079695,mean_p|train_n=12|p=8,74,134,-1.62371,1.10791
2580413020,13,8,mean_p,12,0.56767023707205222,0.0060046127342114688,mean_p|train_n=12|p=8,75,135,-1.62371,1.10791
1841355450,13,8,mean_p,12,0.53786246517719782,0.0078547874529288023,mean_p|train_n=12|p=8,76,137,-1.62371,1.10791
1819732075,13,8,mean_p,12,0.31333011096754415,0.059404192219268903,mean_p|train_n=12|p=8,77,138,-1.62371,1.10791
4075670846,13,8,mean_p,12,0.34284068575134147,0.045533465803033885,mean_p|train_n=12|p=8,78,139,-1.62371,1.10791
853442135,13,8,mean_p,12,0.37157825760445751,0.03514547225875015,mean_p|train_n=12|p=8,79,141,-1.62371,1.10791
1343084864,13,8,mean_p,12,0.32034598368393613,0.055764941246626058,mean_p|train_n=12|p=8,80,144,-1.62371,1.10791
173475955,13,8,mean_p,12,0.37263248071762001,0.034813188151283064,mean_p|train_n=12|p=8,81,145,-1.62371,1.10791
3231880528,13,8,mean_p,12,0.49435114176308403,0.011625488561969544,mean_p|train_n=12|p=8,82,146,-1.62371,1.10791
1488716536,13,8,mean_p,12,0.3758804472887407,0.033809071008865037,mean_p|train_n=12|p=8,83,147,-1.62371,1.10791
2291910583,13,8,mean_p,12,0.51785343680117524,0.0094067059454086503,mean_p|train_n=12|p=8,84,148,-1.62371,1.10791
3244400256,13,8,mean_p,12,0.38530690649945587,0.031055879067570302,mean_p|train_n=12|p=8,85,149,-1.62371,1.10791
4028805120,13,8,mean_p,12,0.56686814915099881,0.0060481685526857336,mean_p|train_n=12|p=8,86,151,-1.62371,1.10791
1068744059,13,8,mean_p,12,0.53308822773932607,0.0082000762447595014,mean_p|train_n=12|p=8,87,154,-1.62371,1.10791
3189663334,13,8,mean_p,12,0.44136247156981867,0.018740300144402523,mean_p|train_n=12|p=8,88,155,-1.62371,1.10791
1699493503,13,8,mean_p,12,0.25459295869055154,0.10085059753740508,mean_p|train_n=12|p=8,89,156,-1.62371,1.10791
2726625222,13,8,mean_p,12,0.47520694164956695,0.013814333406094507,mean_p|train_n=12|p=8,90,158,-1.62371,1.10791
1313666937,13,8,mean_p,12,0.28965130351635926,0.073532867421611886,mean_p|train_n=12|p=8,91,160,-1.62371,1.10791
487671382,13,8,mean_p,12,0.28046101762152237,0.079881585103101158,mean_p|train_n=12|p=8,92,161,-1.62371,1.10791
2325141600,13,8,mean_p,12,0.408100787086418,0.02528963048818474,mean_p|train_n=12|p=8,93,165,-1.62371,1.10791
3507991206,13,8,mean_p,12,0.42819061535762154,0.021101977318664922,mean_p|train_n=12|p=8,94,166,-1.62371,1.10791
931296357,13,8,mean_p,12,0.38806860835767998,0.030292576311395362,mean_p|train_n=12|p=8,95,167,-1.62371,1.10791
2218472588,13,8,mean_p,12,0.33993562336403976,0.046741145334951231,mean_p|train_n=12|p=8,96,168,-1.62371,1.10791
2317426070,13,8,mean_p,12,0.36316618634360676,0.037913082725794925,mean_p|train_n=12|p=8,97,170,-1.62371,1.10791
24330806,13,8,mean_p,12,0.4500830593592029,0.017324052122201585,mean_p|train_n=12|p=8,98,173,-1.62371,1.10791
720208513,13,8,mean_p,12,0.56515995840212097,0.0061419843038321197,mean_p|train_n=12|p=8,99,174,-1.62371,1.10791
791590556,13,8,mean_p,12,0.36566859343846186,0.037067748159462788,mean_p|train_n=12|p=8,100,177,-1.62371,1.10791
1830706655,13,8,mean_p,12,0.30108013588255528,0.066337030053768939,mean_p|train_n=12|p=8,101,179,-1.62371,1.10791
316530327,13,8,mean_p,12,0.31014734377720565,0.061132548885375781,mean_p|train_n=12|p=8,102,181,-1.62371,1.10791
1760325721,13,8,mean_p,12,0.24569785886374682,0.10926686176326506,mean_p|train_n=12|p=8,103,182,-1.62371,1.10791
1898959044,13,8,mean_p,12,0.44415223455093022,0.018275072639749531,mean_p|train_n=12|p=8,104,183,-1.62371,1.10791
2292485283,13,8,mean_p,12,0.35976667569396642,0.039092433790243894,mean_p|train_n=12|p=8,105,187,-1.62371,1.10791
735020650,13,8,mean_p,12,0.30230076577943094,0.065611387690498402,mean_p|train_n=12|p=8,106,189,-1.62371,1.10791
2863325184,13,8,mean_p,12,0.40205997262301091,0.026704382893969283,mean_p|train_n=12|p=8,107,190,-1.62371,1.10791
2024142160,13,8,mean_p,12,0.39054381729315985,0.029624412944448359,mean_p|train_n=12|p=8,108,191,-1.62371,1.10791
3848914394,13,8,mean_p,12,0.36160650494308305,0.038449680911535174,mean_p|train_n=12|p=8,109,192,-1.62371,1.10791
1924943175,13,8,mean_p,12,0.48050751394422836,0.01317002887339851,mean_p|train_n=12|p=8,110,193,-1.62371,1.10791
3049939027,13,8,mean_p,12,0.28297318870349647,0.078093622546136748,mean_p|train_n=12|p=8,111,194,-1.62371,1.10791
2234691890,13,8,mean_p,12,0.25281394854383177,0.10248031134308198,mean_p|train_n=12|p=8,112,195,-1.62371,1.10791
2673378205,13,8,mean_p,12,0.42946155282331844,0.020861689539229684,mean_p|train_n=12|p=8,113,196,-1.62371,1.10791
80044016,13,8,mean_p,12,0.28942415907653019,0.073683527071401939,mean_p|train_n=12|p=8,114,199,-1.62371,1.10791
3595731260,13,8,mean_p,12,0.24306604690445049,0.11188909893564314,mean_p|train_n=12|p=8,115,201,-1.62371,1.10791
854344893,13,8,mean_p,12,0.51077166615027891,0.010026544789694329,mean_p|train_n=12|p=8,116,202,-1.62371,1.10791
3019285046,13,8,mean_p,12,0.26438446785390168,0.092333751721069376,mean_p|train_n=12|p=8,117,205,-1.62371,1.10791
2721728482,13,8,mean_p,12,0.34564120332348003,0.04439879576164639,mean_p|train_n=12|p=8,118,206,-1.62371,1.10791
3889816359,13,8,mean_p,12,0.43083441936886957,0.020605203871681341,mean_p|train_n=12|p=8,119,207,-1.62371,1.10791
3868321773,13,8,mean_p,12,0.51094706805991752,0.010010710037691288,mean_p|train_n=12|p=8,120,208,-1.62371,1.10791
3284281265,13,8,mean_p,12,0.43066218335931489,0.020637208054393553,mean_p|train_n=12|p=8,121,209,-1.62371,1.10791
1661485059,13,8,mean_p,12,0.34237161274076378,0.045726332890827379,mean_p|train_n=12|p=8,122,210,-1.62371,1.10791
952770418,13,8,mean_p,12,0.44135176858282238,0.018742107615227994,mean_p|train_n=12|p=8,123,211,-1.62371,1.10791
3891240332,13,8,mean_p,12,0.31026191644899492,0.061069467939982275,mean_p|train_n=12|p=8,124,213,-1.62371,1.10791
4143862058,13,8,mean_p,12,0.29579725807733853,0.069571278579566576,mean_p|train_n=12|p=8,125,214,-1.62371,1.10791
1397400701,13,8,mean_p,12,0.42269332547754179,0.022173599081750862,mean_p|train_n=12|p=8,126,215,-1.62371,1.10791
1038523573,13,8,mean_p,12,0.27028505197204933,0.087552629854600994,mean_p|train_n=12|p=8,127,216,-1.62371,1.10791
1192843563,13,8,mean_p,12,0.36408622926331591,0.037600066392517589,mean_p|train_n=12|p=8,128,218,-1.62371,1.10791
2072966362,13,8,mean_p,12,0.43660901801278612,0.019560441795394738,mean_p|train_n=12|p=8,129,220,-1.62371,1.10791
1373122015,13,8,mean_p,12,0.37085776759912192,0.035374388549032326,mean_p|train_n=12|p=8,130,221,-1.62371,1.10791
1644664148,13,8,mean_p,12,0.43242303713193553,0.020312343633534166,mean_p|train_n=12|p=8,131,222,-1.62371,1.10791
2572603372,13,8,mean_p,12,0.35267997841857129,0.041670212879976902,mean_p|train_n=12|p=8,132,223,-1.62371,1.10791
251676963,13,8,mean_p,12,0.47295598120309496,0.014097393403346528,mean_p|train_n=12|p=8,133,226,-1.62371,1.10791
668902972,13,8,mean_p,12,0.22929207391963471,0.12667493898223517,mean_p|train_n=12|p=8,134,227,-1.62371,1.10791
264717,13,8,mean_p,12,0.46250777066031279,0.015489119893891219,mean_p|train_n=12|p=8,135,228,-1.62371,1.10791
1282929053,13,8,mean_p,12,0.40594650533694465,0.025785349859884281,mean_p|train_n=12|p=8,136,232,-1.62371,1.10791
2713849358,13,8,mean_p,12,0.24134527732655769,0.1136375387241961,mean_p|train_n=12|p=8,137,234,-1.62371,1.10791
2670740499,13,8,mean_p,12,0.46850025091624714,0.01467492294299636,mean_p|train_n=12|p=8,138,235,-1.62371,1.10791
3720481762,13,8,mean_p,12,0.37672993877571392,0.03355126089746685,mean_p|train_n=12|p=8,139,237,-1.62371,1.10791
3573664464,13,8,mean_p,12,0.4238066300211768,0.021952267998575234,mean_p|train_n=12|p=8,140,238,-1.62371,1.10791
2858528817,13,8,mean_p,12,0.44391924379587172,0.018313480718694871,mean_p|train_n=12|p=8,141,240,-1.62371,1.10791
2213532469,13,8,mean_p,12,0.43337984062865087,0.020137970017082403,mean_p|train_n=12|p=8,142,241,-1.62371,1.10791
714680812,13,8,mean_p,12,0.3708238140525249,0.035385213086262364,mean_p|train_n=12|p=8,143,242,-1.62371,1.10791
2754220589,13,8,mean_p,12,0.30197933633566348,0.065801698205506923,mean_p|train_n=12|p=8,144,244,-1.62371,1.10791
313499115,13,8,mean_p,12,0.37238317061235865,0.034891484301379776,mean_p|train_n=12|p=8,145,248,-1.62371,1.10791
1799476455,13,8,mean_p,12,0.41018080567311183,0.024820044739779581,mean_p|train_n=12|p=8,146,251,-1.62371,1.10791
134003694,13,8,mean_p,12,0.27677428105232854,0.082579892250193049,mean_p|train_n=12|p=8,147,252,-1.62371,1.10791
1967711595,13,8,mean_p,12,0.46323526039432245,0.015387915416620336,mean_p|train_n=12|p=8,148,254,-1.62371,1.10791
357601323,13,8,mean_p,12,0.41621064275415659,0.02350744649087709,mean_p|train_n=12|p=8,149,256,-1.62371,1.10791
4129816946,13,8,mean_p,12,0.363169932562936,0.037911802920855477,mean_p|train_n=12|p=8,150,257,-1.62371,1.10791
3021053765,13,8,mean_p,12,0.32879435897960363,0.051677258018163065,mean_p|train_n=12|p=8,151,260,-1.62371,1.10791
2012665947,13,8,mean_p,12,0.44415039228265196,0.018275376017973174,mean_p|train_n=12|p=8,152,261,-1.62371,1.10791
964235237,13,8,mean_p,12,0.26441536296546608,0.092308050212666082,mean_p|train_n=12|p=8,153,262,-1.62371,1.10791
3657523098,13,8,mean_p,12,0.35309562046169318,0.041514436727637424,mean_p|train_n=12|p=8,154,263,-1.62371,1.10791
4212691483,13,8,mean_p,12,0.30949605745084185,0.061492371346246993,mean_p|train_n=12|p=8,155,265,-1.62371,1.10791
710395245,13,8,mean_p,12,0.35507824009343864,0.040779358162490419,mean_p|train_n=12|p=8,156,268,-1.62371,1.10791
1689339447,13,8,mean_p,12,0.45671567897739429,0.016318996707221287,mean_p|train_n=12|p=8,157,270,-1.62371,1.10791
2392375212,13,8,mean_p,12,0.46334130842547167,0.015373217907896811,mean_p|train_n=12|p=8,158,273,-1.62371,1.10791
3753539383,13,8,mean_p,12,0.34629429005561624,0.044138280242206382,mean_p|train_n=12|p=8,159,274,-1.62371,1.10791
396525638,13,8,mean_p,12,0.53888183966178604,0.0077829676958700404,mean_p|train_n=12|p=8,160,276,-1.62371,1.10791
3793816263,13,8,mean_p,12,0.37154962445878448,0.035154541339881482,mean_p|train_n=12|p=8,161,277,-1.62371,1.10791
2932781391,13,8,mean_p,12,0.18662619505195466,0.18606253130697858,mean_p|train_n=12|p=8,162,278,-1.62371,1.10791
1330122543,13,8,mean_p,12,0.46501208820177714,0.015143503782433098,mean_p|train_n=12|p=8,163,279,-1.62371,1.10791
2866148227,13,8,mean_p,12,0.46542119417479505,0.015087781261716966,mean_p|train_n=12|p=8,164,282,-1.62371,1.10791
3313959536,13,8,mean_p,12,0.4718429225486353,0.014239497114530025,mean_p|train_n=12|p=8,165,283,-1.62371,1.10791
1901900815,13,8,mean_p,12,0.3965030601149136,0.028075591314326909,mean_p|train_n=12|p=8,166,284,-1.62371,1.10791
1754218252,13,8,mean_p,12,0.49227812809102339,0.011844690688237246,mean_p|train_n=12|p=8,167,286,-1.62371,1.10791
2126234051,13,8,mean_p,12,0.3062444690627813,0.063320738958909592,mean_p|train_n=12|p=8,168,287,-1.62371,1.10791
1686389248,13,8,mean_p,12,0.37831540189998059,0.033075339500716734,mean_p|train_n=12|p=8,169,288,-1.62371,1.10791
2029881361,13,8,mean_p,12,0.27483106260140133,0.084038614424060021,mean_p|train_n=12|p=8,170,290,-1.62371,1.10791
1840702391,13,8,mean_p,12,0.39379709169464144,0.028768579710439345,mean_p|train_n=12|p=8,171,292,-1.62371,1.10791
4255122286,13,8,mean_p,12,0.56706156462314228,0.006037636682165259,mean_p|train_n=12|p=8,172,296,-1.62371,1.10791
3608913589,13,8,mean_p,12,0.40303352055730846,0.026471141753871205,mean_p|train_n=12|p=8,173,297,-1.62371,1.10791
1214728956,13,8,mean_p,12,0.26800958640631534,0.089366341646130276,mean_p|train_n=12|p=8,174,301,-1.62371,1.10791
4287067873,13,8,mean_p,12,0.35280596061957537,0.041622935082209996,mean_p|train_n=12|p=8,175,302,-1.62371,1.10791
1028510931,13,8,mean_p,12,0.41484798991810679,0.023797867826373168,mean_p|train_n=12|p=8,176,303,-1.62371,1.10791
4102916068,13,8,mean_p,12,0.37897593653056738,0.032879059119816166,mean_p|train_n=12|p=8,177,305,-1.62371,1.10791
485341611,13,8,mean_p,12,0.27857951139994291,0.08124745043287776,mean_p|train_n=12|p=8,178,306,-1.62371,1.10791
2310310264,13,8,mean_p,12,0.2269799263465842,0.12934184117871203,mean_p|train_n=12|p=8,179,308,-1.62371,1.10791
2391818744,13,8,mean_p,12,0.40385897807009147,0.02627497651827319,mean_p|train_n=12|p=8,180,309,-1.62371,1.10791
4084260313,13,8,mean_p,12,0.44847449186853361,0.017576987081945196,mean_p|train_n=12|p=8,181,310,-1.62371,1.10791
3901628587,13,8,mean_p,12,0.29592214145829204,0.069493033126375836,mean_p|train_n=12|p=8,182,311,-1.62371,1.10791
3944556694,13,8,mean_p,12,0.23564644687017541,0.11962544451148933,mean_p|train_n=12|p=8,183,312,-1.62371,1.10791
3320693524,13,8,mean_p,12,0.34930727782149579,0.042956057172869884,mean_p|train_n=12|p=8,184,314,-1.62371,1.10791
4043452308,13,8,mean_p,12,0.35967077124579555,0.03912623155218916,mean_p|train_n=12|p=8,185,315,-1.62371,1.10791
1372205905,13,8,mean_p,12,0.34306623031949851,0.045441019266187391,mean_p|train_n=12|p=8,186,317,-1.62371,1.10791
3393936802,13,8,mean_p,12,0.38960378048636635,0.029876415002996506,mean_p|train_n=12|p=8,187,318,-1.62371,1.10791
1346288514,13,8,mean_p,12,0.36643358883634158,0.03681310744930711,mean_p|train_n=12|p=8,188,319,-1.62371,1.10791
95680127,13,8,mean_p,12,0.31160458082451203,0.060335062508999546,mean_p|train_n=12|p=8,189,321,-1.62371,1.10791
3334241682,13,8,mean_p,12,0.35418749871307836,0.041107986418994713,mean_p|train_n=12|p=8,190,322,-1.62371,1.10791
567996641,13,8,mean_p,12,0.29835017690154125,0.067989119687396959,mean_p|train_n=12|p=8,191,323,-1.62371,1.10791
1934480178,13,8,mean_p,12,0.31101759375575122,0.060655037602888942,mean_p|train_n=12|p=8,192,324,-1.62371,1.10791
1501335082,13,8,mean_p,12,0.34301771647835372,0.045460888332978164,mean_p|train_n=12|p=8,193,328,-1.62371,1.10791
918619465,13,8,mean_p,12,0.29779727935938027,0.068328694282653854,mean_p|train_n=12|p=8,194,329,-1.62371,1.10791
2835385324,13,8,mean_p,12,0.26288277485205458,0.093591669110995798,mean_p|train_n=12|p=8,195,331,-1.62371,1.10791
592391315,13,8,mean_p,12,0.40986774389349817,0.024890160255613827,mean_p|train_n=12|p=8,196,332,-1.62371,1.10791
2095668931,13,8,mean_p,12,0.43586278998625089,0.019692413245222962,mean_p|train_n=12|p=8,197,334,-1.62371,1.10791
1739263832,13,8,mean_p,12,0.33757593444254941,0.047745641515264517,mean_p|train_n=12|p=8,198,336,-1.62371,1.10791
3138206277,13,8,mean_p,12,0.35419617541485265,0.041104772516395861,mean_p|train_n=12|p=8,199,337,-1.62371,1.10791
3732687201,13,8,mean_p,12,0.31106568816156938,0.06062875694997507,mean_p|train_n=12|p=8,200,340,-1.62371,1.10791
3839117489,13,8,mean_p,12,0.39805577254020003,0.027685510930369382,mean_p|train_n=12|p=8,201,342,-1.62371,1.10791
2674821599,13,8,mean_p,12,0.46627249893856859,0.014972485172304007,mean_p|train_n=12|p=8,202,345,-1.62371,1.10791
773674101,13,8,mean_p,12,0.23849945361288263,0.11658928439117353,mean_p|train_n=12|p=8,203,346,-1.62371,1.10791
530017051,13,8,mean_p,12,0.51230738567919254,0.0098887507130013819,mean_p|train_n=12|p=8,204,347,-1.62371,1.10791
756157305,13,8,mean_p,12,0.35628643171968899,0.040337804894832512,mean_p|train_n=12|p=8,205,351,-1.62371,1.10791
3615327269,13,8,mean_p,12,0.25323508864101646,0.10209215019795943,mean_p|train_n=12|p=8,206,352,-1.62371,1.10791
4211577467,13,8,mean_p,12,0.42898918293372817,0.020950676240838462,mean_p|train_n=12|p=8,207,353,-1.62371,1.10791
1796225250,13,8,mean_p,12,0.39494056938328309,0.028473676558628709,mean_p|train_n=12|p=8,208,355,-1.62371,1.10791
915696607,13,8,mean_p,12,0.41594943288612279,0.023562842063703765,mean_p|train_n=12|p=8,209,357,-1.62371,1.10791
2629746404,13,8,mean_p,12,0.4768877083876617,0.013606688350332352,mean_p|train_n=12|p=8,210,358,-1.62371,1.10791
3845434085,13,8,mean_p,12,0.40452453983085029,0.026117868676939337,mean_p|train_n=12|p=8,211,360,-1.62371,1.10791
3857359299,13,8,mean_p,12,0.31131760848352069,0.060491283813223412,mean_p|train_n=12|p=8,212,362,-1.62371,1.10791
216894094,13,8,mean_p,12,0.38789795050704889,0.030339195559384684,mean_p|train_n=12|p=8,213,363,-1.62371,1.10791
1657658715,13,8,mean_p,12,0.41113978111745231,0.024606492668119973,mean_p|train_n=12|p=8,214,365,-1.62371,1.10791
4026258898,13,8,mean_p,12,0.39353109841600109,0.028837616163337292,mean_p|train_n=12|p=8,215,366,-1.62371,1.10791
1215988977,13,8,mean_p,12,0.57447785466372592,0.0056473426702757434,mean_p|train_n=12|p=8,216,368,-1.62371,1.10791
3708002182,13,8,mean_p,12,0.32969788231260433,0.051258232060060784,mean_p|train_n=12|p=8,217,370,-1.62371,1.10791
3064163573,13,8,mean_p,12,0.51917927702052202,0.0092949923862241293,mean_p|train_n=12|p=8,218,372,-1.62371,1.10791
3607571255,13,8,mean_p,12,0.36328789735010542,0.037871525204492641,mean_p|train_n=12|p=8,219,373,-1.62371,1.10791
771437767,13,8,mean_p,12,0.44984103113748597,0.017361875295831882,mean_p|train_n=12|p=8,220,376,-1.62371,1.10791
2965289746,13,8,mean_p,12,0.60127503216869604,0.0044358447282531899,mean_p|train_n=12|p=8,221,378,-1.62371,1.10791
3101997527,13,8,mean_p,12,0.50873844007905611,0.010211936477681994,mean_p|train_n=12|p=8,222,379,-1.62371,1.10791
266713336,13,8,mean_p,12,0.30726762327698204,0.062739632874592693,mean_p|train_n=12|p=8,223,380,-1.62371,1.10791
4019284171,13,8,mean_p,12,0.31511618280061487,0.058455785288668863,mean_p|train_n=12|p=8,224,382,-1.62371,1.10791
795832076,13,8,mean_p,12,0.25871602384638648,0.097172486096942373,mean_p|train_n=12|p=8,225,383,-1.62371,1.10791
1253634742,13,8,mean_p,12,0.34587224150435081,0.044306459610528343,mean_p|train_n=12|p=8,226,384,-1.62371,1.10791
2228277480,13,8,mean_p,12,0.44655199660423772,0.01788413366828865,mean_p|train_n=12|p=8,227,386,-1.62371,1.10791
141054480,13,8,mean_p,12,0.28316177582455526,0.077961027451432297,mean_p|train_n=12|p=8,228,387,-1.62371,1.10791
63013310,13,8,mean_p,12,0.32320502385141103,0.054346641387072257,mean_p|train_n=12|p=8,229,388,-1.62371,1.10791
3608547012,13,8,mean_p,12,0.37130223801906936,0.035232994472507925,mean_p|train_n=12|p=8,230,390,-1.62371,1.10791
625294015,13,8,mean_p,12,0.30689048699335802,0.062953206319686955,mean_p|train_n=12|p=8,231,391,-1.62371,1.10791
4210055179,13,8,mean_p,12,0.37529640126841007,0.033987470011079664,mean_p|train_n=12|p=8,232,392,-1.62371,1.10791
2134668331,13,8,mean_p,12,0.33274907176833773,0.049868135262510667,mean_p|train_n=12|p=8,233,393,-1.62371,1.10791
1131467584,13,8,mean_p,12,0.33398273439468329,0.049316849616360944,mean_p|train_n=12|p=8,234,394,-1.62371,1.10791
1663296931,13,8,mean_p,12,0.42460289623764724,0.021795322313175158,mean_p|train_n=12|p=8,235,396,-1.62371,1.10791
1400386673,13,8,mean_p,12,0.3765193559226282,0.033614986327737725,mean_p|train_n=12|p=8,236,398,-1.62371,1.10791
62543248,13,8,mean_p,12,0.30653285195126972,0.063156407723518521,mean_p|train_n=12|p=8,237,399,-1.62371,1.10791
635634673,13,8,mean_p,12,0.34974410686544483,0.042787304651535574,mean_p|train_n=12|p=8,238,401,-1.62371,1.10791
4290329824,13,8,mean_p,12,0.37666891813967912,0.033569714186911764,mean_p|train_n=12|p=8,239,403,-1.62371,1.10791
3394409073,13,8,mean_p,12,0.45871216873210785,0.01602803978828771,mean_p|train_n=12|p=8,240,404,-1.62371,1.10791
4226786987,13,8,mean_p,12,0.32237923121521711,0.054752551017566459,mean_p|train_n=12|p=8,241,405,-1.62371,1.10791
3911070590,13,8,mean_p,12,0.23327834542203282,0.12220553283412314,mean_p|train_n=12|p=8,242,406,-1.62371,1.10791
1535822555,13,8,mean_p,12,0.29511766734754802,0.069998621658468346,mean_p|train_n=12|p=8,243,407,-1.62371,1.10791
3695554045,13,8,mean_p,12,0.37927904833354431,0.032789378607629899,mean_p|train_n=12|p=8,244,408,-1.62371,1.10791
3506866262,13,8,mean_p,12,0.40825245216315104,0.025255092251776044,mean_p|train_n=12|p=8,245,410,-1.62371,1.10791
810285081,13,8,mean_p,12,0.44621121160193028,0.017939136389581761,mean_p|train_n=12|p=8,246,411,-1.62371,1.10791
3756855434,13,8,mean_p,12,0.49046724831158539,0.012039554105499442,mean_p|train_n=12|p=8,247,412,-1.62371,1.10791
1914155607,13,8,mean_p,12,0.21270140077320784,0.14710128862554001,mean_p|train_n=12|p=8,248,421,-1.62371,1.10791
3658991522,13,8,mean_p,12,0.36197912377448432,0.038320797371756921,mean_p|train_n=12|p=8,249,422,-1.62371,1.10791
954588581,13,8,mean_p,12,0.38571264123592996,0.03094254481785828,mean_p|train_n=12|p=8,250,423,-1.62371,1.10791
1640021527,13,8,mean_p,12,0.39129974280989821,0.029423309598876915,mean_p|train_n=12|p=8,251,425,-1.62371,1.10791
3225505645,13,8,mean_p,12,0.32651361018467995,0.052750298489065928,mean_p|train_n=12|p=8,252,427,-1.62371,1.10791
570738241,13,8,mean_p,12,0.30737375699769448,0.062679659771401941,mean_p|train_n=12|p=8,253,430,-1.62371,1.10791
2750656812,13,8,mean_p,12,0.29015844555030074,0.073197602606025147,mean_p|train_n=12|p=8,254,433,-1.62371,1.10791
4223296115,13,8,mean_p,12,0.58114443937128135,0.0053180840289645606,mean_p|train_n=12|p=8,255,434,-1.62371,1.10791
1199975105,13,8,mean_p,12,0.44473436867314259,0.018179460635801069,mean_p|train_n=12|p=8,256,435,-1.62371,1.10791
115326738,13,8,mean_p,12,0.53780974959902494,0.0078585194850892808,mean_p|train_n=12|p=8,257,437,-1.62371,1.10791
752365689,13,8,mean_p,12,0.35241312418571674,0.041770533656577472,mean_p|train_n=12|p=8,258,440,-1.62371,1.10791
3168072017,13,8,mean_p,12,0.37853874629383888,0.033008841094552467,mean_p|train_n=12|p=8,259,442,-1.62371,1.10791
2919440748,13,8,mean_p,12,0.51413637593296224,0.0097271111109757322,mean_p|train_n=12|p=8,260,444,-1.62371,1.10791
2978865762,13,8,mean_p,12,0.52862973042867301,0.0085362225474692049,mean_p|train_n=12|p=8,261,446,-1.62371,1.10791
683930972,13,8,mean_p,12,0.49993514525253591,0.011055002117504105,mean_p|train_n=12|p=8,262,447,-1.62371,1.10791
1727838780,13,8,mean_p,12,0.15354717042179605,0.2506744365287103,mean_p|train_n=12|p=8,263,448,-1.62371,1.10791
1973887746,13,8,mean_p,12,0.35689017282317642,0.040118952644290315,mean_p|train_n=12|p=8,264,450,-1.62371,1.10791
3675758240,13,8,mean_p,12,0.42482007368519326,0.021752711290933417,mean_p|train_n=12|p=8,265,452,-1.62371,1.10791
2611499,13,8,mean_p,12,0.43932752232600125,0.019087106299232316,mean_p|train_n=12|p=8,266,455,-1.62371,1.10791
2346868378,13,8,mean_p,12,0.40567038857886784,0.025849585343124284,mean_p|train_n=12|p=8,267,458,-1.62371,1.10791
3308856034,13,8,mean_p,12,0.29831942375448106,0.068007963031212149,mean_p|train_n=12|p=8,268,459,-1.62371,1.10791
629553947,13,8,mean_p,12,0.319533712814145,0.056174599092143257,mean_p|train_n=12|p=8,269,462,-1.62371,1.10791
4162063077,13,8,mean_p,12,0.57874096020011379,0.0054345169343446445,mean_p|train_n=12|p=8,270,463,-1.62371,1.10791
711703487,13,8,mean_p,12,0.34881671158274075,0.043146362578017031,mean_p|train_n=12|p=8,271,464,-1.62371,1.10791
38178890,13,8,mean_p,12,0.50633017360726662,0.010435964436465351,mean_p|train_n=12|p=8,272,465,-1.62371,1.10791
1927467474,13,8,mean_p,12,0.34917511241239702,0.043007245349839809,mean_p|train_n=12|p=8,273,466,-1.62371,1.10791
1903849569,13,8,mean_p,12,0.40298529490663021,0.026482647477803548,mean_p|train_n=12|p=8,274,467,-1.62371,1.10791
2726424432,13,8,mean_p,12,0.29280294606105522,0.071473968336545124,mean_p|train_n=12|p=8,275,470,-1.62371,1.10791
2949953799,13,8,mean_p,12,0.39905564812774669,0.027437190565056356,mean_p|train_n=12|p=8,276,475,-1.62371,1.10791
4153252654,13,8,mean_p,12,0.51707731713190941,0.0094727227631602965,mean_p|train_n=12|p=8,277,476,-1.62371,1.10791
2380192010,13,8,mean_p,12,0.30505457721637136,0.064003317470607113,mean_p|train_n=12|p=8,278,479,-1.62371,1.10791
1036485908,13,8,mean_p,12,0.45975416474911468,0.015878251447176746,mean_p|train_n=12|p=8,279,480,-1.62371,1.10791
3311161132,13,8,mean_p,12,0.44237711566497845,0.018569740904644902,mean_p|train_n=12|p=8,280,481,-1.62371,1.10791
3654006776,13,8,mean_p,12,0.37450085989814769,0.034231986404552731,mean_p|train_n=12|p=8,281,482,-1.62371,1.10791
720736407,13,8,mean_p,12,0.54827501905501674,0.0071513174022711182,mean_p|train_n=12|p=8,282,486,-1.62371,1.10791
3952602537,13,8,mean_p,12,0.30563801920594619,0.063667712903532236,mean_p|train_n=12|p=8,283,489,-1.62371,1.10791
1840371893,13,8,mean_p,12,0.46117308137234109,0.015676528671053916,mean_p|train_n=12|p=8,284,490,-1.62371,1.10791
398108149,13,8,mean_p,12,0.26589975425476275,0.091081584180428304,mean_p|train_n=12|p=8,285,491,-1.62371,1.10791
788324401,13,8,mean_p,12,0.45650533344695227,0.016349957152879086,mean_p|train_n=12|p=8,286,492,-1.62371,1.10791
2965042603,13,8,mean_p,12,0.40416126113840239,0.026203504897581865,mean_p|train_n=12|p=8,287,493,-1.62371,1.10791
3144314695,13,8,mean_p,12,0.3462448157189052,0.04415796186985927,mean_p|train_n=12|p=8,288,495,-1.62371,1.10791
1581037300,13,8,mean_p,12,0.31090042824156355,0.060719109084928849,mean_p|train_n=12|p=8,289,499,-1.62371,1.10791
1810714022,13,8,mean_p,12,0.46517483593151898,0.015121312024114165,mean_p|train_n=12|p=8,290,501,-1.62371,1.10791
1193256622,13,8,mean_p,12,0.29690235334470494,0.068881931440892274,mean_p|train_n=12|p=8,291,502,-1.62371,1.10791
1527771717,13,8,mean_p,12,0.3841335230961207,0.031385982893421809,mean_p|train_n=12|p=8,292,505,-1.62371,1.10791
3558281690,13,8,mean_p,12,0.32441857736928659,0.053755586154310531,mean_p|train_n=12|p=8,293,507,-1.62371,1.10791
1851029407,13,8,mean_p,12,0.53668517012260286,0.0079385585522269708,mean_p|train_n=12|p=8,294,508,-1.62371,1.10791
2931920427,13,8,mean_p,12,0.5527135519058346,0.0068709429767272907,mean_p|train_n=12|p=8,295,509,-1.62371,1.10791
185317162,13,8,mean_p,12,0.37215981467609505,0.034961779048106989,mean_p|train_n=12|p=8,296,511,-1.62371,1.10791
1268638683,13,8,mean_p,12,0.44955146470630197,0.01740723606141938,mean_p|train_n=12|p=8,297,513,-1.62371,1.10791
2596270712,13,8,mean_p,12,0.36220955641927455,0.038241310291130245,mean_p|train_n=12|p=8,298,514,-1.62371,1.10791
604057983,13,8,mean_p,12,0.37738600420522622,0.033353499407361771,mean_p|train_n=12|p=8,299,515,-1.62371,1.10791
2750496158,13,8,mean_p,12,0.44703683878237543,0.017806170627186646,mean_p|train_n=12|p=8,300,516,-1.62371,1.10791
2507064539,13,8,mean_p,12,0.40991642812366713,0.024879243601342568,mean_p|train_n=12|p=8,301,517,-1.62371,1.10791
2670201854,13,8,mean_p,12,0.31860175888277315,0.056648326012966634,mean_p|train_n=12|p=8,302,519,-1.62371,1.10791
4212987716,13,8,mean_p,12,0.5354245381685987,0.0080292503026397361,mean_p|train_n=12|p=8,303,520,-1.62371,1.10791
3388787856,13,8,mean_p,12,0.50731028961953295,0.010344202512343761,mean_p|train_n=12|p=8,304,521,-1.62371,1.10791
3377137258,13,8,mean_p,12,0.34034682124420151,0.046568277302054345,mean_p|train_n=12|p=8,305,523,-1.62371,1.10791
2809314723,13,8,mean_p,12,0.40318722105807203,0.026434505078255989,mean_p|train_n=12|p=8,306,524,-1.62371,1.10791
2716363918,13,8,mean_p,12,0.53542189534455986,0.008029441515558039,mean_p|train_n=12|p=8,307,525,-1.62371,1.10791
3190217236,13,8,mean_p,12,0.30644685436716146,0.063205367651016281,mean_p|train_n=12|p=8,308,527,-1.62371,1.10791
1459579413,13,8,mean_p,12,0.3676878911407222,0.036399373140123606,mean_p|train_n=12|p=8,309,528,-1.62371,1.10791
755101968,13,8,mean_p,12,0.33034164249158976,0.050961750619638119,mean_p|train_n=12|p=8,310,529,-1.62371,1.10791
2763320893,13,8,mean_p,12,0.41369848551957761,0.024045649207772236,mean_p|train_n=12|p=8,311,530,-1.62371,1.10791
2004330212,13,8,mean_p,12,0.59259803982461923,0.0047965921276394916,mean_p|train_n=12|p=8,312,534,-1.62371,1.10791
4219097122,13,8,mean_p,12,0.30661500715853568,0.06310967074999374,mean_p|train_n=12|p=8,313,537,-1.62371,1.10791
4067626925,13,8,mean_p,12,0.35285043551151074,0.041606257641873839,mean_p|train_n=12|p=8,314,540,-1.62371,1.10791
980200229,13,8,mean_p,12,0.4504907703613949,0.017260522948834352,mean_p|train_n=12|p=8,315,541,-1.62371,1.10791
1020122178,13,8,mean_p,12,0.44930033279614617,0.017446671984732973,mean_p|train_n=12|p=8,316,542,-1.62371,1.10791
2916154395,13,8,mean_p,12,0.30671729533926395,0.063051528738746393,mean_p|train_n=12|p=8,317,544,-1.62371,1.10791
271996953,13,8,mean_p,12,0.5721393661409252,0.0057676056445718216,mean_p|train_n=12|p=8,318,545,-1.62371,1.10791
1772184418,13,8,mean_p,12,0.43560904429437908,0.01973749107811084,mean_p|train_n=12|p=8,319,549,-1.62371,1.10791
2244052433,13,8,mean_p,12,0.53886091923996293,0.0077844350178183537,mean_p|train_n=12|p=8,320,550,-1.62371,1.10791
1155330134,13,8,mean_p,12,0.39749973349018014,0.027824575053553822,mean_p|train_n=12|p=8,321,552,-1.62371,1.10791
1927906440,13,8,mean_p,12,0.25880709557278636,0.097092775234268652,mean_p|train_n=12|p=8,322,553,-1.62371,1.10791
2400243414,13,8,mean_p,12,0.38807293380847929,0.03029139564300324,mean_p|train_n=12|p=8,323,555,-1.62371,1.10791
682491856,13,8,mean_p,12,0.52738501960686712,0.0086325035943101008,mean_p|train_n=12|p=8,324,557,-1.62371,1.10791
3280063472,13,8,mean_p,12,0.38529639068767885,0.031058821971064868,mean_p|train_n=12|p=8,325,561,-1.62371,1.10791
2045997819,13,8,mean_p,12,0.31126074946351151,0.060522284566426457,mean_p|train_n=12|p=8,326,563,-1.62371,1.10791
1438087074,13,8,mean_p,12,0.39372820415917409,0.028786443051137735,mean_p|train_n=12|p=8,327,564,-1.62371,1.10791
2622144541,13,8,mean_p,12,0.36233680153639158,0.038197488134431544,mean_p|train_n=12|p=8,328,567,-1.62371,1.10791
4007771159,13,8,mean_p,12,0.44137264550073674,0.018738582179714386,mean_p|train_n=12|p=8,329,570,-1.62371,1.10791
85478717,13,8,mean_p,12,0.31263300187476134,0.059778519431117658,mean_p|train_n=12|p=8,330,572,-1.62371,1.10791
946660371,13,8,mean_p,12,0.36943340570966626,0.035831337961079249,mean_p|train_n=12|p=8,331,573,-1.62371,1.10791
1027158160,13,8,mean_p,12,0.43506927639562487,0.0198337241616287,mean_p|train_n=12|p=8,332,574,-1.62371,1.10791
583653483,13,8,mean_p,12,0.40939236077907304,0.024997009331286488,mean_p|train_n=12|p=8,333,575,-1.62371,1.10791
4292778987,13,8,mean_p,12,0.43860450525513023,0.019211865604831381,mean_p|train_n=12|p=8,334,576,-1.62371,1.10791
3304638652,13,8,mean_p,12,0.30412528203912376,0.064541518591588257,mean_p|train_n=12|p=8,335,578,-1.62371,1.10791
2472515665,13,8,mean_p,12,0.45113573751735647,0.017160500157667919,mean_p|train_n=12|p=8,336,580,-1.62371,1.10791
4202139733,13,8,mean_p,12,0.4401860354097884,0.018940018361660631,mean_p|train_n=12|p=8,337,581,-1.62371,1.10791
616680822,13,8,mean_p,12,0.35592343304530721,0.04046996384642243,mean_p|train_n=12|p=8,338,584,-1.62371,1.10791
3018842179,13,8,mean_p,12,0.43937075560787747,0.019079671957533066,mean_p|train_n=12|p=8,339,585,-1.62371,1.10791
423313639,13,8,mean_p,12,0.23612020041183396,0.1191158576922651,mean_p|train_n=12|p=8,340,586,-1.62371,1.10791
790371303,13,8,mean_p,12,0.3321448632477626,0.050140381305242995,mean_p|train_n=12|p=8,341,587,-1.62371,1.10791
2352066637,13,8,mean_p,12,0.24754841787547527,0.10745991950706024,mean_p|train_n=12|p=8,342,588,-1.62371,1.10791
1549283588,13,8,mean_p,12,0.25687012323112429,0.098802297352734131,mean_p|train_n=12|p=8,343,589,-1.62371,1.10791
1097925022,13,8,mean_p,12,0.3023878660101727,0.065559912623010724,mean_p|train_n=12|p=8,344,590,-1.62371,1.10791
2480648765,13,8,mean_p,12,0.31319430920204738,0.059476929502147176,mean_p|train_n=12|p=8,345,591,-1.62371,1.10791
4132462092,13,8,mean_p,12,0.30756200487299529,0.062573427312166779,mean_p|train_n=12|p=8,346,595,-1.62371,1.10791
3035776358,13,8,mean_p,12,0.30940495355026171,0.06154287296520989,mean_p|train_n=12|p=8,347,597,-1.62371,1.10791
3186513588,13,8,mean_p,12,0.48464487364145875,0.012688071731853143,mean_p|train_n=12|p=8,348,599,-1.62371,1.10791
4056652478,13,8,mean_p,12,0.37047540719427458,0.03549647825431515,mean_p|train_n=12|p=8,349,600,-1.62371,1.10791
1203576748,13,8,mean_p,12,0.3495322288722702,0.042869072814358478,mean_p|train_n=12|p=8,350,601,-1.62371,1.10791
1024885444,13,8,mean_p,12,0.42318722095052169,0.022075135868313063,mean_p|train_n=12|p=8,351,602,-1.62371,1.10791
2664389325,13,8,mean_p,12,0.25555382101319607,0.099981177399475235,mean_p|train_n=12|p=8,352,603,-1.62371,1.10791
168537429,13,8,mean_p,12,0.55369391404443491,0.0068105126655433595,mean_p|train_n=12|p=8,353,604,-1.62371,1.10791
77013789,13,8,mean_p,12,0.37184639338881148,0.035060658088131025,mean_p|train_n=12|p=8,354,606,-1.62371,1.10791
1802520439,13,8,mean_p,12,0.61842689630374958,0.0038006195950207751,mean_p|train_n=12|p=8,355,608,-1.62371,1.10791
3908780010,13,8,mean_p,12,0.4566054433987749,0.016335214799584385,mean_p|train_n=12|p=8,356,611,-1.62371,1.10791
707584657,13,8,mean_p,12,0.59013109558998611,0.0049044115337385473,mean_p|train_n=12|p=8,357,612,-1.62371,1.10791
3812759414,13,8,mean_p,12,0.55732675143390709,0.0065911788401153996,mean_p|train_n=12|p=8,358,615,-1.62371,1.10791
2830588887,13,8,mean_p,12,0.28148723359712913,0.079146313464543386,mean_p|train_n=12|p=8,359,616,-1.62371,1.10791
942545673,13,8,mean_p,12,0.29302617412216747,0.071330343753834097,mean_p|train_n=12|p=8,360,618,-1.62371,1.10791
3347405467,13,8,mean_p,12,0.26591642599817367,0.091067902237153192,mean_p|train_n=12|p=8,361,622,-1.62371,1.10791
2904740908,13,8,mean_p,12,0.40703253998799788,0.025534240894743106,mean_p|train_n=12|p=8,362,624,-1.62371,1.10791
500043680,13,8,mean_p,12,0.47539064410385923,0.013791485084376977,mean_p|train_n=12|p=8,363,630,-1.62371,1.10791
2320622693,13,8,mean_p,12,0.35448176772943618,0.040999127532460392,mean_p|train_n=12|p=8,364,631,-1.62371,1.10791
861877561,13,8,mean_p,12,0.62184610447403699,0.0036853073071081411,mean_p|train_n=12|p=8,365,636,-1.62371,1.10791
2601297141,13,8,mean_p,12,0.42420180685584619,0.021874237087703551,mean_p|train_n=12|p=8,366,637,-1.62371,1.10791
2616357503,13,8,mean_p,12,0.47090235337206171,0.014360695243255671,mean_p|train_n=12|p=8,367,641,-1.62371,1.10791
627760561,13,8,mean_p,12,0.34089684452131119,0.046338046051861627,mean_p|train_n=12|p=8,368,642,-1.62371,1.10791
1039449899,13,8,mean_p,12,0.32038592976320657,0.055744872231426823,mean_p|train_n=12|p=8,369,644,-1.62371,1.10791
2655469040,13,8,mean_p,12,0.41496326584654286,0.023773160830090186,mean_p|train_n=12|p=8,370,645,-1.62371,1.10791
366351457,13,8,mean_p,12,0.26129418355783324,0.094941036719247945,mean_p|train_n=12|p=8,371,646,-1.62371,1.10791
3881387024,13,8,mean_p,12,0.24886548069525441,0.10619212965038297,mean_p|train_n=12|p=8,372,651,-1.62371,1.10791
1498850377,13,8,mean_p,12,0.2592891156014504,0.096671973047900761,mean_p|train_n=12|p=8,373,652,-1.62371,1.10791
3051307530,13,8,mean_p,12,0.29519408186759627,0.069950439674349968,mean_p|train_n=12|p=8,374,653,-1.62371,1.10791
3283817490,13,8,mean_p,12,0.2533241491392309,0.10201025243638473,mean_p|train_n=12|p=8,375,654,-1.62371,1.10791
2129881602,13,8,mean_p,12,0.37931085650756402,0.03277998183970493,mean_p|train_n=12|p=8,376,655,-1.62371,1.10791
3363655558,13,8,mean_p,12,0.42779583754421213,0.021177177240860264,mean_p|train_n=12|p=8,377,656,-1.62371,1.10791
4117550137,13,8,mean_p,12,0.27753451909737381,0.082016116982392168,mean_p|train_n=12|p=8,378,657,-1.62371,1.10791
2760028559,13,8,mean_p,12,0.4848250933256909,0.012667483735824816,mean_p|train_n=12|p=8,379,660,-1.62371,1.10791
2597712279,13,8,mean_p,12,0.38830728139459009,0.030227497223653397,mean_p|train_n=12|p=8,380,665,-1.62371,1.10791
3229743112,13,8,mean_p,12,0.23669789726491075,0.11849740211382784,mean_p|train_n=12|p=8,381,666,-1.62371,1.10791
2906381456,13,8,mean_p,12,0.44527789803729684,0.018090640847831518,mean_p|train_n=12|p=8,382,667,-1.62371,1.10791
1125774257,13,8,mean_p,12,0.36895973676650706,0.035984599754903451,mean_p|train_n=12|p=8,383,668,-1.62371,1.10791
1226844808,13,8,mean_p,12,0.3855684196295297,0.030982782911674146,mean_p|train_n=12|p=8,384,671,-1.62371,1.10791
311644623,13,8,mean_p,12,0.37980957663603021,0.0326330016034697,mean_p|train_n=12|p=8,385,674,-1.62371,1.10791
3259751952,13,8,mean_p,12,0.30533831375361353,0.063839887578011956,mean_p|train_n=12|p=8,386,675,-1.62371,1.10791
1196087112,13,8,mean_p,12,0.31435141444646758,0.05886001059509597,mean_p|train_n=12|p=8,387,676,-1.62371,1.10791
1751319113,13,8,mean_p,12,0.5470118183691004,0.0072331829672214404,mean_p|train_n=12|p=8,388,677,-1.62371,1.10791
938016855,13,8,mean_p,12,0.32391689217769454,0.053999146012123828,mean_p|train_n=12|p=8,389,678,-1.62371,1.10791
4127309445,13,8,mean_p,12,0.43536124082508143,0.019781612866599924,mean_p|train_n=12|p=8,390,679,-1.62371,1.10791
2653951977,13,8,mean_p,12,0.31561204955334615,0.058195175091896159,mean_p|train_n=12|p=8,391,680,-1.62371,1.10791
2710630998,13,8,mean_p,12,0.25459588581716142,0.10084793752862944,mean_p|train_n=12|p=8,392,681,-1.62371,1.10791
929464780,13,8,mean_p,12,0.3726275738269722,0.034814727470147161,mean_p|train_n=12|p=8,393,683,-1.62371,1.10791
2232865324,13,8,mean_p,12,0.29301184637715894,0.071339553528603675,mean_p|train_n=12|p=8,394,685,-1.62371,1.10791
1108156328,13,8,mean_p,12,0.35513597905932787,0.040758146963020839,mean_p|train_n=12|p=8,395,686,-1.62371,1.10791
2086678947,13,8,mean_p,12,0.31212319625697471,0.060053762569158578,mean_p|train_n=12|p=8,396,687,-1.62371,1.10791
3798149444,13,8,mean_p,12,0.32365897900193547,0.054124787765691039,mean_p|train_n=12|p=8,397,688,-1.62371,1.10791
799754880,13,8,mean_p,12,0.33414166479095692,0.049246273108710832,mean_p|train_n=12|p=8,398,690,-1.62371,1.10791
3536899785,13,8,mean_p,12,0.33748968911163557,0.047782761424523111,mean_p|train_n=12|p=8,399,691,-1.62371,1.10791
51143638,13,8,mean_p,12,0.49622298876242721,0.011431045304255665,mean_p|train_n=12|p=8,400,692,-1.62371,1.10791
36617833,13,8,mean_p,12,0.45062386581828118,0.01723983461130224,mean_p|train_n=12|p=8,401,698,-1.62371,1.10791
236103968,13,8,mean_p,12,0.30764802098080402,0.062524946459769692,mean_p|train_n=12|p=8,402,699,-1.62371,1.10791
2156850098,13,8,mean_p,12,0.37740158773839461,0.033348816175524966,mean_p|train_n=12|p=8,403,700,-1.62371,1.10791
1600388384,13,8,mean_p,12,0.39836331119570806,0.027608894935186538,mean_p|train_n=12|p=8,404,702,-1.62371,1.10791
1050897748,13,8,mean_p,12,0.2704157961644641,0.087449542685268639,mean_p|train_n=12|p=8,405,703,-1.62371,1.10791
461348277,13,8,mean_p,12,0.46487562583296971,0.015162136454139795,mean_p|train_n=12|p=8,406,704,-1.62371,1.10791
2000945207,13,8,mean_p,12,0.2581297442725653,0.097687198420103288,mean_p|train_n=12|p=8,407,708,-1.62371,1.10791
907021389,13,8,mean_p,12,0.28136757309563554,0.079231699034730957,mean_p|train_n=12|p=8,408,710,-1.62371,1.10791
2422825972,13,8,mean_p,12,0.38481246457486323,0.031194553296485628,mean_p|train_n=12|p=8,409,711,-1.62371,1.10791
2015721328,13,8,mean_p,12,0.41387798674914877,0.024006787528210921,mean_p|train_n=12|p=8,410,714,-1.62371,1.10791
3949466030,13,8,mean_p,12,0.46859374263607317,0.014662565322046271,mean_p|train_n=12|p=8,411,715,-1.62371,1.10791
1210422753,13,8,mean_p,12,0.25866565635960703,0.097216598525298625,mean_p|train_n=12|p=8,412,716,-1.62371,1.10791
145084937,13,8,mean_p,12,0.39286545791905719,0.029011104791489498,mean_p|train_n=12|p=8,413,717,-1.62371,1.10791
2198181632,13,8,mean_p,12,0.32216261973855709,0.054859525094179865,mean_p|train_n=12|p=8,414,719,-1.62371,1.10791
3074940102,13,8,mean_p,12,0.4213050069697355,0.022452733548526945,mean_p|train_n=12|p=8,415,721,-1.62371,1.10791
3671033687,13,8,mean_p,12,0.25785115606779585,0.097932733991763193,mean_p|train_n=12|p=8,416,724,-1.62371,1.10791
1953036937,13,8,mean_p,12,0.54817546848334053,0.0071577353094317174,mean_p|train_n=12|p=8,417,726,-1.62371,1.10791
1780973019,13,8,mean_p,12,0.29375981705573689,0.070860348854768135,mean_p|train_n=12|p=8,418,727,-1.62371,1.10791
3588902458,13,8,mean_p,12,0.38112560427850273,0.032248305021866701,mean_p|train_n=12|p=8,419,728,-1.62371,1.10791
4231951566,13,8,mean_p,12,0.35839350480001719,0.039579149942622648,mean_p|train_n=12|p=8,420,730,-1.62371,1.10791
263747879,13,8,mean_p,12,0.2800768330511742,0.080158602698412657,mean_p|train_n=12|p=8,421,732,-1.62371,1.10791
2153755776,13,8,mean_p,12,0.36451987387497176,0.037453429534802643,mean_p|train_n=12|p=8,422,733,-1.62371,1.10791
4049390788,13,8,mean_p,12,0.43813223490503045,0.019293797584904966,mean_p|train_n=12|p=8,423,734,-1.62371,1.10791
2391477988,13,8,mean_p,12,0.37388609580236626,0.03442214364697728,mean_p|train_n=12|p=8,424,736,-1.62371,1.10791
300400689,13,8,mean_p,12,0.22631687900732816,0.13011692811323905,mean_p|train_n=12|p=8,425,737,-1.62371,1.10791
188381672,13,8,mean_p,12,0.40607352819395398,0.025755853039941587,mean_p|train_n=12|p=8,426,739,-1.62371,1.10791
1004163034,13,8,mean_p,12,0.50123344484289467,0.010926424710298237,mean_p|train_n=12|p=8,427,740,-1.62371,1.10791
1519468848,13,8,mean_p,12,0.21664890030498291,0.1419607784784489,mean_p|train_n=12|p=8,428,741,-1.62371,1.10791
3898340315,13,8,mean_p,12,0.48187913068017774,0.013008255424413022,mean_p|train_n=12|p=8,429,742,-1.62371,1.10791
566694534,13,8,mean_p,12,0.4435786115065774,0.018369778620107875,mean_p|train_n=12|p=8,430,743,-1.62371,1.10791
4191595624,13,8,mean_p,12,0.40184093942513172,0.02675714109219467,mean_p|train_n=12|p=8,431,745,-1.62371,1.10791
200109741,13,8,mean_p,12,0.55980838053296977,0.0064454243174978925,mean_p|train_n=12|p=8,432,749,-1.62371,1.10791
2184821051,13,8,mean_p,12,0.3747355374144889,0.034159673919544997,mean_p|train_n=12|p=8,433,750,-1.62371,1.10791
668327133,13,8,mean_p,12,0.3618576652390309,0.038362760617241705,mean_p|train_n=12|p=8,434,753,-1.62371,1.10791
2483502143,13,8,mean_p,12,0.36645189038510773,0.036807036965218261,mean_p|train_n=12|p=8,435,754,-1.62371,1.10791
147682897,13,8,mean_p,12,0.34110472593185243,0.046251326806856417,mean_p|train_n=12|p=8,436,755,-1.62371,1.10791
2235737103,13,8,mean_p,12,0.34336691436485661,0.045318066289332742,mean_p|train_n=12|p=8,437,756,-1.62371,1.10791
1144390717,13,8,mean_p,12,0.42644272543209955,0.021436966376024894,mean_p|train_n=12|p=8,438,758,-1.62371,1.10791
2992711492,13,8,mean_p,12,0.43844346902396281,0.019239763862947706,mean_p|train_n=12|p=8,439,761,-1.62371,1.10791
1086936828,13,8,mean_p,12,0.36781598101813412,0.036357384972813503,mean_p|train_n=12|p=8,440,763,-1.62371,1.10791
3504550420,13,8,mean_p,12,0.62011986635077909,0.0037430803610011285,mean_p|train_n=12|p=8,441,764,-1.62371,1.10791
882868242,13,8,mean_p,12,0.39954622937614875,0.027316169817069899,mean_p|train_n=12|p=8,442,765,-1.62371,1.10791
3866135209,13,8,mean_p,12,0.44420133369020121,0.018266989022619445,mean_p|train_n=12|p=8,443,766,-1.62371,1.10791
2544822053,13,8,mean_p,12,0.52661612403881364,0.0086925211496468764,mean_p|train_n=12|p=8,444,767,-1.62371,1.10791
3312444567,13,8,mean_p,12,0.3181486388062762,0.056880095424751739,mean_p|train_n=12|p=8,445,768,-1.62371,1.10791
2608854497,13,8,mean_p,12,0.4746361308742949,0.013885570843900562,mean_p|train_n=12|p=8,446,769,-1.62371,1.10791
3001021531,13,8,mean_p,12,0.30314808457750453,0.065112344667104721,mean_p|train_n=12|p=8,447,771,-1.62371,1.10791
1172983854,13,8,mean_p,12,0.31556385714123769,0.058220452279853042,mean_p|train_n=12|p=8,448,774,-1.62371,1.10791
1894119449,13,8,mean_p,12,0.39914733840847688,0.027414530958863252,mean_p|train_n=12|p=8,449,777,-1.62371,1.10791
3797842857,13,8,mean_p,12,0.52284131131432598,0.0089932790698764482,mean_p|train_n=12|p=8,450,780,-1.62371,1.10791
3975210784,13,8,mean_p,12,0.2254214534057174,0.13117103675845132,mean_p|train_n=12|p=8,451,781,-1.62371,1.10791
645761633,13,8,mean_p,12,0.31601497974135051,0.057984264968356125,mean_p|train_n=12|p=8,452,782,-1.62371,1.10791
3116709017,13,8,mean_p,12,0.36519663498868293,0.037225724696320781,mean_p|train_n=12|p=8,453,783,-1.62371,1.10791
681511797,13,8,mean_p,12,0.46264342659578761,0.015470197810804425,mean_p|train_n=12|p=8,454,787,-1.62371,1.10791
1291849985,13,8,mean_p,12,0.477742543455071,0.013502280776739371,mean_p|train_n=12|p=8,455,788,-1.62371,1.10791
771314086,13,8,mean_p,12,0.34468722838081312,0.04478210116980022,mean_p|train_n=12|p=8,456,789,-1.62371,1.10791
2480947290,13,8,mean_p,12,0.42614650166653756,0.021494263363292288,mean_p|train_n=12|p=8,457,791,-1.62371,1.10791
3580688537,13,8,mean_p,12,0.37077965484414271,0.035399296188009695,mean_p|train_n=12|p=8,458,792,-1.62371,1.10791
4086837355,13,8,mean_p,12,0.28108599420049329,0.079432987534656926,mean_p|train_n=12|p=8,459,793,-1.62371,1.10791
3173262405,13,8,mean_p,12,0.39512047115647275,0.028427555864022621,mean_p|train_n=12|p=8,460,794,-1.62371,1.10791
656250946,13,8,mean_p,12,0.51734716700898775,0.0094497169304164543,mean_p|train_n=12|p=8,461,795,-1.62371,1.10791
2115526670,13,8,mean_p,12,0.24725395178761397,0.10774543318497812,mean_p|train_n=12|p=8,462,796,-1.62371,1.10791
346731710,13,8,mean_p,12,0.32408942455513678,0.053915260151940973,mean_p|train_n=12|p=8,463,797,-1.62371,1.10791
1752460279,13,8,mean_p,12,0.36181567417971849,0.038377278980624131,mean_p|train_n=12|p=8,464,798,-1.62371,1.10791
3932204744,13,8,mean_p,12,0.49975071131832444,0.011073389901983074,mean_p|train_n=12|p=8,465,801,-1.62371,1.10791
2804039469,13,8,mean_p,12,0.42401696870773203,0.021910700311174015,mean_p|train_n=12|p=8,466,802,-1.62371,1.10791
2174732059,13,8,mean_p,12,0.31583313684481162,0.05807935416314404,mean_p|train_n=12|p=8,467,804,-1.62371,1.10791
1105382681,13,8,mean_p,12,0.49175604944555285,0.011900544191236255,mean_p|train_n=12|p=8,468,805,-1.62371,1.10791
1981833129,13,8,mean_p,12,0.56346024189302679,0.0062367790089369801,mean_p|train_n=12|p=8,469,807,-1.62371,1.10791
654730086,13,8,mean_p,12,0.29137653575577149,0.072398571161349859,mean_p|train_n=12|p=8,470,808,-1.62371,1.10791
2467421505,13,8,mean_p,12,0.48180549128668332,0.013016890023348564,mean_p|train_n=12|p=8,471,810,-1.62371,1.10791
1755499531,13,8,mean_p,12,0.27370625194715381,0.084894725051837802,mean_p|train_n=12|p=8,472,811,-1.62371,1.10791
2638883534,13,8,mean_p,12,0.29522760446151641,0.06992931299278847,mean_p|train_n=12|p=8,473,812,-1.62371,1.10791
3937344808,13,8,mean_p,12,0.42124629236515365,0.022464615808987974,mean_p|train_n=12|p=8,474,813,-1.62371,1.10791
2258448450,13,8,mean_p,12,0.31351419868073321,0.059305734321849948,mean_p|train_n=12|p=8,475,816,-1.62371,1.10791
1824005582,13,8,mean_p,12,0.42021327860328334,0.022674701646821172,mean_p|train_n=12|p=8,476,817,-1.62371,1.10791
3679180098,13,8,mean_p,12,0.38574755426348839,0.03093281187797561,mean_p|train_n=12|p=8,477,819,-1.62371,1.10791
3006726772,13,8,mean_p,12,0.4445904298060292,0.018203055069739172,mean_p|train_n=12|p=8,478,820,-1.62371,1.10791
3821450744,13,8,mean_p,12,0.60718582595517168,0.00420576589350355,mean_p|train_n=12|p=8,479,821,-1.62371,1.10791
1716784637,13,8,mean_p,12,0.46390063640475437,0.015295930958327339,mean_p|train_n=12|p=8,480,822,-1.62371,1.10791
4291866643,13,8,mean_p,12,0.40556745003979344,0.025873573773367853,mean_p|train_n=12|p=8,481,823,-1.62371,1.10791
1995152695,13,8,mean_p,12,0.59059863847481808,0.0048837927685401843,mean_p|train_n=12|p=8,482,824,-1.62371,1.10791
282020202,13,8,mean_p,12,0.33210847711083757,0.050156823644078516,mean_p|train_n=12|p=8,483,828,-1.62371,1.10791
1655409075,13,8,mean_p,12,0.29049967059233139,0.072972883983454709,mean_p|train_n=12|p=8,484,829,-1.62371,1.10791
1240444466,13,8,mean_p,12,0.47269847008713345,0.014130143122633618,mean_p|train_n=12|p=8,485,830,-1.62371,1.10791
4045115024,13,8,mean_p,12,0.39486894627895475,0.028492059104290295,mean_p|train_n=12|p=8,486,831,-1.62371,1.10791
2455826020,13,8,mean_p,12,0.4467460597291083,0.01785288726212194,mean_p|train_n=12|p=8,487,833,-1.62371,1.10791
3737549947,13,8,mean_p,12,0.36059761798537404,0.038800820374586445,mean_p|train_n=12|p=8,488,836,-1.62371,1.10791
244049600,13,8,mean_p,12,0.45849034189616045,0.016060109675283096,mean_p|train_n=12|p=8,489,837,-1.62371,1.10791
2131662855,13,8,mean_p,12,0.27358152512192357,0.084990192093037389,mean_p|train_n=12|p=8,490,838,-1.62371,1.10791
518338573,13,8,mean_p,12,0.42113608294602617,0.022486936219946459,mean_p|train_n=12|p=8,491,839,-1.62371,1.10791
2561638749,13,8,mean_p,12,0.39390967405484761,0.028739409651055522,mean_p|train_n=12|p=8,492,842,-1.62371,1.10791
2997873721,13,8,mean_p,12,0.32612444871270496,0.052935602689970634,mean_p|train_n=12|p=8,493,846,-1.62371,1.10791
4127374136,13,8,mean_p,12,0.37267717541625256,0.034799170308884242,mean_p|train_n=12|p=8,494,847,-1.62371,1.10791
1624921587,13,8,mean_p,12,0.39144498558089441,0.029384826441568368,mean_p|train_n=12|p=8,495,848,-1.62371,1.10791
3940417889,13,8,mean_p,12,0.26697524078336426,0.090203165294913651,mean_p|train_n=12|p=8,496,849,-1.62371,1.10791
355124522,13,8,mean_p,12,0.42375008061528113,0.021963456886163617,mean_p|train_n=12|p=8,497,851,-1.62371,1.10791
1436229113,13,8,mean_p,12,0.38250910128703014,0.031848774777026231,mean_p|train_n=12|p=8,498,852,-1.62371,1.10791
4001230130,13,8,mean_p,12,0.38251834786252237,0.031846121244776683,mean_p|train_n=12|p=8,499,853,-1.62371,1.10791
4255556282,13,15,mean_p,12,0.18999704677260218,0.18049595260404611,mean_p|train_n=12|p=15,0,0,-1.59108,1.0206900000000001
1651414637,13,15,mean_p,12,0.23198766132370544,0.12363510987411655,mean_p|train_n=12|p=15,1,1,-1.59108,1.0206900000000001
4172946883,13,15,mean_p,12,0.36249844284744709,0.038141892621945651,mean_p|train_n=12|p=15,2,4,-1.59108,1.0206900000000001
3923137535,13,15,mean_p,12,0.41053408005670755,0.024741160098707565,mean_p|train_n=12|p=15,3,7,-1.59108,1.0206900000000001
3130589790,13,15,mean_p,12,0.3250958875531384,0.053428505087677124,mean_p|train_n=12|p=15,4,8,-1.59108,1.0206900000000001
814765734,13,15,mean_p,12,0.3678741117506264,0.036338345561838764,mean_p|train_n=12|p=15,5,9,-1.59108,1.0206900000000001
2261924277,13,15,mean_p,12,0.21479519203304168,0.14435195018907002,mean_p|train_n=12|p=15,6,10,-1.59108,1.0206900000000001
932267093,13,15,mean_p,12,0.2657832904349367,0.091177219502174389,mean_p|train_n=12|p=15,7,11,-1.59108,1.0206900000000001
876739246,13,15,mean_p,12,0.22768366174058283,0.128524240998487,mean_p|train_n=12|p=15,8,13,-1.59108,1.0206900000000001
2475766733,13,15,mean_p,12,0.41800455199344877,0.023130509003398015,mean_p|train_n=12|p=15,9,14,-1.59108,1.0206900000000001
2427998624,13,15,mean_p,12,0.20952335640641809,0.15137473786406869,mean_p|train_n=12|p=15,10,18,-1.59108,1.0206900000000001
2780117087,13,15,mean_p,12,0.13345679938330041,0.3004218411488605,mean_p|train_n=12|p=15,11,21,-1.59108,1.0206900000000001
1397282121,13,15,mean_p,12,0.16613950528652477,0.22378518435024081,mean_p|train_n=12|p=15,12,22,-1.59108,1.0206900000000001
2147897312,13,15,mean_p,12,0.30672463799086391,0.06304735713557523,mean_p|train_n=12|p=15,13,28,-1.59108,1.0206900000000001
1576364215,13,15,mean_p,12,0.32234338875900992,0.05477023748382135,mean_p|train_n=12|p=15,14,29,-1.59108,1.0206900000000001
2476035482,13,15,mean_p,12,0.36621068409717011,0.036887123655932517,mean_p|train_n=12|p=15,15,31,-1.59108,1.0206900000000001
183646802,13,15,mean_p,12,0.32067537177161465,0.055599671409697494,mean_p|train_n=12|p=15,16,32,-1.59108,1.0206900000000001
3167059966,13,15,mean_p,12,0.2480531715499677,0.10697227028151224,mean_p|train_n=12|p=15,17,35,-1.59108,1.0206900000000001
3334411575,13,15,mean_p,12,0.49572862597667533,0.011482080314517607,mean_p|train_n=12|p=15,18,36,-1.59108,1.0206900000000001
1438274136,13,15,mean_p,12,0.41541531888718963,0.023676519943188933,mean_p|train_n=12|p=15,19,40,-1.59108,1.0206900000000001
1595676324,13,15,mean_p,12,0.38504675506373498,0.031128765719914724,mean_p|train_n=12|p=15,20,41,-1.59108,1.0206900000000001
1493860438,13,15,mean_p,12,0.21112047315653937,0.14921183229208931,mean_p|train_n=12|p=15,21,43,-1.59108,1.0206900000000001
4252199835,13,15,mean_p,12,0.27508819492769326,0.083844122602731386,mean_p|train_n=12|p=15,22,46,-1.59108,1.0206900000000001
3408708942,13,15,mean_p,12,0.46910032260660367,0.014595786932344717,mean_p|train_n=12|p=15,23,47,-1.59108,1.0206900000000001
3377905787,13,15,mean_p,12,0.19352929473317859,0.17484145187498884,mean_p|train_n=12|p=15,24,50,-1.59108,1.0206900000000001
3785336841,13,15,mean_p,12,0.35065046730646804,0.042439278065869321,mean_p|train_n=12|p=15,25,52,-1.59108,1.0206900000000001
2160252416,13,15,mean_p,12,0.14625162424077703,0.26770739277767458,mean_p|train_n=12|p=15,26,53,-1.59108,1.0206900000000001
1763323171,13,15,mean_p,12,0.69986648960874942,0.0018245237360944094,mean_p|train_n=12|p=15,27,55,-1.59108,1.0206900000000001
2267329021,13,15,mean_p,12,0.34440115037391839,0.044897690471254796,mean_p|train_n=12|p=15,28,56,-1.59108,1.0206900000000001
2149821600,13,15,mean_p,12,0.11318082342327712,0.36064449204796589,mean_p|train_n=12|p=15,29,58,-1.59108,1.0206900000000001
2175177582,13,15,mean_p,12,0.23347822060819895,0.1219856316704844,mean_p|train_n=12|p=15,30,59,-1.59108,1.0206900000000001
2274322959,13,15,mean_p,12,0.3565656482207577,0.040236442718191143,mean_p|train_n=12|p=15,31,62,-1.59108,1.0206900000000001
813729837,13,15,mean_p,12,0.40667912843409043,0.02561568585399128,mean_p|train_n=12|p=15,32,63,-1.59108,1.0206900000000001
3919278927,13,15,mean_p,12,0.35458362077019906,0.040961516249547664,mean_p|train_n=12|p=15,33,64,-1.59108,1.0206900000000001
3782207348,13,15,mean_p,12,0.26989346790393104,0.087862107624619115,mean_p|train_n=12|p=15,34,65,-1.59108,1.0206900000000001
2723938697,13,15,mean_p,12,0.27307610435273666,0.085378145918059353,mean_p|train_n=12|p=15,35,67,-1.59108,1.0206900000000001
708713963,13,15,mean_p,12,0.26659263115636206,0.090514692048676765,mean_p|train_n=12|p=15,36,75,-1.59108,1.0206900000000001
2724084657,13,15,mean_p,12,0.37407541887427581,0.034363470433638722,mean_p|train_n=12|p=15,37,76,-1.59108,1.0206900000000001
2718593322,13,15,mean_p,12,0.38678291256440761,0.030645565488768556,mean_p|train_n=12|p=15,38,78,-1.59108,1.0206900000000001
2614124859,13,15,mean_p,12,0.33638537719920436,0.048260614525101289,mean_p|train_n=12|p=15,39,79,-1.59108,1.0206900000000001
1826311120,13,15,mean_p,12,0.29148644215630282,0.072326906218679848,mean_p|train_n=12|p=15,40,80,-1.59108,1.0206900000000001
16605759,13,15,mean_p,12,0.24438657121533142,0.11056560581081462,mean_p|train_n=12|p=15,41,83,-1.59108,1.0206900000000001
2372635823,13,15,mean_p,12,0.16200519061551233,0.23227930409769815,mean_p|train_n=12|p=15,42,87,-1.59108,1.0206900000000001
1393156433,13,15,mean_p,12,0.16725468291079648,0.22154767965270805,mean_p|train_n=12|p=15,43,88,-1.59108,1.0206900000000001
2812176473,13,15,mean_p,12,0.31680397198448962,0.057573485431777399,mean_p|train_n=12|p=15,44,89,-1.59108,1.0206900000000001
480582259,13,15,mean_p,12,0.34752153148672504,0.043652863104197775,mean_p|train_n=12|p=15,45,90,-1.59108,1.0206900000000001
1383312952,13,15,mean_p,12,0.26844702490684458,0.089014777850420598,mean_p|train_n=12|p=15,46,91,-1.59108,1.0206900000000001
3418321834,13,15,mean_p,12,0.1532468817568392,0.25135364877186278,mean_p|train_n=12|p=15,47,93,-1.59108,1.0206900000000001
2668008257,13,15,mean_p,12,0.25555299950986721,0.099981917512411464,mean_p|train_n=12|p=15,48,94,-1.59108,1.0206900000000001
3962924388,13,15,mean_p,12,0.27603939564060626,0.08312854996660414,mean_p|train_n=12|p=15,49,95,-1.59108,1.0206900000000001
3485447545,13,15,mean_p,12,0.25362327589619427,0.10173566369287568,mean_p|train_n=12|p=15,50,97,-1.59108,1.0206900000000001
3194581779,13,15,mean_p,12,0.23184755033297663,0.12379130123891621,mean_p|train_n=12|p=15,51,98,-1.59108,1.0206900000000001
2690162688,13,15,mean_p,12,0.32012137056284151,0.055877922075976888,mean_p|train_n=12|p=15,52,99,-1.59108,1.0206900000000001
2927753273,13,15,mean_p,12,0.27637960121852578,0.082874104369772675,mean_p|train_n=12|p=15,53,100,-1.59108,1.0206900000000001
353394292,13,15,mean_p,12,0.40484498744128078,0.026042561439327972,mean_p|train_n=12|p=15,54,101,-1.59108,1.0206900000000001
3330760477,13,15,mean_p,12,0.20712399412657675,0.15468316308769392,mean_p|train_n=12|p=15,55,102,-1.59108,1.0206900000000001
2582531892,13,15,mean_p,12,0.36073429392246725,0.03875306366725275,mean_p|train_n=12|p=15,56,103,-1.59108,1.0206900000000001
2441398602,13,15,mean_p,12,0.2403084987289327,0.11470415177762991,mean_p|train_n=12|p=15,57,104,-1.59108,1.0206900000000001
2522029905,13,15,mean_p,12,0.38769273200604881,0.030395350891175055,mean_p|train_n=12|p=15,58,109,-1.59108,1.0206900000000001
1464198585,13,15,mean_p,12,0.3124573385774092,0.059873216985483667,mean_p|train_n=12|p=15,59,110,-1.59108,1.0206900000000001
3373258433,13,15,mean_p,12,0.3030275473250264,0.065183104909453934,mean_p|train_n=12|p=15,60,111,-1.59108,1.0206900000000001
2091447848,13,15,mean_p,12,0.24385380185287625,0.11109767852705736,mean_p|train_n=12|p=15,61,112,-1.59108,1.0206900000000001
1126568935,13,15,mean_p,12,0.44345781457123667,0.018389784839925673,mean_p|train_n=12|p=15,62,113,-1.59108,1.0206900000000001
1897217296,13,15,mean_p,12,0.19607918800410029,0.17086994416176451,mean_p|train_n=12|p=15,63,115,-1.59108,1.0206900000000001
2155038565,13,15,mean_p,12,0.45269127865369085,0.016921641992857121,mean_p|train_n=12|p=15,64,119,-1.59108,1.0206900000000001
2936456461,13,15,mean_p,12,0.25660233286454837,0.099040998713866429,mean_p|train_n=12|p=15,65,120,-1.59108,1.0206900000000001
1251447701,13,15,mean_p,12,0.47398581150015839,0.013967178770234264,mean_p|train_n=12|p=15,66,122,-1.59108,1.0206900000000001
3092205438,13,15,mean_p,12,0.35322850882049417,0.041464755204167779,mean_p|train_n=12|p=15,67,123,-1.59108,1.0206900000000001
311094117,13,15,mean_p,12,0.13219153049715532,0.30386661917979263,mean_p|train_n=12|p=15,68,124,-1.59108,1.0206900000000001
761647772,13,15,mean_p,12,0.1856445202874612,0.18771570170204765,mean_p|train_n=12|p=15,69,125,-1.59108,1.0206900000000001
1133612949,13,15,mean_p,12,0.29982822899533218,0.06708960328875728,mean_p|train_n=12|p=15,70,126,-1.59108,1.0206900000000001
3571831956,13,15,mean_p,12,0.34838269148203693,0.043315434841617748,mean_p|train_n=12|p=15,71,127,-1.59108,1.0206900000000001
2519171354,13,15,mean_p,12,0.45720512678154801,0.016247182345558428,mean_p|train_n=12|p=15,72,129,-1.59108,1.0206900000000001
3094883975,13,15,mean_p,12,0.28746686926063314,0.074994608918112507,mean_p|train_n=12|p=15,73,130,-1.59108,1.0206900000000001
668587493,13,15,mean_p,12,0.33111407676379062,0.050608271190574448,mean_p|train_n=12|p=15,74,134,-1.59108,1.0206900000000001
2580413020,13,15,mean_p,12,0.5567653742940647,0.0066246049271261901,mean_p|train_n=12|p=15,75,135,-1.59108,1.0206900000000001
1841355450,13,15,mean_p,12,0.51275120649671302,0.0098492822895808897,mean_p|train_n=12|p=15,76,137,-1.59108,1.0206900000000001
1819732075,13,15,mean_p,12,0.2168877055451833,0.141655628142205,mean_p|train_n=12|p=15,77,138,-1.59108,1.0206900000000001
4075670846,13,15,mean_p,12,0.24527351781721743,0.10968546530353254,mean_p|train_n=12|p=15,78,139,-1.59108,1.0206900000000001
853442135,13,15,mean_p,12,0.29046811749727597,0.072993634744573349,mean_p|train_n=12|p=15,79,141,-1.59108,1.0206900000000001
1343084864,13,15,mean_p,12,0.2398873857276444,0.11514023647907042,mean_p|train_n=12|p=15,80,144,-1.59108,1.0206900000000001
173475955,13,15,mean_p,12,0.27195766373698038,0.086242952024939507,mean_p|train_n=12|p=15,81,145,-1.59108,1.0206900000000001
3231880528,13,15,mean_p,12,0.44041919747066777,0.01890026709725558,mean_p|train_n=12|p=15,82,146,-1.59108,1.0206900000000001
1488716536,13,15,mean_p,12,0.27006075206603797,0.087729765539580992,mean_p|train_n=12|p=15,83,147,-1.59108,1.0206900000000001
2291910583,13,15,mean_p,12,0.44461315208957253,0.018199328402535252,mean_p|train_n=12|p=15,84,148,-1.59108,1.0206900000000001
3244400256,13,15,mean_p,12,0.28847432204503531,0.074316883501747505,mean_p|train_n=12|p=15,85,149,-1.59108,1.0206900000000001
4028805120,13,15,mean_p,12,0.4571868181226606,0.016249862990079935,mean_p|train_n=12|p=15,86,151,-1.59108,1.0206900000000001
1068744059,13,15,mean_p,12,0.4773181637074157,0.01355401301209324,mean_p|train_n=12|p=15,87,154,-1.59108,1.0206900000000001
3189663334,13,15,mean_p,12,0.37681959117683889,0.033524167455941938,mean_p|train_n=12|p=15,88,155,-1.59108,1.0206900000000001
1699493503,13,15,mean_p,12,0.1706270520603988,0.21491652526676841,mean_p|train_n=12|p=15,89,156,-1.59108,1.0206900000000001
2726625222,13,15,mean_p,12,0.39350626463954153,0.028844070023197454,mean_p|train_n=12|p=15,90,158,-1.59108,1.0206900000000001
1313666937,13,15,mean_p,12,0.21028197090614464,0.15034349768611938,mean_p|train_n=12|p=15,91,160,-1.59108,1.0206900000000001
487671382,13,15,mean_p,12,0.17492886578812358,0.2067450573951066,mean_p|train_n=12|p=15,92,161,-1.59108,1.0206900000000001
2325141600,13,15,mean_p,12,0.32009266227009153,0.055892378890257367,mean_p|train_n=12|p=15,93,165,-1.59108,1.0206900000000001
3507991206,13,15,mean_p,12,0.38717965622392142,0.030536202499424663,mean_p|train_n=12|p=15,94,166,-1.59108,1.0206900000000001
931296357,13,15,mean_p,12,0.26739918621743852,0.089859234324334597,mean_p|train_n=12|p=15,95,167,-1.59108,1.0206900000000001
2218472588,13,15,mean_p,12,0.22274958200189868,0.13436743470407059,mean_p|train_n=12|p=15,96,168,-1.59108,1.0206900000000001
2317426070,13,15,mean_p,12,0.24995816956527669,0.10515167930477355,mean_p|train_n=12|p=15,97,170,-1.59108,1.0206900000000001
24330806,13,15,mean_p,12,0.37278698647199404,0.034764753633090811,mean_p|train_n=12|p=15,98,173,-1.59108,1.0206900000000001
720208513,13,15,mean_p,12,0.51414564581030064,0.0097262986387204372,mean_p|train_n=12|p=15,99,174,-1.59108,1.0206900000000001
791590556,13,15,mean_p,12,0.28810431252130086,0.074565078715365066,mean_p|train_n=12|p=15,100,177,-1.59108,1.0206900000000001
1830706655,13,15,mean_p,12,0.18259116119054536,0.19295213394838384,mean_p|train_n=12|p=15,101,179,-1.59108,1.0206900000000001
316530327,13,15,mean_p,12,0.22210138648186756,0.13515454900404258,mean_p|train_n=12|p=15,102,181,-1.59108,1.0206900000000001
1760325721,13,15,mean_p,12,0.16148863917107917,0.23336299152682788,mean_p|train_n=12|p=15,103,182,-1.59108,1.0206900000000001
1898959044,13,15,mean_p,12,0.35630358612262525,0.040331570086375487,mean_p|train_n=12|p=15,104,183,-1.59108,1.0206900000000001
2292485283,13,15,mean_p,12,0.26729927570255135,0.089940169671373638,mean_p|train_n=12|p=15,105,187,-1.59108,1.0206900000000001
735020650,13,15,mean_p,12,0.20020678801792172,0.1646314370542325,mean_p|train_n=12|p=15,106,189,-1.59108,1.0206900000000001
2863325184,13,15,mean_p,12,0.29501962978797797,0.070060486319458465,mean_p|train_n=12|p=15,107,190,-1.59108,1.0206900000000001
2024142160,13,15,mean_p,12,0.2823896249762376,0.07850535493156971,mean_p|train_n=12|p=15,108,191,-1.59108,1.0206900000000001
3848914394,13,15,mean_p,12,0.25793260708028598,0.097860882826723367,mean_p|train_n=12|p=15,109,192,-1.59108,1.0206900000000001
1924943175,13,15,mean_p,12,0.3986275106685237,0.027543245207517154,mean_p|train_n=12|p=15,110,193,-1.59108,1.0206900000000001
3049939027,13,15,mean_p,12,0.19262867059605662,0.17626614142276517,mean_p|train_n=12|p=15,111,194,-1.59108,1.0206900000000001
2234691890,13,15,mean_p,12,0.15212424346814654,0.25390924577424556,mean_p|train_n=12|p=15,112,195,-1.59108,1.0206900000000001
2673378205,13,15,mean_p,12,0.30543997163625591,0.063781435078293508,mean_p|train_n=12|p=15,113,196,-1.59108,1.0206900000000001
80044016,13,15,mean_p,12,0.20528648568604033,0.157265670667352,mean_p|train_n=12|p=15,114,199,-1.59108,1.0206900000000001
3595731260,13,15,mean_p,12,0.13693463696957747,0.29115306661903323,mean_p|train_n=12|p=15,115,201,-1.59108,1.0206900000000001
854344893,13,15,mean_p,12,0.46076392766837465,0.015734432333829786,mean_p|train_n=12|p=15,116,202,-1.59108,1.0206900000000001
3019285046,13,15,mean_p,12,0.16266082384749331,0.23091107744727252,mean_p|train_n=12|p=15,117,205,-1.59108,1.0206900000000001
2721728482,13,15,mean_p,12,0.27800909932469414,0.081666132024152488,mean_p|train_n=12|p=15,118,206,-1.59108,1.0206900000000001
3889816359,13,15,mean_p,12,0.34318496343319971,0.045392428199729037,mean_p|train_n=12|p=15,119,207,-1.59108,1.0206900000000001
3868321773,13,15,mean_p,12,0.45527966151089816,0.016531533864997897,mean_p|train_n=12|p=15,120,208,-1.59108,1.0206900000000001
3284281265,13,15,mean_p,12,0.32585027046688986,0.053066546888717737,mean_p|train_n=12|p=15,121,209,-1.59108,1.0206900000000001
1661485059,13,15,mean_p,12,0.25240583769641456,0.10285787152003995,mean_p|train_n=12|p=15,122,210,-1.59108,1.0206900000000001
952770418,13,15,mean_p,12,0.35049966137164085,0.0424969879694383,mean_p|train_n=12|p=15,123,211,-1.59108,1.0206900000000001
3891240332,13,15,mean_p,12,0.1697745983800065,0.21657373880830025,mean_p|train_n=12|p=15,124,213,-1.59108,1.0206900000000001
4143862058,13,15,mean_p,12,0.19380268894754399,0.17441125455753395,mean_p|train_n=12|p=15,125,214,-1.59108,1.0206900000000001
1397400701,13,15,mean_p,12,0.38900673453833723,0.030037581146010829,mean_p|train_n=12|p=15,126,215,-1.59108,1.0206900000000001
1038523573,13,15,mean_p,12,0.16123100951968583,0.23390536800011136,mean_p|train_n=12|p=15,127,216,-1.59108,1.0206900000000001
1192843563,13,15,mean_p,12,0.26612849647436387,0.090894042320772639,mean_p|train_n=12|p=15,128,218,-1.59108,1.0206900000000001
2072966362,13,15,mean_p,12,0.32190510705943753,0.054986970283112106,mean_p|train_n=12|p=15,129,220,-1.59108,1.0206900000000001
1373122015,13,15,mean_p,12,0.27811930287159581,0.081585074981334868,mean_p|train_n=12|p=15,130,221,-1.59108,1.0206900000000001
1644664148,13,15,mean_p,12,0.34213698563304251,0.045823109978497735,mean_p|train_n=12|p=15,131,222,-1.59108,1.0206900000000001
2572603372,13,15,mean_p,12,0.23229693599380091,0.12329103736926636,mean_p|train_n=12|p=15,132,223,-1.59108,1.0206900000000001
251676963,13,15,mean_p,12,0.31935483416952282,0.056265217692173873,mean_p|train_n=12|p=15,133,226,-1.59108,1.0206900000000001
668902972,13,15,mean_p,12,0.14462990703028392,0.27164816536621356,mean_p|train_n=12|p=15,134,227,-1.59108,1.0206900000000001
264717,13,15,mean_p,12,0.39396951690131071,0.02872391642669201,mean_p|train_n=12|p=15,135,228,-1.59108,1.0206900000000001
1282929053,13,15,mean_p,12,0.27949545249454072,0.080579637054961087,mean_p|train_n=12|p=15,136,232,-1.59108,1.0206900000000001
2713849358,13,15,mean_p,12,0.12476002335024815,0.3249117215291395,mean_p|train_n=12|p=15,137,234,-1.59108,1.0206900000000001
2670740499,13,15,mean_p,12,0.40816919151774073,0.025274047106994903,mean_p|train_n=12|p=15,138,235,-1.59108,1.0206900000000001
3720481762,13,15,mean_p,12,0.32112406718142023,0.055375327129840127,mean_p|train_n=12|p=15,139,237,-1.59108,1.0206900000000001
3573664464,13,15,mean_p,12,0.34510577710004287,0.044613523291855341,mean_p|train_n=12|p=15,140,238,-1.59108,1.0206900000000001
2858528817,13,15,mean_p,12,0.33285936479637479,0.049818598888874834,mean_p|train_n=12|p=15,141,240,-1.59108,1.0206900000000001
2213532469,13,15,mean_p,12,0.33434191783095046,0.049157490168141894,mean_p|train_n=12|p=15,142,241,-1.59108,1.0206900000000001
714680812,13,15,mean_p,12,0.26333315622459813,0.093212611287104993,mean_p|train_n=12|p=15,143,242,-1.59108,1.0206900000000001
2754220589,13,15,mean_p,12,0.1903183277818255,0.17997416610318326,mean_p|train_n=12|p=15,144,244,-1.59108,1.0206900000000001
313499115,13,15,mean_p,12,0.28900810019753381,0.073960290287758301,mean_p|train_n=12|p=15,145,248,-1.59108,1.0206900000000001
1799476455,13,15,mean_p,12,0.313937686364468,0.05907985425238349,mean_p|train_n=12|p=15,146,251,-1.59108,1.0206900000000001
134003694,13,15,mean_p,12,0.20647729885572039,0.15558718205506789,mean_p|train_n=12|p=15,147,252,-1.59108,1.0206900000000001
1967711595,13,15,mean_p,12,0.37217370591824583,0.034957403058937089,mean_p|train_n=12|p=15,148,254,-1.59108,1.0206900000000001
357601323,13,15,mean_p,12,0.2858599393243525,0.076088423894413407,mean_p|train_n=12|p=15,149,256,-1.59108,1.0206900000000001
4129816946,13,15,mean_p,12,0.24770015947114862,0.10731308670293566,mean_p|train_n=12|p=15,150,257,-1.59108,1.0206900000000001
3021053765,13,15,mean_p,12,0.22145655265207884,0.13594215615172889,mean_p|train_n=12|p=15,151,260,-1.59108,1.0206900000000001
2012665947,13,15,mean_p,12,0.3878573293735898,0.030350302754415956,mean_p|train_n=12|p=15,152,261,-1.59108,1.0206900000000001
964235237,13,15,mean_p,12,0.20167064650953082,0.16247409254952813,mean_p|train_n=12|p=15,153,262,-1.59108,1.0206900000000001
3657523098,13,15,mean_p,12,0.2250118396593731,0.13165608286517391,mean_p|train_n=12|p=15,154,263,-1.59108,1.0206900000000001
4212691483,13,15,mean_p,12,0.21370158816538842,0.14578147965902588,mean_p|train_n=12|p=15,155,265,-1.59108,1.0206900000000001
710395245,13,15,mean_p,12,0.25141600356378502,0.10377939629377939,mean_p|train_n=12|p=15,156,268,-1.59108,1.0206900000000001
1689339447,13,15,mean_p,12,0.40900873797274423,0.025083568311809776,mean_p|train_n=12|p=15,157,270,-1.59108,1.0206900000000001
2392375212,13,15,mean_p,12,0.40139799579666025,0.026864150996297229,mean_p|train_n=12|p=15,158,273,-1.59108,1.0206900000000001
3753539383,13,15,mean_p,12,0.27316908897862258,0.085306639544899823,mean_p|train_n=12|p=15,159,274,-1.59108,1.0206900000000001
396525638,13,15,mean_p,12,0.44438893761219672,0.018236135080350161,mean_p|train_n=12|p=15,160,276,-1.59108,1.0206900000000001
3793816263,13,15,mean_p,12,0.26632694841190063,0.090731647818350608,mean_p|train_n=12|p=15,161,277,-1.59108,1.0206900000000001
2932781391,13,15,mean_p,12,0.087158834934593948,0.45594608594002223,mean_p|train_n=12|p=15,162,278,-1.59108,1.0206900000000001
1330122543,13,15,mean_p,12,0.40294489022955565,0.026492291116145011,mean_p|train_n=12|p=15,163,279,-1.59108,1.0206900000000001
2866148227,13,15,mean_p,12,0.42475683888455229,0.021765109589769471,mean_p|train_n=12|p=15,164,282,-1.59108,1.0206900000000001
3313959536,13,15,mean_p,12,0.35478448387376105,0.04088744459632887,mean_p|train_n=12|p=15,165,283,-1.59108,1.0206900000000001
1901900815,13,15,mean_p,12,0.28431144345178966,0.077157554866169625,mean_p|train_n=12|p=15,166,284,-1.59108,1.0206900000000001
1754218252,13,15,mean_p,12,0.41961997030969173,0.022796250888704808,mean_p|train_n=12|p=15,167,286,-1.59108,1.0206900000000001
2126234051,13,15,mean_p,12,0.21209512106819484,0.14790712184326704,mean_p|train_n=12|p=15,168,287,-1.59108,1.0206900000000001
1686389248,13,15,mean_p,12,0.25100489184073349,0.10416455922483224,mean_p|train_n=12|p=15,169,288,-1.59108,1.0206900000000001
2029881361,13,15,mean_p,12,0.16028199735356202,0.23591417879142709,mean_p|train_n=12|p=15,170,290,-1.59108,1.0206900000000001
1840702391,13,15,mean_p,12,0.33049989450979478,0.050889131196475861,mean_p|train_n=12|p=15,171,292,-1.59108,1.0206900000000001
4255122286,13,15,mean_p,12,0.56968635909146725,0.0058965112477849897,mean_p|train_n=12|p=15,172,296,-1.59108,1.0206900000000001
3608913589,13,15,mean_p,12,0.29807736871422835,0.068156459602008376,mean_p|train_n=12|p=15,173,297,-1.59108,1.0206900000000001
1214728956,13,15,mean_p,12,0.13750431371866928,0.28966231781454022,mean_p|train_n=12|p=15,174,301,-1.59108,1.0206900000000001
4287067873,13,15,mean_p,12,0.265925967263064,0.091060072964276637,mean_p|train_n=12|p=15,175,302,-1.59108,1.0206900000000001
1028510931,13,15,mean_p,12,0.32326959386066434,0.054315029819367255,mean_p|train_n=12|p=15,176,303,-1.59108,1.0206900000000001
4102916068,13,15,mean_p,12,0.25789949093808379,0.097890089526151428,mean_p|train_n=12|p=15,177,305,-1.59108,1.0206900000000001
485341611,13,15,mean_p,12,0.1749677003434886,0.20667272275899351,mean_p|train_n=12|p=15,178,306,-1.59108,1.0206900000000001
2310310264,13,15,mean_p,12,0.14136145070535805,0.27976766644535217,mean_p|train_n=12|p=15,179,308,-1.59108,1.0206900000000001
2391818744,13,15,mean_p,12,0.29471830267375332,0.07025097532390015,mean_p|train_n=12|p=15,180,309,-1.59108,1.0206900000000001
4084260313,13,15,mean_p,12,0.37828227957696003,0.033085212718668162,mean_p|train_n=12|p=15,181,310,-1.59108,1.0206900000000001
3901628587,13,15,mean_p,12,0.19446739314579584,0.17336972459786143,mean_p|train_n=12|p=15,182,311,-1.59108,1.0206900000000001
3944556694,13,15,mean_p,12,0.12666341167206382,0.31938659070479342,mean_p|train_n=12|p=15,183,312,-1.59108,1.0206900000000001
3320693524,13,15,mean_p,12,0.21019880236925603,0.1504562110133503,mean_p|train_n=12|p=15,184,314,-1.59108,1.0206900000000001
4043452308,13,15,mean_p,12,0.26905314743056363,0.088529929534540128,mean_p|train_n=12|p=15,185,315,-1.59108,1.0206900000000001
1372205905,13,15,mean_p,12,0.22416895909240442,0.13265983408930923,mean_p|train_n=12|p=15,186,317,-1.59108,1.0206900000000001
3393936802,13,15,mean_p,12,0.27166611891910031,0.086469817465318441,mean_p|train_n=12|p=15,187,318,-1.59108,1.0206900000000001
1346288514,13,15,mean_p,12,0.25003423369473859,0.10507963227193605,mean_p|train_n=12|p=15,188,319,-1.59108,1.0206900000000001
95680127,13,15,mean_p,12,0.17240774612102522,0.2114955627341458,mean_p|train_n=12|p=15,189,321,-1.59108,1.0206900000000001
3334241682,13,15,mean_p,12,0.27837225745674504,0.081399325664386679,mean_p|train_n=12|p=15,190,322,-1.59108,1.0206900000000001
567996641,13,15,mean_p,12,0.18831100754581101,0.18325912000791827,mean_p|train_n=12|p=15,191,323,-1.59108,1.0206900000000001
1934480178,13,15,mean_p,12,0.18263897711532318,0.19286901550502888,mean_p|train_n=12|p=15,192,324,-1.59108,1.0206900000000001
1501335082,13,15,mean_p,12,0.26618572049522127,0.090847185735390149,mean_p|train_n=12|p=15,193,328,-1.59108,1.0206900000000001
918619465,13,15,mean_p,12,0.19824258569551773,0.1675712304922431,mean_p|train_n=12|p=15,194,329,-1.59108,1.0206900000000001
2835385324,13,15,mean_p,12,0.15835277643379733,0.24005117558993758,mean_p|train_n=12|p=15,195,331,-1.59108,1.0206900000000001
592391315,13,15,mean_p,12,0.32688622927031707,0.052573479080858875,mean_p|train_n=12|p=15,196,332,-1.59108,1.0206900000000001
2095668931,13,15,mean_p,12,0.35982215681189683,0.039072894977489787,mean_p|train_n=12|p=15,197,334,-1.59108,1.0206900000000001
1739263832,13,15,mean_p,12,0.23921268066940946,0.11584238786491453,mean_p|train_n=12|p=15,198,336,-1.59108,1.0206900000000001
3138206277,13,15,mean_p,12,0.2708038958638968,0.087144254152951212,mean_p|train_n=12|p=15,199,337,-1.59108,1.0206900000000001
3732687201,13,15,mean_p,12,0.21634151531219417,0.14235452927336617,mean_p|train_n=12|p=15,200,340,-1.59108,1.0206900000000001
3839117489,13,15,mean_p,12,0.31763517156761495,0.057143878516870798,mean_p|train_n=12|p=15,201,342,-1.59108,1.0206900000000001
2674821599,13,15,mean_p,12,0.41059669959601075,0.024727203608361135,mean_p|train_n=12|p=15,202,345,-1.59108,1.0206900000000001
773674101,13,15,mean_p,12,0.13138957745685112,0.30607041252805239,mean_p|train_n=12|p=15,203,346,-1.59108,1.0206900000000001
530017051,13,15,mean_p,12,0.47668126157529245,0.013632024081882309,mean_p|train_n=12|p=15,204,347,-1.59108,1.0206900000000001
756157305,13,15,mean_p,12,0.22330792416762174,0.13369310666440254,mean_p|train_n=12|p=15,205,351,-1.59108,1.0206900000000001
3615327269,13,15,mean_p,12,0.16816646977420191,0.21973489388540143,mean_p|train_n=12|p=15,206,352,-1.59108,1.0206900000000001
4211577467,13,15,mean_p,12,0.32433315810768615,0.053796978055839814,mean_p|train_n=12|p=15,207,353,-1.59108,1.0206900000000001
1796225250,13,15,mean_p,12,0.28994934572974079,0.073335650103898892,mean_p|train_n=12|p=15,208,355,-1.59108,1.0206900000000001
915696607,13,15,mean_p,12,0.27689449417982709,0.082490487658922793,mean_p|train_n=12|p=15,209,357,-1.59108,1.0206900000000001
2629746404,13,15,mean_p,12,0.40193435204670841,0.026734628198772016,mean_p|train_n=12|p=15,210,358,-1.59108,1.0206900000000001
3845434085,13,15,mean_p,12,0.27313908453275421,0.085329706802681718,mean_p|train_n=12|p=15,211,360,-1.59108,1.0206900000000001
3857359299,13,15,mean_p,12,0.2226998005899363,0.13442772222980662,mean_p|train_n=12|p=15,212,362,-1.59108,1.0206900000000001
216894094,13,15,mean_p,12,0.32978168402419217,0.051219540043849099,mean_p|train_n=12|p=15,213,363,-1.59108,1.0206900000000001
1657658715,13,15,mean_p,12,0.3082671586955853,0.062177091258636991,mean_p|train_n=12|p=15,214,365,-1.59108,1.0206900000000001
4026258898,13,15,mean_p,12,0.31985836936015138,0.056010503143115495,mean_p|train_n=12|p=15,215,366,-1.59108,1.0206900000000001
1215988977,13,15,mean_p,12,0.51494207473482401,0.009656747218717945,mean_p|train_n=12|p=15,216,368,-1.59108,1.0206900000000001
3708002182,13,15,mean_p,12,0.24733630281302849,0.10766550948694395,mean_p|train_n=12|p=15,217,370,-1.59108,1.0206900000000001
3064163573,13,15,mean_p,12,0.42235682025654597,0.022240936337845945,mean_p|train_n=12|p=15,218,372,-1.59108,1.0206900000000001
3607571255,13,15,mean_p,12,0.24574438594098719,0.10922106107347146,mean_p|train_n=12|p=15,219,373,-1.59108,1.0206900000000001
771437767,13,15,mean_p,12,0.3393986451680181,0.046967858082985522,mean_p|train_n=12|p=15,220,376,-1.59108,1.0206900000000001
2965289746,13,15,mean_p,12,0.49923856822838114,0.011124610331495239,mean_p|train_n=12|p=15,221,378,-1.59108,1.0206900000000001
3101997527,13,15,mean_p,12,0.45694672375943762,0.016285057130070241,mean_p|train_n=12|p=15,222,379,-1.59108,1.0206900000000001
266713336,13,15,mean_p,12,0.2225235446106798,0.13464139365014205,mean_p|train_n=12|p=15,223,380,-1.59108,1.0206900000000001
4019284171,13,15,mean_p,12,0.18987539742872767,0.18069391563952222,mean_p|train_n=12|p=15,224,382,-1.59108,1.0206900000000001
795832076,13,15,mean_p,12,0.15501114477351108,0.24738931888576768,mean_p|train_n=12|p=15,225,383,-1.59108,1.0206900000000001
1253634742,13,15,mean_p,12,0.23302497138665884,0.12248486288510298,mean_p|train_n=12|p=15,226,384,-1.59108,1.0206900000000001
2228277480,13,15,mean_p,12,0.38689627371463808,0.030614277409551558,mean_p|train_n=12|p=15,227,386,-1.59108,1.0206900000000001
141054480,13,15,mean_p,12,0.17214627557143761,0.2119944524733402,mean_p|train_n=12|p=15,228,387,-1.59108,1.0206900000000001
63013310,13,15,mean_p,12,0.18272625080047997,0.19271739992393705,mean_p|train_n=12|p=15,229,388,-1.59108,1.0206900000000001
3608547012,13,15,mean_p,12,0.30276690435026832,0.065336375905347785,mean_p|train_n=12|p=15,230,390,-1.59108,1.0206900000000001
625294015,13,15,mean_p,12,0.18586634726063972,0.1873408583676576,mean_p|train_n=12|p=15,231,391,-1.59108,1.0206900000000001
4210055179,13,15,mean_p,12,0.2799265472212028,0.080267228021769249,mean_p|train_n=12|p=15,232,392,-1.59108,1.0206900000000001
2134668331,13,15,mean_p,12,0.25347708694597126,0.10186976798005577,mean_p|train_n=12|p=15,233,393,-1.59108,1.0206900000000001
1131467584,13,15,mean_p,12,0.23704539075703451,0.11812693935491711,mean_p|train_n=12|p=15,234,394,-1.59108,1.0206900000000001
1663296931,13,15,mean_p,12,0.31152848091041513,0.060376450244002122,mean_p|train_n=12|p=15,235,396,-1.59108,1.0206900000000001
1400386673,13,15,mean_p,12,0.28769703828220228,0.074839228803700378,mean_p|train_n=12|p=15,236,398,-1.59108,1.0206900000000001
62543248,13,15,mean_p,12,0.21263045352406157,0.14719536047474879,mean_p|train_n=12|p=15,237,399,-1.59108,1.0206900000000001
635634673,13,15,mean_p,12,0.26837836088635325,0.089069870608691121,mean_p|train_n=12|p=15,238,401,-1.59108,1.0206900000000001
4290329824,13,15,mean_p,12,0.28905372065184654,0.073929892794973209,mean_p|train_n=12|p=15,239,403,-1.59108,1.0206900000000001
3394409073,13,15,mean_p,12,0.35253011970338832,0.041726520840586173,mean_p|train_n=12|p=15,240,404,-1.59108,1.0206900000000001
4226786987,13,15,mean_p,12,0.25081261168062652,0.10434519324883108,mean_p|train_n=12|p=15,241,405,-1.59108,1.0206900000000001
3911070590,13,15,mean_p,12,0.12528175176152562,0.32338781539740713,mean_p|train_n=12|p=15,242,406,-1.59108,1.0206900000000001
1535822555,13,15,mean_p,12,0.1935742000167012,0.17477071875786471,mean_p|train_n=12|p=15,243,407,-1.59108,1.0206900000000001
3695554045,13,15,mean_p,12,0.23964315320710977,0.1153939113208268,mean_p|train_n=12|p=15,244,408,-1.59108,1.0206900000000001
3506866262,13,15,mean_p,12,0.34540284472272131,0.044494259252209373,mean_p|train_n=12|p=15,245,410,-1.59108,1.0206900000000001
810285081,13,15,mean_p,12,0.36469821172137756,0.037393290699012365,mean_p|train_n=12|p=15,246,411,-1.59108,1.0206900000000001
3756855434,13,15,mean_p,12,0.42273795823347776,0.022164683054679345,mean_p|train_n=12|p=15,247,412,-1.59108,1.0206900000000001
1914155607,13,15,mean_p,12,0.13336392586974619,0.3006733619632016,mean_p|train_n=12|p=15,248,421,-1.59108,1.0206900000000001
3658991522,13,15,mean_p,12,0.29400566129294364,0.070703547006119416,mean_p|train_n=12|p=15,249,422,-1.59108,1.0206900000000001
954588581,13,15,mean_p,12,0.30389862155344766,0.064673474058868002,mean_p|train_n=12|p=15,250,423,-1.59108,1.0206900000000001
1640021527,13,15,mean_p,12,0.353420352020341,0.041393137729320031,mean_p|train_n=12|p=15,251,425,-1.59108,1.0206900000000001
3225505645,13,15,mean_p,12,0.25206468769161272,0.10317455063726287,mean_p|train_n=12|p=15,252,427,-1.59108,1.0206900000000001
570738241,13,15,mean_p,12,0.20177827442784177,0.16231659735912302,mean_p|train_n=12|p=15,253,430,-1.59108,1.0206900000000001
2750656812,13,15,mean_p,12,0.17887490651315449,0.19952289594561518,mean_p|train_n=12|p=15,254,433,-1.59108,1.0206900000000001
4223296115,13,15,mean_p,12,0.53123082405688293,0.0083384750839513074,mean_p|train_n=12|p=15,255,434,-1.59108,1.0206900000000001
1199975105,13,15,mean_p,12,0.37666358843207048,0.033571326429056692,mean_p|train_n=12|p=15,256,435,-1.59108,1.0206900000000001
115326738,13,15,mean_p,12,0.44549667096890261,0.01805501310162529,mean_p|train_n=12|p=15,257,437,-1.59108,1.0206900000000001
752365689,13,15,mean_p,12,0.23923065901231158,0.11582362276866751,mean_p|train_n=12|p=15,258,440,-1.59108,1.0206900000000001
3168072017,13,15,mean_p,12,0.25290459249078345,0.10239664116236998,mean_p|train_n=12|p=15,259,442,-1.59108,1.0206900000000001
2919440748,13,15,mean_p,12,0.40919763686789079,0.025040908593440412,mean_p|train_n=12|p=15,260,444,-1.59108,1.0206900000000001
2978865762,13,15,mean_p,12,0.42462313300234872,0.021791348260725391,mean_p|train_n=12|p=15,261,446,-1.59108,1.0206900000000001
683930972,13,15,mean_p,12,0.42189019638934322,0.022334649844599482,mean_p|train_n=12|p=15,262,447,-1.59108,1.0206900000000001
1727838780,13,15,mean_p,12,0.062104386989015548,0.57142773616718434,mean_p|train_n=12|p=15,263,448,-1.59108,1.0206900000000001
1973887746,13,15,mean_p,12,0.22535876746400638,0.13124515064392647,mean_p|train_n=12|p=15,264,450,-1.59108,1.0206900000000001
3675758240,13,15,mean_p,12,0.35346657053944724,0.041375902274213359,mean_p|train_n=12|p=15,265,452,-1.59108,1.0206900000000001
2611499,13,15,mean_p,12,0.32291774107861165,0.054487509712892845,mean_p|train_n=12|p=15,266,455,-1.59108,1.0206900000000001
2346868378,13,15,mean_p,12,0.27465065020111701,0.084175345471644486,mean_p|train_n=12|p=15,267,458,-1.59108,1.0206900000000001
3308856034,13,15,mean_p,12,0.22391253022636554,0.13296672005266791,mean_p|train_n=12|p=15,268,459,-1.59108,1.0206900000000001
629553947,13,15,mean_p,12,0.25518125440097178,0.10031739480773016,mean_p|train_n=12|p=15,269,462,-1.59108,1.0206900000000001
4162063077,13,15,mean_p,12,0.55377847416352577,0.0068053252772647642,mean_p|train_n=12|p=15,270,463,-1.59108,1.0206900000000001
711703487,13,15,mean_p,12,0.25963426570136056,0.096371778900562435,mean_p|train_n=12|p=15,271,464,-1.59108,1.0206900000000001
38178890,13,15,mean_p,12,0.46336833955181955,0.015369473830236312,mean_p|train_n=12|p=15,272,465,-1.59108,1.0206900000000001
1927467474,13,15,mean_p,12,0.22689302476653048,0.12944316360386171,mean_p|train_n=12|p=15,273,466,-1.59108,1.0206900000000001
1903849569,13,15,mean_p,12,0.30828558682128704,0.062166767345951619,mean_p|train_n=12|p=15,274,467,-1.59108,1.0206900000000001
2726424432,13,15,mean_p,12,0.17205668584781722,0.21216566156299699,mean_p|train_n=12|p=15,275,470,-1.59108,1.0206900000000001
2949953799,13,15,mean_p,12,0.27926238214402743,0.080749046366279248,mean_p|train_n=12|p=15,276,475,-1.59108,1.0206900000000001
4153252654,13,15,mean_p,12,0.47461708497079769,0.013887954103763301,mean_p|train_n=12|p=15,277,476,-1.59108,1.0206900000000001
2380192010,13,15,mean_p,12,0.17875545243264077,0.19973777609581894,mean_p|train_n=12|p=15,278,479,-1.59108,1.0206900000000001
1036485908,13,15,mean_p,12,0.35228350346151827,0.041819350189743705,mean_p|train_n=12|p=15,279,480,-1.59108,1.0206900000000001
3311161132,13,15,mean_p,12,0.35042328621416713,0.042526244884673894,mean_p|train_n=12|p=15,280,481,-1.59108,1.0206900000000001
3654006776,13,15,mean_p,12,0.28653985853976399,0.075623678599860841,mean_p|train_n=12|p=15,281,482,-1.59108,1.0206900000000001
720736407,13,15,mean_p,12,0.47688307948756548,0.013607255905544222,mean_p|train_n=12|p=15,282,486,-1.59108,1.0206900000000001
3952602537,13,15,mean_p,12,0.2146362464736942,0.14455884562628396,mean_p|train_n=12|p=15,283,489,-1.59108,1.0206900000000001
1840371893,13,15,mean_p,12,0.38640800425210398,0.030749269441530742,mean_p|train_n=12|p=15,284,490,-1.59108,1.0206900000000001
398108149,13,15,mean_p,12,0.17569658340745489,0.20531976445547695,mean_p|train_n=12|p=15,285,491,-1.59108,1.0206900000000001
788324401,13,15,mean_p,12,0.35322015307097748,0.041467877324815133,mean_p|train_n=12|p=15,286,492,-1.59108,1.0206900000000001
2965042603,13,15,mean_p,12,0.32455679964971096,0.053688674766425928,mean_p|train_n=12|p=15,287,493,-1.59108,1.0206900000000001
3144314695,13,15,mean_p,12,0.26746897989291063,0.089802739190861625,mean_p|train_n=12|p=15,288,495,-1.59108,1.0206900000000001
1581037300,13,15,mean_p,12,0.20837214295944845,0.15295319427032883,mean_p|train_n=12|p=15,289,499,-1.59108,1.0206900000000001
1810714022,13,15,mean_p,12,0.38653359423974609,0.030714490775920228,mean_p|train_n=12|p=15,290,501,-1.59108,1.0206900000000001
1193256622,13,15,mean_p,12,0.22120600469114499,0.13624941484416056,mean_p|train_n=12|p=15,291,502,-1.59108,1.0206900000000001
1527771717,13,15,mean_p,12,0.35142162542002775,0.042145396607927273,mean_p|train_n=12|p=15,292,505,-1.59108,1.0206900000000001
3558281690,13,15,mean_p,12,0.25391647551914071,0.10146723318842514,mean_p|train_n=12|p=15,293,507,-1.59108,1.0206900000000001
1851029407,13,15,mean_p,12,0.4706130806738727,0.014398176821291049,mean_p|train_n=12|p=15,294,508,-1.59108,1.0206900000000001
2931920427,13,15,mean_p,12,0.4785933464774082,0.013399161163917844,mean_p|train_n=12|p=15,295,509,-1.59108,1.0206900000000001
185317162,13,15,mean_p,12,0.29591625720131715,0.069496717920477374,mean_p|train_n=12|p=15,296,511,-1.59108,1.0206900000000001
1268638683,13,15,mean_p,12,0.39629955978758058,0.028127121426318433,mean_p|train_n=12|p=15,297,513,-1.59108,1.0206900000000001
2596270712,13,15,mean_p,12,0.29399865737016589,0.070708009370895233,mean_p|train_n=12|p=15,298,514,-1.59108,1.0206900000000001
604057983,13,15,mean_p,12,0.28352029927747158,0.077709571102364178,mean_p|train_n=12|p=15,299,515,-1.59108,1.0206900000000001
2750496158,13,15,mean_p,12,0.39001478188527222,0.029765972398267403,mean_p|train_n=12|p=15,300,516,-1.59108,1.0206900000000001
2507064539,13,15,mean_p,12,0.32410255819777195,0.053908879867872385,mean_p|train_n=12|p=15,301,517,-1.59108,1.0206900000000001
2670201854,13,15,mean_p,12,0.21881724568872724,0.13921396124770413,mean_p|train_n=12|p=15,302,519,-1.59108,1.0206900000000001
4212987716,13,15,mean_p,12,0.47841834167629871,0.013420307681779162,mean_p|train_n=12|p=15,303,520,-1.59108,1.0206900000000001
3388787856,13,15,mean_p,12,0.46617395275759493,0.014985786510704847,mean_p|train_n=12|p=15,304,521,-1.59108,1.0206900000000001
3377137258,13,15,mean_p,12,0.25921293748235058,0.096738354799386389,mean_p|train_n=12|p=15,305,523,-1.59108,1.0206900000000001
2809314723,13,15,mean_p,12,0.44348991230628199,0.018384466733242195,mean_p|train_n=12|p=15,306,524,-1.59108,1.0206900000000001
2716363918,13,15,mean_p,12,0.47482344188044551,0.013862153944529878,mean_p|train_n=12|p=15,307,525,-1.59108,1.0206900000000001
3190217236,13,15,mean_p,12,0.18094520080313453,0.1958352518413779,mean_p|train_n=12|p=15,308,527,-1.59108,1.0206900000000001
1459579413,13,15,mean_p,12,0.27683627710993619,0.082533772611465134,mean_p|train_n=12|p=15,309,528,-1.59108,1.0206900000000001
755101968,13,15,mean_p,12,0.23200603244794807,0.12361464493671424,mean_p|train_n=12|p=15,310,529,-1.59108,1.0206900000000001
2763320893,13,15,mean_p,12,0.33832006004763754,0.04742656592468001,mean_p|train_n=12|p=15,311,530,-1.59108,1.0206900000000001
2004330212,13,15,mean_p,12,0.47039589546383836,0.014426382178079596,mean_p|train_n=12|p=15,312,534,-1.59108,1.0206900000000001
4219097122,13,15,mean_p,12,0.22375157987657229,0.13315970287918238,mean_p|train_n=12|p=15,313,537,-1.59108,1.0206900000000001
4067626925,13,15,mean_p,12,0.26807311096532216,0.089315201712545048,mean_p|train_n=12|p=15,314,540,-1.59108,1.0206900000000001
980200229,13,15,mean_p,12,0.3692544678501718,0.035889158781600414,mean_p|train_n=12|p=15,315,541,-1.59108,1.0206900000000001
1020122178,13,15,mean_p,12,0.35809790748919001,0.039684713563123773,mean_p|train_n=12|p=15,316,542,-1.59108,1.0206900000000001
2916154395,13,15,mean_p,12,0.2183592196293927,0.13978971704283635,mean_p|train_n=12|p=15,317,544,-1.59108,1.0206900000000001
271996953,13,15,mean_p,12,0.50362715068149844,0.010693270996982654,mean_p|train_n=12|p=15,318,545,-1.59108,1.0206900000000001
1772184418,13,15,mean_p,12,0.33403536558564195,0.049293466394105055,mean_p|train_n=12|p=15,319,549,-1.59108,1.0206900000000001
2244052433,13,15,mean_p,12,0.42943233791253027,0.02086718216514611,mean_p|train_n=12|p=15,320,550,-1.59108,1.0206900000000001
1155330134,13,15,mean_p,12,0.37467216799004166,0.034179185223424627,mean_p|train_n=12|p=15,321,552,-1.59108,1.0206900000000001
1927906440,13,15,mean_p,12,0.14875378391405136,0.26173899948123069,mean_p|train_n=12|p=15,322,553,-1.59108,1.0206900000000001
2400243414,13,15,mean_p,12,0.28812096883701482,0.074553888185587266,mean_p|train_n=12|p=15,323,555,-1.59108,1.0206900000000001
682491856,13,15,mean_p,12,0.42894417559394127,0.020959174662427641,mean_p|train_n=12|p=15,324,557,-1.59108,1.0206900000000001
3280063472,13,15,mean_p,12,0.27953102122521306,0.080553814875687968,mean_p|train_n=12|p=15,325,561,-1.59108,1.0206900000000001
2045997819,13,15,mean_p,12,0.20115154373042479,0.1632358599952404,mean_p|train_n=12|p=15,326,563,-1.59108,1.0206900000000001
1438087074,13,15,mean_p,12,0.31444320016935517,0.058811349184096667,mean_p|train_n=12|p=15,327,564,-1.59108,1.0206900000000001
2622144541,13,15,mean_p,12,0.26981742858769109,0.087922329937016569,mean_p|train_n=12|p=15,328,567,-1.59108,1.0206900000000001
4007771159,13,15,mean_p,12,0.34754392687680191,0.04364405471779384,mean_p|train_n=12|p=15,329,570,-1.59108,1.0206900000000001
85478717,13,15,mean_p,12,0.23236178363721949,0.1232190149612587,mean_p|train_n=12|p=15,330,572,-1.59108,1.0206900000000001
946660371,13,15,mean_p,12,0.27231838670757297,0.085963079289773356,mean_p|train_n=12|p=15,331,573,-1.59108,1.0206900000000001
1027158160,13,15,mean_p,12,0.35693633454298368,0.040102268264802607,mean_p|train_n=12|p=15,332,574,-1.59108,1.0206900000000001
583653483,13,15,mean_p,12,0.30481318619154923,0.064142686036564228,mean_p|train_n=12|p=15,333,575,-1.59108,1.0206900000000001
4292778987,13,15,mean_p,12,0.34274929703811097,0.045570977863173663,mean_p|train_n=12|p=15,334,576,-1.59108,1.0206900000000001
3304638652,13,15,mean_p,12,0.18773424593105986,0.184214024188112,mean_p|train_n=12|p=15,335,578,-1.59108,1.0206900000000001
2472515665,13,15,mean_p,12,0.41457690833344463,0.023856069759438742,mean_p|train_n=12|p=15,336,580,-1.59108,1.0206900000000001
4202139733,13,15,mean_p,12,0.37648197617246904,0.03362631062573955,mean_p|train_n=12|p=15,337,581,-1.59108,1.0206900000000001
616680822,13,15,mean_p,12,0.20811155052325919,0.15331277728589965,mean_p|train_n=12|p=15,338,584,-1.59108,1.0206900000000001
3018842179,13,15,mean_p,12,0.42324518348422663,0.022063609137528827,mean_p|train_n=12|p=15,339,585,-1.59108,1.0206900000000001
423313639,13,15,mean_p,12,0.13720365749671101,0.29044813122484625,mean_p|train_n=12|p=15,340,586,-1.59108,1.0206900000000001
790371303,13,15,mean_p,12,0.2534097814459581,0.1019315691061175,mean_p|train_n=12|p=15,341,587,-1.59108,1.0206900000000001
2352066637,13,15,mean_p,12,0.15084329722948744,0.25685697144437675,mean_p|train_n=12|p=15,342,588,-1.59108,1.0206900000000001
1549283588,13,15,mean_p,12,0.15149159599877834,0.25536084788206631,mean_p|train_n=12|p=15,343,589,-1.59108,1.0206900000000001
1097925022,13,15,mean_p,12,0.18725667748991273,0.18500846567210544,mean_p|train_n=12|p=15,344,590,-1.59108,1.0206900000000001
2480648765,13,15,mean_p,12,0.22126194122576795,0.13618075709360505,mean_p|train_n=12|p=15,345,591,-1.59108,1.0206900000000001
4132462092,13,15,mean_p,12,0.22534278673138602,0.13126405143728717,mean_p|train_n=12|p=15,346,595,-1.59108,1.0206900000000001
3035776358,13,15,mean_p,12,0.20427258955604913,0.1587090537339271,mean_p|train_n=12|p=15,347,597,-1.59108,1.0206900000000001
3186513588,13,15,mean_p,12,0.46055807235687535,0.01576364591697476,mean_p|train_n=12|p=15,348,599,-1.59108,1.0206900000000001
4056652478,13,15,mean_p,12,0.24258349475417462,0.11237667838713303,mean_p|train_n=12|p=15,349,600,-1.59108,1.0206900000000001
1203576748,13,15,mean_p,12,0.26794121468638832,0.089421416466269721,mean_p|train_n=12|p=15,350,601,-1.59108,1.0206900000000001
1024885444,13,15,mean_p,12,0.34670935760283467,0.04397350532871834,mean_p|train_n=12|p=15,351,602,-1.59108,1.0206900000000001
2664389325,13,15,mean_p,12,0.13961969963873558,0.28419319300875756,mean_p|train_n=12|p=15,352,603,-1.59108,1.0206900000000001
168537429,13,15,mean_p,12,0.52440736410096644,0.0088672610660156265,mean_p|train_n=12|p=15,353,604,-1.59108,1.0206900000000001
77013789,13,15,mean_p,12,0.26857027446576298,0.088915973706428411,mean_p|train_n=12|p=15,354,606,-1.59108,1.0206900000000001
1802520439,13,15,mean_p,12,0.63506758303538235,0.0032713944083379099,mean_p|train_n=12|p=15,355,608,-1.59108,1.0206900000000001
3908780010,13,15,mean_p,12,0.36768898798464755,0.036399013386310429,mean_p|train_n=12|p=15,356,611,-1.59108,1.0206900000000001
707584657,13,15,mean_p,12,0.52895035142856583,0.0085115962398525594,mean_p|train_n=12|p=15,357,612,-1.59108,1.0206900000000001
3812759414,13,15,mean_p,12,0.4425300127351281,0.01854417420423168,mean_p|train_n=12|p=15,358,615,-1.59108,1.0206900000000001
2830588887,13,15,mean_p,12,0.17623247698062935,0.20433068777838079,mean_p|train_n=12|p=15,359,616,-1.59108,1.0206900000000001
942545673,13,15,mean_p,12,0.19501577683895396,0.1725151420353348,mean_p|train_n=12|p=15,360,618,-1.59108,1.0206900000000001
3347405467,13,15,mean_p,12,0.17350868832964617,0.20940779506158605,mean_p|train_n=12|p=15,361,622,-1.59108,1.0206900000000001
2904740908,13,15,mean_p,12,0.35689934266214879,0.040115637807373511,mean_p|train_n=12|p=15,362,624,-1.59108,1.0206900000000001
500043680,13,15,mean_p,12,0.4423049059648691,0.018581827709183509,mean_p|train_n=12|p=15,363,630,-1.59108,1.0206900000000001
2320622693,13,15,mean_p,12,0.25270659350306907,0.10257949537726513,mean_p|train_n=12|p=15,364,631,-1.59108,1.0206900000000001
861877561,13,15,mean_p,12,0.52522812167586141,0.0088019227066131363,mean_p|train_n=12|p=15,365,636,-1.59108,1.0206900000000001
2601297141,13,15,mean_p,12,0.33795847634295406,0.047581343145377153,mean_p|train_n=12|p=15,366,637,-1.59108,1.0206900000000001
2616357503,13,15,mean_p,12,0.4050079225029527,0.026004353968966373,mean_p|train_n=12|p=15,367,641,-1.59108,1.0206900000000001
627760561,13,15,mean_p,12,0.22633214651655853,0.13009902861187866,mean_p|train_n=12|p=15,368,642,-1.59108,1.0206900000000001
1039449899,13,15,mean_p,12,0.20287832109143419,0.16071559425573081,mean_p|train_n=12|p=15,369,644,-1.59108,1.0206900000000001
2655469040,13,15,mean_p,12,0.33556639220152346,0.048618085756803285,mean_p|train_n=12|p=15,370,645,-1.59108,1.0206900000000001
366351457,13,15,mean_p,12,0.14745634019898793,0.26481698769771223,mean_p|train_n=12|p=15,371,646,-1.59108,1.0206900000000001
3881387024,13,15,mean_p,12,0.15378032469070971,0.25014833919549084,mean_p|train_n=12|p=15,372,651,-1.59108,1.0206900000000001
1498850377,13,15,mean_p,12,0.13770587558674413,0.28913669421722377,mean_p|train_n=12|p=15,373,652,-1.59108,1.0206900000000001
3051307530,13,15,mean_p,12,0.18887482705327871,0.18233042790559501,mean_p|train_n=12|p=15,374,653,-1.59108,1.0206900000000001
3283817490,13,15,mean_p,12,0.13740727919307105,0.28991570052794852,mean_p|train_n=12|p=15,375,654,-1.59108,1.0206900000000001
2129881602,13,15,mean_p,12,0.30347745392429137,0.064919383014354085,mean_p|train_n=12|p=15,376,655,-1.59108,1.0206900000000001
3363655558,13,15,mean_p,12,0.31859599456313198,0.056651268504543759,mean_p|train_n=12|p=15,377,656,-1.59108,1.0206900000000001
4117550137,13,15,mean_p,12,0.1705638605636528,0.21503893639992025,mean_p|train_n=12|p=15,378,657,-1.59108,1.0206900000000001
2760028559,13,15,mean_p,12,0.41500778172999236,0.023763626643712895,mean_p|train_n=12|p=15,379,660,-1.59108,1.0206900000000001
2597712279,13,15,mean_p,12,0.22559785640356531,0.1309626991834498,mean_p|train_n=12|p=15,380,665,-1.59108,1.0206900000000001
3229743112,13,15,mean_p,12,0.11586144986935724,0.35203753164977891,mean_p|train_n=12|p=15,381,666,-1.59108,1.0206900000000001
2906381456,13,15,mean_p,12,0.38137304089907154,0.032176483332901448,mean_p|train_n=12|p=15,382,667,-1.59108,1.0206900000000001
1125774257,13,15,mean_p,12,0.26267430556179466,0.093767646175292776,mean_p|train_n=12|p=15,383,668,-1.59108,1.0206900000000001
1226844808,13,15,mean_p,12,0.26476441976247123,0.092018167930635206,mean_p|train_n=12|p=15,384,671,-1.59108,1.0206900000000001
311644623,13,15,mean_p,12,0.25748739358563372,0.098254267740192136,mean_p|train_n=12|p=15,385,674,-1.59108,1.0206900000000001
3259751952,13,15,mean_p,12,0.19366140762662515,0.17463343434135606,mean_p|train_n=12|p=15,386,675,-1.59108,1.0206900000000001
1196087112,13,15,mean_p,12,0.22311498122551784,0.1339257466221877,mean_p|train_n=12|p=15,387,676,-1.59108,1.0206900000000001
1751319113,13,15,mean_p,12,0.52111714554420896,0.0091340924542581275,mean_p|train_n=12|p=15,388,677,-1.59108,1.0206900000000001
938016855,13,15,mean_p,12,0.24968159157474842,0.10541406728370399,mean_p|train_n=12|p=15,389,678,-1.59108,1.0206900000000001
4127309445,13,15,mean_p,12,0.33154718033911118,0.050411149276265103,mean_p|train_n=12|p=15,390,679,-1.59108,1.0206900000000001
2653951977,13,15,mean_p,12,0.22926326650812598,0.12670782566902433,mean_p|train_n=12|p=15,391,680,-1.59108,1.0206900000000001
2710630998,13,15,mean_p,12,0.16054302005861645,0.23535994819027858,mean_p|train_n=12|p=15,392,681,-1.59108,1.0206900000000001
929464780,13,15,mean_p,12,0.27295698008833852,0.085469841598010646,mean_p|train_n=12|p=15,393,683,-1.59108,1.0206900000000001
2232865324,13,15,mean_p,12,0.21232528540603779,0.14760068170481097,mean_p|train_n=12|p=15,394,685,-1.59108,1.0206900000000001
1108156328,13,15,mean_p,12,0.29545431103637815,0.069786604877540959,mean_p|train_n=12|p=15,395,686,-1.59108,1.0206900000000001
2086678947,13,15,mean_p,12,0.21145603954836362,0.14876133301400041,mean_p|train_n=12|p=15,396,687,-1.59108,1.0206900000000001
3798149444,13,15,mean_p,12,0.22804837933160771,0.12810254728548104,mean_p|train_n=12|p=15,397,688,-1.59108,1.0206900000000001
799754880,13,15,mean_p,12,0.23557574974540746,0.11970167566114498,mean_p|train_n=12|p=15,398,690,-1.59108,1.0206900000000001
3536899785,13,15,mean_p,12,0.18353480497650845,0.19131839986684454,mean_p|train_n=12|p=15,399,691,-1.59108,1.0206900000000001
51143638,13,15,mean_p,12,0.37033939305592978,0.035540009821289992,mean_p|train_n=12|p=15,400,692,-1.59108,1.0206900000000001
36617833,13,15,mean_p,12,0.39481273577982873,0.028506494213803444,mean_p|train_n=12|p=15,401,698,-1.59108,1.0206900000000001
236103968,13,15,mean_p,12,0.19193940142297622,0.17736432755219195,mean_p|train_n=12|p=15,402,699,-1.59108,1.0206900000000001
2156850098,13,15,mean_p,12,0.27650053242930911,0.08278384558988966,mean_p|train_n=12|p=15,403,700,-1.59108,1.0206900000000001
1600388384,13,15,mean_p,12,0.27723127502310685,0.082240532989817511,mean_p|train_n=12|p=15,404,702,-1.59108,1.0206900000000001
1050897748,13,15,mean_p,12,0.1805339572562725,0.19656230088419163,mean_p|train_n=12|p=15,405,703,-1.59108,1.0206900000000001
461348277,13,15,mean_p,12,0.38076930948159704,0.032352005923717578,mean_p|train_n=12|p=15,406,704,-1.59108,1.0206900000000001
2000945207,13,15,mean_p,12,0.16236096040645753,0.23153585292441281,mean_p|train_n=12|p=15,407,708,-1.59108,1.0206900000000001
907021389,13,15,mean_p,12,0.1747420535612581,0.20709337452435811,mean_p|train_n=12|p=15,408,710,-1.59108,1.0206900000000001
2422825972,13,15,mean_p,12,0.30620484780143536,0.063343350002856014,mean_p|train_n=12|p=15,409,711,-1.59108,1.0206900000000001
2015721328,13,15,mean_p,12,0.3255524860021729,0.053209132099668766,mean_p|train_n=12|p=15,410,714,-1.59108,1.0206900000000001
3949466030,13,15,mean_p,12,0.39905454998563789,0.027437462064626824,mean_p|train_n=12|p=15,411,715,-1.59108,1.0206900000000001
1210422753,13,15,mean_p,12,0.14838177521651141,0.26261785696646783,mean_p|train_n=12|p=15,412,716,-1.59108,1.0206900000000001
145084937,13,15,mean_p,12,0.30564013808854712,0.063666497303196387,mean_p|train_n=12|p=15,413,717,-1.59108,1.0206900000000001
2198181632,13,15,mean_p,12,0.2285887104426666,0.12748034769807137,mean_p|train_n=12|p=15,414,719,-1.59108,1.0206900000000001
3074940102,13,15,mean_p,12,0.27937792612371593,0.080665017699567146,mean_p|train_n=12|p=15,415,721,-1.59108,1.0206900000000001
3671033687,13,15,mean_p,12,0.18169300122255272,0.19452007851276559,mean_p|train_n=12|p=15,416,724,-1.59108,1.0206900000000001
1953036937,13,15,mean_p,12,0.50117731022311784,0.010931952958320015,mean_p|train_n=12|p=15,417,726,-1.59108,1.0206900000000001
1780973019,13,15,mean_p,12,0.19045810205468211,0.17974763243468617,mean_p|train_n=12|p=15,418,727,-1.59108,1.0206900000000001
3588902458,13,15,mean_p,12,0.25891122780207643,0.097001713240435522,mean_p|train_n=12|p=15,419,728,-1.59108,1.0206900000000001
4231951566,13,15,mean_p,12,0.25539975232718753,0.10012007762123237,mean_p|train_n=12|p=15,420,730,-1.59108,1.0206900000000001
263747879,13,15,mean_p,12,0.17918721182977146,0.19896219667941598,mean_p|train_n=12|p=15,421,732,-1.59108,1.0206900000000001
2153755776,13,15,mean_p,12,0.24352476129395975,0.11142756706242835,mean_p|train_n=12|p=15,422,733,-1.59108,1.0206900000000001
4049390788,13,15,mean_p,12,0.36848886672075992,0.036137605672772771,mean_p|train_n=12|p=15,423,734,-1.59108,1.0206900000000001
2391477988,13,15,mean_p,12,0.28399880173282283,0.077375228630445159,mean_p|train_n=12|p=15,424,736,-1.59108,1.0206900000000001
300400689,13,15,mean_p,12,0.11507613799709415,0.35453751701089586,mean_p|train_n=12|p=15,425,737,-1.59108,1.0206900000000001
188381672,13,15,mean_p,12,0.32006548162672399,0.055906069863617291,mean_p|train_n=12|p=15,426,739,-1.59108,1.0206900000000001
1004163034,13,15,mean_p,12,0.46328053106323019,0.015381639503288871,mean_p|train_n=12|p=15,427,740,-1.59108,1.0206900000000001
1519468848,13,15,mean_p,12,0.10663444402817168,0.38255848517977076,mean_p|train_n=12|p=15,428,741,-1.59108,1.0206900000000001
3898340315,13,15,mean_p,12,0.42297940420112262,0.022116512910628161,mean_p|train_n=12|p=15,429,742,-1.59108,1.0206900000000001
566694534,13,15,mean_p,12,0.35157335840691434,0.042087812571482572,mean_p|train_n=12|p=15,430,743,-1.59108,1.0206900000000001
4191595624,13,15,mean_p,12,0.26930233498952882,0.088331366777274697,mean_p|train_n=12|p=15,431,745,-1.59108,1.0206900000000001
200109741,13,15,mean_p,12,0.56749741468611692,0.0060139709276375835,mean_p|train_n=12|p=15,432,749,-1.59108,1.0206900000000001
2184821051,13,15,mean_p,12,0.25509395593047152,0.10039633942453666,mean_p|train_n=12|p=15,433,750,-1.59108,1.0206900000000001
668327133,13,15,mean_p,12,0.2694173815477755,0.088239843344049496,mean_p|train_n=12|p=15,434,753,-1.59108,1.0206900000000001
2483502143,13,15,mean_p,12,0.25439025725851949,0.10103497201008305,mean_p|train_n=12|p=15,435,754,-1.59108,1.0206900000000001
147682897,13,15,mean_p,12,0.16414964571657545,0.22783394345987534,mean_p|train_n=12|p=15,436,755,-1.59108,1.0206900000000001
2235737103,13,15,mean_p,12,0.22688788905559251,0.12944915404151636,mean_p|train_n=12|p=15,437,756,-1.59108,1.0206900000000001
1144390717,13,15,mean_p,12,0.33902949291404572,0.047124352054246241,mean_p|train_n=12|p=15,438,758,-1.59108,1.0206900000000001
2992711492,13,15,mean_p,12,0.3748820350075075,0.034114610265997276,mean_p|train_n=12|p=15,439,761,-1.59108,1.0206900000000001
1086936828,13,15,mean_p,12,0.2656259146448674,0.09130660960368514,mean_p|train_n=12|p=15,440,763,-1.59108,1.0206900000000001
3504550420,13,15,mean_p,12,0.6322363138148297,0.0033559290266813977,mean_p|train_n=12|p=15,441,764,-1.59108,1.0206900000000001
882868242,13,15,mean_p,12,0.3010121979207187,0.06637765289465572,mean_p|train_n=12|p=15,442,765,-1.59108,1.0206900000000001
3866135209,13,15,mean_p,12,0.40815056983449982,0.025278288406837147,mean_p|train_n=12|p=15,443,766,-1.59108,1.0206900000000001
2544822053,13,15,mean_p,12,0.4692126562633015,0.014581020130726745,mean_p|train_n=12|p=15,444,767,-1.59108,1.0206900000000001
3312444567,13,15,mean_p,12,0.22883384394638792,0.12719907008876777,mean_p|train_n=12|p=15,445,768,-1.59108,1.0206900000000001
2608854497,13,15,mean_p,12,0.38312389681548348,0.031672824550143197,mean_p|train_n=12|p=15,446,769,-1.59108,1.0206900000000001
3001021531,13,15,mean_p,12,0.20203696763007534,0.16193866796193387,mean_p|train_n=12|p=15,447,771,-1.59108,1.0206900000000001
1172983854,13,15,mean_p,12,0.24009010794637514,0.11493010037505036,mean_p|train_n=12|p=15,448,774,-1.59108,1.0206900000000001
1894119449,13,15,mean_p,12,0.29463497109472825,0.070303746144469353,mean_p|train_n=12|p=15,449,777,-1.59108,1.0206900000000001
3797842857,13,15,mean_p,12,0.45104383352681465,0.017174717321387454,mean_p|train_n=12|p=15,450,780,-1.59108,1.0206900000000001
3975210784,13,15,mean_p,12,0.12648176118534979,0.3199098025177316,mean_p|train_n=12|p=15,451,781,-1.59108,1.0206900000000001
645761633,13,15,mean_p,12,0.22758138080092849,0.12864274928488484,mean_p|train_n=12|p=15,452,782,-1.59108,1.0206900000000001
3116709017,13,15,mean_p,12,0.26258250750920237,0.093845241388155601,mean_p|train_n=12|p=15,453,783,-1.59108,1.0206900000000001
681511797,13,15,mean_p,12,0.43038573328865648,0.020688680819835915,mean_p|train_n=12|p=15,454,787,-1.59108,1.0206900000000001
1291849985,13,15,mean_p,12,0.4698592674762056,0.014496310000815416,mean_p|train_n=12|p=15,455,788,-1.59108,1.0206900000000001
771314086,13,15,mean_p,12,0.23384207024371143,0.12158634235537227,mean_p|train_n=12|p=15,456,789,-1.59108,1.0206900000000001
2480947290,13,15,mean_p,12,0.33468449858358401,0.049005976671870004,mean_p|train_n=12|p=15,457,791,-1.59108,1.0206900000000001
3580688537,13,15,mean_p,12,0.20763459456849345,0.1539731042491238,mean_p|train_n=12|p=15,458,792,-1.59108,1.0206900000000001
4086837355,13,15,mean_p,12,0.1688256658783229,0.2184335464323014,mean_p|train_n=12|p=15,459,793,-1.59108,1.0206900000000001
3173262405,13,15,mean_p,12,0.28222210700618022,0.078623947457492835,mean_p|train_n=12|p=15,460,794,-1.59108,1.0206900000000001
656250946,13,15,mean_p,12,0.46403416668431391,0.015277537506704183,mean_p|train_n=12|p=15,461,795,-1.59108,1.0206900000000001
2115526670,13,15,mean_p,12,0.15203140405503165,0.25412174697394646,mean_p|train_n=12|p=15,462,796,-1.59108,1.0206900000000001
346731710,13,15,mean_p,12,0.21777862350986452,0.14052297150209719,mean_p|train_n=12|p=15,463,797,-1.59108,1.0206900000000001
1752460279,13,15,mean_p,12,0.27807076526593821,0.081620765499733197,mean_p|train_n=12|p=15,464,798,-1.59108,1.0206900000000001
3932204744,13,15,mean_p,12,0.46232232559623959,0.015515024306150633,mean_p|train_n=12|p=15,465,801,-1.59108,1.0206900000000001
2804039469,13,15,mean_p,12,0.34508230172686544,0.044622961591812886,mean_p|train_n=12|p=15,466,802,-1.59108,1.0206900000000001
2174732059,13,15,mean_p,12,0.21009834272544833,0.15059247062652262,mean_p|train_n=12|p=15,467,804,-1.59108,1.0206900000000001
1105382681,13,15,mean_p,12,0.41237144505167866,0.024334909411761061,mean_p|train_n=12|p=15,468,805,-1.59108,1.0206900000000001
1981833129,13,15,mean_p,12,0.53670454660889821,0.0079371726021788495,mean_p|train_n=12|p=15,469,807,-1.59108,1.0206900000000001
654730086,13,15,mean_p,12,0.1948484013258332,0.17277552675751623,mean_p|train_n=12|p=15,470,808,-1.59108,1.0206900000000001
2467421505,13,15,mean_p,12,0.42553535648910273,0.021612958285944169,mean_p|train_n=12|p=15,471,810,-1.59108,1.0206900000000001
1755499531,13,15,mean_p,12,0.17571381197779598,0.20528789203101797,mean_p|train_n=12|p=15,472,811,-1.59108,1.0206900000000001
2638883534,13,15,mean_p,12,0.15928875066248871,0.23803510185118967,mean_p|train_n=12|p=15,473,812,-1.59108,1.0206900000000001
3937344808,13,15,mean_p,12,0.35503223144381685,0.040796267971952835,mean_p|train_n=12|p=15,474,813,-1.59108,1.0206900000000001
2258448450,13,15,mean_p,12,0.2194875700317491,0.13837561073218924,mean_p|train_n=12|p=15,475,816,-1.59108,1.0206900000000001
1824005582,13,15,mean_p,12,0.31621024303967543,0.057882331318270232,mean_p|train_n=12|p=15,476,817,-1.59108,1.0206900000000001
3679180098,13,15,mean_p,12,0.28691310930338854,0.075369758439194426,mean_p|train_n=12|p=15,477,819,-1.59108,1.0206900000000001
3006726772,13,15,mean_p,12,0.41546697385417536,0.023665502071733149,mean_p|train_n=12|p=15,478,820,-1.59108,1.0206900000000001
3821450744,13,15,mean_p,12,0.5093919992490078,0.010151973437731651,mean_p|train_n=12|p=15,479,821,-1.59108,1.0206900000000001
1716784637,13,15,mean_p,12,0.38316136626582664,0.031662132533738042,mean_p|train_n=12|p=15,480,822,-1.59108,1.0206900000000001
4291866643,13,15,mean_p,12,0.30782667212084769,0.062424374152184978,mean_p|train_n=12|p=15,481,823,-1.59108,1.0206900000000001
1995152695,13,15,mean_p,12,0.57921389409634283,0.0054114066577696943,mean_p|train_n=12|p=15,482,824,-1.59108,1.0206900000000001
282020202,13,15,mean_p,12,0.24822023233772056,0.10681135855107018,mean_p|train_n=12|p=15,483,828,-1.59108,1.0206900000000001
1655409075,13,15,mean_p,12,0.19670585819124289,0.16990778282845756,mean_p|train_n=12|p=15,484,829,-1.59108,1.0206900000000001
1240444466,13,15,mean_p,12,0.35712832468171973,0.040032951056790819,mean_p|train_n=12|p=15,485,830,-1.59108,1.0206900000000001
4045115024,13,15,mean_p,12,0.31236045125323653,0.059925511719840313,mean_p|train_n=12|p=15,486,831,-1.59108,1.0206900000000001
2455826020,13,15,mean_p,12,0.36747859252914084,0.036468086101021882,mean_p|train_n=12|p=15,487,833,-1.59108,1.0206900000000001
3737549947,13,15,mean_p,12,0.26921020897625669,0.088404724580317048,mean_p|train_n=12|p=15,488,836,-1.59108,1.0206900000000001
244049600,13,15,mean_p,12,0.39790356628457463,0.027723508140755342,mean_p|train_n=12|p=15,489,837,-1.59108,1.0206900000000001
2131662855,13,15,mean_p,12,0.18488872483247062,0.18899848527844779,mean_p|train_n=12|p=15,490,838,-1.59108,1.0206900000000001
518338573,13,15,mean_p,12,0.30230334518365976,0.065609862716646747,mean_p|train_n=12|p=15,491,839,-1.59108,1.0206900000000001
2561638749,13,15,mean_p,12,0.31417180801398631,0.058955347822638768,mean_p|train_n=12|p=15,492,842,-1.59108,1.0206900000000001
2997873721,13,15,mean_p,12,0.2130005803154163,0.14670525513616109,mean_p|train_n=12|p=15,493,846,-1.59108,1.0206900000000001
4127374136,13,15,mean_p,12,0.27657108178473061,0.082731235453919236,mean_p|train_n=12|p=15,494,847,-1.59108,1.0206900000000001
1624921587,13,15,mean_p,12,0.32309763431759209,0.054399256877873364,mean_p|train_n=12|p=15,495,848,-1.59108,1.0206900000000001
3940417889,13,15,mean_p,12,0.16337380826876463,0.22943231206384368,mean_p|train_n=12|p=15,496,849,-1.59108,1.0206900000000001
355124522,13,15,mean_p,12,0.35579446355683775,0.040517022661266631,mean_p|train_n=12|p=15,497,851,-1.59108,1.0206900000000001
1436229113,13,15,mean_p,12,0.30281668569647113,0.0653070741870974,mean_p|train_n=12|p=15,498,852,-1.59108,1.0206900000000001
4001230130,13,15,mean_p,12,0.28188974205194717,0.078859772206567105,mean_p|train_n=12|p=15,499,853,-1.59108,1.0206900000000001
4255556282,13,30,mean_p,12,0.11028934350713429,0.37016452223987567,mean_p|train_n=12|p=30,0,0,-1.4154500000000001,0.99980999999999998
1651414637,13,30,mean_p,12,0.16880132540134804,0.21848146070082378,mean_p|train_n=12|p=30,1,1,-1.4154500000000001,0.99980999999999998
4172946883,13,30,mean_p,12,0.30949540595846414,0.061492732340816036,mean_p|train_n=12|p=30,2,4,-1.4154500000000001,0.99980999999999998
3923137535,13,30,mean_p,12,0.33869178101785469,0.047267974239787763,mean_p|train_n=12|p=30,3,7,-1.4154500000000001,0.99980999999999998
3130589790,13,30,mean_p,12,0.28170672171466771,0.078989933497463707,mean_p|train_n=12|p=30,4,8,-1.4154500000000001,0.99980999999999998
814765734,13,30,mean_p,12,0.29961063207239802,0.067221278076578544,mean_p|train_n=12|p=30,5,9,-1.4154500000000001,0.99980999999999998
2261924277,13,30,mean_p,12,0.14236576593416203,0.2772472475588047,mean_p|train_n=12|p=30,6,10,-1.4154500000000001,0.99980999999999998
932267093,13,30,mean_p,12,0.19132491217586806,0.17834913721339268,mean_p|train_n=12|p=30,7,11,-1.4154500000000001,0.99980999999999998
876739246,13,30,mean_p,12,0.15337977093168123,0.25105284476672268,mean_p|train_n=12|p=30,8,13,-1.4154500000000001,0.99980999999999998
2475766733,13,30,mean_p,12,0.37299935744703833,0.034698289453029635,mean_p|train_n=12|p=30,9,14,-1.4154500000000001,0.99980999999999998
2427998624,13,30,mean_p,12,0.1335728056045819,0.30010796766472103,mean_p|train_n=12|p=30,10,18,-1.4154500000000001,0.99980999999999998
2780117087,13,30,mean_p,12,0.063804351412479962,0.56274117470748219,mean_p|train_n=12|p=30,11,21,-1.4154500000000001,0.99980999999999998
1397282121,13,30,mean_p,12,0.10980119696155358,0.37179633126177941,mean_p|train_n=12|p=30,12,22,-1.4154500000000001,0.99980999999999998
2147897312,13,30,mean_p,12,0.24963847525700306,0.10545503044030513,mean_p|train_n=12|p=30,13,28,-1.4154500000000001,0.99980999999999998
1576364215,13,30,mean_p,12,0.26016155700957283,0.095914966418947672,mean_p|train_n=12|p=30,14,29,-1.4154500000000001,0.99980999999999998
2476035482,13,30,mean_p,12,0.29955835911513784,0.067252948577707666,mean_p|train_n=12|p=30,15,31,-1.4154500000000001,0.99980999999999998
183646802,13,30,mean_p,12,0.24977784109447931,0.10532268171106277,mean_p|train_n=12|p=30,16,32,-1.4154500000000001,0.99980999999999998
3167059966,13,30,mean_p,12,0.19086214960582945,0.1790943904147024,mean_p|train_n=12|p=30,17,35,-1.4154500000000001,0.99980999999999998
3334411575,13,30,mean_p,12,0.43843004698224253,0.019242090954118132,mean_p|train_n=12|p=30,18,36,-1.4154500000000001,0.99980999999999998
1438274136,13,30,mean_p,12,0.35365478609988649,0.041305788460950413,mean_p|train_n=12|p=30,19,40,-1.4154500000000001,0.99980999999999998
1595676324,13,30,mean_p,12,0.30423512585156864,0.064477667448315318,mean_p|train_n=12|p=30,20,41,-1.4154500000000001,0.99980999999999998
1493860438,13,30,mean_p,12,0.14485396782162427,0.27110026308296281,mean_p|train_n=12|p=30,21,43,-1.4154500000000001,0.99980999999999998
4252199835,13,30,mean_p,12,0.2449601840085594,0.10999559145939455,mean_p|train_n=12|p=30,22,46,-1.4154500000000001,0.99980999999999998
3408708942,13,30,mean_p,12,0.3704180545975625,0.035514827549734534,mean_p|train_n=12|p=30,23,47,-1.4154500000000001,0.99980999999999998
3377905787,13,30,mean_p,12,0.11157170975795673,0.36591178155504528,mean_p|train_n=12|p=30,24,50,-1.4154500000000001,0.99980999999999998
3785336841,13,30,mean_p,12,0.27491401241654906,0.083975822929254207,mean_p|train_n=12|p=30,25,52,-1.4154500000000001,0.99980999999999998
2160252416,13,30,mean_p,12,0.066200434974529238,0.55072131228542165,mean_p|train_n=12|p=30,26,53,-1.4154500000000001,0.99980999999999998
1763323171,13,30,mean_p,12,0.74109391809557457,0.0012583762517814475,mean_p|train_n=12|p=30,27,55,-1.4154500000000001,0.99980999999999998
2267329021,13,30,mean_p,12,0.26026418186053113,0.095826310662083067,mean_p|train_n=12|p=30,28,56,-1.4154500000000001,0.99980999999999998
2149821600,13,30,mean_p,12,0.049271619880952772,0.64147677664434277,mean_p|train_n=12|p=30,29,58,-1.4154500000000001,0.99980999999999998
2175177582,13,30,mean_p,12,0.15701310566598461,0.24296655240401011,mean_p|train_n=12|p=30,30,59,-1.4154500000000001,0.99980999999999998
2274322959,13,30,mean_p,12,0.31921913797795132,0.056334057875618702,mean_p|train_n=12|p=30,31,62,-1.4154500000000001,0.99980999999999998
813729837,13,30,mean_p,12,0.35513228812698344,0.040759502547385043,mean_p|train_n=12|p=30,32,63,-1.4154500000000001,0.99980999999999998
3919278927,13,30,mean_p,12,0.25703459687991831,0.098655975093367557,mean_p|train_n=12|p=30,33,64,-1.4154500000000001,0.99980999999999998
3782207348,13,30,mean_p,12,0.18850884112783436,0.18293272208816191,mean_p|train_n=12|p=30,34,65,-1.4154500000000001,0.99980999999999998
2723938697,13,30,mean_p,12,0.19396690456715454,0.17415336336974746,mean_p|train_n=12|p=30,35,67,-1.4154500000000001,0.99980999999999998
708713963,13,30,mean_p,12,0.17066536392250919,0.21484234354277237,mean_p|train_n=12|p=30,36,75,-1.4154500000000001,0.99980999999999998
2724084657,13,30,mean_p,12,0.28809159566419046,0.074573623654404148,mean_p|train_n=12|p=30,37,76,-1.4154500000000001,0.99980999999999998
2718593322,13,30,mean_p,12,0.33082780307870419,0.050738988173204366,mean_p|train_n=12|p=30,38,78,-1.4154500000000001,0.99980999999999998
2614124859,13,30,mean_p,12,0.2908581380829775,0.07273755312622697,mean_p|train_n=12|p=30,39,79,-1.4154500000000001,0.99980999999999998
1826311120,13,30,mean_p,12,0.22229008937142758,0.13492492946022022,mean_p|train_n=12|p=30,40,80,-1.4154500000000001,0.99980999999999998
16605759,13,30,mean_p,12,0.16965908337116845,0.21679928685496341,mean_p|train_n=12|p=30,41,83,-1.4154500000000001,0.99980999999999998
2372635823,13,30,mean_p,12,0.086634996452438717,0.45810335889985293,mean_p|train_n=12|p=30,42,87,-1.4154500000000001,0.99980999999999998
1393156433,13,30,mean_p,12,0.077895882077890041,0.49563622260322071,mean_p|train_n=12|p=30,43,88,-1.4154500000000001,0.99980999999999998
2812176473,13,30,mean_p,12,0.24672704966046435,0.10825821076852842,mean_p|train_n=12|p=30,44,89,-1.4154500000000001,0.99980999999999998
480582259,13,30,mean_p,12,0.23384429854237709,0.12158390104696133,mean_p|train_n=12|p=30,45,90,-1.4154500000000001,0.99980999999999998
1383312952,13,30,mean_p,12,0.20332046759275724,0.16007655407497218,mean_p|train_n=12|p=30,46,91,-1.4154500000000001,0.99980999999999998
3418321834,13,30,mean_p,12,0.079803753438757216,0.48718823697189417,mean_p|train_n=12|p=30,47,93,-1.4154500000000001,0.99980999999999998
2668008257,13,30,mean_p,12,0.18361618402545218,0.19117815759480691,mean_p|train_n=12|p=30,48,94,-1.4154500000000001,0.99980999999999998
3962924388,13,30,mean_p,12,0.19700587738865316,0.1694490664813732,mean_p|train_n=12|p=30,49,95,-1.4154500000000001,0.99980999999999998
3485447545,13,30,mean_p,12,0.18704431098192215,0.185362839829329,mean_p|train_n=12|p=30,50,97,-1.4154500000000001,0.99980999999999998
3194581779,13,30,mean_p,12,0.13376340147848265,0.29959299171267967,mean_p|train_n=12|p=30,51,98,-1.4154500000000001,0.99980999999999998
2690162688,13,30,mean_p,12,0.23108659999762848,0.12464303733478446,mean_p|train_n=12|p=30,52,99,-1.4154500000000001,0.99980999999999998
2927753273,13,30,mean_p,12,0.18055551910130646,0.19652411412771112,mean_p|train_n=12|p=30,53,100,-1.4154500000000001,0.99980999999999998
353394292,13,30,mean_p,12,0.32147959126511361,0.055198210770147568,mean_p|train_n=12|p=30,54,101,-1.4154500000000001,0.99980999999999998
3330760477,13,30,mean_p,12,0.15027122750725022,0.25818445448159555,mean_p|train_n=12|p=30,55,102,-1.4154500000000001,0.99980999999999998
2582531892,13,30,mean_p,12,0.23329074544641953,0.12219187889510837,mean_p|train_n=12|p=30,56,103,-1.4154500000000001,0.99980999999999998
2441398602,13,30,mean_p,12,0.16738519753309866,0.22128728033747028,mean_p|train_n=12|p=30,57,104,-1.4154500000000001,0.99980999999999998
2522029905,13,30,mean_p,12,0.32278811030338805,0.054551193306695549,mean_p|train_n=12|p=30,58,109,-1.4154500000000001,0.99980999999999998
1464198585,13,30,mean_p,12,0.25334694726407891,0.1019892984259884,mean_p|train_n=12|p=30,59,110,-1.4154500000000001,0.99980999999999998
3373258433,13,30,mean_p,12,0.25232580113581027,0.10293207963170353,mean_p|train_n=12|p=30,60,111,-1.4154500000000001,0.99980999999999998
2091447848,13,30,mean_p,12,0.14221748968291659,0.2776179264181084,mean_p|train_n=12|p=30,61,112,-1.4154500000000001,0.99980999999999998
1126568935,13,30,mean_p,12,0.35840006679902098,0.03957680971233285,mean_p|train_n=12|p=30,62,113,-1.4154500000000001,0.99980999999999998
1897217296,13,30,mean_p,12,0.08732292676048857,0.45527241437800042,mean_p|train_n=12|p=30,63,115,-1.4154500000000001,0.99980999999999998
2155038565,13,30,mean_p,12,0.3557703929259135,0.040525811690546344,mean_p|train_n=12|p=30,64,119,-1.4154500000000001,0.99980999999999998
2936456461,13,30,mean_p,12,0.1676070497255463,0.22084534883083343,mean_p|train_n=12|p=30,65,120,-1.4154500000000001,0.99980999999999998
1251447701,13,30,mean_p,12,0.42355285303237333,0.022002525061932662,mean_p|train_n=12|p=30,66,122,-1.4154500000000001,0.99980999999999998
3092205438,13,30,mean_p,12,0.29142352633579832,0.072367922065220941,mean_p|train_n=12|p=30,67,123,-1.4154500000000001,0.99980999999999998
311094117,13,30,mean_p,12,0.058908548953162991,0.5881226114007867,mean_p|train_n=12|p=30,68,124,-1.4154500000000001,0.99980999999999998
761647772,13,30,mean_p,12,0.1196553396456064,0.34020602225143454,mean_p|train_n=12|p=30,69,125,-1.4154500000000001,0.99980999999999998
1133612949,13,30,mean_p,12,0.25954405968163302,0.096450145450386285,mean_p|train_n=12|p=30,70,126,-1.4154500000000001,0.99980999999999998
3571831956,13,30,mean_p,12,0.29629400411289841,0.069260564029980251,mean_p|train_n=12|p=30,71,127,-1.4154500000000001,0.99980999999999998
2519171354,13,30,mean_p,12,0.38583614583346165,0.03090812834750634,mean_p|train_n=12|p=30,72,129,-1.4154500000000001,0.99980999999999998
3094883975,13,30,mean_p,12,0.1998706705601361,0.16513081631015916,mean_p|train_n=12|p=30,73,130,-1.4154500000000001,0.99980999999999998
668587493,13,30,mean_p,12,0.27467256736207485,0.084158723017888237,mean_p|train_n=12|p=30,74,134,-1.4154500000000001,0.99980999999999998
2580413020,13,30,mean_p,12,0.52485656476031139,0.008831441522972109,mean_p|train_n=12|p=30,75,135,-1.4154500000000001,0.99980999999999998
1841355450,13,30,mean_p,12,0.44624400798816743,0.017933835702505885,mean_p|train_n=12|p=30,76,137,-1.4154500000000001,0.99980999999999998
1819732075,13,30,mean_p,12,0.14512587138984967,0.27043685350767804,mean_p|train_n=12|p=30,77,138,-1.4154500000000001,0.99980999999999998
4075670846,13,30,mean_p,12,0.17806779501400663,0.20097927799049883,mean_p|train_n=12|p=30,78,139,-1.4154500000000001,0.99980999999999998
853442135,13,30,mean_p,12,0.21508895305478282,0.1439703479053942,mean_p|train_n=12|p=30,79,141,-1.4154500000000001,0.99980999999999998
1343084864,13,30,mean_p,12,0.16749767959131406,0.22106310468386139,mean_p|train_n=12|p=30,80,144,-1.4154500000000001,0.99980999999999998
173475955,13,30,mean_p,12,0.17672509693021363,0.20342568303551797,mean_p|train_n=12|p=30,81,145,-1.4154500000000001,0.99980999999999998
3231880528,13,30,mean_p,12,0.38632563909546896,0.030772099568010174,mean_p|train_n=12|p=30,82,146,-1.4154500000000001,0.99980999999999998
1488716536,13,30,mean_p,12,0.21379823004785026,0.14565458379616211,mean_p|train_n=12|p=30,83,147,-1.4154500000000001,0.99980999999999998
2291910583,13,30,mean_p,12,0.37949377375444571,0.032725996689507111,mean_p|train_n=12|p=30,84,148,-1.4154500000000001,0.99980999999999998
3244400256,13,30,mean_p,12,0.20089229149674576,0.16361764095743278,mean_p|train_n=12|p=30,85,149,-1.4154500000000001,0.99980999999999998
4028805120,13,30,mean_p,12,0.33678765061784799,0.048085993670755146,mean_p|train_n=12|p=30,86,151,-1.4154500000000001,0.99980999999999998
1068744059,13,30,mean_p,12,0.4320461489267361,0.020381443794449328,mean_p|train_n=12|p=30,87,154,-1.4154500000000001,0.99980999999999998
3189663334,13,30,mean_p,12,0.31413541314202631,0.058974685460850294,mean_p|train_n=12|p=30,88,155,-1.4154500000000001,0.99980999999999998
1699493503,13,30,mean_p,12,0.11007451326625262,0.37088178692068718,mean_p|train_n=12|p=30,89,156,-1.4154500000000001,0.99980999999999998
2726625222,13,30,mean_p,12,0.33258378441694764,0.04994246370280582,mean_p|train_n=12|p=30,90,158,-1.4154500000000001,0.99980999999999998
1313666937,13,30,mean_p,12,0.14235697336248324,0.27726921447931963,mean_p|train_n=12|p=30,91,160,-1.4154500000000001,0.99980999999999998
487671382,13,30,mean_p,12,0.080157006095876449,0.48563991948044888,mean_p|train_n=12|p=30,92,161,-1.4154500000000001,0.99980999999999998
2325141600,13,30,mean_p,12,0.25011278561872524,0.10500528064238421,mean_p|train_n=12|p=30,93,165,-1.4154500000000001,0.99980999999999998
3507991206,13,30,mean_p,12,0.35828367141588918,0.039618340782347876,mean_p|train_n=12|p=30,94,166,-1.4154500000000001,0.99980999999999998
931296357,13,30,mean_p,12,0.17484502127516671,0.20690131553995073,mean_p|train_n=12|p=30,95,167,-1.4154500000000001,0.99980999999999998
2218472588,13,30,mean_p,12,0.13871068577187523,0.28653059209632609,mean_p|train_n=12|p=30,96,168,-1.4154500000000001,0.99980999999999998
2317426070,13,30,mean_p,12,0.1737892480515901,0.2088790599814479,mean_p|train_n=12|p=30,97,170,-1.4154500000000001,0.99980999999999998
24330806,13,30,mean_p,12,0.29719236224132634,0.068702161069708376,mean_p|train_n=12|p=30,98,173,-1.4154500000000001,0.99980999999999998
720208513,13,30,mean_p,12,0.42777683916270948,0.021180802930818549,mean_p|train_n=12|p=30,99,174,-1.4154500000000001,0.99980999999999998
791590556,13,30,mean_p,12,0.21609914671723285,0.14266576595470518,mean_p|train_n=12|p=30,100,177,-1.4154500000000001,0.99980999999999998
1830706655,13,30,mean_p,12,0.11294148066189534,0.36142313224350775,mean_p|train_n=12|p=30,101,179,-1.4154500000000001,0.99980999999999998
316530327,13,30,mean_p,12,0.12025552428749534,0.33837108237154645,mean_p|train_n=12|p=30,102,181,-1.4154500000000001,0.99980999999999998
1760325721,13,30,mean_p,12,0.089815653022440836,0.44516019776789173,mean_p|train_n=12|p=30,103,182,-1.4154500000000001,0.99980999999999998
1898959044,13,30,mean_p,12,0.27629931054508194,0.082934084841324585,mean_p|train_n=12|p=30,104,183,-1.4154500000000001,0.99980999999999998
2292485283,13,30,mean_p,12,0.18845721921301306,0.18301783497720803,mean_p|train_n=12|p=30,105,187,-1.4154500000000001,0.99980999999999998
735020650,13,30,mean_p,12,0.12554662643025299,0.32261688580489861,mean_p|train_n=12|p=30,106,189,-1.4154500000000001,0.99980999999999998
2863325184,13,30,mean_p,12,0.19913290074212922,0.16623225978838119,mean_p|train_n=12|p=30,107,190,-1.4154500000000001,0.99980999999999998
2024142160,13,30,mean_p,12,0.1906356815825436,0.17946023858727528,mean_p|train_n=12|p=30,108,191,-1.4154500000000001,0.99980999999999998
3848914394,13,30,mean_p,12,0.16746661937292209,0.22112498469173431,mean_p|train_n=12|p=30,109,192,-1.4154500000000001,0.99980999999999998
1924943175,13,30,mean_p,12,0.30433460800462508,0.06441989395002784,mean_p|train_n=12|p=30,110,193,-1.4154500000000001,0.99980999999999998
3049939027,13,30,mean_p,12,0.13197613574127953,0.30445696767801567,mean_p|train_n=12|p=30,111,194,-1.4154500000000001,0.99980999999999998
2234691890,13,30,mean_p,12,0.086732010063175977,0.45770306852624482,mean_p|train_n=12|p=30,112,195,-1.4154500000000001,0.99980999999999998
2673378205,13,30,mean_p,12,0.22059665610202256,0.13699958904433551,mean_p|train_n=12|p=30,113,196,-1.4154500000000001,0.99980999999999998
80044016,13,30,mean_p,12,0.12843693489415098,0.31432302151314617,mean_p|train_n=12|p=30,114,199,-1.4154500000000001,0.99980999999999998
3595731260,13,30,mean_p,12,0.058708523980534846,0.5891836040049403,mean_p|train_n=12|p=30,115,201,-1.4154500000000001,0.99980999999999998
854344893,13,30,mean_p,12,0.3932877390836988,0.028900923266665633,mean_p|train_n=12|p=30,116,202,-1.4154500000000001,0.99980999999999998
3019285046,13,30,mean_p,12,0.10337894274092664,0.39394707939103979,mean_p|train_n=12|p=30,117,205,-1.4154500000000001,0.99980999999999998
2721728482,13,30,mean_p,12,0.19654551183108698,0.17015345444225446,mean_p|train_n=12|p=30,118,206,-1.4154500000000001,0.99980999999999998
3889816359,13,30,mean_p,12,0.2523707336793492,0.10289041259183687,mean_p|train_n=12|p=30,119,207,-1.4154500000000001,0.99980999999999998
3868321773,13,30,mean_p,12,0.41666394540723101,0.023411622146318267,mean_p|train_n=12|p=30,120,208,-1.4154500000000001,0.99980999999999998
3284281265,13,30,mean_p,12,0.2393879565099814,0.11565957133688623,mean_p|train_n=12|p=30,121,209,-1.4154500000000001,0.99980999999999998
1661485059,13,30,mean_p,12,0.18357941253392587,0.19124151396445033,mean_p|train_n=12|p=30,122,210,-1.4154500000000001,0.99980999999999998
952770418,13,30,mean_p,12,0.28596443889947876,0.076016809970836527,mean_p|train_n=12|p=30,123,211,-1.4154500000000001,0.99980999999999998
3891240332,13,30,mean_p,12,0.069050865929978431,0.53675615804656074,mean_p|train_n=12|p=30,124,213,-1.4154500000000001,0.99980999999999998
4143862058,13,30,mean_p,12,0.11692924790336581,0.34866652803878384,mean_p|train_n=12|p=30,125,214,-1.4154500000000001,0.99980999999999998
1397400701,13,30,mean_p,12,0.32987969760621549,0.051174323331699981,mean_p|train_n=12|p=30,126,215,-1.4154500000000001,0.99980999999999998
1038523573,13,30,mean_p,12,0.10226067888718783,0.39793678567039303,mean_p|train_n=12|p=30,127,216,-1.4154500000000001,0.99980999999999998
1192843563,13,30,mean_p,12,0.17904223902061689,0.19922227828248248,mean_p|train_n=12|p=30,128,218,-1.4154500000000001,0.99980999999999998
2072966362,13,30,mean_p,12,0.23254144552631878,0.12301969490009888,mean_p|train_n=12|p=30,129,220,-1.4154500000000001,0.99980999999999998
1373122015,13,30,mean_p,12,0.18844173096764061,0.18304337932116166,mean_p|train_n=12|p=30,130,221,-1.4154500000000001,0.99980999999999998
1644664148,13,30,mean_p,12,0.29572243216438976,0.069618202819019093,mean_p|train_n=12|p=30,131,222,-1.4154500000000001,0.99980999999999998
2572603372,13,30,mean_p,12,0.15022979697978792,0.25828085967598702,mean_p|train_n=12|p=30,132,223,-1.4154500000000001,0.99980999999999998
251676963,13,30,mean_p,12,0.21180972716497345,0.14828797813905575,mean_p|train_n=12|p=30,133,226,-1.4154500000000001,0.99980999999999998
668902972,13,30,mean_p,12,0.10210499636964927,0.39849541972338809,mean_p|train_n=12|p=30,134,227,-1.4154500000000001,0.99980999999999998
264717,13,30,mean_p,12,0.32327619207022096,0.054311800566681209,mean_p|train_n=12|p=30,135,228,-1.4154500000000001,0.99980999999999998
1282929053,13,30,mean_p,12,0.22491501421391763,0.13177100103957715,mean_p|train_n=12|p=30,136,232,-1.4154500000000001,0.99980999999999998
2713849358,13,30,mean_p,12,0.056145431767779849,0.6029496285391942,mean_p|train_n=12|p=30,137,234,-1.4154500000000001,0.99980999999999998
2670740499,13,30,mean_p,12,0.35355420275799543,0.041343242841322132,mean_p|train_n=12|p=30,138,235,-1.4154500000000001,0.99980999999999998
3720481762,13,30,mean_p,12,0.25987887889463973,0.096159591290823618,mean_p|train_n=12|p=30,139,237,-1.4154500000000001,0.99980999999999998
3573664464,13,30,mean_p,12,0.26954659884164078,0.088137159677188076,mean_p|train_n=12|p=30,140,238,-1.4154500000000001,0.99980999999999998
2858528817,13,30,mean_p,12,0.24153362004173437,0.11344484348631338,mean_p|train_n=12|p=30,141,240,-1.4154500000000001,0.99980999999999998
2213532469,13,30,mean_p,12,0.26826327650879012,0.089162285341544023,mean_p|train_n=12|p=30,142,241,-1.4154500000000001,0.99980999999999998
714680812,13,30,mean_p,12,0.15936573271682963,0.23787003924681582,mean_p|train_n=12|p=30,143,242,-1.4154500000000001,0.99980999999999998
2754220589,13,30,mean_p,12,0.11722908779286786,0.34772576138186317,mean_p|train_n=12|p=30,144,244,-1.4154500000000001,0.99980999999999998
313499115,13,30,mean_p,12,0.24532258568127358,0.10963697900385784,mean_p|train_n=12|p=30,145,248,-1.4154500000000001,0.99980999999999998
1799476455,13,30,mean_p,12,0.21530391658493392,0.14369174470381629,mean_p|train_n=12|p=30,146,251,-1.4154500000000001,0.99980999999999998
134003694,13,30,mean_p,12,0.14045615725959168,0.28205921095518555,mean_p|train_n=12|p=30,147,252,-1.4154500000000001,0.99980999999999998
1967711595,13,30,mean_p,12,0.3012954710177117,0.066208436719386282,mean_p|train_n=12|p=30,148,254,-1.4154500000000001,0.99980999999999998
357601323,13,30,mean_p,12,0.19447113706466113,0.17336387587321606,mean_p|train_n=12|p=30,149,256,-1.4154500000000001,0.99980999999999998
4129816946,13,30,mean_p,12,0.16488178796660691,0.22633580856893665,mean_p|train_n=12|p=30,150,257,-1.4154500000000001,0.99980999999999998
3021053765,13,30,mean_p,12,0.137278609075798,0.29025203395928006,mean_p|train_n=12|p=30,151,260,-1.4154500000000001,0.99980999999999998
2012665947,13,30,mean_p,12,0.32876463874144252,0.051691099376603544,mean_p|train_n=12|p=30,152,261,-1.4154500000000001,0.99980999999999998
964235237,13,30,mean_p,12,0.14872514855457206,0.26180654490374522,mean_p|train_n=12|p=30,153,262,-1.4154500000000001,0.99980999999999998
3657523098,13,30,mean_p,12,0.11955833835898103,0.34050351618973462,mean_p|train_n=12|p=30,154,263,-1.4154500000000001,0.99980999999999998
4212691483,13,30,mean_p,12,0.1290852486537386,0.31249213127870656,mean_p|train_n=12|p=30,155,265,-1.4154500000000001,0.99980999999999998
710395245,13,30,mean_p,12,0.16989827539921903,0.21633251418257399,mean_p|train_n=12|p=30,156,268,-1.4154500000000001,0.99980999999999998
1689339447,13,30,mean_p,12,0.4172727599878942,0.023283538216305789,mean_p|train_n=12|p=30,157,270,-1.4154500000000001,0.99980999999999998
2392375212,13,30,mean_p,12,0.3842979935896238,0.031339502396358257,mean_p|train_n=12|p=30,158,273,-1.4154500000000001,0.99980999999999998
3753539383,13,30,mean_p,12,0.21320895852540145,0.14643004836274948,mean_p|train_n=12|p=30,159,274,-1.4154500000000001,0.99980999999999998
396525638,13,30,mean_p,12,0.31975384970816872,0.05606327966570341,mean_p|train_n=12|p=30,160,276,-1.4154500000000001,0.99980999999999998
3793816263,13,30,mean_p,12,0.2097636879478029,0.15104727442492974,mean_p|train_n=12|p=30,161,277,-1.4154500000000001,0.99980999999999998
2932781391,13,30,mean_p,12,0.030489222935961974,0.75977286979426728,mean_p|train_n=12|p=30,162,278,-1.4154500000000001,0.99980999999999998
1330122543,13,30,mean_p,12,0.33662130630663395,0.048158124493698433,mean_p|train_n=12|p=30,163,279,-1.4154500000000001,0.99980999999999998
2866148227,13,30,mean_p,12,0.41275239030964117,0.024251519034499288,mean_p|train_n=12|p=30,164,282,-1.4154500000000001,0.99980999999999998
3313959536,13,30,mean_p,12,0.28415562852278337,0.077265962846577912,mean_p|train_n=12|p=30,165,283,-1.4154500000000001,0.99980999999999998
1901900815,13,30,mean_p,12,0.23027074673922904,0.12556273745479521,mean_p|train_n=12|p=30,166,284,-1.4154500000000001,0.99980999999999998
1754218252,13,30,mean_p,12,0.37199496117827141,0.035013752685418245,mean_p|train_n=12|p=30,167,286,-1.4154500000000001,0.99980999999999998
2126234051,13,30,mean_p,12,0.14752431224772949,0.26465483953918228,mean_p|train_n=12|p=30,168,287,-1.4154500000000001,0.99980999999999998
1686389248,13,30,mean_p,12,0.16074092869550344,0.23494059598480488,mean_p|train_n=12|p=30,169,288,-1.4154500000000001,0.99980999999999998
2029881361,13,30,mean_p,12,0.092501099767185443,0.43451735416643233,mean_p|train_n=12|p=30,170,290,-1.4154500000000001,0.99980999999999998
1840702391,13,30,mean_p,12,0.22012221876402774,0.13758653159917139,mean_p|train_n=12|p=30,171,292,-1.4154500000000001,0.99980999999999998
4255122286,13,30,mean_p,12,0.53323901817296548,0.0081889418791817152,mean_p|train_n=12|p=30,172,296,-1.4154500000000001,0.99980999999999998
3608913589,13,30,mean_p,12,0.23731497660396125,0.11784033191307235,mean_p|train_n=12|p=30,173,297,-1.4154500000000001,0.99980999999999998
1214728956,13,30,mean_p,12,0.049817061183134177,0.63833170207341472,mean_p|train_n=12|p=30,174,301,-1.4154500000000001,0.99980999999999998
4287067873,13,30,mean_p,12,0.21520447658862124,0.14382055670257216,mean_p|train_n=12|p=30,175,302,-1.4154500000000001,0.99980999999999998
1028510931,13,30,mean_p,12,0.23567989431023767,0.11958939579409054,mean_p|train_n=12|p=30,176,303,-1.4154500000000001,0.99980999999999998
4102916068,13,30,mean_p,12,0.17644135876956862,0.20394645506771789,mean_p|train_n=12|p=30,177,305,-1.4154500000000001,0.99980999999999998
485341611,13,30,mean_p,12,0.094530762083974582,0.42664264811953118,mean_p|train_n=12|p=30,178,306,-1.4154500000000001,0.99980999999999998
2310310264,13,30,mean_p,12,0.085922298311789103,0.46105479370486857,mean_p|train_n=12|p=30,179,308,-1.4154500000000001,0.99980999999999998
2391818744,13,30,mean_p,12,0.20674816856023476,0.15520789051084716,mean_p|train_n=12|p=30,180,309,-1.4154500000000001,0.99980999999999998
4084260313,13,30,mean_p,12,0.30622000653228781,0.063334698271562545,mean_p|train_n=12|p=30,181,310,-1.4154500000000001,0.99980999999999998
3901628587,13,30,mean_p,12,0.10010777478004619,0.40573198049710291,mean_p|train_n=12|p=30,182,311,-1.4154500000000001,0.99980999999999998
3944556694,13,30,mean_p,12,0.062296453725628594,0.57043962336662235,mean_p|train_n=12|p=30,183,312,-1.4154500000000001,0.99980999999999998
3320693524,13,30,mean_p,12,0.11935557315165043,0.34112621876309035,mean_p|train_n=12|p=30,184,314,-1.4154500000000001,0.99980999999999998
4043452308,13,30,mean_p,12,0.18279468633697971,0.19259859415850447,mean_p|train_n=12|p=30,185,315,-1.4154500000000001,0.99980999999999998
1372205905,13,30,mean_p,12,0.14223904635932291,0.27756400566582301,mean_p|train_n=12|p=30,186,317,-1.4154500000000001,0.99980999999999998
3393936802,13,30,mean_p,12,0.18582534331269704,0.18741009042336229,mean_p|train_n=12|p=30,187,318,-1.4154500000000001,0.99980999999999998
1346288514,13,30,mean_p,12,0.16974228362625193,0.21663681111143265,mean_p|train_n=12|p=30,188,319,-1.4154500000000001,0.99980999999999998
95680127,13,30,mean_p,12,0.086895185585530138,0.45703057454251678,mean_p|train_n=12|p=30,189,321,-1.4154500000000001,0.99980999999999998
3334241682,13,30,mean_p,12,0.19261780086714692,0.17628340686444582,mean_p|train_n=12|p=30,190,322,-1.4154500000000001,0.99980999999999998
567996641,13,30,mean_p,12,0.10025321255595737,0.40520060596874846,mean_p|train_n=12|p=30,191,323,-1.4154500000000001,0.99980999999999998
1934480178,13,30,mean_p,12,0.098584378017424826,0.41133994576498223,mean_p|train_n=12|p=30,192,324,-1.4154500000000001,0.99980999999999998
1501335082,13,30,mean_p,12,0.21745307452166746,0.14093579997574962,mean_p|train_n=12|p=30,193,328,-1.4154500000000001,0.99980999999999998
918619465,13,30,mean_p,12,0.11653057548699924,0.34992133110931867,mean_p|train_n=12|p=30,194,329,-1.4154500000000001,0.99980999999999998
2835385324,13,30,mean_p,12,0.077721793821638213,0.49641433441707244,mean_p|train_n=12|p=30,195,331,-1.4154500000000001,0.99980999999999998
592391315,13,30,mean_p,12,0.24867333563044719,0.10637615023310901,mean_p|train_n=12|p=30,196,332,-1.4154500000000001,0.99980999999999998
2095668931,13,30,mean_p,12,0.30134099229518729,0.066181284363327236,mean_p|train_n=12|p=30,197,334,-1.4154500000000001,0.99980999999999998
1739263832,13,30,mean_p,12,0.15729268186628478,0.24235523244932897,mean_p|train_n=12|p=30,198,336,-1.4154500000000001,0.99980999999999998
3138206277,13,30,mean_p,12,0.17909889856623179,0.19912059046123268,mean_p|train_n=12|p=30,199,337,-1.4154500000000001,0.99980999999999998
3732687201,13,30,mean_p,12,0.13611349238592474,0.29331537451834527,mean_p|train_n=12|p=30,200,340,-1.4154500000000001,0.99980999999999998
3839117489,13,30,mean_p,12,0.25136110981481219,0.10383074272455704,mean_p|train_n=12|p=30,201,342,-1.4154500000000001,0.99980999999999998
2674821599,13,30,mean_p,12,0.35669451913831157,0.040189745482207911,mean_p|train_n=12|p=30,202,345,-1.4154500000000001,0.99980999999999998
773674101,13,30,mean_p,12,0.073739070136325927,0.51455317755810115,mean_p|train_n=12|p=30,203,346,-1.4154500000000001,0.99980999999999998
530017051,13,30,mean_p,12,0.46752377488501995,0.014804616468810636,mean_p|train_n=12|p=30,204,347,-1.4154500000000001,0.99980999999999998
756157305,13,30,mean_p,12,0.14275777965750233,0.27626962660394461,mean_p|train_n=12|p=30,205,351,-1.4154500000000001,0.99980999999999998
3615327269,13,30,mean_p,12,0.11803829798886621,0.3451994631919309,mean_p|train_n=12|p=30,206,352,-1.4154500000000001,0.99980999999999998
4211577467,13,30,mean_p,12,0.23653482749860288,0.11867165107924371,mean_p|train_n=12|p=30,207,353,-1.4154500000000001,0.99980999999999998
1796225250,13,30,mean_p,12,0.209979446208714,0.15075389676878628,mean_p|train_n=12|p=30,208,355,-1.4154500000000001,0.99980999999999998
915696607,13,30,mean_p,12,0.18200895439642503,0.19396706226063753,mean_p|train_n=12|p=30,209,357,-1.4154500000000001,0.99980999999999998
2629746404,13,30,mean_p,12,0.30472039552505203,0.06419634000206681,mean_p|train_n=12|p=30,210,358,-1.4154500000000001,0.99980999999999998
3845434085,13,30,mean_p,12,0.18507212256243508,0.18868640790027455,mean_p|train_n=12|p=30,211,360,-1.4154500000000001,0.99980999999999998
3857359299,13,30,mean_p,12,0.14346556601679666,0.27451324064478161,mean_p|train_n=12|p=30,212,362,-1.4154500000000001,0.99980999999999998
216894094,13,30,mean_p,12,0.26940765096532843,0.088247580679365403,mean_p|train_n=12|p=30,213,363,-1.4154500000000001,0.99980999999999998
1657658715,13,30,mean_p,12,0.20869331006140676,0.15251118625695281,mean_p|train_n=12|p=30,214,365,-1.4154500000000001,0.99980999999999998
4026258898,13,30,mean_p,12,0.26504464456226196,0.091786107676190595,mean_p|train_n=12|p=30,215,366,-1.4154500000000001,0.99980999999999998
1215988977,13,30,mean_p,12,0.4769055079839305,0.013604506140164913,mean_p|train_n=12|p=30,216,368,-1.4154500000000001,0.99980999999999998
3708002182,13,30,mean_p,12,0.1794863500595951,0.19842661451117516,mean_p|train_n=12|p=30,217,370,-1.4154500000000001,0.99980999999999998
3064163573,13,30,mean_p,12,0.32877090897517863,0.051688178884449952,mean_p|train_n=12|p=30,218,372,-1.4154500000000001,0.99980999999999998
3607571255,13,30,mean_p,12,0.1715672262906501,0.21310348006637464,mean_p|train_n=12|p=30,219,373,-1.4154500000000001,0.99980999999999998
771437767,13,30,mean_p,12,0.25754288197120739,0.098205152784496513,mean_p|train_n=12|p=30,220,376,-1.4154500000000001,0.99980999999999998
2965289746,13,30,mean_p,12,0.40979480972150739,0.024906523532558077,mean_p|train_n=12|p=30,221,378,-1.4154500000000001,0.99980999999999998
3101997527,13,30,mean_p,12,0.43540910832451807,0.0197730823055818,mean_p|train_n=12|p=30,222,379,-1.4154500000000001,0.99980999999999998
266713336,13,30,mean_p,12,0.13422201345910389,0.29835747448811806,mean_p|train_n=12|p=30,223,380,-1.4154500000000001,0.99980999999999998
4019284171,13,30,mean_p,12,0.098923050293001386,0.41008655400325522,mean_p|train_n=12|p=30,224,382,-1.4154500000000001,0.99980999999999998
795832076,13,30,mean_p,12,0.07934738983574173,0.48919580318414724,mean_p|train_n=12|p=30,225,383,-1.4154500000000001,0.99980999999999998
1253634742,13,30,mean_p,12,0.15713416361044336,0.24270165863170673,mean_p|train_n=12|p=30,226,384,-1.4154500000000001,0.99980999999999998
2228277480,13,30,mean_p,12,0.31634423448994897,0.057812487212406123,mean_p|train_n=12|p=30,227,386,-1.4154500000000001,0.99980999999999998
141054480,13,30,mean_p,12,0.087058033677362992,0.45636041510648995,mean_p|train_n=12|p=30,228,387,-1.4154500000000001,0.99980999999999998
63013310,13,30,mean_p,12,0.11412169949647234,0.35759981779419941,mean_p|train_n=12|p=30,229,388,-1.4154500000000001,0.99980999999999998
3608547012,13,30,mean_p,12,0.252351054913726,0.1029086591132562,mean_p|train_n=12|p=30,230,390,-1.4154500000000001,0.99980999999999998
625294015,13,30,mean_p,12,0.08649604449447354,0.45867730204755053,mean_p|train_n=12|p=30,231,391,-1.4154500000000001,0.99980999999999998
4210055179,13,30,mean_p,12,0.17768623277174672,0.20167147911767397,mean_p|train_n=12|p=30,232,392,-1.4154500000000001,0.99980999999999998
2134668331,13,30,mean_p,12,0.15663837897344215,0.24378834716192732,mean_p|train_n=12|p=30,233,393,-1.4154500000000001,0.99980999999999998
1131467584,13,30,mean_p,12,0.15838756924594846,0.23997592773820725,mean_p|train_n=12|p=30,234,394,-1.4154500000000001,0.99980999999999998
1663296931,13,30,mean_p,12,0.19770909033246167,0.16837873178638274,mean_p|train_n=12|p=30,235,396,-1.4154500000000001,0.99980999999999998
1400386673,13,30,mean_p,12,0.21254311652241117,0.14731124677983579,mean_p|train_n=12|p=30,236,398,-1.4154500000000001,0.99980999999999998
62543248,13,30,mean_p,12,0.1368068194037409,0.29148859622641299,mean_p|train_n=12|p=30,237,399,-1.4154500000000001,0.99980999999999998
635634673,13,30,mean_p,12,0.19810853157525726,0.16777377047488828,mean_p|train_n=12|p=30,238,401,-1.4154500000000001,0.99980999999999998
4290329824,13,30,mean_p,12,0.21629348692969547,0.14241615074188865,mean_p|train_n=12|p=30,239,403,-1.4154500000000001,0.99980999999999998
3394409073,13,30,mean_p,12,0.26396339958777365,0.092684750794690435,mean_p|train_n=12|p=30,240,404,-1.4154500000000001,0.99980999999999998
4226786987,13,30,mean_p,12,0.18444417089456031,0.18975710083682051,mean_p|train_n=12|p=30,241,405,-1.4154500000000001,0.99980999999999998
3911070590,13,30,mean_p,12,0.058881046774703183,0.58826837785868447,mean_p|train_n=12|p=30,242,406,-1.4154500000000001,0.99980999999999998
1535822555,13,30,mean_p,12,0.11685922521602811,0.34888659500928454,mean_p|train_n=12|p=30,243,407,-1.4154500000000001,0.99980999999999998
3695554045,13,30,mean_p,12,0.13052988163697388,0.30845063869731004,mean_p|train_n=12|p=30,244,408,-1.4154500000000001,0.99980999999999998
3506866262,13,30,mean_p,12,0.27571891967109607,0.083368953979671825,mean_p|train_n=12|p=30,245,410,-1.4154500000000001,0.99980999999999998
810285081,13,30,mean_p,12,0.27672404859283534,0.082617279701570734,mean_p|train_n=12|p=30,246,411,-1.4154500000000001,0.99980999999999998
3756855434,13,30,mean_p,12,0.34390031371237867,0.045100771465058406,mean_p|train_n=12|p=30,247,412,-1.4154500000000001,0.99980999999999998
1914155607,13,30,mean_p,12,0.080499381996176803,0.48414397103742218,mean_p|train_n=12|p=30,248,421,-1.4154500000000001,0.99980999999999998
3658991522,13,30,mean_p,12,0.24454679148757461,0.11040609399309878,mean_p|train_n=12|p=30,249,422,-1.4154500000000001,0.99980999999999998
954588581,13,30,mean_p,12,0.23003354120834257,0.12583140711217147,mean_p|train_n=12|p=30,250,423,-1.4154500000000001,0.99980999999999998
1640021527,13,30,mean_p,12,0.3133405015931553,0.059398630522923518,mean_p|train_n=12|p=30,251,425,-1.4154500000000001,0.99980999999999998
3225505645,13,30,mean_p,12,0.18700859869932035,0.18542249924251464,mean_p|train_n=12|p=30,252,427,-1.4154500000000001,0.99980999999999998
570738241,13,30,mean_p,12,0.11667832900277396,0.34945575790351646,mean_p|train_n=12|p=30,253,430,-1.4154500000000001,0.99980999999999998
2750656812,13,30,mean_p,12,0.10150704611665516,0.40064833893362212,mean_p|train_n=12|p=30,254,433,-1.4154500000000001,0.99980999999999998
4223296115,13,30,mean_p,12,0.46112666576038541,0.015683086704382634,mean_p|train_n=12|p=30,255,434,-1.4154500000000001,0.99980999999999998
1199975105,13,30,mean_p,12,0.28391409432422432,0.077434311000926112,mean_p|train_n=12|p=30,256,435,-1.4154500000000001,0.99980999999999998
115326738,13,30,mean_p,12,0.33967079279099505,0.046852819979638152,mean_p|train_n=12|p=30,257,437,-1.4154500000000001,0.99980999999999998
752365689,13,30,mean_p,12,0.16307674552334786,0.23004728071314229,mean_p|train_n=12|p=30,258,440,-1.4154500000000001,0.99980999999999998
3168072017,13,30,mean_p,12,0.17369375416021585,0.20905887508801108,mean_p|train_n=12|p=30,259,442,-1.4154500000000001,0.99980999999999998
2919440748,13,30,mean_p,12,0.31652678346615321,0.05771746771579777,mean_p|train_n=12|p=30,260,444,-1.4154500000000001,0.99980999999999998
2978865762,13,30,mean_p,12,0.33938750546299384,0.046972572902329299,mean_p|train_n=12|p=30,261,446,-1.4154500000000001,0.99980999999999998
683930972,13,30,mean_p,12,0.33062261944127547,0.050832885857956166,mean_p|train_n=12|p=30,262,447,-1.4154500000000001,0.99980999999999998
1727838780,13,30,mean_p,12,0.018545864989927351,0.84610214966963004,mean_p|train_n=12|p=30,263,448,-1.4154500000000001,0.99980999999999998
1973887746,13,30,mean_p,12,0.17167097057071651,0.21290435747456454,mean_p|train_n=12|p=30,264,450,-1.4154500000000001,0.99980999999999998
3675758240,13,30,mean_p,12,0.27443107416318269,0.084342058054241137,mean_p|train_n=12|p=30,265,452,-1.4154500000000001,0.99980999999999998
2611499,13,30,mean_p,12,0.21728338644877279,0.1411514619248472,mean_p|train_n=12|p=30,266,455,-1.4154500000000001,0.99980999999999998
2346868378,13,30,mean_p,12,0.19058894451941824,0.17953583303980761,mean_p|train_n=12|p=30,267,458,-1.4154500000000001,0.99980999999999998
3308856034,13,30,mean_p,12,0.15489729649570114,0.24764324011336725,mean_p|train_n=12|p=30,268,459,-1.4154500000000001,0.99980999999999998
629553947,13,30,mean_p,12,0.17818255108284192,0.20077156137669278,mean_p|train_n=12|p=30,269,462,-1.4154500000000001,0.99980999999999998
4162063077,13,30,mean_p,12,0.50310180020678874,0.0107440117457513,mean_p|train_n=12|p=30,270,463,-1.4154500000000001,0.99980999999999998
711703487,13,30,mean_p,12,0.18606126683103616,0.18701210105457167,mean_p|train_n=12|p=30,271,464,-1.4154500000000001,0.99980999999999998
38178890,13,30,mean_p,12,0.411980235530507,0.024420845121042586,mean_p|train_n=12|p=30,272,465,-1.4154500000000001,0.99980999999999998
1927467474,13,30,mean_p,12,0.13492728535547874,0.29646738205695522,mean_p|train_n=12|p=30,273,466,-1.4154500000000001,0.99980999999999998
1903849569,13,30,mean_p,12,0.21747471078917074,0.14090832545372717,mean_p|train_n=12|p=30,274,467,-1.4154500000000001,0.99980999999999998
2726424432,13,30,mean_p,12,0.087567408288297593,0.45427055235849911,mean_p|train_n=12|p=30,275,470,-1.4154500000000001,0.99980999999999998
2949953799,13,30,mean_p,12,0.17208207860694327,0.21211712107733255,mean_p|train_n=12|p=30,276,475,-1.4154500000000001,0.99980999999999998
4153252654,13,30,mean_p,12,0.414125883766161,0.023953221530992757,mean_p|train_n=12|p=30,277,476,-1.4154500000000001,0.99980999999999998
2380192010,13,30,mean_p,12,0.083470824808468805,0.47135282422686314,mean_p|train_n=12|p=30,278,479,-1.4154500000000001,0.99980999999999998
1036485908,13,30,mean_p,12,0.26848763470422987,0.088982210510299892,mean_p|train_n=12|p=30,279,480,-1.4154500000000001,0.99980999999999998
3311161132,13,30,mean_p,12,0.25618338526124163,0.099415595067201587,mean_p|train_n=12|p=30,280,481,-1.4154500000000001,0.99980999999999998
3654006776,13,30,mean_p,12,0.20322393573653613,0.16021585567172969,mean_p|train_n=12|p=30,281,482,-1.4154500000000001,0.99980999999999998
720736407,13,30,mean_p,12,0.40636461356769554,0.025688385372617129,mean_p|train_n=12|p=30,282,486,-1.4154500000000001,0.99980999999999998
3952602537,13,30,mean_p,12,0.14051177812058813,0.28191787977718175,mean_p|train_n=12|p=30,283,489,-1.4154500000000001,0.99980999999999998
1840371893,13,30,mean_p,12,0.28415151571465436,0.077268826388404419,mean_p|train_n=12|p=30,284,490,-1.4154500000000001,0.99980999999999998
398108149,13,30,mean_p,12,0.081607764271290656,0.47933263209576343,mean_p|train_n=12|p=30,285,491,-1.4154500000000001,0.99980999999999998
788324401,13,30,mean_p,12,0.27907423234037831,0.080886064544426484,mean_p|train_n=12|p=30,286,492,-1.4154500000000001,0.99980999999999998
2965042603,13,30,mean_p,12,0.27110408031599831,0.086908853031221686,mean_p|train_n=12|p=30,287,493,-1.4154500000000001,0.99980999999999998
3144314695,13,30,mean_p,12,0.17383172099536254,0.20879913308007092,mean_p|train_n=12|p=30,288,495,-1.4154500000000001,0.99980999999999998
1581037300,13,30,mean_p,12,0.12110529319100752,0.33579000388570479,mean_p|train_n=12|p=30,289,499,-1.4154500000000001,0.99980999999999998
1810714022,13,30,mean_p,12,0.32709366288266895,0.052475302288120945,mean_p|train_n=12|p=30,290,501,-1.4154500000000001,0.99980999999999998
1193256622,13,30,mean_p,12,0.14555286746853294,0.2693983132377033,mean_p|train_n=12|p=30,291,502,-1.4154500000000001,0.99980999999999998
1527771717,13,30,mean_p,12,0.32799571903405855,0.052050493510598976,mean_p|train_n=12|p=30,292,505,-1.4154500000000001,0.99980999999999998
3558281690,13,30,mean_p,12,0.19863332967552369,0.16698225635396471,mean_p|train_n=12|p=30,293,507,-1.4154500000000001,0.99980999999999998
1851029407,13,30,mean_p,12,0.40447794925514369,0.02612883587763316,mean_p|train_n=12|p=30,294,508,-1.4154500000000001,0.99980999999999998
2931920427,13,30,mean_p,12,0.3727687477058943,0.034770467618293818,mean_p|train_n=12|p=30,295,509,-1.4154500000000001,0.99980999999999998
185317162,13,30,mean_p,12,0.23143300534481911,0.12425457958438874,mean_p|train_n=12|p=30,296,511,-1.4154500000000001,0.99980999999999998
1268638683,13,30,mean_p,12,0.32686453723910525,0.052583756361052808,mean_p|train_n=12|p=30,297,513,-1.4154500000000001,0.99980999999999998
2596270712,13,30,mean_p,12,0.23368400455041691,0.12175964314871793,mean_p|train_n=12|p=30,298,514,-1.4154500000000001,0.99980999999999998
604057983,13,30,mean_p,12,0.20367341343647624,0.15956826100590196,mean_p|train_n=12|p=30,299,515,-1.4154500000000001,0.99980999999999998
2750496158,13,30,mean_p,12,0.32163058380983767,0.055123160215626292,mean_p|train_n=12|p=30,300,516,-1.4154500000000001,0.99980999999999998
2507064539,13,30,mean_p,12,0.25818897270492269,0.097635076450437661,mean_p|train_n=12|p=30,301,517,-1.4154500000000001,0.99980999999999998
2670201854,13,30,mean_p,12,0.1577266619159968,0.24140933927991773,mean_p|train_n=12|p=30,302,519,-1.4154500000000001,0.99980999999999998
4212987716,13,30,mean_p,12,0.41237887679107627,0.024333279836293693,mean_p|train_n=12|p=30,303,520,-1.4154500000000001,0.99980999999999998
3388787856,13,30,mean_p,12,0.41571337588743951,0.023613015672592125,mean_p|train_n=12|p=30,304,521,-1.4154500000000001,0.99980999999999998
3377137258,13,30,mean_p,12,0.18632693297957204,0.18656494921827357,mean_p|train_n=12|p=30,305,523,-1.4154500000000001,0.99980999999999998
2809314723,13,30,mean_p,12,0.46007099921833172,0.015832984197252955,mean_p|train_n=12|p=30,306,524,-1.4154500000000001,0.99980999999999998
2716363918,13,30,mean_p,12,0.40229847937542601,0.026647052432529721,mean_p|train_n=12|p=30,307,525,-1.4154500000000001,0.99980999999999998
3190217236,13,30,mean_p,12,0.076494770050793526,0.50193344666310136,mean_p|train_n=12|p=30,308,527,-1.4154500000000001,0.99980999999999998
1459579413,13,30,mean_p,12,0.17335739259069524,0.20969347808106162,mean_p|train_n=12|p=30,309,528,-1.4154500000000001,0.99980999999999998
755101968,13,30,mean_p,12,0.15109707526084457,0.25627026923532031,mean_p|train_n=12|p=30,310,529,-1.4154500000000001,0.99980999999999998
2763320893,13,30,mean_p,12,0.29947907876493951,0.067301010467119199,mean_p|train_n=12|p=30,311,530,-1.4154500000000001,0.99980999999999998
2004330212,13,30,mean_p,12,0.38757283717248775,0.030428206616759577,mean_p|train_n=12|p=30,312,534,-1.4154500000000001,0.99980999999999998
4219097122,13,30,mean_p,12,0.14922646229131886,0.2606265547893869,mean_p|train_n=12|p=30,313,537,-1.4154500000000001,0.99980999999999998
4067626925,13,30,mean_p,12,0.19498979113939235,0.17255554202867035,mean_p|train_n=12|p=30,314,540,-1.4154500000000001,0.99980999999999998
980200229,13,30,mean_p,12,0.28559812275912511,0.076268144104848279,mean_p|train_n=12|p=30,315,541,-1.4154500000000001,0.99980999999999998
1020122178,13,30,mean_p,12,0.2778755586016482,0.081764461980834161,mean_p|train_n=12|p=30,316,542,-1.4154500000000001,0.99980999999999998
2916154395,13,30,mean_p,12,0.15170307021567744,0.25487470176018706,mean_p|train_n=12|p=30,317,544,-1.4154500000000001,0.99980999999999998
271996953,13,30,mean_p,12,0.42390851167533061,0.021932124038088276,mean_p|train_n=12|p=30,318,545,-1.4154500000000001,0.99980999999999998
1772184418,13,30,mean_p,12,0.26111423939209338,0.095095104808595413,mean_p|train_n=12|p=30,319,549,-1.4154500000000001,0.99980999999999998
2244052433,13,30,mean_p,12,0.38198200052586695,0.03200040541771796,mean_p|train_n=12|p=30,320,550,-1.4154500000000001,0.99980999999999998
1155330134,13,30,mean_p,12,0.34150570706875966,0.0460845127706907,mean_p|train_n=12|p=30,321,552,-1.4154500000000001,0.99980999999999998
1927906440,13,30,mean_p,12,0.072189616201082787,0.52178775355939011,mean_p|train_n=12|p=30,322,553,-1.4154500000000001,0.99980999999999998
2400243414,13,30,mean_p,12,0.21101553920469376,0.14935298637527208,mean_p|train_n=12|p=30,323,555,-1.4154500000000001,0.99980999999999998
682491856,13,30,mean_p,12,0.32723902660120402,0.05240661199255791,mean_p|train_n=12|p=30,324,557,-1.4154500000000001,0.99980999999999998
3280063472,13,30,mean_p,12,0.20231055144105545,0.16153994195745214,mean_p|train_n=12|p=30,325,561,-1.4154500000000001,0.99980999999999998
2045997819,13,30,mean_p,12,0.10018273895805146,0.40545800282978034,mean_p|train_n=12|p=30,326,563,-1.4154500000000001,0.99980999999999998
1438087074,13,30,mean_p,12,0.23286566439299625,0.12266081635192051,mean_p|train_n=12|p=30,327,564,-1.4154500000000001,0.99980999999999998
2622144541,13,30,mean_p,12,0.19844864009409394,0.1672603832358277,mean_p|train_n=12|p=30,328,567,-1.4154500000000001,0.99980999999999998
4007771159,13,30,mean_p,12,0.24674659668356563,0.10823914422199905,mean_p|train_n=12|p=30,329,570,-1.4154500000000001,0.99980999999999998
85478717,13,30,mean_p,12,0.1645146210272514,0.22708588286576123,mean_p|train_n=12|p=30,330,572,-1.4154500000000001,0.99980999999999998
946660371,13,30,mean_p,12,0.19418476583060887,0.17381181322065192,mean_p|train_n=12|p=30,331,573,-1.4154500000000001,0.99980999999999998
1027158160,13,30,mean_p,12,0.29625751215243984,0.069283342441696746,mean_p|train_n=12|p=30,332,574,-1.4154500000000001,0.99980999999999998
583653483,13,30,mean_p,12,0.21694673970856998,0.14158029422441676,mean_p|train_n=12|p=30,333,575,-1.4154500000000001,0.99980999999999998
4292778987,13,30,mean_p,12,0.23610192721314222,0.11913547271101663,mean_p|train_n=12|p=30,334,576,-1.4154500000000001,0.99980999999999998
3304638652,13,30,mean_p,12,0.10757471638662179,0.37933086966464075,mean_p|train_n=12|p=30,335,578,-1.4154500000000001,0.99980999999999998
2472515665,13,30,mean_p,12,0.37351238672157255,0.034538254232946625,mean_p|train_n=12|p=30,336,580,-1.4154500000000001,0.99980999999999998
4202139733,13,30,mean_p,12,0.29220883443017881,0.071857629445030075,mean_p|train_n=12|p=30,337,581,-1.4154500000000001,0.99980999999999998
616680822,13,30,mean_p,12,0.11670961075980135,0.34935726817393903,mean_p|train_n=12|p=30,338,584,-1.4154500000000001,0.99980999999999998
3018842179,13,30,mean_p,12,0.35864526023957138,0.039489464568686038,mean_p|train_n=12|p=30,339,585,-1.4154500000000001,0.99980999999999998
423313639,13,30,mean_p,12,0.061970254922828483,0.57211881123715314,mean_p|train_n=12|p=30,340,586,-1.4154500000000001,0.99980999999999998
790371303,13,30,mean_p,12,0.17094060556843343,0.21431015638784007,mean_p|train_n=12|p=30,341,587,-1.4154500000000001,0.99980999999999998
2352066637,13,30,mean_p,12,0.09657136937602312,0.41886934172778301,mean_p|train_n=12|p=30,342,588,-1.4154500000000001,0.99980999999999998
1549283588,13,30,mean_p,12,0.079582496058502983,0.48816052822377792,mean_p|train_n=12|p=30,343,589,-1.4154500000000001,0.99980999999999998
1097925022,13,30,mean_p,12,0.1187996733236947,0.34283926321930863,mean_p|train_n=12|p=30,344,590,-1.4154500000000001,0.99980999999999998
2480648765,13,30,mean_p,12,0.16039139341746697,0.2356817389792239,mean_p|train_n=12|p=30,345,591,-1.4154500000000001,0.99980999999999998
4132462092,13,30,mean_p,12,0.16019315244243221,0.23610312112201118,mean_p|train_n=12|p=30,346,595,-1.4154500000000001,0.99980999999999998
3035776358,13,30,mean_p,12,0.11480224983722764,0.35541359001148248,mean_p|train_n=12|p=30,347,597,-1.4154500000000001,0.99980999999999998
3186513588,13,30,mean_p,12,0.43933984717828173,0.019084986637728233,mean_p|train_n=12|p=30,348,599,-1.4154500000000001,0.99980999999999998
4056652478,13,30,mean_p,12,0.16375081463812816,0.22865421351585191,mean_p|train_n=12|p=30,349,600,-1.4154500000000001,0.99980999999999998
1203576748,13,30,mean_p,12,0.20256123512015664,0.1611754529990683,mean_p|train_n=12|p=30,350,601,-1.4154500000000001,0.99980999999999998
1024885444,13,30,mean_p,12,0.29461454120750452,0.070316689689094755,mean_p|train_n=12|p=30,351,602,-1.4154500000000001,0.99980999999999998
2664389325,13,30,mean_p,12,0.06855017925034658,0.53918328194190479,mean_p|train_n=12|p=30,352,603,-1.4154500000000001,0.99980999999999998
168537429,13,30,mean_p,12,0.50756385792364189,0.010320594211416111,mean_p|train_n=12|p=30,353,604,-1.4154500000000001,0.99980999999999998
77013789,13,30,mean_p,12,0.18321764946845562,0.1918659432509936,mean_p|train_n=12|p=30,354,606,-1.4154500000000001,0.99980999999999998
1802520439,13,30,mean_p,12,0.58998924071986558,0.0049106845666372278,mean_p|train_n=12|p=30,355,608,-1.4154500000000001,0.99980999999999998
3908780010,13,30,mean_p,12,0.28757152462569963,0.074923919306994352,mean_p|train_n=12|p=30,356,611,-1.4154500000000001,0.99980999999999998
707584657,13,30,mean_p,12,0.43062441193877987,0.020644233226746619,mean_p|train_n=12|p=30,357,612,-1.4154500000000001,0.99980999999999998
3812759414,13,30,mean_p,12,0.3726090570706862,0.034820536892559574,mean_p|train_n=12|p=30,358,615,-1.4154500000000001,0.99980999999999998
2830588887,13,30,mean_p,12,0.11087849173632394,0.36820461323251852,mean_p|train_n=12|p=30,359,616,-1.4154500000000001,0.99980999999999998
942545673,13,30,mean_p,12,0.12448172326470591,0.32572753748413891,mean_p|train_n=12|p=30,360,618,-1.4154500000000001,0.99980999999999998
3347405467,13,30,mean_p,12,0.11040908406124045,0.36976534056646171,mean_p|train_n=12|p=30,361,622,-1.4154500000000001,0.99980999999999998
2904740908,13,30,mean_p,12,0.31268115468650765,0.059752587109306997,mean_p|train_n=12|p=30,362,624,-1.4154500000000001,0.99980999999999998
500043680,13,30,mean_p,12,0.40385378434382091,0.0262762062216607,mean_p|train_n=12|p=30,363,630,-1.4154500000000001,0.99980999999999998
2320622693,13,30,mean_p,12,0.15208064796688486,0.25400900987911762,mean_p|train_n=12|p=30,364,631,-1.4154500000000001,0.99980999999999998
861877561,13,30,mean_p,12,0.43607954839876861,0.019653987733940712,mean_p|train_n=12|p=30,365,636,-1.4154500000000001,0.99980999999999998
2601297141,13,30,mean_p,12,0.26633849193076647,0.090722210616551446,mean_p|train_n=12|p=30,366,637,-1.4154500000000001,0.99980999999999998
2616357503,13,30,mean_p,12,0.36490527589938737,0.037323585949097612,mean_p|train_n=12|p=30,367,641,-1.4154500000000001,0.99980999999999998
627760561,13,30,mean_p,12,0.13233261577896391,0.30348055679806341,mean_p|train_n=12|p=30,368,642,-1.4154500000000001,0.99980999999999998
1039449899,13,30,mean_p,12,0.12571218968039988,0.3221359402281358,mean_p|train_n=12|p=30,369,644,-1.4154500000000001,0.99980999999999998
2655469040,13,30,mean_p,12,0.27160240596392171,0.086519475071238749,mean_p|train_n=12|p=30,370,645,-1.4154500000000001,0.99980999999999998
366351457,13,30,mean_p,12,0.080195827840930628,0.4854700629358738,mean_p|train_n=12|p=30,371,646,-1.4154500000000001,0.99980999999999998
3881387024,13,30,mean_p,12,0.074859663027196446,0.50938358723961308,mean_p|train_n=12|p=30,372,651,-1.4154500000000001,0.99980999999999998
1498850377,13,30,mean_p,12,0.074133240707825149,0.51272881045875762,mean_p|train_n=12|p=30,373,652,-1.4154500000000001,0.99980999999999998
3051307530,13,30,mean_p,12,0.1196385496214562,0.34025749708898057,mean_p|train_n=12|p=30,374,653,-1.4154500000000001,0.99980999999999998
3283817490,13,30,mean_p,12,0.076601421340789108,0.50145130751635203,mean_p|train_n=12|p=30,375,654,-1.4154500000000001,0.99980999999999998
2129881602,13,30,mean_p,12,0.21641636953610915,0.14225854281752948,mean_p|train_n=12|p=30,376,655,-1.4154500000000001,0.99980999999999998
3363655558,13,30,mean_p,12,0.23445076206568111,0.12092128271327734,mean_p|train_n=12|p=30,377,656,-1.4154500000000001,0.99980999999999998
4117550137,13,30,mean_p,12,0.10772213971146115,0.3788272939576478,mean_p|train_n=12|p=30,378,657,-1.4154500000000001,0.99980999999999998
2760028559,13,30,mean_p,12,0.35481441387385881,0.04087641887687736,mean_p|train_n=12|p=30,379,660,-1.4154500000000001,0.99980999999999998
2597712279,13,30,mean_p,12,0.14726505646014998,0.26527383077061878,mean_p|train_n=12|p=30,380,665,-1.4154500000000001,0.99980999999999998
3229743112,13,30,mean_p,12,0.05079832939397351,0.63271237476729547,mean_p|train_n=12|p=30,381,666,-1.4154500000000001,0.99980999999999998
2906381456,13,30,mean_p,12,0.30752704547310511,0.062593142055714701,mean_p|train_n=12|p=30,382,667,-1.4154500000000001,0.99980999999999998
1125774257,13,30,mean_p,12,0.16810294955196092,0.21986070069419733,mean_p|train_n=12|p=30,383,668,-1.4154500000000001,0.99980999999999998
1226844808,13,30,mean_p,12,0.15761397532819085,0.2416545930099249,mean_p|train_n=12|p=30,384,671,-1.4154500000000001,0.99980999999999998
311644623,13,30,mean_p,12,0.1682495719439096,0.21957041217663967,mean_p|train_n=12|p=30,385,674,-1.4154500000000001,0.99980999999999998
3259751952,13,30,mean_p,12,0.11640433648648646,0.35031960314431987,mean_p|train_n=12|p=30,386,675,-1.4154500000000001,0.99980999999999998
1196087112,13,30,mean_p,12,0.15410515885195186,0.24941721242429996,mean_p|train_n=12|p=30,387,676,-1.4154500000000001,0.99980999999999998
1751319113,13,30,mean_p,12,0.50915718664171239,0.010173476496142669,mean_p|train_n=12|p=30,388,677,-1.4154500000000001,0.99980999999999998
938016855,13,30,mean_p,12,0.17003918598939657,0.2160580039391132,mean_p|train_n=12|p=30,389,678,-1.4154500000000001,0.99980999999999998
4127309445,13,30,mean_p,12,0.23655693638867262,0.11864801151434849,mean_p|train_n=12|p=30,390,679,-1.4154500000000001,0.99980999999999998
2653951977,13,30,mean_p,12,0.1468888290092184,0.26617467577138548,mean_p|train_n=12|p=30,391,680,-1.4154500000000001,0.99980999999999998
2710630998,13,30,mean_p,12,0.088065449739777896,0.4522364409398279,mean_p|train_n=12|p=30,392,681,-1.4154500000000001,0.99980999999999998
929464780,13,30,mean_p,12,0.19425199526738413,0.17370655014980085,mean_p|train_n=12|p=30,393,683,-1.4154500000000001,0.99980999999999998
2232865324,13,30,mean_p,12,0.14279633980541076,0.27617365004017869,mean_p|train_n=12|p=30,394,685,-1.4154500000000001,0.99980999999999998
1108156328,13,30,mean_p,12,0.24508770871121313,0.10986926657508297,mean_p|train_n=12|p=30,395,686,-1.4154500000000001,0.99980999999999998
2086678947,13,30,mean_p,12,0.12467125193366765,0.32517172614197298,mean_p|train_n=12|p=30,396,687,-1.4154500000000001,0.99980999999999998
3798149444,13,30,mean_p,12,0.16383666864684412,0.22847738975595641,mean_p|train_n=12|p=30,397,688,-1.4154500000000001,0.99980999999999998
799754880,13,30,mean_p,12,0.15685334294657283,0.24331658089308195,mean_p|train_n=12|p=30,398,690,-1.4154500000000001,0.99980999999999998
3536899785,13,30,mean_p,12,0.083860003868387503,0.46970275141138368,mean_p|train_n=12|p=30,399,691,-1.4154500000000001,0.99980999999999998
51143638,13,30,mean_p,12,0.28042936211813302,0.079904374175764584,mean_p|train_n=12|p=30,400,692,-1.4154500000000001,0.99980999999999998
36617833,13,30,mean_p,12,0.34248727887028829,0.045678699106425566,mean_p|train_n=12|p=30,401,698,-1.4154500000000001,0.99980999999999998
236103968,13,30,mean_p,12,0.10874088033531454,0.37536565428118995,mean_p|train_n=12|p=30,402,699,-1.4154500000000001,0.99980999999999998
2156850098,13,30,mean_p,12,0.198752021314266,0.16680376094839164,mean_p|train_n=12|p=30,403,700,-1.4154500000000001,0.99980999999999998
1600388384,13,30,mean_p,12,0.18745187742586955,0.18468333481053831,mean_p|train_n=12|p=30,404,702,-1.4154500000000001,0.99980999999999998
1050897748,13,30,mean_p,12,0.11278808785700105,0.36192304005738929,mean_p|train_n=12|p=30,405,703,-1.4154500000000001,0.99980999999999998
461348277,13,30,mean_p,12,0.28170141523091047,0.078993710591383604,mean_p|train_n=12|p=30,406,704,-1.4154500000000001,0.99980999999999998
2000945207,13,30,mean_p,12,0.095262044016504524,0.42384052112895654,mean_p|train_n=12|p=30,407,708,-1.4154500000000001,0.99980999999999998
907021389,13,30,mean_p,12,0.11381845646101484,0.35857829435502253,mean_p|train_n=12|p=30,408,710,-1.4154500000000001,0.99980999999999998
2422825972,13,30,mean_p,12,0.23183128621737362,0.12380944474514988,mean_p|train_n=12|p=30,409,711,-1.4154500000000001,0.99980999999999998
2015721328,13,30,mean_p,12,0.25112695400915175,0.10405005248281619,mean_p|train_n=12|p=30,410,714,-1.4154500000000001,0.99980999999999998
3949466030,13,30,mean_p,12,0.32357067017261082,0.054167874338636068,mean_p|train_n=12|p=30,411,715,-1.4154500000000001,0.99980999999999998
1210422753,13,30,mean_p,12,0.073720627882751161,0.51463869390755734,mean_p|train_n=12|p=30,412,716,-1.4154500000000001,0.99980999999999998
145084937,13,30,mean_p,12,0.2027752679525065,0.16086490453769386,mean_p|train_n=12|p=30,413,717,-1.4154500000000001,0.99980999999999998
2198181632,13,30,mean_p,12,0.13689129054208504,0.29126681057018822,mean_p|train_n=12|p=30,414,719,-1.4154500000000001,0.99980999999999998
3074940102,13,30,mean_p,12,0.17210238596487284,0.21207830977407144,mean_p|train_n=12|p=30,415,721,-1.4154500000000001,0.99980999999999998
3671033687,13,30,mean_p,12,0.10617229315118193,0.38415493413160084,mean_p|train_n=12|p=30,416,724,-1.4154500000000001,0.99980999999999998
1953036937,13,30,mean_p,12,0.41770196056469949,0.023193663290749563,mean_p|train_n=12|p=30,417,726,-1.4154500000000001,0.99980999999999998
1780973019,13,30,mean_p,12,0.10715620032307428,0.38076410760929436,mean_p|train_n=12|p=30,418,727,-1.4154500000000001,0.99980999999999998
3588902458,13,30,mean_p,12,0.16973685335216063,0.21664741178458041,mean_p|train_n=12|p=30,419,728,-1.4154500000000001,0.99980999999999998
4231951566,13,30,mean_p,12,0.18900657268736201,0.18211410304322354,mean_p|train_n=12|p=30,420,730,-1.4154500000000001,0.99980999999999998
263747879,13,30,mean_p,12,0.10770827796887339,0.37887461507910103,mean_p|train_n=12|p=30,421,732,-1.4154500000000001,0.99980999999999998
2153755776,13,30,mean_p,12,0.15939268089394185,0.23781228482741459,mean_p|train_n=12|p=30,422,733,-1.4154500000000001,0.99980999999999998
4049390788,13,30,mean_p,12,0.28334701018972169,0.077831008837488058,mean_p|train_n=12|p=30,423,734,-1.4154500000000001,0.99980999999999998
2391477988,13,30,mean_p,12,0.19493858890468291,0.17263517388368319,mean_p|train_n=12|p=30,424,736,-1.4154500000000001,0.99980999999999998
300400689,13,30,mean_p,12,0.049204384400430769,0.64186553508425537,mean_p|train_n=12|p=30,425,737,-1.4154500000000001,0.99980999999999998
188381672,13,30,mean_p,12,0.24275578056107289,0.1122023542843764,mean_p|train_n=12|p=30,426,739,-1.4154500000000001,0.99980999999999998
1004163034,13,30,mean_p,12,0.47043196719599928,0.014421693799590796,mean_p|train_n=12|p=30,427,740,-1.4154500000000001,0.99980999999999998
1519468848,13,30,mean_p,12,0.044466454149696272,0.66986212912091192,mean_p|train_n=12|p=30,428,741,-1.4154500000000001,0.99980999999999998
3898340315,13,30,mean_p,12,0.37751127172137183,0.033315872060360838,mean_p|train_n=12|p=30,429,742,-1.4154500000000001,0.99980999999999998
566694534,13,30,mean_p,12,0.27543888544820111,0.083579589850330108,mean_p|train_n=12|p=30,430,743,-1.4154500000000001,0.99980999999999998
4191595624,13,30,mean_p,12,0.18979459998262543,0.1808255193340913,mean_p|train_n=12|p=30,431,745,-1.4154500000000001,0.99980999999999998
200109741,13,30,mean_p,12,0.55115307958495086,0.0069682396908205824,mean_p|train_n=12|p=30,432,749,-1.4154500000000001,0.99980999999999998
2184821051,13,30,mean_p,12,0.17924648916627095,0.198855950803973,mean_p|train_n=12|p=30,433,750,-1.4154500000000001,0.99980999999999998
668327133,13,30,mean_p,12,0.20653036270942432,0.15551280523786196,mean_p|train_n=12|p=30,434,753,-1.4154500000000001,0.99980999999999998
2483502143,13,30,mean_p,12,0.15887697832955008,0.23891995855046244,mean_p|train_n=12|p=30,435,754,-1.4154500000000001,0.99980999999999998
147682897,13,30,mean_p,12,0.066335971113966594,0.5500491244757254,mean_p|train_n=12|p=30,436,755,-1.4154500000000001,0.99980999999999998
2235737103,13,30,mean_p,12,0.12291450220872682,0.33036012603659748,mean_p|train_n=12|p=30,437,756,-1.4154500000000001,0.99980999999999998
1144390717,13,30,mean_p,12,0.23913575530697248,0.11592271391167359,mean_p|train_n=12|p=30,438,758,-1.4154500000000001,0.99980999999999998
2992711492,13,30,mean_p,12,0.32893436593533215,0.051612103585749379,mean_p|train_n=12|p=30,439,761,-1.4154500000000001,0.99980999999999998
1086936828,13,30,mean_p,12,0.16018129329657324,0.23612835285946995,mean_p|train_n=12|p=30,440,763,-1.4154500000000001,0.99980999999999998
3504550420,13,30,mean_p,12,0.62170662009943978,0.0036899422142545632,mean_p|train_n=12|p=30,441,764,-1.4154500000000001,0.99980999999999998
882868242,13,30,mean_p,12,0.22212742167498833,0.13512284534836913,mean_p|train_n=12|p=30,442,765,-1.4154500000000001,0.99980999999999998
3866135209,13,30,mean_p,12,0.35025564886297622,0.042590532112036644,mean_p|train_n=12|p=30,443,766,-1.4154500000000001,0.99980999999999998
2544822053,13,30,mean_p,12,0.41884332998354279,0.02295634402505986,mean_p|train_n=12|p=30,444,767,-1.4154500000000001,0.99980999999999998
3312444567,13,30,mean_p,12,0.1542930505884702,0.24899528736535564,mean_p|train_n=12|p=30,445,768,-1.4154500000000001,0.99980999999999998
2608854497,13,30,mean_p,12,0.28957145477605295,0.073585794099273238,mean_p|train_n=12|p=30,446,769,-1.4154500000000001,0.99980999999999998
3001021531,13,30,mean_p,12,0.12453625232262187,0.32556752841762726,mean_p|train_n=12|p=30,447,771,-1.4154500000000001,0.99980999999999998
1172983854,13,30,mean_p,12,0.18379317922078206,0.19087349279279781,mean_p|train_n=12|p=30,448,774,-1.4154500000000001,0.99980999999999998
1894119449,13,30,mean_p,12,0.21042404369008746,0.1501511502551037,mean_p|train_n=12|p=30,449,777,-1.4154500000000001,0.99980999999999998
3797842857,13,30,mean_p,12,0.34661896598132075,0.044009336826136364,mean_p|train_n=12|p=30,450,780,-1.4154500000000001,0.99980999999999998
3975210784,13,30,mean_p,12,0.065008857113131494,0.55666637941970298,mean_p|train_n=12|p=30,451,781,-1.4154500000000001,0.99980999999999998
645761633,13,30,mean_p,12,0.15313661415047425,0.25160352085218141,mean_p|train_n=12|p=30,452,782,-1.4154500000000001,0.99980999999999998
3116709017,13,30,mean_p,12,0.18462549783963572,0.18944730581021629,mean_p|train_n=12|p=30,453,783,-1.4154500000000001,0.99980999999999998
681511797,13,30,mean_p,12,0.39210400889850039,0.029210844627460413,mean_p|train_n=12|p=30,454,787,-1.4154500000000001,0.99980999999999998
1291849985,13,30,mean_p,12,0.41524727345666496,0.023712399101369554,mean_p|train_n=12|p=30,455,788,-1.4154500000000001,0.99980999999999998
771314086,13,30,mean_p,12,0.14258713341431922,0.27669476725289016,mean_p|train_n=12|p=30,456,789,-1.4154500000000001,0.99980999999999998
2480947290,13,30,mean_p,12,0.25984563053346055,0.096188404837844188,mean_p|train_n=12|p=30,457,791,-1.4154500000000001,0.99980999999999998
3580688537,13,30,mean_p,12,0.12986393526425696,0.31030714937105541,mean_p|train_n=12|p=30,458,792,-1.4154500000000001,0.99980999999999998
4086837355,13,30,mean_p,12,0.079292177587685878,0.48943924490225382,mean_p|train_n=12|p=30,459,793,-1.4154500000000001,0.99980999999999998
3173262405,13,30,mean_p,12,0.19144517521778417,0.17815596853261106,mean_p|train_n=12|p=30,460,794,-1.4154500000000001,0.99980999999999998
656250946,13,30,mean_p,12,0.40046690309737454,0.027090489266651925,mean_p|train_n=12|p=30,461,795,-1.4154500000000001,0.99980999999999998
2115526670,13,30,mean_p,12,0.08427971723697672,0.46792969020497277,mean_p|train_n=12|p=30,462,796,-1.4154500000000001,0.99980999999999998
346731710,13,30,mean_p,12,0.14200559136836285,0.27814851574309141,mean_p|train_n=12|p=30,463,797,-1.4154500000000001,0.99980999999999998
1752460279,13,30,mean_p,12,0.21368072545915773,0.14580888799268818,mean_p|train_n=12|p=30,464,798,-1.4154500000000001,0.99980999999999998
3932204744,13,30,mean_p,12,0.40311393715293725,0.026451966998611565,mean_p|train_n=12|p=30,465,801,-1.4154500000000001,0.99980999999999998
2804039469,13,30,mean_p,12,0.26009616531903429,0.095971499898362386,mean_p|train_n=12|p=30,466,802,-1.4154500000000001,0.99980999999999998
2174732059,13,30,mean_p,12,0.13465818819621503,0.29718713175659583,mean_p|train_n=12|p=30,467,804,-1.4154500000000001,0.99980999999999998
1105382681,13,30,mean_p,12,0.32341328230522354,0.054244750175020534,mean_p|train_n=12|p=30,468,805,-1.4154500000000001,0.99980999999999998
1981833129,13,30,mean_p,12,0.49312388201645141,0.011754765215802192,mean_p|train_n=12|p=30,469,807,-1.4154500000000001,0.99980999999999998
654730086,13,30,mean_p,12,0.12046697099460182,0.33772698828912112,mean_p|train_n=12|p=30,470,808,-1.4154500000000001,0.99980999999999998
2467421505,13,30,mean_p,12,0.36958597687650513,0.035782110685016494,mean_p|train_n=12|p=30,471,810,-1.4154500000000001,0.99980999999999998
1755499531,13,30,mean_p,12,0.10302215440379495,0.39521565296705735,mean_p|train_n=12|p=30,472,811,-1.4154500000000001,0.99980999999999998
2638883534,13,30,mean_p,12,0.078526371154279712,0.49282835692962262,mean_p|train_n=12|p=30,473,812,-1.4154500000000001,0.99980999999999998
3937344808,13,30,mean_p,12,0.30893702748246754,0.061802912709308079,mean_p|train_n=12|p=30,474,813,-1.4154500000000001,0.99980999999999998
2258448450,13,30,mean_p,12,0.15136450820879011,0.25565344877580876,mean_p|train_n=12|p=30,475,816,-1.4154500000000001,0.99980999999999998
1824005582,13,30,mean_p,12,0.21634222400434339,0.14235362020543421,mean_p|train_n=12|p=30,476,817,-1.4154500000000001,0.99980999999999998
3679180098,13,30,mean_p,12,0.18359506972958101,0.19121453443759412,mean_p|train_n=12|p=30,477,819,-1.4154500000000001,0.99980999999999998
3006726772,13,30,mean_p,12,0.35720748144511638,0.040004406745380049,mean_p|train_n=12|p=30,478,820,-1.4154500000000001,0.99980999999999998
3821450744,13,30,mean_p,12,0.38592951314419321,0.030882135510002399,mean_p|train_n=12|p=30,479,821,-1.4154500000000001,0.99980999999999998
1716784637,13,30,mean_p,12,0.3124122436281398,0.059897551212173841,mean_p|train_n=12|p=30,480,822,-1.4154500000000001,0.99980999999999998
4291866643,13,30,mean_p,12,0.2560071863456348,0.09957356388724338,mean_p|train_n=12|p=30,481,823,-1.4154500000000001,0.99980999999999998
1995152695,13,30,mean_p,12,0.55878883937581847,0.0065049112462254787,mean_p|train_n=12|p=30,482,824,-1.4154500000000001,0.99980999999999998
282020202,13,30,mean_p,12,0.18642909451350154,0.18639328238765324,mean_p|train_n=12|p=30,483,828,-1.4154500000000001,0.99980999999999998
1655409075,13,30,mean_p,12,0.11991643571879809,0.33940655557612082,mean_p|train_n=12|p=30,484,829,-1.4154500000000001,0.99980999999999998
1240444466,13,30,mean_p,12,0.27901217061173861,0.080931311340119494,mean_p|train_n=12|p=30,485,830,-1.4154500000000001,0.99980999999999998
4045115024,13,30,mean_p,12,0.24101872477809319,0.11397241380386569,mean_p|train_n=12|p=30,486,831,-1.4154500000000001,0.99980999999999998
2455826020,13,30,mean_p,12,0.29397911195579918,0.070720463706119466,mean_p|train_n=12|p=30,487,833,-1.4154500000000001,0.99980999999999998
3737549947,13,30,mean_p,12,0.21721637226735752,0.14123672324323633,mean_p|train_n=12|p=30,488,836,-1.4154500000000001,0.99980999999999998
244049600,13,30,mean_p,12,0.35957801339093465,0.03915894821831975,mean_p|train_n=12|p=30,489,837,-1.4154500000000001,0.99980999999999998
2131662855,13,30,mean_p,12,0.1167250609743319,0.34930863385042471,mean_p|train_n=12|p=30,490,838,-1.4154500000000001,0.99980999999999998
518338573,13,30,mean_p,12,0.22391547982227941,0.1329631860365913,mean_p|train_n=12|p=30,491,839,-1.4154500000000001,0.99980999999999998
2561638749,13,30,mean_p,12,0.2349649670779009,0.12036229519500793,mean_p|train_n=12|p=30,492,842,-1.4154500000000001,0.99980999999999998
2997873721,13,30,mean_p,12,0.14028048396653445,0.28250605772905829,mean_p|train_n=12|p=30,493,846,-1.4154500000000001,0.99980999999999998
4127374136,13,30,mean_p,12,0.23026654220500622,0.12556749470186773,mean_p|train_n=12|p=30,494,847,-1.4154500000000001,0.99980999999999998
1624921587,13,30,mean_p,12,0.24567211618739426,0.10929221079361895,mean_p|train_n=12|p=30,495,848,-1.4154500000000001,0.99980999999999998
3940417889,13,30,mean_p,12,0.082105618788775647,0.47718710266464037,mean_p|train_n=12|p=30,496,849,-1.4154500000000001,0.99980999999999998
355124522,13,30,mean_p,12,0.3050512165089847,0.064005255715173029,mean_p|train_n=12|p=30,497,851,-1.4154500000000001,0.99980999999999998
1436229113,13,30,mean_p,12,0.21144627179298997,0.14877442702682073,mean_p|train_n=12|p=30,498,852,-1.4154500000000001,0.99980999999999998
4001230130,13,30,mean_p,12,0.18360472892667506,0.19119789219525957,mean_p|train_n=12|p=30,499,853,-1.4154500000000001,0.99980999999999998
4255556282,13,40,mean_p,12,0.082445777779599175,0.4757266951886665,mean_p|train_n=12|p=40,0,0,-1.4213,0.95160999999999996
1651414637,13,40,mean_p,12,0.14419172177435269,0.27272287471543377,mean_p|train_n=12|p=40,1,1,-1.4213,0.95160999999999996
4172946883,13,40,mean_p,12,0.28969266487062895,0.073505466565247105,mean_p|train_n=12|p=40,2,4,-1.4213,0.95160999999999996
3923137535,13,40,mean_p,12,0.30650242808190453,0.063173724227311309,mean_p|train_n=12|p=40,3,7,-1.4213,0.95160999999999996
3130589790,13,40,mean_p,12,0.26283601439787252,0.093631112681923367,mean_p|train_n=12|p=40,4,8,-1.4213,0.95160999999999996
814765734,13,40,mean_p,12,0.27595583346224845,0.083191166971032654,mean_p|train_n=12|p=40,5,9,-1.4213,0.95160999999999996
2261924277,13,40,mean_p,12,0.11674109352074299,0.34925817361540423,mean_p|train_n=12|p=40,6,10,-1.4213,0.95160999999999996
932267093,13,40,mean_p,12,0.1627097716080477,0.23080925333426366,mean_p|train_n=12|p=40,7,11,-1.4213,0.95160999999999996
876739246,13,40,mean_p,12,0.12101490917152816,0.33606359695641103,mean_p|train_n=12|p=40,8,13,-1.4213,0.95160999999999996
2475766733,13,40,mean_p,12,0.36153275963130665,0.038475239700640672,mean_p|train_n=12|p=40,9,14,-1.4213,0.95160999999999996
2427998624,13,40,mean_p,12,0.10207098397722006,0.39861757040147633,mean_p|train_n=12|p=40,10,18,-1.4213,0.95160999999999996
2780117087,13,40,mean_p,12,0.040018645048477561,0.6972546783311363,mean_p|train_n=12|p=40,11,21,-1.4213,0.95160999999999996
1397282121,13,40,mean_p,12,0.090746957764010108,0.44144008633351184,mean_p|train_n=12|p=40,12,22,-1.4213,0.95160999999999996
2147897312,13,40,mean_p,12,0.23204727663855657,0.12356871235835774,mean_p|train_n=12|p=40,13,28,-1.4213,0.95160999999999996
1576364215,13,40,mean_p,12,0.23331991921702691,0.12215976103242088,mean_p|train_n=12|p=40,14,29,-1.4213,0.95160999999999996
2476035482,13,40,mean_p,12,0.26872721071229572,0.088790323032222881,mean_p|train_n=12|p=40,15,31,-1.4213,0.95160999999999996
183646802,13,40,mean_p,12,0.21385159236569115,0.14558456361249417,mean_p|train_n=12|p=40,16,32,-1.4213,0.95160999999999996
3167059966,13,40,mean_p,12,0.16706348784503369,0.22192970032405185,mean_p|train_n=12|p=40,17,35,-1.4213,0.95160999999999996
3334411575,13,40,mean_p,12,0.41782409602247955,0.023168151498710893,mean_p|train_n=12|p=40,18,36,-1.4213,0.95160999999999996
1438274136,13,40,mean_p,12,0.32049772655539233,0.055688743613796415,mean_p|train_n=12|p=40,19,40,-1.4213,0.95160999999999996
1595676324,13,40,mean_p,12,0.27876719004180506,0.081110164440037116,mean_p|train_n=12|p=40,20,41,-1.4213,0.95160999999999996
1493860438,13,40,mean_p,12,0.11770995918969893,0.34622229387553566,mean_p|train_n=12|p=40,21,43,-1.4213,0.95160999999999996
4252199835,13,40,mean_p,12,0.23240211121078488,0.12317424675108335,mean_p|train_n=12|p=40,22,46,-1.4213,0.95160999999999996
3408708942,13,40,mean_p,12,0.34011448419938939,0.046665873329140656,mean_p|train_n=12|p=40,23,47,-1.4213,0.95160999999999996
3377905787,13,40,mean_p,12,0.080119282877818998,0.48580502657717173,mean_p|train_n=12|p=40,24,50,-1.4213,0.95160999999999996
3785336841,13,40,mean_p,12,0.235992285531062,0.11925323334861099,mean_p|train_n=12|p=40,25,52,-1.4213,0.95160999999999996
2160252416,13,40,mean_p,12,0.039015363578197709,0.70358677645689338,mean_p|train_n=12|p=40,26,53,-1.4213,0.95160999999999996
1763323171,13,40,mean_p,12,0.79889329358697281,0.00074751346294357605,mean_p|train_n=12|p=40,27,55,-1.4213,0.95160999999999996
2267329021,13,40,mean_p,12,0.23058043246728535,0.12521283663467975,mean_p|train_n=12|p=40,28,56,-1.4213,0.95160999999999996
2149821600,13,40,mean_p,12,0.03124631566272645,0.75460726577153148,mean_p|train_n=12|p=40,29,58,-1.4213,0.95160999999999996
2175177582,13,40,mean_p,12,0.12373346290680762,0.32793117910599601,mean_p|train_n=12|p=40,30,59,-1.4213,0.95160999999999996
2274322959,13,40,mean_p,12,0.29977062497332879,0.067124436183157166,mean_p|train_n=12|p=40,31,62,-1.4213,0.95160999999999996
813729837,13,40,mean_p,12,0.33269766436670101,0.049891240912371876,mean_p|train_n=12|p=40,32,63,-1.4213,0.95160999999999996
3919278927,13,40,mean_p,12,0.22942375837575943,0.12652471599608961,mean_p|train_n=12|p=40,33,64,-1.4213,0.95160999999999996
3782207348,13,40,mean_p,12,0.15747256914891816,0.24196270526561686,mean_p|train_n=12|p=40,34,65,-1.4213,0.95160999999999996
2723938697,13,40,mean_p,12,0.1620271486672164,0.23223334937302781,mean_p|train_n=12|p=40,35,67,-1.4213,0.95160999999999996
708713963,13,40,mean_p,12,0.13325202143002918,0.30097670223070161,mean_p|train_n=12|p=40,36,75,-1.4213,0.95160999999999996
2724084657,13,40,mean_p,12,0.28161433567770672,0.079055718619271034,mean_p|train_n=12|p=40,37,76,-1.4213,0.95160999999999996
2718593322,13,40,mean_p,12,0.30838792535148252,0.062109465838998269,mean_p|train_n=12|p=40,38,78,-1.4213,0.95160999999999996
2614124859,13,40,mean_p,12,0.28024045864113178,0.080040502656745158,mean_p|train_n=12|p=40,39,79,-1.4213,0.95160999999999996
1826311120,13,40,mean_p,12,0.19773971631217796,0.16833227104734602,mean_p|train_n=12|p=40,40,80,-1.4213,0.95160999999999996
16605759,13,40,mean_p,12,0.14083578420024087,0.2810959953219595,mean_p|train_n=12|p=40,41,83,-1.4213,0.95160999999999996
2372635823,13,40,mean_p,12,0.059469969228412564,0.58515486547154039,mean_p|train_n=12|p=40,42,87,-1.4213,0.95160999999999996
1393156433,13,40,mean_p,12,0.051095695433442834,0.63101926628344707,mean_p|train_n=12|p=40,43,88,-1.4213,0.95160999999999996
2812176473,13,40,mean_p,12,0.2196217726934073,0.13820837582782328,mean_p|train_n=12|p=40,44,89,-1.4213,0.95160999999999996
480582259,13,40,mean_p,12,0.18600056433022796,0.18711442184536065,mean_p|train_n=12|p=40,45,90,-1.4213,0.95160999999999996
1383312952,13,40,mean_p,12,0.17959146249453511,0.19823876192605688,mean_p|train_n=12|p=40,46,91,-1.4213,0.95160999999999996
3418321834,13,40,mean_p,12,0.052117794187279437,0.62523423261398592,mean_p|train_n=12|p=40,47,93,-1.4213,0.95160999999999996
2668008257,13,40,mean_p,12,0.15563202899866249,0.24600910602619783,mean_p|train_n=12|p=40,48,94,-1.4213,0.95160999999999996
3962924388,13,40,mean_p,12,0.16244574883117227,0.2313590221960781,mean_p|train_n=12|p=40,49,95,-1.4213,0.95160999999999996
3485447545,13,40,mean_p,12,0.17841773397422278,0.20034653426354712,mean_p|train_n=12|p=40,50,97,-1.4213,0.95160999999999996
3194581779,13,40,mean_p,12,0.10541136206736408,0.38679801417207854,mean_p|train_n=12|p=40,51,98,-1.4213,0.95160999999999996
2690162688,13,40,mean_p,12,0.19889668191743246,0.16658646986888739,mean_p|train_n=12|p=40,52,99,-1.4213,0.95160999999999996
2927753273,13,40,mean_p,12,0.14915094600448986,0.26080396388197458,mean_p|train_n=12|p=40,53,100,-1.4213,0.95160999999999996
353394292,13,40,mean_p,12,0.27805650543856875,0.081631253957826527,mean_p|train_n=12|p=40,54,101,-1.4213,0.95160999999999996
3330760477,13,40,mean_p,12,0.12706003112003011,0.31824717115815293,mean_p|train_n=12|p=40,55,102,-1.4213,0.95160999999999996
2582531892,13,40,mean_p,12,0.19910844173956363,0.16626890107579184,mean_p|train_n=12|p=40,56,103,-1.4213,0.95160999999999996
2441398602,13,40,mean_p,12,0.13469934119962837,0.29707694742824692,mean_p|train_n=12|p=40,57,104,-1.4213,0.95160999999999996
2522029905,13,40,mean_p,12,0.29543012889910597,0.069801813255035247,mean_p|train_n=12|p=40,58,109,-1.4213,0.95160999999999996
1464198585,13,40,mean_p,12,0.23464652958805116,0.12070816026221089,mean_p|train_n=12|p=40,59,110,-1.4213,0.95160999999999996
3373258433,13,40,mean_p,12,0.23474232030845421,0.12060401453332162,mean_p|train_n=12|p=40,60,111,-1.4213,0.95160999999999996
2091447848,13,40,mean_p,12,0.1078083775551934,0.37853302853493864,mean_p|train_n=12|p=40,61,112,-1.4213,0.95160999999999996
1126568935,13,40,mean_p,12,0.32530017311558707,0.05333024438902443,mean_p|train_n=12|p=40,62,113,-1.4213,0.95160999999999996
1897217296,13,40,mean_p,12,0.055963989888774851,0.60393623159177112,mean_p|train_n=12|p=40,63,115,-1.4213,0.95160999999999996
2155038565,13,40,mean_p,12,0.31705239065544988,0.057444752523613259,mean_p|train_n=12|p=40,64,119,-1.4213,0.95160999999999996
2936456461,13,40,mean_p,12,0.13503403647268716,0.29618233976728015,mean_p|train_n=12|p=40,65,120,-1.4213,0.95160999999999996
1251447701,13,40,mean_p,12,0.40955096872419805,0.024961309061847851,mean_p|train_n=12|p=40,66,122,-1.4213,0.95160999999999996
3092205438,13,40,mean_p,12,0.26261818999384456,0.093815072011383741,mean_p|train_n=12|p=40,67,123,-1.4213,0.95160999999999996
311094117,13,40,mean_p,12,0.035948030009584721,0.72330478949518406,mean_p|train_n=12|p=40,68,124,-1.4213,0.95160999999999996
761647772,13,40,mean_p,12,0.091052163406998121,0.44022771381610737,mean_p|train_n=12|p=40,69,125,-1.4213,0.95160999999999996
1133612949,13,40,mean_p,12,0.25668033981854088,0.098971405880662625,mean_p|train_n=12|p=40,70,126,-1.4213,0.95160999999999996
3571831956,13,40,mean_p,12,0.2790204569770165,0.080925268609268214,mean_p|train_n=12|p=40,71,127,-1.4213,0.95160999999999996
2519171354,13,40,mean_p,12,0.36707646332873628,0.036600469789409215,mean_p|train_n=12|p=40,72,129,-1.4213,0.95160999999999996
3094883975,13,40,mean_p,12,0.15785222712769323,0.24113634940200654,mean_p|train_n=12|p=40,73,130,-1.4213,0.95160999999999996
668587493,13,40,mean_p,12,0.25921057009130993,0.096740418478375487,mean_p|train_n=12|p=40,74,134,-1.4213,0.95160999999999996
2580413020,13,40,mean_p,12,0.5355754462956368,0.0080183393871645671,mean_p|train_n=12|p=40,75,135,-1.4213,0.95160999999999996
1841355450,13,40,mean_p,12,0.4258825359125622,0.02154544987909135,mean_p|train_n=12|p=40,76,137,-1.4213,0.95160999999999996
1819732075,13,40,mean_p,12,0.11405093144440005,0.35782792648010731,mean_p|train_n=12|p=40,77,138,-1.4213,0.95160999999999996
4075670846,13,40,mean_p,12,0.15951689918995168,0.23754624562837773,mean_p|train_n=12|p=40,78,139,-1.4213,0.95160999999999996
853442135,13,40,mean_p,12,0.18576686226326952,0.18750887550781836,mean_p|train_n=12|p=40,79,141,-1.4213,0.95160999999999996
1343084864,13,40,mean_p,12,0.13705769426442488,0.2908303979612159,mean_p|train_n=12|p=40,80,144,-1.4213,0.95160999999999996
173475955,13,40,mean_p,12,0.1425623447270303,0.27675657911014817,mean_p|train_n=12|p=40,81,145,-1.4213,0.95160999999999996
3231880528,13,40,mean_p,12,0.3622015771346011,0.038244059964770843,mean_p|train_n=12|p=40,82,146,-1.4213,0.95160999999999996
1488716536,13,40,mean_p,12,0.1941338789851309,0.1738915306355433,mean_p|train_n=12|p=40,83,147,-1.4213,0.95160999999999996
2291910583,13,40,mean_p,12,0.3577272979244342,0.039817463419078276,mean_p|train_n=12|p=40,84,148,-1.4213,0.95160999999999996
3244400256,13,40,mean_p,12,0.17403398027997594,0.20841893469158745,mean_p|train_n=12|p=40,85,149,-1.4213,0.95160999999999996
4028805120,13,40,mean_p,12,0.28943018998231385,0.073679522924861435,mean_p|train_n=12|p=40,86,151,-1.4213,0.95160999999999996
1068744059,13,40,mean_p,12,0.42139272288566032,0.02243499390794329,mean_p|train_n=12|p=40,87,154,-1.4213,0.95160999999999996
3189663334,13,40,mean_p,12,0.28715341825369489,0.075206729104348793,mean_p|train_n=12|p=40,88,155,-1.4213,0.95160999999999996
1699493503,13,40,mean_p,12,0.085241491688935342,0.46389191523174189,mean_p|train_n=12|p=40,89,156,-1.4213,0.95160999999999996
2726625222,13,40,mean_p,12,0.31867938534783402,0.056608715194020651,mean_p|train_n=12|p=40,90,158,-1.4213,0.95160999999999996
1313666937,13,40,mean_p,12,0.11896962500805454,0.34231463416499291,mean_p|train_n=12|p=40,91,160,-1.4213,0.95160999999999996
487671382,13,40,mean_p,12,0.052449400438745589,0.62336877416401681,mean_p|train_n=12|p=40,92,161,-1.4213,0.95160999999999996
2325141600,13,40,mean_p,12,0.22223708853435578,0.13498938310071193,mean_p|train_n=12|p=40,93,165,-1.4213,0.95160999999999996
3507991206,13,40,mean_p,12,0.34883377216179834,0.043139730137133014,mean_p|train_n=12|p=40,94,166,-1.4213,0.95160999999999996
931296357,13,40,mean_p,12,0.13614337412678323,0.29323640653122951,mean_p|train_n=12|p=40,95,167,-1.4213,0.95160999999999996
2218472588,13,40,mean_p,12,0.10604261855323108,0.38460407636842725,mean_p|train_n=12|p=40,96,168,-1.4213,0.95160999999999996
2317426070,13,40,mean_p,12,0.13489989194062899,0.29654057100549219,mean_p|train_n=12|p=40,97,170,-1.4213,0.95160999999999996
24330806,13,40,mean_p,12,0.27819492218642838,0.081529501921079384,mean_p|train_n=12|p=40,98,173,-1.4213,0.95160999999999996
720208513,13,40,mean_p,12,0.38215074300122887,0.031951785012528634,mean_p|train_n=12|p=40,99,174,-1.4213,0.95160999999999996
791590556,13,40,mean_p,12,0.18923753146977873,0.18173549046640136,mean_p|train_n=12|p=40,100,177,-1.4213,0.95160999999999996
1830706655,13,40,mean_p,12,0.083096291823032409,0.47294627280233004,mean_p|train_n=12|p=40,101,179,-1.4213,0.95160999999999996
316530327,13,40,mean_p,12,0.090320148821574811,0.44314110662407308,mean_p|train_n=12|p=40,102,181,-1.4213,0.95160999999999996
1760325721,13,40,mean_p,12,0.068554343214516117,0.53916305156064803,mean_p|train_n=12|p=40,103,182,-1.4213,0.95160999999999996
1898959044,13,40,mean_p,12,0.24236188225182792,0.11260131107944968,mean_p|train_n=12|p=40,104,183,-1.4213,0.95160999999999996
2292485283,13,40,mean_p,12,0.15614271722486783,0.24487963013915043,mean_p|train_n=12|p=40,105,187,-1.4213,0.95160999999999996
735020650,13,40,mean_p,12,0.098146203166703236,0.41296727266634203,mean_p|train_n=12|p=40,106,189,-1.4213,0.95160999999999996
2863325184,13,40,mean_p,12,0.16257360378181082,0.23109262929142649,mean_p|train_n=12|p=40,107,190,-1.4213,0.95160999999999996
2024142160,13,40,mean_p,12,0.15595896011546967,0.2452854424621228,mean_p|train_n=12|p=40,108,191,-1.4213,0.95160999999999996
3848914394,13,40,mean_p,12,0.12670486077850274,0.31926732390573254,mean_p|train_n=12|p=40,109,192,-1.4213,0.95160999999999996
1924943175,13,40,mean_p,12,0.2751604924588823,0.083789518729658549,mean_p|train_n=12|p=40,110,193,-1.4213,0.95160999999999996
3049939027,13,40,mean_p,12,0.1093991226435132,0.37314581365201527,mean_p|train_n=12|p=40,111,194,-1.4213,0.95160999999999996
2234691890,13,40,mean_p,12,0.063637275180397773,0.56358902492684648,mean_p|train_n=12|p=40,112,195,-1.4213,0.95160999999999996
2673378205,13,40,mean_p,12,0.17942462516015376,0.1985370096397138,mean_p|train_n=12|p=40,113,196,-1.4213,0.95160999999999996
80044016,13,40,mean_p,12,0.099812356430799803,0.40681347344808527,mean_p|train_n=12|p=40,114,199,-1.4213,0.95160999999999996
3595731260,13,40,mean_p,12,0.035727739742393468,0.72474198740217644,mean_p|train_n=12|p=40,115,201,-1.4213,0.95160999999999996
854344893,13,40,mean_p,12,0.36506426944220477,0.037270151590794776,mean_p|train_n=12|p=40,116,202,-1.4213,0.95160999999999996
3019285046,13,40,mean_p,12,0.079199466863778711,0.48984829734865598,mean_p|train_n=12|p=40,117,205,-1.4213,0.95160999999999996
2721728482,13,40,mean_p,12,0.16655772160370763,0.22294343449058723,mean_p|train_n=12|p=40,118,206,-1.4213,0.95160999999999996
3889816359,13,40,mean_p,12,0.21206735309260502,0.14794413502784282,mean_p|train_n=12|p=40,119,207,-1.4213,0.95160999999999996
3868321773,13,40,mean_p,12,0.42673938724537486,0.021379737734134319,mean_p|train_n=12|p=40,120,208,-1.4213,0.95160999999999996
3284281265,13,40,mean_p,12,0.21592874232798076,0.14288499739390764,mean_p|train_n=12|p=40,121,209,-1.4213,0.95160999999999996
1661485059,13,40,mean_p,12,0.15562863957304085,0.24601661970691374,mean_p|train_n=12|p=40,122,210,-1.4213,0.95160999999999996
952770418,13,40,mean_p,12,0.2546496945759516,0.10079905163873236,mean_p|train_n=12|p=40,123,211,-1.4213,0.95160999999999996
3891240332,13,40,mean_p,12,0.041857210158821684,0.68579831653679069,mean_p|train_n=12|p=40,124,213,-1.4213,0.95160999999999996
4143862058,13,40,mean_p,12,0.086712629552033321,0.45778300698794794,mean_p|train_n=12|p=40,125,214,-1.4213,0.95160999999999996
1397400701,13,40,mean_p,12,0.31720986460697975,0.057363297136951624,mean_p|train_n=12|p=40,126,215,-1.4213,0.95160999999999996
1038523573,13,40,mean_p,12,0.081416034767412854,0.48016147069480541,mean_p|train_n=12|p=40,127,216,-1.4213,0.95160999999999996
1192843563,13,40,mean_p,12,0.14842458928356528,0.26251656015390507,mean_p|train_n=12|p=40,128,218,-1.4213,0.95160999999999996
2072966362,13,40,mean_p,12,0.21173951252617793,0.14838182933669158,mean_p|train_n=12|p=40,129,220,-1.4213,0.95160999999999996
1373122015,13,40,mean_p,12,0.15727851075497712,0.24238618189337047,mean_p|train_n=12|p=40,130,221,-1.4213,0.95160999999999996
1644664148,13,40,mean_p,12,0.27640856837548933,0.082852475349121185,mean_p|train_n=12|p=40,131,222,-1.4213,0.95160999999999996
2572603372,13,40,mean_p,12,0.11661601251652129,0.34965204236079345,mean_p|train_n=12|p=40,132,223,-1.4213,0.95160999999999996
251676963,13,40,mean_p,12,0.16974197837519961,0.2166374069914678,mean_p|train_n=12|p=40,133,226,-1.4213,0.95160999999999996
668902972,13,40,mean_p,12,0.092168441798787637,0.43582179667633059,mean_p|train_n=12|p=40,134,227,-1.4213,0.95160999999999996
264717,13,40,mean_p,12,0.28447740775349362,0.0770422527570261,mean_p|train_n=12|p=40,135,228,-1.4213,0.95160999999999996
1282929053,13,40,mean_p,12,0.19072281788996245,0.17931938571161465,mean_p|train_n=12|p=40,136,232,-1.4213,0.95160999999999996
2713849358,13,40,mean_p,12,0.035934531462992483,0.72339277346977782,mean_p|train_n=12|p=40,137,234,-1.4213,0.95160999999999996
2670740499,13,40,mean_p,12,0.34311483656791136,0.045421121062343653,mean_p|train_n=12|p=40,138,235,-1.4213,0.95160999999999996
3720481762,13,40,mean_p,12,0.23949681941179504,0.11554617022724691,mean_p|train_n=12|p=40,139,237,-1.4213,0.95160999999999996
3573664464,13,40,mean_p,12,0.2482606697111904,0.10677244596715921,mean_p|train_n=12|p=40,140,238,-1.4213,0.95160999999999996
2858528817,13,40,mean_p,12,0.21474786172358365,0.14441352788392756,mean_p|train_n=12|p=40,141,240,-1.4213,0.95160999999999996
2213532469,13,40,mean_p,12,0.24699186037694082,0.10800019445611893,mean_p|train_n=12|p=40,142,241,-1.4213,0.95160999999999996
714680812,13,40,mean_p,12,0.11735429524453292,0.34733366675870336,mean_p|train_n=12|p=40,143,242,-1.4213,0.95160999999999996
2754220589,13,40,mean_p,12,0.087639122285610049,0.45397709364175309,mean_p|train_n=12|p=40,144,244,-1.4213,0.95160999999999996
313499115,13,40,mean_p,12,0.24180615354784887,0.11316659018785788,mean_p|train_n=12|p=40,145,248,-1.4213,0.95160999999999996
1799476455,13,40,mean_p,12,0.17626387874392055,0.20427287883872799,mean_p|train_n=12|p=40,146,251,-1.4213,0.95160999999999996
134003694,13,40,mean_p,12,0.11196011662443658,0.36463336515503897,mean_p|train_n=12|p=40,147,252,-1.4213,0.95160999999999996
1967711595,13,40,mean_p,12,0.26617290345166522,0.09085767857975148,mean_p|train_n=12|p=40,148,254,-1.4213,0.95160999999999996
357601323,13,40,mean_p,12,0.15813013580160612,0.24053324856941452,mean_p|train_n=12|p=40,149,256,-1.4213,0.95160999999999996
4129816946,13,40,mean_p,12,0.13427448936539871,0.29821642776258556,mean_p|train_n=12|p=40,150,257,-1.4213,0.95160999999999996
3021053765,13,40,mean_p,12,0.10640470409132702,0.38335126531293284,mean_p|train_n=12|p=40,151,260,-1.4213,0.95160999999999996
2012665947,13,40,mean_p,12,0.30396622265801615,0.064634090357651705,mean_p|train_n=12|p=40,152,261,-1.4213,0.95160999999999996
964235237,13,40,mean_p,12,0.12219956294843205,0.33249526060621082,mean_p|train_n=12|p=40,153,262,-1.4213,0.95160999999999996
3657523098,13,40,mean_p,12,0.083666589627063054,0.47052208144301272,mean_p|train_n=12|p=40,154,263,-1.4213,0.95160999999999996
4212691483,13,40,mean_p,12,0.098753289992091917,0.41071434154207298,mean_p|train_n=12|p=40,155,265,-1.4213,0.95160999999999996
710395245,13,40,mean_p,12,0.13854143405378588,0.28696791690276741,mean_p|train_n=12|p=40,156,268,-1.4213,0.95160999999999996
1689339447,13,40,mean_p,12,0.4391320201912442,0.019120760788461283,mean_p|train_n=12|p=40,157,270,-1.4213,0.95160999999999996
2392375212,13,40,mean_p,12,0.40192548437094655,0.02673676453752525,mean_p|train_n=12|p=40,158,273,-1.4213,0.95160999999999996
3753539383,13,40,mean_p,12,0.1926588784680193,0.17621816821746183,mean_p|train_n=12|p=40,159,274,-1.4213,0.95160999999999996
396525638,13,40,mean_p,12,0.27078755608985489,0.087157085894079514,mean_p|train_n=12|p=40,160,276,-1.4213,0.95160999999999996
3793816263,13,40,mean_p,12,0.18780090194589086,0.18410341265057942,mean_p|train_n=12|p=40,161,277,-1.4213,0.95160999999999996
2932781391,13,40,mean_p,12,0.01751634133112167,0.85398791709351241,mean_p|train_n=12|p=40,162,278,-1.4213,0.95160999999999996
1330122543,13,40,mean_p,12,0.29900612943955318,0.067588439580165541,mean_p|train_n=12|p=40,163,279,-1.4213,0.95160999999999996
2866148227,13,40,mean_p,12,0.42134849784557127,0.022443936214257779,mean_p|train_n=12|p=40,164,282,-1.4213,0.95160999999999996
3313959536,13,40,mean_p,12,0.25206303127172164,0.10317609061725212,mean_p|train_n=12|p=40,165,283,-1.4213,0.95160999999999996
1901900815,13,40,mean_p,12,0.20125277672691261,0.16308702385119905,mean_p|train_n=12|p=40,166,284,-1.4213,0.95160999999999996
1754218252,13,40,mean_p,12,0.35257710506613277,0.041708858362362176,mean_p|train_n=12|p=40,167,286,-1.4213,0.95160999999999996
2126234051,13,40,mean_p,12,0.12301902156595877,0.33004913442831629,mean_p|train_n=12|p=40,168,287,-1.4213,0.95160999999999996
1686389248,13,40,mean_p,12,0.12821294092832083,0.31495808871567466,mean_p|train_n=12|p=40,169,288,-1.4213,0.95160999999999996
2029881361,13,40,mean_p,12,0.068661809460584131,0.53864119547423284,mean_p|train_n=12|p=40,170,290,-1.4213,0.95160999999999996
1840702391,13,40,mean_p,12,0.17263907009158894,0.21105517201318913,mean_p|train_n=12|p=40,171,292,-1.4213,0.95160999999999996
4255122286,13,40,mean_p,12,0.51664134171370879,0.0095100098963060986,mean_p|train_n=12|p=40,172,296,-1.4213,0.95160999999999996
3608913589,13,40,mean_p,12,0.21014727238931658,0.15052608889642927,mean_p|train_n=12|p=40,173,297,-1.4213,0.95160999999999996
1214728956,13,40,mean_p,12,0.028951575168444155,0.77037325478646823,mean_p|train_n=12|p=40,174,301,-1.4213,0.95160999999999996
4287067873,13,40,mean_p,12,0.20217874512742043,0.16173191616342006,mean_p|train_n=12|p=40,175,302,-1.4213,0.95160999999999996
1028510931,13,40,mean_p,12,0.19916038870093519,0.16619109055035464,mean_p|train_n=12|p=40,176,303,-1.4213,0.95160999999999996
4102916068,13,40,mean_p,12,0.14603302762747405,0.26823523047558817,mean_p|train_n=12|p=40,177,305,-1.4213,0.95160999999999996
485341611,13,40,mean_p,12,0.062699357619090318,0.56837237888861225,mean_p|train_n=12|p=40,178,306,-1.4213,0.95160999999999996
2310310264,13,40,mean_p,12,0.065484861139878628,0.55428382202961057,mean_p|train_n=12|p=40,179,308,-1.4213,0.95160999999999996
2391818744,13,40,mean_p,12,0.16958290302080983,0.21694816080054496,mean_p|train_n=12|p=40,180,309,-1.4213,0.95160999999999996
4084260313,13,40,mean_p,12,0.27888188279339665,0.081026381486174054,mean_p|train_n=12|p=40,181,310,-1.4213,0.95160999999999996
3901628587,13,40,mean_p,12,0.070616478433108129,0.52923698109513639,mean_p|train_n=12|p=40,182,311,-1.4213,0.95160999999999996
3944556694,13,40,mean_p,12,0.039128834890446725,0.7028677405982604,mean_p|train_n=12|p=40,183,312,-1.4213,0.95160999999999996
3320693524,13,40,mean_p,12,0.089500099700628458,0.44642777807736944,mean_p|train_n=12|p=40,184,314,-1.4213,0.95160999999999996
4043452308,13,40,mean_p,12,0.14730020485104653,0.26518982678398195,mean_p|train_n=12|p=40,185,315,-1.4213,0.95160999999999996
1372205905,13,40,mean_p,12,0.11543533323899481,0.35339184859281103,mean_p|train_n=12|p=40,186,317,-1.4213,0.95160999999999996
3393936802,13,40,mean_p,12,0.14512687835906207,0.27043439965260241,mean_p|train_n=12|p=40,187,318,-1.4213,0.95160999999999996
1346288514,13,40,mean_p,12,0.14182514864431822,0.27860114023899402,mean_p|train_n=12|p=40,188,319,-1.4213,0.95160999999999996
95680127,13,40,mean_p,12,0.05597578535474991,0.60387204387607019,mean_p|train_n=12|p=40,189,321,-1.4213,0.95160999999999996
3334241682,13,40,mean_p,12,0.1631819777151938,0.22982924449395936,mean_p|train_n=12|p=40,190,322,-1.4213,0.95160999999999996
567996641,13,40,mean_p,12,0.069952109691376593,0.53241479750380094,mean_p|train_n=12|p=40,191,323,-1.4213,0.95160999999999996
1934480178,13,40,mean_p,12,0.067390477241276503,0.54484727614163753,mean_p|train_n=12|p=40,192,324,-1.4213,0.95160999999999996
1501335082,13,40,mean_p,12,0.20366417645987708,0.15958154299877553,mean_p|train_n=12|p=40,193,328,-1.4213,0.95160999999999996
918619465,13,40,mean_p,12,0.084980611894503413,0.46498369897353786,mean_p|train_n=12|p=40,194,329,-1.4213,0.95160999999999996
2835385324,13,40,mean_p,12,0.050522411316316587,0.63428742821952477,mean_p|train_n=12|p=40,195,331,-1.4213,0.95160999999999996
592391315,13,40,mean_p,12,0.22514889693164133,0.13149358649083304,mean_p|train_n=12|p=40,196,332,-1.4213,0.95160999999999996
2095668931,13,40,mean_p,12,0.28044655512348832,0.079891995974919236,mean_p|train_n=12|p=40,197,334,-1.4213,0.95160999999999996
1739263832,13,40,mean_p,12,0.12879700873044692,0.31330482359301642,mean_p|train_n=12|p=40,198,336,-1.4213,0.95160999999999996
3138206277,13,40,mean_p,12,0.14896759637877335,0.2612352066625242,mean_p|train_n=12|p=40,199,337,-1.4213,0.95160999999999996
3732687201,13,40,mean_p,12,0.11377881051612475,0.35870641796322333,mean_p|train_n=12|p=40,200,340,-1.4213,0.95160999999999996
3839117489,13,40,mean_p,12,0.23329293436306314,0.12218946878937086,mean_p|train_n=12|p=40,201,342,-1.4213,0.95160999999999996
2674821599,13,40,mean_p,12,0.35671804270173585,0.040181227413236202,mean_p|train_n=12|p=40,202,345,-1.4213,0.95160999999999996
773674101,13,40,mean_p,12,0.055036352789455685,0.60900560607552556,mean_p|train_n=12|p=40,203,346,-1.4213,0.95160999999999996
530017051,13,40,mean_p,12,0.48019837671464466,0.013206766566233197,mean_p|train_n=12|p=40,204,347,-1.4213,0.95160999999999996
756157305,13,40,mean_p,12,0.11301701745952604,0.36117721129021552,mean_p|train_n=12|p=40,205,351,-1.4213,0.95160999999999996
3615327269,13,40,mean_p,12,0.10254670865487013,0.39691246819627685,mean_p|train_n=12|p=40,206,352,-1.4213,0.95160999999999996
4211577467,13,40,mean_p,12,0.20265348632837388,0.16104152873124256,mean_p|train_n=12|p=40,207,353,-1.4213,0.95160999999999996
1796225250,13,40,mean_p,12,0.17597578160893973,0.20480386389951652,mean_p|train_n=12|p=40,208,355,-1.4213,0.95160999999999996
915696607,13,40,mean_p,12,0.14602377525471374,0.26825759480379652,mean_p|train_n=12|p=40,209,357,-1.4213,0.95160999999999996
2629746404,13,40,mean_p,12,0.25371674150235085,0.10165001692229075,mean_p|train_n=12|p=40,210,358,-1.4213,0.95160999999999996
3845434085,13,40,mean_p,12,0.15995606483585029,0.23660806531809286,mean_p|train_n=12|p=40,211,360,-1.4213,0.95160999999999996
3857359299,13,40,mean_p,12,0.11677270324888943,0.34915870769548008,mean_p|train_n=12|p=40,212,362,-1.4213,0.95160999999999996
216894094,13,40,mean_p,12,0.2498321730097279,0.10527113043383284,mean_p|train_n=12|p=40,213,363,-1.4213,0.95160999999999996
1657658715,13,40,mean_p,12,0.17699559641168905,0.20293044743628685,mean_p|train_n=12|p=40,214,365,-1.4213,0.95160999999999996
4026258898,13,40,mean_p,12,0.24498189799293582,0.1099740715158969,mean_p|train_n=12|p=40,215,366,-1.4213,0.95160999999999996
1215988977,13,40,mean_p,12,0.47473693276412965,0.013872964068876956,mean_p|train_n=12|p=40,216,368,-1.4213,0.95160999999999996
3708002182,13,40,mean_p,12,0.16069515641693513,0.23503751722826119,mean_p|train_n=12|p=40,217,370,-1.4213,0.95160999999999996
3064163573,13,40,mean_p,12,0.29317372727074936,0.071235566760546612,mean_p|train_n=12|p=40,218,372,-1.4213,0.95160999999999996
3607571255,13,40,mean_p,12,0.14443656723133014,0.27212183464066186,mean_p|train_n=12|p=40,219,373,-1.4213,0.95160999999999996
771437767,13,40,mean_p,12,0.23218224271004279,0.12341852344306088,mean_p|train_n=12|p=40,220,376,-1.4213,0.95160999999999996
2965289746,13,40,mean_p,12,0.37602091561300105,0.033766304319937095,mean_p|train_n=12|p=40,221,378,-1.4213,0.95160999999999996
3101997527,13,40,mean_p,12,0.44172055750981271,0.018679928619160607,mean_p|train_n=12|p=40,222,379,-1.4213,0.95160999999999996
266713336,13,40,mean_p,12,0.10501423220288061,0.38818465151052572,mean_p|train_n=12|p=40,223,380,-1.4213,0.95160999999999996
4019284171,13,40,mean_p,12,0.067427145983797496,0.54466727806402981,mean_p|train_n=12|p=40,224,382,-1.4213,0.95160999999999996
795832076,13,40,mean_p,12,0.05640490293794749,0.60154153550937783,mean_p|train_n=12|p=40,225,383,-1.4213,0.95160999999999996
1253634742,13,40,mean_p,12,0.12190353477248803,0.3333833704572523,mean_p|train_n=12|p=40,226,384,-1.4213,0.95160999999999996
2228277480,13,40,mean_p,12,0.3051128380779965,0.063969725598510524,mean_p|train_n=12|p=40,227,386,-1.4213,0.95160999999999996
141054480,13,40,mean_p,12,0.05806742815560062,0.5925970846718791,mean_p|train_n=12|p=40,228,387,-1.4213,0.95160999999999996
63013310,13,40,mean_p,12,0.088614021610070898,0.45000649180779551,mean_p|train_n=12|p=40,229,388,-1.4213,0.95160999999999996
3608547012,13,40,mean_p,12,0.24623262877443783,0.10874159697879679,mean_p|train_n=12|p=40,230,390,-1.4213,0.95160999999999996
625294015,13,40,mean_p,12,0.055817806588912153,0.60473228778750743,mean_p|train_n=12|p=40,231,391,-1.4213,0.95160999999999996
4210055179,13,40,mean_p,12,0.14842070620085479,0.26252574580102828,mean_p|train_n=12|p=40,232,392,-1.4213,0.95160999999999996
2134668331,13,40,mean_p,12,0.12394118909771226,0.32731793075650778,mean_p|train_n=12|p=40,233,393,-1.4213,0.95160999999999996
1131467584,13,40,mean_p,12,0.13075036635826964,0.30783842698022412,mean_p|train_n=12|p=40,234,394,-1.4213,0.95160999999999996
1663296931,13,40,mean_p,12,0.16509325239643832,0.22590493911880025,mean_p|train_n=12|p=40,235,396,-1.4213,0.95160999999999996
1400386673,13,40,mean_p,12,0.18791380548870759,0.18391620770267564,mean_p|train_n=12|p=40,236,398,-1.4213,0.95160999999999996
62543248,13,40,mean_p,12,0.11141712766078213,0.36642182469002593,mean_p|train_n=12|p=40,237,399,-1.4213,0.95160999999999996
635634673,13,40,mean_p,12,0.16852535800005417,0.21902543863567422,mean_p|train_n=12|p=40,238,401,-1.4213,0.95160999999999996
4290329824,13,40,mean_p,12,0.19380388210211677,0.1744093794002779,mean_p|train_n=12|p=40,239,403,-1.4213,0.95160999999999996
3394409073,13,40,mean_p,12,0.22837062563787594,0.12773111115883415,mean_p|train_n=12|p=40,240,404,-1.4213,0.95160999999999996
4226786987,13,40,mean_p,12,0.15979519730358938,0.23695129241282309,mean_p|train_n=12|p=40,241,405,-1.4213,0.95160999999999996
3911070590,13,40,mean_p,12,0.040480078868345121,0.69436155398504273,mean_p|train_n=12|p=40,242,406,-1.4213,0.95160999999999996
1535822555,13,40,mean_p,12,0.089289239687289246,0.44727681564482097,mean_p|train_n=12|p=40,243,407,-1.4213,0.95160999999999996
3695554045,13,40,mean_p,12,0.093262249054321206,0.43154734835590464,mean_p|train_n=12|p=40,244,408,-1.4213,0.95160999999999996
3506866262,13,40,mean_p,12,0.2484697084773774,0.10657151546131263,mean_p|train_n=12|p=40,245,410,-1.4213,0.95160999999999996
810285081,13,40,mean_p,12,0.23764673835833802,0.11748857706280277,mean_p|train_n=12|p=40,246,411,-1.4213,0.95160999999999996
3756855434,13,40,mean_p,12,0.32807705267636939,0.052012360178912698,mean_p|train_n=12|p=40,247,412,-1.4213,0.95160999999999996
1914155607,13,40,mean_p,12,0.057887988570928278,0.59355603858385664,mean_p|train_n=12|p=40,248,421,-1.4213,0.95160999999999996
3658991522,13,40,mean_p,12,0.22888177982641381,0.12714413881598996,mean_p|train_n=12|p=40,249,422,-1.4213,0.95160999999999996
954588581,13,40,mean_p,12,0.20777676460850902,0.1537759783846146,mean_p|train_n=12|p=40,250,423,-1.4213,0.95160999999999996
1640021527,13,40,mean_p,12,0.3037557391287255,0.064756794857267264,mean_p|train_n=12|p=40,251,425,-1.4213,0.95160999999999996
3225505645,13,40,mean_p,12,0.15921469379761088,0.23819400044570457,mean_p|train_n=12|p=40,252,427,-1.4213,0.95160999999999996
570738241,13,40,mean_p,12,0.087838948747918255,0.45316038939749703,mean_p|train_n=12|p=40,253,430,-1.4213,0.95160999999999996
2750656812,13,40,mean_p,12,0.073345213800523584,0.51638257386761544,mean_p|train_n=12|p=40,254,433,-1.4213,0.95160999999999996
4223296115,13,40,mean_p,12,0.43937919089120225,0.019078221774278606,mean_p|train_n=12|p=40,255,434,-1.4213,0.95160999999999996
1199975105,13,40,mean_p,12,0.24608326168593159,0.10888805451855638,mean_p|train_n=12|p=40,256,435,-1.4213,0.95160999999999996
115326738,13,40,mean_p,12,0.30280375155823297,0.065314686065597344,mean_p|train_n=12|p=40,257,437,-1.4213,0.95160999999999996
752365689,13,40,mean_p,12,0.13104062178795983,0.30703433787163881,mean_p|train_n=12|p=40,258,440,-1.4213,0.95160999999999996
3168072017,13,40,mean_p,12,0.13691430666505389,0.29120640917810292,mean_p|train_n=12|p=40,259,442,-1.4213,0.95160999999999996
2919440748,13,40,mean_p,12,0.28242175346367493,0.078482630370120418,mean_p|train_n=12|p=40,260,444,-1.4213,0.95160999999999996
2978865762,13,40,mean_p,12,0.30610415454004414,0.06340084992938666,mean_p|train_n=12|p=40,261,446,-1.4213,0.95160999999999996
683930972,13,40,mean_p,12,0.29340303450589283,0.071088526979230043,mean_p|train_n=12|p=40,262,447,-1.4213,0.95160999999999996
1727838780,13,40,mean_p,12,0.0093548534846771038,0.91915935233112245,mean_p|train_n=12|p=40,263,448,-1.4213,0.95160999999999996
1973887746,13,40,mean_p,12,0.14809059187162874,0.26330782580760653,mean_p|train_n=12|p=40,264,450,-1.4213,0.95160999999999996
3675758240,13,40,mean_p,12,0.23965082029203491,0.11538593932653143,mean_p|train_n=12|p=40,265,452,-1.4213,0.95160999999999996
2611499,13,40,mean_p,12,0.17498112673274752,0.2066477201725534,mean_p|train_n=12|p=40,266,455,-1.4213,0.95160999999999996
2346868378,13,40,mean_p,12,0.16130653589490065,0.23374623513935588,mean_p|train_n=12|p=40,267,458,-1.4213,0.95160999999999996
3308856034,13,40,mean_p,12,0.13494534804904607,0.29641913254739766,mean_p|train_n=12|p=40,268,459,-1.4213,0.95160999999999996
629553947,13,40,mean_p,12,0.15461907854187443,0.24826486006411239,mean_p|train_n=12|p=40,269,462,-1.4213,0.95160999999999996
4162063077,13,40,mean_p,12,0.47722510777306038,0.013565383075341129,mean_p|train_n=12|p=40,270,463,-1.4213,0.95160999999999996
711703487,13,40,mean_p,12,0.16130508371377181,0.23374929384065962,mean_p|train_n=12|p=40,271,464,-1.4213,0.95160999999999996
38178890,13,40,mean_p,12,0.39736785761276205,0.027857659264581093,mean_p|train_n=12|p=40,272,465,-1.4213,0.95160999999999996
1927467474,13,40,mean_p,12,0.10075083642458665,0.40338773552513907,mean_p|train_n=12|p=40,273,466,-1.4213,0.95160999999999996
1903849569,13,40,mean_p,12,0.19026002222834382,0.18006874690617694,mean_p|train_n=12|p=40,274,467,-1.4213,0.95160999999999996
2726424432,13,40,mean_p,12,0.057337590331157165,0.59650714577178809,mean_p|train_n=12|p=40,275,470,-1.4213,0.95160999999999996
2949953799,13,40,mean_p,12,0.12965347029240945,0.3108961995625012,mean_p|train_n=12|p=40,276,475,-1.4213,0.95160999999999996
4153252654,13,40,mean_p,12,0.38215918742839844,0.031949353829753731,mean_p|train_n=12|p=40,277,476,-1.4213,0.95160999999999996
2380192010,13,40,mean_p,12,0.051952347149925908,0.62616704504706777,mean_p|train_n=12|p=40,278,479,-1.4213,0.95160999999999996
1036485908,13,40,mean_p,12,0.22871668908578921,0.12733342152634133,mean_p|train_n=12|p=40,279,480,-1.4213,0.95160999999999996
3311161132,13,40,mean_p,12,0.22647437772877843,0.12993239619043681,mean_p|train_n=12|p=40,280,481,-1.4213,0.95160999999999996
3654006776,13,40,mean_p,12,0.16879362158296279,0.21849662786940999,mean_p|train_n=12|p=40,281,482,-1.4213,0.95160999999999996
720736407,13,40,mean_p,12,0.37902596698110058,0.032864239921239477,mean_p|train_n=12|p=40,282,486,-1.4213,0.95160999999999996
3952602537,13,40,mean_p,12,0.1091895993987315,0.37385097684519564,mean_p|train_n=12|p=40,283,489,-1.4213,0.95160999999999996
1840371893,13,40,mean_p,12,0.21856571904381833,0.13952984541317787,mean_p|train_n=12|p=40,284,490,-1.4213,0.95160999999999996
398108149,13,40,mean_p,12,0.052585072784516976,0.62260715169347536,mean_p|train_n=12|p=40,285,491,-1.4213,0.95160999999999996
788324401,13,40,mean_p,12,0.24451159485625504,0.11044111525806283,mean_p|train_n=12|p=40,286,492,-1.4213,0.95160999999999996
2965042603,13,40,mean_p,12,0.26137692438195625,0.094870277873989231,mean_p|train_n=12|p=40,287,493,-1.4213,0.95160999999999996
3144314695,13,40,mean_p,12,0.1451262139233368,0.27043601879491641,mean_p|train_n=12|p=40,288,495,-1.4213,0.95160999999999996
1581037300,13,40,mean_p,12,0.094113873536592188,0.42824836518567128,mean_p|train_n=12|p=40,289,499,-1.4213,0.95160999999999996
1810714022,13,40,mean_p,12,0.30721639344459367,0.062768601905452082,mean_p|train_n=12|p=40,290,501,-1.4213,0.95160999999999996
1193256622,13,40,mean_p,12,0.12032187417776449,0.33816883986328339,mean_p|train_n=12|p=40,291,502,-1.4213,0.95160999999999996
1527771717,13,40,mean_p,12,0.32244686894786029,0.054719190723294182,mean_p|train_n=12|p=40,292,505,-1.4213,0.95160999999999996
3558281690,13,40,mean_p,12,0.19190254699461295,0.17742323861858544,mean_p|train_n=12|p=40,293,507,-1.4213,0.95160999999999996
1851029407,13,40,mean_p,12,0.35725105533298096,0.039988702477270946,mean_p|train_n=12|p=40,294,508,-1.4213,0.95160999999999996
2931920427,13,40,mean_p,12,0.35135710313729096,0.042169907264159014,mean_p|train_n=12|p=40,295,509,-1.4213,0.95160999999999996
185317162,13,40,mean_p,12,0.21771354228499068,0.14060540414166414,mean_p|train_n=12|p=40,296,511,-1.4213,0.95160999999999996
1268638683,13,40,mean_p,12,0.31087134956616297,0.060735021119837057,mean_p|train_n=12|p=40,297,513,-1.4213,0.95160999999999996
2596270712,13,40,mean_p,12,0.2173102247915647,0.14111733026757212,mean_p|train_n=12|p=40,298,514,-1.4213,0.95160999999999996
604057983,13,40,mean_p,12,0.17250864307054301,0.21130336392166343,mean_p|train_n=12|p=40,299,515,-1.4213,0.95160999999999996
2750496158,13,40,mean_p,12,0.29505045577423594,0.070041028300339786,mean_p|train_n=12|p=40,300,516,-1.4213,0.95160999999999996
2507064539,13,40,mean_p,12,0.25172148754980334,0.1034941166390529,mean_p|train_n=12|p=40,301,517,-1.4213,0.95160999999999996
2670201854,13,40,mean_p,12,0.1348078640071399,0.29678658096290755,mean_p|train_n=12|p=40,302,519,-1.4213,0.95160999999999996
4212987716,13,40,mean_p,12,0.38968812168147593,0.029853717816408141,mean_p|train_n=12|p=40,303,520,-1.4213,0.95160999999999996
3388787856,13,40,mean_p,12,0.40595202933856672,0.02578406639251881,mean_p|train_n=12|p=40,304,521,-1.4213,0.95160999999999996
3377137258,13,40,mean_p,12,0.15865818633717738,0.23939145762723976,mean_p|train_n=12|p=40,305,523,-1.4213,0.95160999999999996
2809314723,13,40,mean_p,12,0.56169232620282716,0.0063369298459666577,mean_p|train_n=12|p=40,306,524,-1.4213,0.95160999999999996
2716363918,13,40,mean_p,12,0.35866427827199227,0.039482697845197832,mean_p|train_n=12|p=40,307,525,-1.4213,0.95160999999999996
3190217236,13,40,mean_p,12,0.043868508337686012,0.67348111251394427,mean_p|train_n=12|p=40,308,527,-1.4213,0.95160999999999996
1459579413,13,40,mean_p,12,0.13693255387370307,0.29115853178703471,mean_p|train_n=12|p=40,309,528,-1.4213,0.95160999999999996
755101968,13,40,mean_p,12,0.11757496486081481,0.34664370261343247,mean_p|train_n=12|p=40,310,529,-1.4213,0.95160999999999996
2763320893,13,40,mean_p,12,0.29316787253542265,0.071239324999764084,mean_p|train_n=12|p=40,311,530,-1.4213,0.95160999999999996
2004330212,13,40,mean_p,12,0.34590855127986059,0.04429196560641329,mean_p|train_n=12|p=40,312,534,-1.4213,0.95160999999999996
4219097122,13,40,mean_p,12,0.11921603789277804,0.34155540020315467,mean_p|train_n=12|p=40,313,537,-1.4213,0.95160999999999996
4067626925,13,40,mean_p,12,0.16769869147442076,0.22066305535053149,mean_p|train_n=12|p=40,314,540,-1.4213,0.95160999999999996
980200229,13,40,mean_p,12,0.25323164037303358,0.10209532245902565,mean_p|train_n=12|p=40,315,541,-1.4213,0.95160999999999996
1020122178,13,40,mean_p,12,0.24835045575727335,0.10668609619818678,mean_p|train_n=12|p=40,316,542,-1.4213,0.95160999999999996
2916154395,13,40,mean_p,12,0.12595362218877793,0.32143588642893445,mean_p|train_n=12|p=40,317,544,-1.4213,0.95160999999999996
271996953,13,40,mean_p,12,0.39686583211149029,0.027983964657723581,mean_p|train_n=12|p=40,318,545,-1.4213,0.95160999999999996
1772184418,13,40,mean_p,12,0.23280458817573482,0.12272834161865939,mean_p|train_n=12|p=40,319,549,-1.4213,0.95160999999999996
2244052433,13,40,mean_p,12,0.35541236719495867,0.040656764708300416,mean_p|train_n=12|p=40,320,550,-1.4213,0.95160999999999996
1155330134,13,40,mean_p,12,0.35378246416078518,0.041258293645434374,mean_p|train_n=12|p=40,321,552,-1.4213,0.95160999999999996
1927906440,13,40,mean_p,12,0.048698069990511475,0.64480064410746973,mean_p|train_n=12|p=40,322,553,-1.4213,0.95160999999999996
2400243414,13,40,mean_p,12,0.17689187104672621,0.20312020713082415,mean_p|train_n=12|p=40,323,555,-1.4213,0.95160999999999996
682491856,13,40,mean_p,12,0.28666557037395379,0.075538062228185987,mean_p|train_n=12|p=40,324,557,-1.4213,0.95160999999999996
3280063472,13,40,mean_p,12,0.17240556041718438,0.21149972822001645,mean_p|train_n=12|p=40,325,561,-1.4213,0.95160999999999996
2045997819,13,40,mean_p,12,0.062013798367421519,0.57189437518320763,mean_p|train_n=12|p=40,326,563,-1.4213,0.95160999999999996
1438087074,13,40,mean_p,12,0.19759713314113181,0.16854868411784504,mean_p|train_n=12|p=40,327,564,-1.4213,0.95160999999999996
2622144541,13,40,mean_p,12,0.17056521485142573,0.21503631221627656,mean_p|train_n=12|p=40,328,567,-1.4213,0.95160999999999996
4007771159,13,40,mean_p,12,0.20751811864032721,0.15413479224825374,mean_p|train_n=12|p=40,329,570,-1.4213,0.95160999999999996
85478717,13,40,mean_p,12,0.14189704680045029,0.27842070191664414,mean_p|train_n=12|p=40,330,572,-1.4213,0.95160999999999996
946660371,13,40,mean_p,12,0.16439615928533308,0.22732841477097193,mean_p|train_n=12|p=40,331,573,-1.4213,0.95160999999999996
1027158160,13,40,mean_p,12,0.28186385846202666,0.07887816719374513,mean_p|train_n=12|p=40,332,574,-1.4213,0.95160999999999996
583653483,13,40,mean_p,12,0.18597210799477487,0.18716240742318374,mean_p|train_n=12|p=40,333,575,-1.4213,0.95160999999999996
4292778987,13,40,mean_p,12,0.19053518014259024,0.17962283314457078,mean_p|train_n=12|p=40,334,576,-1.4213,0.95160999999999996
3304638652,13,40,mean_p,12,0.079743774968233636,0.48745161428263128,mean_p|train_n=12|p=40,335,578,-1.4213,0.95160999999999996
2472515665,13,40,mean_p,12,0.35883362798273477,0.03942249337080192,mean_p|train_n=12|p=40,336,580,-1.4213,0.95160999999999996
4202139733,13,40,mean_p,12,0.2534508415734773,0.10189386249715028,mean_p|train_n=12|p=40,337,581,-1.4213,0.95160999999999996
616680822,13,40,mean_p,12,0.082433217366209455,0.4757805413621396,mean_p|train_n=12|p=40,338,584,-1.4213,0.95160999999999996
3018842179,13,40,mean_p,12,0.33727799104521922,0.047873998476411314,mean_p|train_n=12|p=40,339,585,-1.4213,0.95160999999999996
423313639,13,40,mean_p,12,0.038127578345788636,0.70923787240932645,mean_p|train_n=12|p=40,340,586,-1.4213,0.95160999999999996
790371303,13,40,mean_p,12,0.14612280466395217,0.26801832313858837,mean_p|train_n=12|p=40,341,587,-1.4213,0.95160999999999996
2352066637,13,40,mean_p,12,0.074017644305454044,0.51326316199123556,mean_p|train_n=12|p=40,342,588,-1.4213,0.95160999999999996
1549283588,13,40,mean_p,12,0.053679304855205376,0.61649839203773071,mean_p|train_n=12|p=40,343,589,-1.4213,0.95160999999999996
1097925022,13,40,mean_p,12,0.089963567497055794,0.44456726367289529,mean_p|train_n=12|p=40,344,590,-1.4213,0.95160999999999996
2480648765,13,40,mean_p,12,0.13691005549944504,0.29121756460217252,mean_p|train_n=12|p=40,345,591,-1.4213,0.95160999999999996
4132462092,13,40,mean_p,12,0.13386726195766924,0.29931274045016376,mean_p|train_n=12|p=40,346,595,-1.4213,0.95160999999999996
3035776358,13,40,mean_p,12,0.086167334414412391,0.46003790819526202,mean_p|train_n=12|p=40,347,597,-1.4213,0.95160999999999996
3186513588,13,40,mean_p,12,0.43995627213806865,0.018979271959615785,mean_p|train_n=12|p=40,348,599,-1.4213,0.95160999999999996
4056652478,13,40,mean_p,12,0.13725207006697923,0.29032145333657716,mean_p|train_n=12|p=40,349,600,-1.4213,0.95160999999999996
1203576748,13,40,mean_p,12,0.1759974215058355,0.20476393201517856,mean_p|train_n=12|p=40,350,601,-1.4213,0.95160999999999996
1024885444,13,40,mean_p,12,0.27753653199241995,0.08201462938568034,mean_p|train_n=12|p=40,351,602,-1.4213,0.95160999999999996
2664389325,13,40,mean_p,12,0.044642500293066607,0.66880034474303518,mean_p|train_n=12|p=40,352,603,-1.4213,0.95160999999999996
168537429,13,40,mean_p,12,0.52473484080459565,0.0088411335511200794,mean_p|train_n=12|p=40,353,604,-1.4213,0.95160999999999996
77013789,13,40,mean_p,12,0.14574382079935078,0.26893516785375809,mean_p|train_n=12|p=40,354,606,-1.4213,0.95160999999999996
1802520439,13,40,mean_p,12,0.56229615039098757,0.0063025441946733081,mean_p|train_n=12|p=40,355,608,-1.4213,0.95160999999999996
3908780010,13,40,mean_p,12,0.2626502229655846,0.093787996542709903,mean_p|train_n=12|p=40,356,611,-1.4213,0.95160999999999996
707584657,13,40,mean_p,12,0.40330899294547956,0.02640551504017356,mean_p|train_n=12|p=40,357,612,-1.4213,0.95160999999999996
3812759414,13,40,mean_p,12,0.35207611794396365,0.041897572451972571,mean_p|train_n=12|p=40,358,615,-1.4213,0.95160999999999996
2830588887,13,40,mean_p,12,0.085919061867973032,0.46106823978701339,mean_p|train_n=12|p=40,359,616,-1.4213,0.95160999999999996
942545673,13,40,mean_p,12,0.093374256379669618,0.43111201239173241,mean_p|train_n=12|p=40,360,618,-1.4213,0.95160999999999996
3347405467,13,40,mean_p,12,0.088589453841980401,0.45010612438599396,mean_p|train_n=12|p=40,361,622,-1.4213,0.95160999999999996
2904740908,13,40,mean_p,12,0.29943104939256776,0.067330143875180895,mean_p|train_n=12|p=40,362,624,-1.4213,0.95160999999999996
500043680,13,40,mean_p,12,0.40530309103495238,0.025935281097459819,mean_p|train_n=12|p=40,363,630,-1.4213,0.95160999999999996
2320622693,13,40,mean_p,12,0.11139616975376979,0.36649102994362054,mean_p|train_n=12|p=40,364,631,-1.4213,0.95160999999999996
861877561,13,40,mean_p,12,0.40989202371060907,0.024884715299171384,mean_p|train_n=12|p=40,365,636,-1.4213,0.95160999999999996
2601297141,13,40,mean_p,12,0.24084573343312565,0.11415021368654704,mean_p|train_n=12|p=40,366,637,-1.4213,0.95160999999999996
2616357503,13,40,mean_p,12,0.35198979017696891,0.041930176919302856,mean_p|train_n=12|p=40,367,641,-1.4213,0.95160999999999996
627760561,13,40,mean_p,12,0.095806860146683284,0.42176486387038797,mean_p|train_n=12|p=40,368,642,-1.4213,0.95160999999999996
1039449899,13,40,mean_p,12,0.093132089748822006,0.43205378741747447,mean_p|train_n=12|p=40,369,644,-1.4213,0.95160999999999996
2655469040,13,40,mean_p,12,0.24639468023716241,0.10858292493021104,mean_p|train_n=12|p=40,370,645,-1.4213,0.95160999999999996
366351457,13,40,mean_p,12,0.052328016689443139,0.62405097451357006,mean_p|train_n=12|p=40,371,646,-1.4213,0.95160999999999996
3881387024,13,40,mean_p,12,0.048950126587850078,0.64333779597834595,mean_p|train_n=12|p=40,372,651,-1.4213,0.95160999999999996
1498850377,13,40,mean_p,12,0.045663552821005676,0.66267519049330426,mean_p|train_n=12|p=40,373,652,-1.4213,0.95160999999999996
3051307530,13,40,mean_p,12,0.095195327009376912,0.42409540267666629,mean_p|train_n=12|p=40,374,653,-1.4213,0.95160999999999996
3283817490,13,40,mean_p,12,0.056872033560383665,0.5990148042106751,mean_p|train_n=12|p=40,375,654,-1.4213,0.95160999999999996
2129881602,13,40,mean_p,12,0.19121911426101984,0.17851924491046883,mean_p|train_n=12|p=40,376,655,-1.4213,0.95160999999999996
3363655558,13,40,mean_p,12,0.20155702211273732,0.16264052839683352,mean_p|train_n=12|p=40,377,656,-1.4213,0.95160999999999996
4117550137,13,40,mean_p,12,0.089583723417135733,0.4460915098205997,mean_p|train_n=12|p=40,378,657,-1.4213,0.95160999999999996
2760028559,13,40,mean_p,12,0.32070810166254843,0.055583276027104764,mean_p|train_n=12|p=40,379,660,-1.4213,0.95160999999999996
2597712279,13,40,mean_p,12,0.12025160384065182,0.33838303615253973,mean_p|train_n=12|p=40,380,665,-1.4213,0.95160999999999996
3229743112,13,40,mean_p,12,0.026388621634460371,0.78837171334720701,mean_p|train_n=12|p=40,381,666,-1.4213,0.95160999999999996
2906381456,13,40,mean_p,12,0.28455921688410746,0.076985480063628972,mean_p|train_n=12|p=40,382,667,-1.4213,0.95160999999999996
1125774257,13,40,mean_p,12,0.12867579124310527,0.31364722723809829,mean_p|train_n=12|p=40,383,668,-1.4213,0.95160999999999996
1226844808,13,40,mean_p,12,0.12754827767311919,0.31685010313640799,mean_p|train_n=12|p=40,384,671,-1.4213,0.95160999999999996
311644623,13,40,mean_p,12,0.13585618553422762,0.29399623567827293,mean_p|train_n=12|p=40,385,674,-1.4213,0.95160999999999996
3259751952,13,40,mean_p,12,0.082689065501283521,0.47468492824145858,mean_p|train_n=12|p=40,386,675,-1.4213,0.95160999999999996
1196087112,13,40,mean_p,12,0.13053091682159981,0.30844776149582948,mean_p|train_n=12|p=40,387,676,-1.4213,0.95160999999999996
1751319113,13,40,mean_p,12,0.5126915204382938,0.009854580913437978,mean_p|train_n=12|p=40,388,677,-1.4213,0.95160999999999996
938016855,13,40,mean_p,12,0.14615576998458732,0.2679387207495938,mean_p|train_n=12|p=40,389,678,-1.4213,0.95160999999999996
4127309445,13,40,mean_p,12,0.19235407621882714,0.176702824899449,mean_p|train_n=12|p=40,390,679,-1.4213,0.95160999999999996
2653951977,13,40,mean_p,12,0.1141850473454844,0.3573957502074806,mean_p|train_n=12|p=40,391,680,-1.4213,0.95160999999999996
2710630998,13,40,mean_p,12,0.062866904817586458,0.56751492425656047,mean_p|train_n=12|p=40,392,681,-1.4213,0.95160999999999996
929464780,13,40,mean_p,12,0.16288192449626887,0.23045148694693118,mean_p|train_n=12|p=40,393,683,-1.4213,0.95160999999999996
2232865324,13,40,mean_p,12,0.11851831545802533,0.3437095634028956,mean_p|train_n=12|p=40,394,685,-1.4213,0.95160999999999996
1108156328,13,40,mean_p,12,0.22479559245421873,0.13191287602102883,mean_p|train_n=12|p=40,395,686,-1.4213,0.95160999999999996
2086678947,13,40,mean_p,12,0.092528591136766966,0.43440972783800863,mean_p|train_n=12|p=40,396,687,-1.4213,0.95160999999999996
3798149444,13,40,mean_p,12,0.14123911451012702,0.28007624141842308,mean_p|train_n=12|p=40,397,688,-1.4213,0.95160999999999996
799754880,13,40,mean_p,12,0.12755398994962072,0.31683379438509895,mean_p|train_n=12|p=40,398,690,-1.4213,0.95160999999999996
3536899785,13,40,mean_p,12,0.05498150372362523,0.6093066755096912,mean_p|train_n=12|p=40,399,691,-1.4213,0.95160999999999996
51143638,13,40,mean_p,12,0.23356691542110958,0.12188817710766052,mean_p|train_n=12|p=40,400,692,-1.4213,0.95160999999999996
36617833,13,40,mean_p,12,0.31341972514940147,0.059356242362255687,mean_p|train_n=12|p=40,401,698,-1.4213,0.95160999999999996
236103968,13,40,mean_p,12,0.077909573254757891,0.4955750797299614,mean_p|train_n=12|p=40,402,699,-1.4213,0.95160999999999996
2156850098,13,40,mean_p,12,0.16600899048817894,0.2240485234238844,mean_p|train_n=12|p=40,403,700,-1.4213,0.95160999999999996
1600388384,13,40,mean_p,12,0.15047845189402864,0.25770280138791385,mean_p|train_n=12|p=40,404,702,-1.4213,0.95160999999999996
1050897748,13,40,mean_p,12,0.086005185121717342,0.46071056696293644,mean_p|train_n=12|p=40,405,703,-1.4213,0.95160999999999996
461348277,13,40,mean_p,12,0.23367680532979257,0.12176754214209497,mean_p|train_n=12|p=40,406,704,-1.4213,0.95160999999999996
2000945207,13,40,mean_p,12,0.074066034586588017,0.51303940718528729,mean_p|train_n=12|p=40,407,708,-1.4213,0.95160999999999996
907021389,13,40,mean_p,12,0.092436683438752915,0.4347696429579459,mean_p|train_n=12|p=40,408,710,-1.4213,0.95160999999999996
2422825972,13,40,mean_p,12,0.20609422155836349,0.15612517777948301,mean_p|train_n=12|p=40,409,711,-1.4213,0.95160999999999996
2015721328,13,40,mean_p,12,0.22577561471098428,0.1307530956668094,mean_p|train_n=12|p=40,410,714,-1.4213,0.95160999999999996
3949466030,13,40,mean_p,12,0.29713970820907476,0.068734765294496819,mean_p|train_n=12|p=40,411,715,-1.4213,0.95160999999999996
1210422753,13,40,mean_p,12,0.04926689217317029,0.64150410475625286,mean_p|train_n=12|p=40,412,716,-1.4213,0.95160999999999996
145084937,13,40,mean_p,12,0.17236913922323971,0.2115691513312104,mean_p|train_n=12|p=40,413,717,-1.4213,0.95160999999999996
2198181632,13,40,mean_p,12,0.10653299996082889,0.38290834318558875,mean_p|train_n=12|p=40,414,719,-1.4213,0.95160999999999996
3074940102,13,40,mean_p,12,0.13081769339565519,0.30765172478808722,mean_p|train_n=12|p=40,415,721,-1.4213,0.95160999999999996
3671033687,13,40,mean_p,12,0.07581215429018083,0.5050303497592834,mean_p|train_n=12|p=40,416,724,-1.4213,0.95160999999999996
1953036937,13,40,mean_p,12,0.38842690676587327,0.030194931536032959,mean_p|train_n=12|p=40,417,726,-1.4213,0.95160999999999996
1780973019,13,40,mean_p,12,0.080427737629582427,0.48445662618442875,mean_p|train_n=12|p=40,418,727,-1.4213,0.95160999999999996
3588902458,13,40,mean_p,12,0.13476927252810539,0.29688980480297295,mean_p|train_n=12|p=40,419,728,-1.4213,0.95160999999999996
4231951566,13,40,mean_p,12,0.16174744988806161,0.23281939491960785,mean_p|train_n=12|p=40,420,730,-1.4213,0.95160999999999996
263747879,13,40,mean_p,12,0.076395169699620985,0.50238412919060216,mean_p|train_n=12|p=40,421,732,-1.4213,0.95160999999999996
2153755776,13,40,mean_p,12,0.1319845378296943,0.30443391796417707,mean_p|train_n=12|p=40,422,733,-1.4213,0.95160999999999996
4049390788,13,40,mean_p,12,0.25413233124811924,0.10127006542237177,mean_p|train_n=12|p=40,423,734,-1.4213,0.95160999999999996
2391477988,13,40,mean_p,12,0.15364666308262165,0.25044980265609479,mean_p|train_n=12|p=40,424,736,-1.4213,0.95160999999999996
300400689,13,40,mean_p,12,0.033100729266836465,0.74210257572287408,mean_p|train_n=12|p=40,425,737,-1.4213,0.95160999999999996
188381672,13,40,mean_p,12,0.21230145531510508,0.14763237953286876,mean_p|train_n=12|p=40,426,739,-1.4213,0.95160999999999996
1004163034,13,40,mean_p,12,0.49676610975275132,0.011375238255260449,mean_p|train_n=12|p=40,427,740,-1.4213,0.95160999999999996
1519468848,13,40,mean_p,12,0.023815246193498084,0.8068664452237615,mean_p|train_n=12|p=40,428,741,-1.4213,0.95160999999999996
3898340315,13,40,mean_p,12,0.36087810223628047,0.038702878255620861,mean_p|train_n=12|p=40,429,742,-1.4213,0.95160999999999996
566694534,13,40,mean_p,12,0.24950740795425339,0.10557965021473903,mean_p|train_n=12|p=40,430,743,-1.4213,0.95160999999999996
4191595624,13,40,mean_p,12,0.15700508521435966,0.24298411261873118,mean_p|train_n=12|p=40,431,745,-1.4213,0.95160999999999996
200109741,13,40,mean_p,12,0.55290273373716137,0.0068592400505821842,mean_p|train_n=12|p=40,432,749,-1.4213,0.95160999999999996
2184821051,13,40,mean_p,12,0.14601281200435698,0.26828409698526645,mean_p|train_n=12|p=40,433,750,-1.4213,0.95160999999999996
668327133,13,40,mean_p,12,0.18726729612237641,0.18499076424721653,mean_p|train_n=12|p=40,434,753,-1.4213,0.95160999999999996
2483502143,13,40,mean_p,12,0.12023925717390291,0.33842068496493494,mean_p|train_n=12|p=40,435,754,-1.4213,0.95160999999999996
147682897,13,40,mean_p,12,0.040740883705571454,0.69273165793846569,mean_p|train_n=12|p=40,436,755,-1.4213,0.95160999999999996
2235737103,13,40,mean_p,12,0.084648806074330105,0.46637602180746729,mean_p|train_n=12|p=40,437,756,-1.4213,0.95160999999999996
1144390717,13,40,mean_p,12,0.20254662326658712,0.16119667574698024,mean_p|train_n=12|p=40,438,758,-1.4213,0.95160999999999996
2992711492,13,40,mean_p,12,0.33281547621883167,0.049838304853880064,mean_p|train_n=12|p=40,439,761,-1.4213,0.95160999999999996
1086936828,13,40,mean_p,12,0.1203479445326515,0.33808940734464638,mean_p|train_n=12|p=40,440,763,-1.4213,0.95160999999999996
3504550420,13,40,mean_p,12,0.59910965530161953,0.0045232469582231006,mean_p|train_n=12|p=40,441,764,-1.4213,0.95160999999999996
882868242,13,40,mean_p,12,0.19438322977179348,0.17350125613714087,mean_p|train_n=12|p=40,442,765,-1.4213,0.95160999999999996
3866135209,13,40,mean_p,12,0.33646813143865545,0.048224640420098414,mean_p|train_n=12|p=40,443,766,-1.4213,0.95160999999999996
2544822053,13,40,mean_p,12,0.39410843627236047,0.028687982598936783,mean_p|train_n=12|p=40,444,767,-1.4213,0.95160999999999996
3312444567,13,40,mean_p,12,0.12401087631536808,0.32711245746122658,mean_p|train_n=12|p=40,445,768,-1.4213,0.95160999999999996
2608854497,13,40,mean_p,12,0.25708168168935502,0.0986141264969565,mean_p|train_n=12|p=40,446,769,-1.4213,0.95160999999999996
3001021531,13,40,mean_p,12,0.094341822777071815,0.42736963261146232,mean_p|train_n=12|p=40,447,771,-1.4213,0.95160999999999996
1172983854,13,40,mean_p,12,0.16707892708592212,0.22189882724294838,mean_p|train_n=12|p=40,448,774,-1.4213,0.95160999999999996
1894119449,13,40,mean_p,12,0.1863746565337579,0.18648473741674321,mean_p|train_n=12|p=40,449,777,-1.4213,0.95160999999999996
3797842857,13,40,mean_p,12,0.30161795338920228,0.066016323487079517,mean_p|train_n=12|p=40,450,780,-1.4213,0.95160999999999996
3975210784,13,40,mean_p,12,0.039635912203416078,0.69966350244829689,mean_p|train_n=12|p=40,451,781,-1.4213,0.95160999999999996
645761633,13,40,mean_p,12,0.1278076440808053,0.31611044848787412,mean_p|train_n=12|p=40,452,782,-1.4213,0.95160999999999996
3116709017,13,40,mean_p,12,0.15383031832913013,0.25003567566319124,mean_p|train_n=12|p=40,453,783,-1.4213,0.95160999999999996
681511797,13,40,mean_p,12,0.38190894390551655,0.032021478440117504,mean_p|train_n=12|p=40,454,787,-1.4213,0.95160999999999996
1291849985,13,40,mean_p,12,0.39267310103858988,0.029061433669018977,mean_p|train_n=12|p=40,455,788,-1.4213,0.95160999999999996
771314086,13,40,mean_p,12,0.1106631669079694,0.3689197243694205,mean_p|train_n=12|p=40,456,789,-1.4213,0.95160999999999996
2480947290,13,40,mean_p,12,0.24147096457224915,0.11350891060099438,mean_p|train_n=12|p=40,457,791,-1.4213,0.95160999999999996
3580688537,13,40,mean_p,12,0.10110434466422621,0.4021048156894596,mean_p|train_n=12|p=40,458,792,-1.4213,0.95160999999999996
4086837355,13,40,mean_p,12,0.051918463941964872,0.62635825471293072,mean_p|train_n=12|p=40,459,793,-1.4213,0.95160999999999996
3173262405,13,40,mean_p,12,0.15678737436842599,0.24346126030301204,mean_p|train_n=12|p=40,460,794,-1.4213,0.95160999999999996
656250946,13,40,mean_p,12,0.38532322751081466,0.031051312101633016,mean_p|train_n=12|p=40,461,795,-1.4213,0.95160999999999996
2115526670,13,40,mean_p,12,0.05930160093469717,0.58604330818845396,mean_p|train_n=12|p=40,462,796,-1.4213,0.95160999999999996
346731710,13,40,mean_p,12,0.11903884094861333,0.34210119949024898,mean_p|train_n=12|p=40,463,797,-1.4213,0.95160999999999996
1752460279,13,40,mean_p,12,0.18787023580730025,0.18398842786435102,mean_p|train_n=12|p=40,464,798,-1.4213,0.95160999999999996
3932204744,13,40,mean_p,12,0.39070494994426058,0.029581430919741275,mean_p|train_n=12|p=40,465,801,-1.4213,0.95160999999999996
2804039469,13,40,mean_p,12,0.23016106856925944,0.12568689251035089,mean_p|train_n=12|p=40,466,802,-1.4213,0.95160999999999996
2174732059,13,40,mean_p,12,0.10797312607028288,0.37797150006661689,mean_p|train_n=12|p=40,467,804,-1.4213,0.95160999999999996
1105382681,13,40,mean_p,12,0.28828359455962516,0.074444716458566526,mean_p|train_n=12|p=40,468,805,-1.4213,0.95160999999999996
1981833129,13,40,mean_p,12,0.48807295402059248,0.012302127109420411,mean_p|train_n=12|p=40,469,807,-1.4213,0.95160999999999996
654730086,13,40,mean_p,12,0.093042329338979046,0.43240338393868055,mean_p|train_n=12|p=40,470,808,-1.4213,0.95160999999999996
2467421505,13,40,mean_p,12,0.36198918948248371,0.038317321786208072,mean_p|train_n=12|p=40,471,810,-1.4213,0.95160999999999996
1755499531,13,40,mean_p,12,0.082217824284550683,0.4767048750172298,mean_p|train_n=12|p=40,472,811,-1.4213,0.95160999999999996
2638883534,13,40,mean_p,12,0.054488225814306859,0.6120210012689139,mean_p|train_n=12|p=40,473,812,-1.4213,0.95160999999999996
3937344808,13,40,mean_p,12,0.28761880590674049,0.074892004955502814,mean_p|train_n=12|p=40,474,813,-1.4213,0.95160999999999996
2258448450,13,40,mean_p,12,0.12941371233846374,0.31156859764759681,mean_p|train_n=12|p=40,475,816,-1.4213,0.95160999999999996
1824005582,13,40,mean_p,12,0.18570535186055376,0.18761283390519054,mean_p|train_n=12|p=40,476,817,-1.4213,0.95160999999999996
3679180098,13,40,mean_p,12,0.14643054337390107,0.26727613601346217,mean_p|train_n=12|p=40,477,819,-1.4213,0.95160999999999996
3006726772,13,40,mean_p,12,0.34684852925000115,0.043918394317570532,mean_p|train_n=12|p=40,478,820,-1.4213,0.95160999999999996
3821450744,13,40,mean_p,12,0.33917510642763304,0.047062560232903505,mean_p|train_n=12|p=40,479,821,-1.4213,0.95160999999999996
1716784637,13,40,mean_p,12,0.29770642191574137,0.068384658475037191,mean_p|train_n=12|p=40,480,822,-1.4213,0.95160999999999996
4291866643,13,40,mean_p,12,0.24713901541354799,0.10785708096495965,mean_p|train_n=12|p=40,481,823,-1.4213,0.95160999999999996
1995152695,13,40,mean_p,12,0.57412799256110558,0.0056651744466546762,mean_p|train_n=12|p=40,482,824,-1.4213,0.95160999999999996
282020202,13,40,mean_p,12,0.16245858459398541,0.23133226430870535,mean_p|train_n=12|p=40,483,828,-1.4213,0.95160999999999996
1655409075,13,40,mean_p,12,0.089822667200512393,0.44513206268475597,mean_p|train_n=12|p=40,484,829,-1.4213,0.95160999999999996
1240444466,13,40,mean_p,12,0.24195275725884396,0.11301719205136539,mean_p|train_n=12|p=40,485,830,-1.4213,0.95160999999999996
4045115024,13,40,mean_p,12,0.21406870437041475,0.14530002367805292,mean_p|train_n=12|p=40,486,831,-1.4213,0.95160999999999996
2455826020,13,40,mean_p,12,0.26509248162587318,0.091746551283378594,mean_p|train_n=12|p=40,487,833,-1.4213,0.95160999999999996
3737549947,13,40,mean_p,12,0.21026078083377708,0.15037220730095829,mean_p|train_n=12|p=40,488,836,-1.4213,0.95160999999999996
244049600,13,40,mean_p,12,0.34806506393431669,0.043439586150355619,mean_p|train_n=12|p=40,489,837,-1.4213,0.95160999999999996
2131662855,13,40,mean_p,12,0.095115694722596206,0.42439982562711531,mean_p|train_n=12|p=40,490,838,-1.4213,0.95160999999999996
518338573,13,40,mean_p,12,0.1847423929885027,0.18924785994966409,mean_p|train_n=12|p=40,491,839,-1.4213,0.95160999999999996
2561638749,13,40,mean_p,12,0.20532115739138213,0.15721654481397865,mean_p|train_n=12|p=40,492,842,-1.4213,0.95160999999999996
2997873721,13,40,mean_p,12,0.11480248993634054,0.35541282107064032,mean_p|train_n=12|p=40,493,846,-1.4213,0.95160999999999996
4127374136,13,40,mean_p,12,0.21896362028159808,0.13903046342066225,mean_p|train_n=12|p=40,494,847,-1.4213,0.95160999999999996
1624921587,13,40,mean_p,12,0.20474045205243846,0.15804136567879123,mean_p|train_n=12|p=40,495,848,-1.4213,0.95160999999999996
3940417889,13,40,mean_p,12,0.055294686781903572,0.60758959621736286,mean_p|train_n=12|p=40,496,849,-1.4213,0.95160999999999996
355124522,13,40,mean_p,12,0.28446145592115912,0.077053327650973669,mean_p|train_n=12|p=40,497,851,-1.4213,0.95160999999999996
1436229113,13,40,mean_p,12,0.17771870821450264,0.20161247194109452,mean_p|train_n=12|p=40,498,852,-1.4213,0.95160999999999996
4001230130,13,40,mean_p,12,0.14455982642404924,0.27181976271485991,mean_p|train_n=12|p=40,499,853,-1.4213,0.95160999999999996
4121962382,14,8,mean_p,12,0.33257445476218533,0.039663550397778108,mean_p|train_n=12|p=8,0,2,-1.62371,1.10791
336903403,14,8,mean_p,12,0.45864303514007193,0.011670397475444851,mean_p|train_n=12|p=8,1,3,-1.62371,1.10791
1734044886,14,8,mean_p,12,0.46738838537260069,0.010720846288156196,mean_p|train_n=12|p=8,2,7,-1.62371,1.10791
1935861825,14,8,mean_p,12,0.39963922479789271,0.020689618489997279,mean_p|train_n=12|p=8,3,8,-1.62371,1.10791
3256025641,14,8,mean_p,12,0.42759006463446897,0.015774511017903396,mean_p|train_n=12|p=8,4,10,-1.62371,1.10791
2348095087,14,8,mean_p,12,0.35931483394565722,0.030598236660466606,mean_p|train_n=12|p=8,5,11,-1.62371,1.10791
2010936462,14,8,mean_p,12,0.55460408146407258,0.0045990221438258179,mean_p|train_n=12|p=8,6,13,-1.62371,1.10791
3874688445,14,8,mean_p,12,0.30786247584432191,0.050412500954757633,mean_p|train_n=12|p=8,7,14,-1.62371,1.10791
3382613481,14,8,mean_p,12,0.49267516754728363,0.0083880295216203615,mean_p|train_n=12|p=8,8,16,-1.62371,1.10791
3570813698,14,8,mean_p,12,0.3613314999060932,0.030005255008687708,mean_p|train_n=12|p=8,9,17,-1.62371,1.10791
1194756191,14,8,mean_p,12,0.27319019733775435,0.070576771049950637,mean_p|train_n=12|p=8,10,18,-1.62371,1.10791
3046261741,14,8,mean_p,12,0.41241342715079565,0.018277493131899206,mean_p|train_n=12|p=8,11,20,-1.62371,1.10791
2433188181,14,8,mean_p,12,0.37117943095638273,0.027270556789135928,mean_p|train_n=12|p=8,12,26,-1.62371,1.10791
762742344,14,8,mean_p,12,0.36691380287100522,0.028423081030084195,mean_p|train_n=12|p=8,13,27,-1.62371,1.10791
2448222306,14,8,mean_p,12,0.43550844561264096,0.014607790208996035,mean_p|train_n=12|p=8,14,29,-1.62371,1.10791
1901033169,14,8,mean_p,12,0.32280414139054681,0.043608162768433489,mean_p|train_n=12|p=8,15,30,-1.62371,1.10791
3930590896,14,8,mean_p,12,0.36960943044453004,0.027689215196369306,mean_p|train_n=12|p=8,16,32,-1.62371,1.10791
311378043,14,8,mean_p,12,0.36181383272788398,0.029865140969015564,mean_p|train_n=12|p=8,17,33,-1.62371,1.10791
2976798392,14,8,mean_p,12,0.34365078528818954,0.035621424124778943,mean_p|train_n=12|p=8,18,34,-1.62371,1.10791
2189430008,14,8,mean_p,12,0.40001984054671358,0.020613341957318339,mean_p|train_n=12|p=8,19,35,-1.62371,1.10791
2163701350,14,8,mean_p,12,0.43661644283260148,0.014451567559264168,mean_p|train_n=12|p=8,20,36,-1.62371,1.10791
1539916717,14,8,mean_p,12,0.30763190618402086,0.050525423289519533,mean_p|train_n=12|p=8,21,37,-1.62371,1.10791
3185446098,14,8,mean_p,12,0.35522804261545537,0.031836099561270079,mean_p|train_n=12|p=8,22,39,-1.62371,1.10791
901882499,14,8,mean_p,12,0.6086026240409611,0.0027232841985334647,mean_p|train_n=12|p=8,23,40,-1.62371,1.10791
567230721,14,8,mean_p,12,0.50212526405872204,0.0076530275215481083,mean_p|train_n=12|p=8,24,42,-1.62371,1.10791
2839667897,14,8,mean_p,12,0.379965489276545,0.025041818629107114,mean_p|train_n=12|p=8,25,43,-1.62371,1.10791
2050241006,14,8,mean_p,12,0.33016631639955712,0.040601351749947071,mean_p|train_n=12|p=8,26,47,-1.62371,1.10791
2155286466,14,8,mean_p,12,0.58222022604649393,0.0035178674392597168,mean_p|train_n=12|p=8,27,51,-1.62371,1.10791
100861798,14,8,mean_p,12,0.29522536623331147,0.056989694640058694,mean_p|train_n=12|p=8,28,53,-1.62371,1.10791
2379124855,14,8,mean_p,12,0.34523981043669433,0.035076355180237918,mean_p|train_n=12|p=8,29,56,-1.62371,1.10791
3109972963,14,8,mean_p,12,0.37743169451899811,0.025665181560821492,mean_p|train_n=12|p=8,30,57,-1.62371,1.10791
2473982916,14,8,mean_p,12,0.4368439074178867,0.01441970335948852,mean_p|train_n=12|p=8,31,58,-1.62371,1.10791
3497732200,14,8,mean_p,12,0.47061447180764743,0.010390417210228578,mean_p|train_n=12|p=8,32,60,-1.62371,1.10791
4169785285,14,8,mean_p,12,0.35922375862816863,0.030625291347778187,mean_p|train_n=12|p=8,33,62,-1.62371,1.10791
562808569,14,8,mean_p,12,0.39129947495828921,0.0224336371162078,mean_p|train_n=12|p=8,34,66,-1.62371,1.10791
967576856,14,8,mean_p,12,0.48596820881719671,0.0089521199128862611,mean_p|train_n=12|p=8,35,67,-1.62371,1.10791
1885797915,14,8,mean_p,12,0.43538590945381506,0.014625170639002892,mean_p|train_n=12|p=8,36,68,-1.62371,1.10791
1461126288,14,8,mean_p,12,0.30786387117361641,0.050411818355971069,mean_p|train_n=12|p=8,37,70,-1.62371,1.10791
1703421357,14,8,mean_p,12,0.3171182235680422,0.04608192741046778,mean_p|train_n=12|p=8,38,72,-1.62371,1.10791
1452461009,14,8,mean_p,12,0.40735248906437471,0.019197538523909805,mean_p|train_n=12|p=8,39,73,-1.62371,1.10791
2071570382,14,8,mean_p,12,0.36089042379070702,0.030133959627110601,mean_p|train_n=12|p=8,40,74,-1.62371,1.10791
323694581,14,8,mean_p,12,0.31173607418692389,0.048552687395716103,mean_p|train_n=12|p=8,41,75,-1.62371,1.10791
4137941703,14,8,mean_p,12,0.39799647521768583,0.021022081674872642,mean_p|train_n=12|p=8,42,76,-1.62371,1.10791
985394224,14,8,mean_p,12,0.36710675273019866,0.028369911527981399,mean_p|train_n=12|p=8,43,77,-1.62371,1.10791
2765906325,14,8,mean_p,12,0.67359464915384637,0.0014494034128649414,mean_p|train_n=12|p=8,44,78,-1.62371,1.10791
4015090735,14,8,mean_p,12,0.34798657837395458,0.034153752387832213,mean_p|train_n=12|p=8,45,79,-1.62371,1.10791
731586393,14,8,mean_p,12,0.48964910347368817,0.0086379971229654986,mean_p|train_n=12|p=8,46,81,-1.62371,1.10791
1940135560,14,8,mean_p,12,0.44355324681130048,0.013510777828669933,mean_p|train_n=12|p=8,47,82,-1.62371,1.10791
1045808775,14,8,mean_p,12,0.38039224820240586,0.024938327526140648,mean_p|train_n=12|p=8,48,84,-1.62371,1.10791
3183855833,14,8,mean_p,12,0.3855306649207132,0.023725309061833261,mean_p|train_n=12|p=8,49,87,-1.62371,1.10791
2169575998,14,8,mean_p,12,0.46758093555867608,0.010700832890338808,mean_p|train_n=12|p=8,50,89,-1.62371,1.10791
2201540053,14,8,mean_p,12,0.38736248052327227,0.023307293137104682,mean_p|train_n=12|p=8,51,92,-1.62371,1.10791
621144748,14,8,mean_p,12,0.33945912192887345,0.037100239052535164,mean_p|train_n=12|p=8,52,93,-1.62371,1.10791
2966774895,14,8,mean_p,12,0.42799951887310678,0.01571195742586921,mean_p|train_n=12|p=8,53,95,-1.62371,1.10791
636148670,14,8,mean_p,12,0.35262534574233978,0.032650415458410451,mean_p|train_n=12|p=8,54,97,-1.62371,1.10791
4081317397,14,8,mean_p,12,0.38592372023669819,0.023634987578182862,mean_p|train_n=12|p=8,55,98,-1.62371,1.10791
3752357104,14,8,mean_p,12,0.37427519120011637,0.026463493236885731,mean_p|train_n=12|p=8,56,99,-1.62371,1.10791
781278923,14,8,mean_p,12,0.40208994139843635,0.020203384704844563,mean_p|train_n=12|p=8,57,100,-1.62371,1.10791
1061192969,14,8,mean_p,12,0.47600853389639169,0.0098605273827998673,mean_p|train_n=12|p=8,58,101,-1.62371,1.10791
2206833568,14,8,mean_p,12,0.42335453719605576,0.01643638089679874,mean_p|train_n=12|p=8,59,102,-1.62371,1.10791
3245033011,14,8,mean_p,12,0.53284489281488123,0.0056802553468647014,mean_p|train_n=12|p=8,60,103,-1.62371,1.10791
1045625674,14,8,mean_p,12,0.5086124805297666,0.0071861027175295095,mean_p|train_n=12|p=8,61,108,-1.62371,1.10791
3384470251,14,8,mean_p,12,0.41143196155241196,0.018452403278297884,mean_p|train_n=12|p=8,62,110,-1.62371,1.10791
72052278,14,8,mean_p,12,0.46721623080927105,0.01073877148450098,mean_p|train_n=12|p=8,63,112,-1.62371,1.10791
936459169,14,8,mean_p,12,0.43311598333548101,0.014950900933331134,mean_p|train_n=12|p=8,64,113,-1.62371,1.10791
588509164,14,8,mean_p,12,0.30080106012602592,0.053988096370498215,mean_p|train_n=12|p=8,65,114,-1.62371,1.10791
3788707805,14,8,mean_p,12,0.35102635323085263,0.033160993823281526,mean_p|train_n=12|p=8,66,117,-1.62371,1.10791
1687434549,14,8,mean_p,12,0.32452860153473306,0.042884484192257682,mean_p|train_n=12|p=8,67,118,-1.62371,1.10791
2359700864,14,8,mean_p,12,0.31462278761507345,0.047211462114913109,mean_p|train_n=12|p=8,68,119,-1.62371,1.10791
841674524,14,8,mean_p,12,0.37592073944507715,0.026044267065983916,mean_p|train_n=12|p=8,69,120,-1.62371,1.10791
1712491644,14,8,mean_p,12,0.38404005209629488,0.024070989695227661,mean_p|train_n=12|p=8,70,122,-1.62371,1.10791
729164377,14,8,mean_p,12,0.52548620726527606,0.0061007109717609873,mean_p|train_n=12|p=8,71,123,-1.62371,1.10791
2513897227,14,8,mean_p,12,0.41048137642042626,0.018623405626359807,mean_p|train_n=12|p=8,72,124,-1.62371,1.10791
1936280289,14,8,mean_p,12,0.41403689191957588,0.017991802167876894,mean_p|train_n=12|p=8,73,125,-1.62371,1.10791
3329662040,14,8,mean_p,12,0.39494309639866615,0.021654289550313861,mean_p|train_n=12|p=8,74,128,-1.62371,1.10791
2160082572,14,8,mean_p,12,0.43012695510523491,0.015390913025518999,mean_p|train_n=12|p=8,75,129,-1.62371,1.10791
3270654315,14,8,mean_p,12,0.44045524080255039,0.013923122710943509,mean_p|train_n=12|p=8,76,130,-1.62371,1.10791
1194876005,14,8,mean_p,12,0.53529557927693594,0.0055467633496201867,mean_p|train_n=12|p=8,77,131,-1.62371,1.10791
3380349411,14,8,mean_p,12,0.47096095266211047,0.010355540475235557,mean_p|train_n=12|p=8,78,132,-1.62371,1.10791
2219341359,14,8,mean_p,12,0.54709302635038337,0.0049467531739785797,mean_p|train_n=12|p=8,79,134,-1.62371,1.10791
859629757,14,8,mean_p,12,0.28357214450477886,0.063812814518147146,mean_p|train_n=12|p=8,80,135,-1.62371,1.10791
4197430574,14,8,mean_p,12,0.4221680379785438,0.016626720759544463,mean_p|train_n=12|p=8,81,136,-1.62371,1.10791
3314242341,14,8,mean_p,12,0.41746628025213106,0.01740290640572598,mean_p|train_n=12|p=8,82,138,-1.62371,1.10791
1151862597,14,8,mean_p,12,0.47126524964106203,0.010325006535220189,mean_p|train_n=12|p=8,83,140,-1.62371,1.10791
2154666342,14,8,mean_p,12,0.59965446406204426,0.0029703270480332319,mean_p|train_n=12|p=8,84,142,-1.62371,1.10791
1439621813,14,8,mean_p,12,0.40591497427760981,0.019467215600725563,mean_p|train_n=12|p=8,85,144,-1.62371,1.10791
3606095472,14,8,mean_p,12,0.54198894428459721,0.0051979366991696165,mean_p|train_n=12|p=8,86,145,-1.62371,1.10791
4134380196,14,8,mean_p,12,0.26704381975576097,0.074914382028094612,mean_p|train_n=12|p=8,87,148,-1.62371,1.10791
2657603708,14,8,mean_p,12,0.43420771603814845,0.014793343571163445,mean_p|train_n=12|p=8,88,149,-1.62371,1.10791
4204220930,14,8,mean_p,12,0.53215732707993391,0.0057182817486126107,mean_p|train_n=12|p=8,89,151,-1.62371,1.10791
2777855278,14,8,mean_p,12,0.30880694699181666,0.049952570935805116,mean_p|train_n=12|p=8,90,152,-1.62371,1.10791
754015355,14,8,mean_p,12,0.34632660915188723,0.034708371149888104,mean_p|train_n=12|p=8,91,153,-1.62371,1.10791
4159536478,14,8,mean_p,12,0.46840718222293631,0.010615377219866065,mean_p|train_n=12|p=8,92,157,-1.62371,1.10791
4014823578,14,8,mean_p,12,0.2778644108528982,0.067447007638998219,mean_p|train_n=12|p=8,93,158,-1.62371,1.10791
855270411,14,8,mean_p,12,0.32744626773527102,0.041687314640619047,mean_p|train_n=12|p=8,94,160,-1.62371,1.10791
602403449,14,8,mean_p,12,0.33254649682884541,0.039674312796135529,mean_p|train_n=12|p=8,95,163,-1.62371,1.10791
1441458310,14,8,mean_p,12,0.37195051483391739,0.027067262442314562,mean_p|train_n=12|p=8,96,164,-1.62371,1.10791
3345731373,14,8,mean_p,12,0.34023856449618123,0.036820680417836427,mean_p|train_n=12|p=8,97,165,-1.62371,1.10791
3414605583,14,8,mean_p,12,0.35782219972091911,0.031044665643080609,mean_p|train_n=12|p=8,98,167,-1.62371,1.10791
3885455374,14,8,mean_p,12,0.35837941580378596,0.030877252139907191,mean_p|train_n=12|p=8,99,169,-1.62371,1.10791
3433529746,14,8,mean_p,12,0.26911689529794386,0.073422368558449302,mean_p|train_n=12|p=8,100,170,-1.62371,1.10791
4133205214,14,8,mean_p,12,0.45028187844789763,0.012656775392443925,mean_p|train_n=12|p=8,101,171,-1.62371,1.10791
3567048287,14,8,mean_p,12,0.27509471488177389,0.069284382141992312,mean_p|train_n=12|p=8,102,172,-1.62371,1.10791
3228308286,14,8,mean_p,12,0.29127511416858631,0.059216720378455906,mean_p|train_n=12|p=8,103,173,-1.62371,1.10791
1587796468,14,8,mean_p,12,0.63438681677803799,0.0021204476263585324,mean_p|train_n=12|p=8,104,174,-1.62371,1.10791
2405077737,14,8,mean_p,12,0.37663988553632394,0.025863146298179727,mean_p|train_n=12|p=8,105,177,-1.62371,1.10791
2495091328,14,8,mean_p,12,0.40357916261658372,0.019913515203757941,mean_p|train_n=12|p=8,106,180,-1.62371,1.10791
1272323016,14,8,mean_p,12,0.29691700951841776,0.056061799618442799,mean_p|train_n=12|p=8,107,181,-1.62371,1.10791
3086593921,14,8,mean_p,12,0.38310712875299707,0.024289897251143538,mean_p|train_n=12|p=8,108,186,-1.62371,1.10791
1995746154,14,8,mean_p,12,0.29917423759839157,0.054847157869278906,mean_p|train_n=12|p=8,109,189,-1.62371,1.10791
1684516732,14,8,mean_p,12,0.3395736867979427,0.037059015987648568,mean_p|train_n=12|p=8,110,193,-1.62371,1.10791
2230455222,14,8,mean_p,12,0.33776171826132384,0.037716404068149273,mean_p|train_n=12|p=8,111,194,-1.62371,1.10791
2866542422,14,8,mean_p,12,0.42879745841206202,0.015590765570395175,mean_p|train_n=12|p=8,112,195,-1.62371,1.10791
1868411895,14,8,mean_p,12,0.5108291164292903,0.0070331776308123041,mean_p|train_n=12|p=8,113,197,-1.62371,1.10791
2829493445,14,8,mean_p,12,0.32351787057567533,0.043307173068896067,mean_p|train_n=12|p=8,114,198,-1.62371,1.10791
2774625392,14,8,mean_p,12,0.36313408810353831,0.029484954264413943,mean_p|train_n=12|p=8,115,199,-1.62371,1.10791
4005000332,14,8,mean_p,12,0.35359414232907926,0.032344898761453529,mean_p|train_n=12|p=8,116,200,-1.62371,1.10791
1542914079,14,8,mean_p,12,0.28818329589092623,0.061020332758579959,mean_p|train_n=12|p=8,117,201,-1.62371,1.10791
1174231687,14,8,mean_p,12,0.43153925326655374,0.015181418989151686,mean_p|train_n=12|p=8,118,202,-1.62371,1.10791
2819811964,14,8,mean_p,12,0.55347391137495405,0.0046497383184782312,mean_p|train_n=12|p=8,119,206,-1.62371,1.10791
2770644680,14,8,mean_p,12,0.38172447116966135,0.024618000568828846,mean_p|train_n=12|p=8,120,209,-1.62371,1.10791
1697494534,14,8,mean_p,12,0.36396182262330273,0.029249068365629786,mean_p|train_n=12|p=8,121,210,-1.62371,1.10791
1195021407,14,8,mean_p,12,0.44676791764892088,0.013095810425659918,mean_p|train_n=12|p=8,122,212,-1.62371,1.10791
3587682581,14,8,mean_p,12,0.39529386517941273,0.021580706220672461,mean_p|train_n=12|p=8,123,213,-1.62371,1.10791
2827322030,14,8,mean_p,12,0.57170761409092652,0.0038956867813480008,mean_p|train_n=12|p=8,124,214,-1.62371,1.10791
3740028412,14,8,mean_p,12,0.29491058311747614,0.057164045759242235,mean_p|train_n=12|p=8,125,215,-1.62371,1.10791
2914634582,14,8,mean_p,12,0.42644088227200067,0.015951408712591521,mean_p|train_n=12|p=8,126,216,-1.62371,1.10791
3153213290,14,8,mean_p,12,0.3075740513634036,0.050553797574523024,mean_p|train_n=12|p=8,127,218,-1.62371,1.10791
3524299882,14,8,mean_p,12,0.50268197349067656,0.0076117947264701981,mean_p|train_n=12|p=8,128,221,-1.62371,1.10791
3026661507,14,8,mean_p,12,0.26735106368153078,0.074691356417476165,mean_p|train_n=12|p=8,129,222,-1.62371,1.10791
1965739693,14,8,mean_p,12,0.47562199059783244,0.009897584068249669,mean_p|train_n=12|p=8,130,225,-1.62371,1.10791
3714480352,14,8,mean_p,12,0.36970914623464152,0.027662434740041444,mean_p|train_n=12|p=8,131,227,-1.62371,1.10791
4022478407,14,8,mean_p,12,0.34073175534600975,0.036644879363749522,mean_p|train_n=12|p=8,132,228,-1.62371,1.10791
3611944133,14,8,mean_p,12,0.30819049091203404,0.050252289147075961,mean_p|train_n=12|p=8,133,230,-1.62371,1.10791
1970746355,14,8,mean_p,12,0.43514434103798943,0.014659495099885664,mean_p|train_n=12|p=8,134,231,-1.62371,1.10791
583041069,14,8,mean_p,12,0.35470759437294636,0.031997293256981293,mean_p|train_n=12|p=8,135,234,-1.62371,1.10791
3655977448,14,8,mean_p,12,0.27174099934094792,0.071576311444800061,mean_p|train_n=12|p=8,136,237,-1.62371,1.10791
1073623130,14,8,mean_p,12,0.27061817009615802,0.072360471492699169,mean_p|train_n=12|p=8,137,239,-1.62371,1.10791
3569526023,14,8,mean_p,12,0.36865742308546362,0.027946202739612014,mean_p|train_n=12|p=8,138,241,-1.62371,1.10791
3337554947,14,8,mean_p,12,0.50638634056711518,0.0073430301150144905,mean_p|train_n=12|p=8,139,243,-1.62371,1.10791
3550728341,14,8,mean_p,12,0.34004881891816197,0.036888540888122295,mean_p|train_n=12|p=8,140,244,-1.62371,1.10791
1752066129,14,8,mean_p,12,0.42667899655896563,0.015914592735302775,mean_p|train_n=12|p=8,141,246,-1.62371,1.10791
2520373853,14,8,mean_p,12,0.33909671732146357,0.037230942728344013,mean_p|train_n=12|p=8,142,252,-1.62371,1.10791
3422051148,14,8,mean_p,12,0.31630267572471393,0.046448072521629025,mean_p|train_n=12|p=8,143,254,-1.62371,1.10791
3881601095,14,8,mean_p,12,0.34567987780761417,0.034926883078866919,mean_p|train_n=12|p=8,144,255,-1.62371,1.10791
614181269,14,8,mean_p,12,0.38969510522374684,0.022785637209033486,mean_p|train_n=12|p=8,145,256,-1.62371,1.10791
897877543,14,8,mean_p,12,0.37512635518523052,0.026245811717195242,mean_p|train_n=12|p=8,146,257,-1.62371,1.10791
1732364338,14,8,mean_p,12,0.44681346042606951,0.013090024012742786,mean_p|train_n=12|p=8,147,258,-1.62371,1.10791
2497507330,14,8,mean_p,12,0.35845154550896574,0.030855647137728932,mean_p|train_n=12|p=8,148,259,-1.62371,1.10791
1639980016,14,8,mean_p,12,0.34010536871270353,0.036868303388741572,mean_p|train_n=12|p=8,149,264,-1.62371,1.10791
3507602936,14,8,mean_p,12,0.32462459658760778,0.042844554103673271,mean_p|train_n=12|p=8,150,267,-1.62371,1.10791
698631793,14,8,mean_p,12,0.29350637970889376,0.057948321513818679,mean_p|train_n=12|p=8,151,269,-1.62371,1.10791
3575746242,14,8,mean_p,12,0.30248175265851407,0.053114716812026501,mean_p|train_n=12|p=8,152,270,-1.62371,1.10791
2338206162,14,8,mean_p,12,0.32306259052923286,0.043498930265994162,mean_p|train_n=12|p=8,153,272,-1.62371,1.10791
38769296,14,8,mean_p,12,0.43134081055808499,0.015210682015385826,mean_p|train_n=12|p=8,154,273,-1.62371,1.10791
3504658710,14,8,mean_p,12,0.25459778087513618,0.084531394940398782,mean_p|train_n=12|p=8,155,276,-1.62371,1.10791
2399908493,14,8,mean_p,12,0.4033718568616414,0.019953615695219005,mean_p|train_n=12|p=8,156,277,-1.62371,1.10791
4110765179,14,8,mean_p,12,0.34659463050709804,0.034618215598562763,mean_p|train_n=12|p=8,157,278,-1.62371,1.10791
4078885140,14,8,mean_p,12,0.28397676882814638,0.063562744840985161,mean_p|train_n=12|p=8,158,280,-1.62371,1.10791
2383039604,14,8,mean_p,12,0.44901363640475084,0.01281350603326057,mean_p|train_n=12|p=8,159,281,-1.62371,1.10791
3321104322,14,8,mean_p,12,0.31520158012108718,0.046947035734539289,mean_p|train_n=12|p=8,160,282,-1.62371,1.10791
604964554,14,8,mean_p,12,0.53091540887277611,0.0057876134170464014,mean_p|train_n=12|p=8,161,283,-1.62371,1.10791
1571029328,14,8,mean_p,12,0.3472255463225159,0.034406914966848341,mean_p|train_n=12|p=8,162,285,-1.62371,1.10791
551286060,14,8,mean_p,12,0.35932318524255413,0.030595757034236365,mean_p|train_n=12|p=8,163,286,-1.62371,1.10791
2908310834,14,8,mean_p,12,0.47436635364664925,0.010018921657212054,mean_p|train_n=12|p=8,164,287,-1.62371,1.10791
2243491093,14,8,mean_p,12,0.23598890542632839,0.10126133565704309,mean_p|train_n=12|p=8,165,292,-1.62371,1.10791
3054163776,14,8,mean_p,12,0.36426801608589204,0.029162289015359277,mean_p|train_n=12|p=8,166,294,-1.62371,1.10791
582044315,14,8,mean_p,12,0.28324103155018177,0.06401818379819825,mean_p|train_n=12|p=8,167,295,-1.62371,1.10791
825413786,14,8,mean_p,12,0.37563708314608191,0.026116055739626106,mean_p|train_n=12|p=8,168,296,-1.62371,1.10791
1009192837,14,8,mean_p,12,0.44060834297202012,0.013902452309378487,mean_p|train_n=12|p=8,169,297,-1.62371,1.10791
2606586826,14,8,mean_p,12,0.33467199729460279,0.038864372629921227,mean_p|train_n=12|p=8,170,298,-1.62371,1.10791
3790698266,14,8,mean_p,12,0.3838149026314438,0.024123639029767725,mean_p|train_n=12|p=8,171,300,-1.62371,1.10791
298344463,14,8,mean_p,12,0.41165208121477787,0.018413030005441526,mean_p|train_n=12|p=8,172,301,-1.62371,1.10791
3170460790,14,8,mean_p,12,0.43516658379281375,0.014656331262053967,mean_p|train_n=12|p=8,173,305,-1.62371,1.10791
1347372121,14,8,mean_p,12,0.54609989555771909,0.0049946574853273439,mean_p|train_n=12|p=8,174,307,-1.62371,1.10791
1116401956,14,8,mean_p,12,0.24957703746267126,0.088751879099684683,mean_p|train_n=12|p=8,175,308,-1.62371,1.10791
2251248048,14,8,mean_p,12,0.40053263921441273,0.020511020040703123,mean_p|train_n=12|p=8,176,309,-1.62371,1.10791
1721330773,14,8,mean_p,12,0.49620415879271157,0.0081056397748190036,mean_p|train_n=12|p=8,177,310,-1.62371,1.10791
920962757,14,8,mean_p,12,0.2389918451327438,0.098353088564913357,mean_p|train_n=12|p=8,178,317,-1.62371,1.10791
2784486372,14,8,mean_p,12,0.44721097031375218,0.013039627033236093,mean_p|train_n=12|p=8,179,318,-1.62371,1.10791
2000626560,14,8,mean_p,12,0.44778483879192094,0.012967213066804713,mean_p|train_n=12|p=8,180,320,-1.62371,1.10791
3762796006,14,8,mean_p,12,0.36790439761574506,0.028151164912624413,mean_p|train_n=12|p=8,181,321,-1.62371,1.10791
32723261,14,8,mean_p,12,0.29398457128896277,0.057680041066241222,mean_p|train_n=12|p=8,182,322,-1.62371,1.10791
2196949690,14,8,mean_p,12,0.25253568813742583,0.086239962804380121,mean_p|train_n=12|p=8,183,324,-1.62371,1.10791
992159968,14,8,mean_p,12,0.46453548454131904,0.011021796582082665,mean_p|train_n=12|p=8,184,325,-1.62371,1.10791
2535750164,14,8,mean_p,12,0.37088197285312202,0.027349388375042631,mean_p|train_n=12|p=8,185,329,-1.62371,1.10791
1485795992,14,8,mean_p,12,0.31872673404460478,0.045368215464986872,mean_p|train_n=12|p=8,186,333,-1.62371,1.10791
1357511702,14,8,mean_p,12,0.33602908948689131,0.038355911251805846,mean_p|train_n=12|p=8,187,334,-1.62371,1.10791
631383394,14,8,mean_p,12,0.31674285370505606,0.046250092079647302,mean_p|train_n=12|p=8,188,337,-1.62371,1.10791
4153483666,14,8,mean_p,12,0.43965274242620395,0.014031972211306087,mean_p|train_n=12|p=8,189,340,-1.62371,1.10791
1497866049,14,8,mean_p,12,0.36601686859877219,0.0286715525797108,mean_p|train_n=12|p=8,190,344,-1.62371,1.10791
2447158607,14,8,mean_p,12,0.27336295685189493,0.07045855042083822,mean_p|train_n=12|p=8,191,345,-1.62371,1.10791
1695197202,14,8,mean_p,12,0.34594380789339452,0.034837543029403804,mean_p|train_n=12|p=8,192,346,-1.62371,1.10791
1792446818,14,8,mean_p,12,0.55669670466240073,0.0045065719345674451,mean_p|train_n=12|p=8,193,349,-1.62371,1.10791
2040686423,14,8,mean_p,12,0.27311503977598806,0.070628263830834259,mean_p|train_n=12|p=8,194,353,-1.62371,1.10791
922491692,14,8,mean_p,12,0.33020235585177421,0.040587154761451472,mean_p|train_n=12|p=8,195,355,-1.62371,1.10791
4072393179,14,8,mean_p,12,0.42468823367613823,0.016225027441975848,mean_p|train_n=12|p=8,196,360,-1.62371,1.10791
3620838309,14,8,mean_p,12,0.38997103998671728,0.022724706003647146,mean_p|train_n=12|p=8,197,364,-1.62371,1.10791
348791969,14,8,mean_p,12,0.29978814989522456,0.054521380466144943,mean_p|train_n=12|p=8,198,365,-1.62371,1.10791
492752473,14,8,mean_p,12,0.34107665645342744,0.036522436125874462,mean_p|train_n=12|p=8,199,366,-1.62371,1.10791
2022846904,14,8,mean_p,12,0.39737148575255887,0.021149966661484589,mean_p|train_n=12|p=8,200,367,-1.62371,1.10791
1404987301,14,8,mean_p,12,0.30014638409875827,0.054332175411985081,mean_p|train_n=12|p=8,201,370,-1.62371,1.10791
3123360674,14,8,mean_p,12,0.65989805095520904,0.0016554363841723878,mean_p|train_n=12|p=8,202,371,-1.62371,1.10791
2248226968,14,8,mean_p,12,0.31706185699882333,0.046107140410006728,mean_p|train_n=12|p=8,203,372,-1.62371,1.10791
1015451873,14,8,mean_p,12,0.35658272192481205,0.031420324551883538,mean_p|train_n=12|p=8,204,373,-1.62371,1.10791
2936163920,14,8,mean_p,12,0.31692650912380232,0.046167738420207632,mean_p|train_n=12|p=8,205,374,-1.62371,1.10791
1591680772,14,8,mean_p,12,0.30452305011797043,0.0520729264860261,mean_p|train_n=12|p=8,206,375,-1.62371,1.10791
3029350415,14,8,mean_p,12,0.47311425685667208,0.010141398358792133,mean_p|train_n=12|p=8,207,376,-1.62371,1.10791
2214136800,14,8,mean_p,12,0.49318859065209608,0.0083463418715564522,mean_p|train_n=12|p=8,208,377,-1.62371,1.10791
2541325924,14,8,mean_p,12,0.24749636480500584,0.090562079285029851,mean_p|train_n=12|p=8,209,378,-1.62371,1.10791
347818685,14,8,mean_p,12,0.38885241579656765,0.022972730904714769,mean_p|train_n=12|p=8,210,379,-1.62371,1.10791
829518329,14,8,mean_p,12,0.27921303454285001,0.066570070963926864,mean_p|train_n=12|p=8,211,380,-1.62371,1.10791
2292311754,14,8,mean_p,12,0.3129428491325838,0.047987421728524327,mean_p|train_n=12|p=8,212,389,-1.62371,1.10791
1120722798,14,8,mean_p,12,0.29773329906125773,0.055619470218275027,mean_p|train_n=12|p=8,213,390,-1.62371,1.10791
401543910,14,8,mean_p,12,0.33478350919656169,0.038822339529665947,mean_p|train_n=12|p=8,214,391,-1.62371,1.10791
2916803224,14,8,mean_p,12,0.39921725863569096,0.020774511724303075,mean_p|train_n=12|p=8,215,394,-1.62371,1.10791
1018811143,14,8,mean_p,12,0.50442977389629162,0.0074837815649587587,mean_p|train_n=12|p=8,216,396,-1.62371,1.10791
1412611645,14,8,mean_p,12,0.44129203715670812,0.013810520267560121,mean_p|train_n=12|p=8,217,398,-1.62371,1.10791
3744683034,14,8,mean_p,12,0.42794084892273371,0.015720905367594008,mean_p|train_n=12|p=8,218,400,-1.62371,1.10791
3326790217,14,8,mean_p,12,0.35736513310448309,0.031182667038214214,mean_p|train_n=12|p=8,219,401,-1.62371,1.10791
3795378608,14,8,mean_p,12,0.39519336728085419,0.021601762804685457,mean_p|train_n=12|p=8,220,403,-1.62371,1.10791
3935765991,14,8,mean_p,12,0.34888230986956426,0.033858166537769893,mean_p|train_n=12|p=8,221,405,-1.62371,1.10791
297925122,14,8,mean_p,12,0.31550317688480695,0.046809836092938484,mean_p|train_n=12|p=8,222,407,-1.62371,1.10791
304898444,14,8,mean_p,12,0.36988768739567934,0.027614549013144092,mean_p|train_n=12|p=8,223,409,-1.62371,1.10791
3941378961,14,8,mean_p,12,0.45638407390634717,0.011929050001143877,mean_p|train_n=12|p=8,224,410,-1.62371,1.10791
1664400345,14,8,mean_p,12,0.41664756510046114,0.017541720785177288,mean_p|train_n=12|p=8,225,411,-1.62371,1.10791
3027151513,14,8,mean_p,12,0.28920086789555055,0.060420747778350228,mean_p|train_n=12|p=8,226,412,-1.62371,1.10791
1752218267,14,8,mean_p,12,0.30253325507312512,0.05308817763594486,mean_p|train_n=12|p=8,227,413,-1.62371,1.10791
1636246870,14,8,mean_p,12,0.40976688956799279,0.01875297825951221,mean_p|train_n=12|p=8,228,414,-1.62371,1.10791
2050313551,14,8,mean_p,12,0.36882782211626602,0.027900030131666122,mean_p|train_n=12|p=8,229,418,-1.62371,1.10791
4237304231,14,8,mean_p,12,0.43412676515705567,0.014804969081114318,mean_p|train_n=12|p=8,230,419,-1.62371,1.10791
3282178224,14,8,mean_p,12,0.45722787321462671,0.011831770424555153,mean_p|train_n=12|p=8,231,421,-1.62371,1.10791
1045042336,14,8,mean_p,12,0.48254060824890282,0.0092548895271390916,mean_p|train_n=12|p=8,232,423,-1.62371,1.10791
830064022,14,8,mean_p,12,0.40591890594824631,0.019466472878911269,mean_p|train_n=12|p=8,233,424,-1.62371,1.10791
40424092,14,8,mean_p,12,0.57780332416708746,0.0036719279388812537,mean_p|train_n=12|p=8,234,426,-1.62371,1.10791
42935604,14,8,mean_p,12,0.25299540109405494,0.08585609609500422,mean_p|train_n=12|p=8,235,427,-1.62371,1.10791
1959903062,14,8,mean_p,12,0.32785368180912478,0.041522826261851983,mean_p|train_n=12|p=8,236,429,-1.62371,1.10791
565150894,14,8,mean_p,12,0.53293463783196626,0.0056753106166363672,mean_p|train_n=12|p=8,237,430,-1.62371,1.10791
836072951,14,8,mean_p,12,0.45196435502298377,0.012451807852602506,mean_p|train_n=12|p=8,238,431,-1.62371,1.10791
1173671454,14,8,mean_p,12,0.31275523319581916,0.04807486895621816,mean_p|train_n=12|p=8,239,437,-1.62371,1.10791
2606678150,14,8,mean_p,12,0.43130832443266975,0.015215477898143155,mean_p|train_n=12|p=8,240,438,-1.62371,1.10791
42335826,14,8,mean_p,12,0.41920385077110212,0.017111927544796304,mean_p|train_n=12|p=8,241,439,-1.62371,1.10791
2603359984,14,8,mean_p,12,0.30629103322867973,0.051187151505595128,mean_p|train_n=12|p=8,242,440,-1.62371,1.10791
2942932160,14,8,mean_p,12,0.44932110455016133,0.012775331488749039,mean_p|train_n=12|p=8,243,442,-1.62371,1.10791
2891081213,14,8,mean_p,12,0.40401631600630844,0.019829217755453665,mean_p|train_n=12|p=8,244,445,-1.62371,1.10791
3022691423,14,8,mean_p,12,0.52249404813625033,0.006280448596120659,mean_p|train_n=12|p=8,245,447,-1.62371,1.10791
2170198367,14,8,mean_p,12,0.35132296588645051,0.033065682206544517,mean_p|train_n=12|p=8,246,448,-1.62371,1.10791
1393585042,14,8,mean_p,12,0.31322445530541942,0.047856464397417066,mean_p|train_n=12|p=8,247,449,-1.62371,1.10791
1551780407,14,8,mean_p,12,0.41808917950885804,0.017298029183639829,mean_p|train_n=12|p=8,248,455,-1.62371,1.10791
4229128909,14,8,mean_p,12,0.52062098579484783,0.0063956477550776488,mean_p|train_n=12|p=8,249,456,-1.62371,1.10791
432241719,14,8,mean_p,12,0.35681772409981705,0.031348752916561223,mean_p|train_n=12|p=8,250,457,-1.62371,1.10791
1957074768,14,8,mean_p,12,0.54986222041440858,0.0048155921121976631,mean_p|train_n=12|p=8,251,458,-1.62371,1.10791
1231532912,14,8,mean_p,12,0.29408059041770146,0.057626321252052491,mean_p|train_n=12|p=8,252,462,-1.62371,1.10791
2655569422,14,8,mean_p,12,0.38583297276529815,0.023655810163286387,mean_p|train_n=12|p=8,253,463,-1.62371,1.10791
3057995345,14,8,mean_p,12,0.41546632900921798,0.017743954653305315,mean_p|train_n=12|p=8,254,467,-1.62371,1.10791
3200073961,14,8,mean_p,12,0.35657242316443405,0.03142346484956661,mean_p|train_n=12|p=8,255,468,-1.62371,1.10791
3285973074,14,8,mean_p,12,0.38981219582736742,0.022759761634068322,mean_p|train_n=12|p=8,256,470,-1.62371,1.10791
1425245724,14,8,mean_p,12,0.40759583265505878,0.019152258538170572,mean_p|train_n=12|p=8,257,472,-1.62371,1.10791
3586478637,14,8,mean_p,12,0.62980289301602721,0.0022169001350725733,mean_p|train_n=12|p=8,258,473,-1.62371,1.10791
4100955161,14,8,mean_p,12,0.41895860528332401,0.017152700326430775,mean_p|train_n=12|p=8,259,474,-1.62371,1.10791
745273907,14,8,mean_p,12,0.32095775120095971,0.044396553140274339,mean_p|train_n=12|p=8,260,475,-1.62371,1.10791
402021447,14,8,mean_p,12,0.38270491878809887,0.02438488767316084,mean_p|train_n=12|p=8,261,476,-1.62371,1.10791
1723182654,14,8,mean_p,12,0.22798730983119694,0.10943739217729186,mean_p|train_n=12|p=8,262,477,-1.62371,1.10791
163461293,14,8,mean_p,12,0.55864308697780707,0.0044222514732686702,mean_p|train_n=12|p=8,263,478,-1.62371,1.10791
3032844920,14,8,mean_p,12,0.42856304472399021,0.015626271260509347,mean_p|train_n=12|p=8,264,479,-1.62371,1.10791
4174779672,14,8,mean_p,12,0.51222236044011626,0.0069387281189384545,mean_p|train_n=12|p=8,265,482,-1.62371,1.10791
347408094,14,8,mean_p,12,0.42704633575020379,0.015857963270060046,mean_p|train_n=12|p=8,266,484,-1.62371,1.10791
876895217,14,8,mean_p,12,0.37115650942488132,0.027276623306358185,mean_p|train_n=12|p=8,267,485,-1.62371,1.10791
751270922,14,8,mean_p,12,0.3348337081668315,0.038803432459613478,mean_p|train_n=12|p=8,268,487,-1.62371,1.10791
2639087899,14,8,mean_p,12,0.24500865221099261,0.092774933307387744,mean_p|train_n=12|p=8,269,489,-1.62371,1.10791
1046465993,14,8,mean_p,12,0.43549795067074065,0.01460927799398893,mean_p|train_n=12|p=8,270,494,-1.62371,1.10791
2930389943,14,8,mean_p,12,0.51453818699394083,0.0067845337184002045,mean_p|train_n=12|p=8,271,496,-1.62371,1.10791
2153183003,14,8,mean_p,12,0.40874894606790985,0.018939141618702075,mean_p|train_n=12|p=8,272,497,-1.62371,1.10791
2863114517,14,8,mean_p,12,0.52888892400130794,0.0059025540552961756,mean_p|train_n=12|p=8,273,498,-1.62371,1.10791
1946840757,14,8,mean_p,12,0.54680976624659494,0.0049603693818522599,mean_p|train_n=12|p=8,274,500,-1.62371,1.10791
2198761370,14,8,mean_p,12,0.41753570427116632,0.017391186105131077,mean_p|train_n=12|p=8,275,501,-1.62371,1.10791
1158382452,14,8,mean_p,12,0.36695732831515199,0.028411078407577433,mean_p|train_n=12|p=8,276,502,-1.62371,1.10791
1893078772,14,8,mean_p,12,0.30369861889894434,0.052491198029757782,mean_p|train_n=12|p=8,277,504,-1.62371,1.10791
3599529159,14,8,mean_p,12,0.60762294183045762,0.0027492976343215579,mean_p|train_n=12|p=8,278,505,-1.62371,1.10791
666664867,14,8,mean_p,12,0.39662594701354542,0.021303536296632966,mean_p|train_n=12|p=8,279,507,-1.62371,1.10791
2865687655,14,8,mean_p,12,0.43262166972328969,0.015022790434400095,mean_p|train_n=12|p=8,280,508,-1.62371,1.10791
1375425346,14,8,mean_p,12,0.35721199356861283,0.031229041279549855,mean_p|train_n=12|p=8,281,510,-1.62371,1.10791
2772258131,14,8,mean_p,12,0.44314661971340169,0.013564195788428319,mean_p|train_n=12|p=8,282,511,-1.62371,1.10791
4121287269,14,8,mean_p,12,0.27944636781838267,0.066419508190887488,mean_p|train_n=12|p=8,283,514,-1.62371,1.10791
1109205630,14,8,mean_p,12,0.38796806397621936,0.023170726734832739,mean_p|train_n=12|p=8,284,515,-1.62371,1.10791
3062918439,14,8,mean_p,12,0.27740834005274062,0.067746171990815715,mean_p|train_n=12|p=8,285,516,-1.62371,1.10791
1278509449,14,8,mean_p,12,0.30709750562512073,0.050788121395652724,mean_p|train_n=12|p=8,286,517,-1.62371,1.10791
1839046568,14,8,mean_p,12,0.42919571868144296,0.015530627571397296,mean_p|train_n=12|p=8,287,518,-1.62371,1.10791
871726495,14,8,mean_p,12,0.24929426337053509,0.088995753756370061,mean_p|train_n=12|p=8,288,519,-1.62371,1.10791
575140186,14,8,mean_p,12,0.25816264864641714,0.081657143958666106,mean_p|train_n=12|p=8,289,520,-1.62371,1.10791
147704525,14,8,mean_p,12,0.29654338754417259,0.056265429017817836,mean_p|train_n=12|p=8,290,522,-1.62371,1.10791
1643185242,14,8,mean_p,12,0.40517517559549765,0.019607474598909078,mean_p|train_n=12|p=8,291,523,-1.62371,1.10791
1255948509,14,8,mean_p,12,0.43607615850217979,0.014527535405917658,mean_p|train_n=12|p=8,292,524,-1.62371,1.10791
245022714,14,8,mean_p,12,0.39649626039195246,0.021330363393634092,mean_p|train_n=12|p=8,293,525,-1.62371,1.10791
623267523,14,8,mean_p,12,0.5289926177614227,0.0058966175944663952,mean_p|train_n=12|p=8,294,526,-1.62371,1.10791
3973019918,14,8,mean_p,12,0.48512299178761614,0.0090258474783506959,mean_p|train_n=12|p=8,295,527,-1.62371,1.10791
2928021819,14,8,mean_p,12,0.35178187331547128,0.032918759331893095,mean_p|train_n=12|p=8,296,529,-1.62371,1.10791
2416233937,14,8,mean_p,12,0.43247827034695702,0.015043710044015553,mean_p|train_n=12|p=8,297,530,-1.62371,1.10791
3083979662,14,8,mean_p,12,0.42147373638356828,0.016739122263792313,mean_p|train_n=12|p=8,298,533,-1.62371,1.10791
466892264,14,8,mean_p,12,0.26171520888970484,0.078890045263415115,mean_p|train_n=12|p=8,299,534,-1.62371,1.10791
3238736003,14,8,mean_p,12,0.28736461302528371,0.061507042510709091,mean_p|train_n=12|p=8,300,535,-1.62371,1.10791
707225116,14,8,mean_p,12,0.44693070635613524,0.013075139155367116,mean_p|train_n=12|p=8,301,536,-1.62371,1.10791
819853566,14,8,mean_p,12,0.47099901713058817,0.010351716053043374,mean_p|train_n=12|p=8,302,537,-1.62371,1.10791
2902230527,14,8,mean_p,12,0.19167660880933621,0.15566618352861061,mean_p|train_n=12|p=8,303,538,-1.62371,1.10791
2618416127,14,8,mean_p,12,0.48914465936830576,0.008680385130860899,mean_p|train_n=12|p=8,304,540,-1.62371,1.10791
58723303,14,8,mean_p,12,0.50202539241403399,0.0076604481287119207,mean_p|train_n=12|p=8,305,543,-1.62371,1.10791
1831869986,14,8,mean_p,12,0.29135269109393763,0.059172158144939341,mean_p|train_n=12|p=8,306,546,-1.62371,1.10791
3830405189,14,8,mean_p,12,0.46452331951709064,0.011023097783419818,mean_p|train_n=12|p=8,307,547,-1.62371,1.10791
2692089969,14,8,mean_p,12,0.25135770709047561,0.087231445133249763,mean_p|train_n=12|p=8,308,549,-1.62371,1.10791
3846202447,14,8,mean_p,12,0.29852407227021666,0.055194295892064274,mean_p|train_n=12|p=8,309,553,-1.62371,1.10791
2149605192,14,8,mean_p,12,0.30281728299203697,0.052942056184670371,mean_p|train_n=12|p=8,310,554,-1.62371,1.10791
4008905691,14,8,mean_p,12,0.41882336925532915,0.017175225254117361,mean_p|train_n=12|p=8,311,556,-1.62371,1.10791
816718467,14,8,mean_p,12,0.43766716536852746,0.014304964075842098,mean_p|train_n=12|p=8,312,557,-1.62371,1.10791
3921153451,14,8,mean_p,12,0.29044362848866589,0.059696460360855116,mean_p|train_n=12|p=8,313,563,-1.62371,1.10791
3582436290,14,8,mean_p,12,0.45023209548797016,0.012662891318021331,mean_p|train_n=12|p=8,314,564,-1.62371,1.10791
1845837069,14,8,mean_p,12,0.51038471437821253,0.0070635737348658904,mean_p|train_n=12|p=8,315,567,-1.62371,1.10791
3464022462,14,8,mean_p,12,0.36227688686623027,0.029731242858454042,mean_p|train_n=12|p=8,316,570,-1.62371,1.10791
1844524280,14,8,mean_p,12,0.34007059971836512,0.036880744868756615,mean_p|train_n=12|p=8,317,571,-1.62371,1.10791
3003488186,14,8,mean_p,12,0.39897308575371426,0.02082379463799475,mean_p|train_n=12|p=8,318,572,-1.62371,1.10791
3014539764,14,8,mean_p,12,0.34863065593765913,0.033940951422697728,mean_p|train_n=12|p=8,319,573,-1.62371,1.10791
3917518918,14,8,mean_p,12,0.51656271868142489,0.0066525443497222362,mean_p|train_n=12|p=8,320,575,-1.62371,1.10791
1964919510,14,8,mean_p,12,0.40504602747986146,0.019632063289511406,mean_p|train_n=12|p=8,321,576,-1.62371,1.10791
4032224536,14,8,mean_p,12,0.38145918779642729,0.024681456969250858,mean_p|train_n=12|p=8,322,577,-1.62371,1.10791
1737250366,14,8,mean_p,12,0.47413520910118873,0.010041419728468367,mean_p|train_n=12|p=8,323,584,-1.62371,1.10791
1043250226,14,8,mean_p,12,0.3779228072454916,0.02554315775689919,mean_p|train_n=12|p=8,324,585,-1.62371,1.10791
3302867212,14,8,mean_p,12,0.36723125887775743,0.028335655268511419,mean_p|train_n=12|p=8,325,587,-1.62371,1.10791
930181972,14,8,mean_p,12,0.50570188944854355,0.0073919645213785393,mean_p|train_n=12|p=8,326,589,-1.62371,1.10791
4281971622,14,8,mean_p,12,0.39859842813122787,0.020899641507973715,mean_p|train_n=12|p=8,327,590,-1.62371,1.10791
3130546215,14,8,mean_p,12,0.44480238808750949,0.01334799227370438,mean_p|train_n=12|p=8,328,592,-1.62371,1.10791
845224673,14,8,mean_p,12,0.48094450845893749,0.0093993511318305936,mean_p|train_n=12|p=8,329,593,-1.62371,1.10791
3479056861,14,8,mean_p,12,0.31042109013220681,0.049176222847285567,mean_p|train_n=12|p=8,330,594,-1.62371,1.10791
2420637740,14,8,mean_p,12,0.43264118781922045,0.015019945315466351,mean_p|train_n=12|p=8,331,595,-1.62371,1.10791
344745281,14,8,mean_p,12,0.34188892176766789,0.036235687956622284,mean_p|train_n=12|p=8,332,596,-1.62371,1.10791
2363864979,14,8,mean_p,12,0.44227327779974701,0.013679640346216252,mean_p|train_n=12|p=8,333,597,-1.62371,1.10791
518609000,14,8,mean_p,12,0.26295913166304147,0.077943480025844544,mean_p|train_n=12|p=8,334,598,-1.62371,1.10791
536473526,14,8,mean_p,12,0.42165087544083629,0.016710372962682268,mean_p|train_n=12|p=8,335,601,-1.62371,1.10791
1341499141,14,8,mean_p,12,0.26425638315821648,0.076968430320667761,mean_p|train_n=12|p=8,336,602,-1.62371,1.10791
3632661450,14,8,mean_p,12,0.40398752678649558,0.019834758264148447,mean_p|train_n=12|p=8,337,604,-1.62371,1.10791
3579628259,14,8,mean_p,12,0.48303326695372173,0.0092107494411545962,mean_p|train_n=12|p=8,338,606,-1.62371,1.10791
46762074,14,8,mean_p,12,0.45585045948066361,0.011990981535566804,mean_p|train_n=12|p=8,339,607,-1.62371,1.10791
3890261285,14,8,mean_p,12,0.21704295786615885,0.12169979051969715,mean_p|train_n=12|p=8,340,611,-1.62371,1.10791
3966086847,14,8,mean_p,12,0.24965886990768188,0.088681428587595298,mean_p|train_n=12|p=8,341,612,-1.62371,1.10791
4206236564,14,8,mean_p,12,0.46094544618886346,0.011412540208732991,mean_p|train_n=12|p=8,342,613,-1.62371,1.10791
1817291408,14,8,mean_p,12,0.26509251519752902,0.076346444796431462,mean_p|train_n=12|p=8,343,616,-1.62371,1.10791
3509827107,14,8,mean_p,12,0.51708578905030766,0.0066188622124910088,mean_p|train_n=12|p=8,344,617,-1.62371,1.10791
4054993773,14,8,mean_p,12,0.48457186697929261,0.0090742483631820314,mean_p|train_n=12|p=8,345,618,-1.62371,1.10791
916167984,14,8,mean_p,12,0.22808554247169449,0.10933312008934148,mean_p|train_n=12|p=8,346,619,-1.62371,1.10791
1932864181,14,8,mean_p,12,0.32837160406810739,0.041314658215987198,mean_p|train_n=12|p=8,347,620,-1.62371,1.10791
1750604492,14,8,mean_p,12,0.40622840020693074,0.019408095934856148,mean_p|train_n=12|p=8,348,621,-1.62371,1.10791
2940263200,14,8,mean_p,12,0.31885864084245957,0.045310179869426453,mean_p|train_n=12|p=8,349,622,-1.62371,1.10791
3618571586,14,8,mean_p,12,0.32206156097372846,0.043923540112295462,mean_p|train_n=12|p=8,350,623,-1.62371,1.10791
1299674937,14,8,mean_p,12,0.35519311436386852,0.031846892104595299,mean_p|train_n=12|p=8,351,624,-1.62371,1.10791
2653930334,14,8,mean_p,12,0.28063907877556743,0.065655191237274951,mean_p|train_n=12|p=8,352,625,-1.62371,1.10791
1120274235,14,8,mean_p,12,0.48703791997779355,0.0088596727136378648,mean_p|train_n=12|p=8,353,626,-1.62371,1.10791
3508932779,14,8,mean_p,12,0.34592010100909398,0.034845558434038838,mean_p|train_n=12|p=8,354,628,-1.62371,1.10791
1447160177,14,8,mean_p,12,0.4731603031721634,0.010136867826834371,mean_p|train_n=12|p=8,355,629,-1.62371,1.10791
1900100481,14,8,mean_p,12,0.45720099487535515,0.01183485689627534,mean_p|train_n=12|p=8,356,631,-1.62371,1.10791
4208133967,14,8,mean_p,12,0.40321028158955968,0.01998492623203698,mean_p|train_n=12|p=8,357,636,-1.62371,1.10791
2798950338,14,8,mean_p,12,0.42032138711416273,0.016927357452485695,mean_p|train_n=12|p=8,358,638,-1.62371,1.10791
195812256,14,8,mean_p,12,0.32355294537035162,0.043292435204311572,mean_p|train_n=12|p=8,359,640,-1.62371,1.10791
1904692446,14,8,mean_p,12,0.47115362613675144,0.010336196654605919,mean_p|train_n=12|p=8,360,644,-1.62371,1.10791
1266811624,14,8,mean_p,12,0.36718323789914015,0.028348862717971123,mean_p|train_n=12|p=8,361,645,-1.62371,1.10791
3988907667,14,8,mean_p,12,0.25925680885023905,0.080794711660995805,mean_p|train_n=12|p=8,362,646,-1.62371,1.10791
1391417264,14,8,mean_p,12,0.37012477979945091,0.027551087622630678,mean_p|train_n=12|p=8,363,647,-1.62371,1.10791
2833729320,14,8,mean_p,12,0.3563765067172463,0.031483263497668425,mean_p|train_n=12|p=8,364,648,-1.62371,1.10791
3921135858,14,8,mean_p,12,0.28704055667543399,0.061700765834266841,mean_p|train_n=12|p=8,365,649,-1.62371,1.10791
2878511852,14,8,mean_p,12,0.45846294043264851,0.011690811077630628,mean_p|train_n=12|p=8,366,650,-1.62371,1.10791
2100559315,14,8,mean_p,12,0.39196562476597313,0.022289085772622542,mean_p|train_n=12|p=8,367,651,-1.62371,1.10791
2884993853,14,8,mean_p,12,0.32038543414421422,0.044643808656902977,mean_p|train_n=12|p=8,368,652,-1.62371,1.10791
1051760306,14,8,mean_p,12,0.33327490103590912,0.039394864568983973,mean_p|train_n=12|p=8,369,653,-1.62371,1.10791
571112884,14,8,mean_p,12,0.34569052138005213,0.034923275811613932,mean_p|train_n=12|p=8,370,654,-1.62371,1.10791
2244999865,14,8,mean_p,12,0.34741706638183273,0.034343028335652608,mean_p|train_n=12|p=8,371,658,-1.62371,1.10791
3515318834,14,8,mean_p,12,0.36600037130708352,0.028676142996555184,mean_p|train_n=12|p=8,372,659,-1.62371,1.10791
3329916420,14,8,mean_p,12,0.47928247782321359,0.0095521771683436309,mean_p|train_n=12|p=8,373,660,-1.62371,1.10791
3619973677,14,8,mean_p,12,0.42608741170520764,0.016006217582234545,mean_p|train_n=12|p=8,374,663,-1.62371,1.10791
1551822755,14,8,mean_p,12,0.39954879586375869,0.020707782174838499,mean_p|train_n=12|p=8,375,664,-1.62371,1.10791
561129809,14,8,mean_p,12,0.42198268745391304,0.016656653367008153,mean_p|train_n=12|p=8,376,666,-1.62371,1.10791
3977873563,14,8,mean_p,12,0.49830069994650189,0.0079423970537555923,mean_p|train_n=12|p=8,377,667,-1.62371,1.10791
2976401945,14,8,mean_p,12,0.35872046261335988,0.030775231586965136,mean_p|train_n=12|p=8,378,668,-1.62371,1.10791
491084049,14,8,mean_p,12,0.45524954541614954,0.012061108891920471,mean_p|train_n=12|p=8,379,669,-1.62371,1.10791
3453856100,14,8,mean_p,12,0.39471376903615457,0.021702532809862382,mean_p|train_n=12|p=8,380,670,-1.62371,1.10791
3550041725,14,8,mean_p,12,0.43373989587555351,0.014860654400921885,mean_p|train_n=12|p=8,381,672,-1.62371,1.10791
2241107689,14,8,mean_p,12,0.42543086092363402,0.016108522087735729,mean_p|train_n=12|p=8,382,674,-1.62371,1.10791
1579008391,14,8,mean_p,12,0.39261144839008505,0.022149834393729233,mean_p|train_n=12|p=8,383,676,-1.62371,1.10791
4139922407,14,8,mean_p,12,0.40273374769308801,0.020077556813068848,mean_p|train_n=12|p=8,384,680,-1.62371,1.10791
1205824094,14,8,mean_p,12,0.43588459035381205,0.014554567051062306,mean_p|train_n=12|p=8,385,681,-1.62371,1.10791
2928218286,14,8,mean_p,12,0.46504708431876002,0.010967213427350566,mean_p|train_n=12|p=8,386,682,-1.62371,1.10791
4089018997,14,8,mean_p,12,0.3777749387841845,0.025579836569107901,mean_p|train_n=12|p=8,387,685,-1.62371,1.10791
1855258250,14,8,mean_p,12,0.30299588530228583,0.052850378196284784,mean_p|train_n=12|p=8,388,686,-1.62371,1.10791
2799359856,14,8,mean_p,12,0.31659498562132438,0.046316504937579127,mean_p|train_n=12|p=8,389,687,-1.62371,1.10791
257742912,14,8,mean_p,12,0.4985992111114102,0.0079194230442465006,mean_p|train_n=12|p=8,390,688,-1.62371,1.10791
404650757,14,8,mean_p,12,0.30733426603168762,0.050671567736002621,mean_p|train_n=12|p=8,391,691,-1.62371,1.10791
1683744411,14,8,mean_p,12,0.2609778202025253,0.079456580506665819,mean_p|train_n=12|p=8,392,693,-1.62371,1.10791
516075768,14,8,mean_p,12,0.42924567025452554,0.015523101186617124,mean_p|train_n=12|p=8,393,695,-1.62371,1.10791
2976663786,14,8,mean_p,12,0.30933032952001377,0.049699508226940983,mean_p|train_n=12|p=8,394,696,-1.62371,1.10791
2622927846,14,8,mean_p,12,0.35874632186367039,0.03076750982754195,mean_p|train_n=12|p=8,395,699,-1.62371,1.10791
765285393,14,8,mean_p,12,0.37725836640040339,0.025708386375886461,mean_p|train_n=12|p=8,396,700,-1.62371,1.10791
3809241801,14,8,mean_p,12,0.33090972699480964,0.040309503458217023,mean_p|train_n=12|p=8,397,701,-1.62371,1.10791
3945041131,14,8,mean_p,12,0.44223363451199643,0.013684903928061987,mean_p|train_n=12|p=8,398,703,-1.62371,1.10791
1506885019,14,8,mean_p,12,0.29736079010113414,0.05582089006405494,mean_p|train_n=12|p=8,399,705,-1.62371,1.10791
3899236658,14,8,mean_p,12,0.37714096672385461,0.025737691436549446,mean_p|train_n=12|p=8,400,707,-1.62371,1.10791
1138662732,14,8,mean_p,12,0.25392438087072883,0.085085592252802239,mean_p|train_n=12|p=8,401,710,-1.62371,1.10791
4132966297,14,8,mean_p,12,0.20782802949874077,0.13308386605604164,mean_p|train_n=12|p=8,402,711,-1.62371,1.10791
2866624656,14,8,mean_p,12,0.35037832612240649,0.033370183598375049,mean_p|train_n=12|p=8,403,712,-1.62371,1.10791
1026117030,14,8,mean_p,12,0.35918176949860042,0.03063777262646648,mean_p|train_n=12|p=8,404,714,-1.62371,1.10791
11620328,14,8,mean_p,12,0.40958978516579858,0.018785235436183923,mean_p|train_n=12|p=8,405,715,-1.62371,1.10791
2997808270,14,8,mean_p,12,0.37114658094432829,0.027279251442228949,mean_p|train_n=12|p=8,406,718,-1.62371,1.10791
2157743616,14,8,mean_p,12,0.42411630869120465,0.016315326605971951,mean_p|train_n=12|p=8,407,719,-1.62371,1.10791
502882531,14,8,mean_p,12,0.41957237322977292,0.017050841772829513,mean_p|train_n=12|p=8,408,721,-1.62371,1.10791
9456957,14,8,mean_p,12,0.35838885070286536,0.030874425245941105,mean_p|train_n=12|p=8,409,722,-1.62371,1.10791
44502101,14,8,mean_p,12,0.40574854399286636,0.019498681521324904,mean_p|train_n=12|p=8,410,724,-1.62371,1.10791
3585986809,14,8,mean_p,12,0.54493295928803021,0.0050515385408233379,mean_p|train_n=12|p=8,411,725,-1.62371,1.10791
210303555,14,8,mean_p,12,0.35435551440503493,0.032106802347468599,mean_p|train_n=12|p=8,412,726,-1.62371,1.10791
1065166370,14,8,mean_p,12,0.25812575647000419,0.081686382769212779,mean_p|train_n=12|p=8,413,727,-1.62371,1.10791
3020966887,14,8,mean_p,12,0.25207932600978589,0.086622729073634719,mean_p|train_n=12|p=8,414,729,-1.62371,1.10791
2064355550,14,8,mean_p,12,0.49075646018916858,0.0085456713925902393,mean_p|train_n=12|p=8,415,730,-1.62371,1.10791
3807385892,14,8,mean_p,12,0.36642886222143828,0.028557152234938741,mean_p|train_n=12|p=8,416,731,-1.62371,1.10791
675343249,14,8,mean_p,12,0.47589356137030914,0.0098715349160857242,mean_p|train_n=12|p=8,417,732,-1.62371,1.10791
4065252203,14,8,mean_p,12,0.5542954080110426,0.0046128186423811919,mean_p|train_n=12|p=8,418,733,-1.62371,1.10791
2671326847,14,8,mean_p,12,0.38296496699644489,0.0243234294130555,mean_p|train_n=12|p=8,419,735,-1.62371,1.10791
4223003119,14,8,mean_p,12,0.35405395527090622,0.032200895634912609,mean_p|train_n=12|p=8,420,737,-1.62371,1.10791
4098939713,14,8,mean_p,12,0.42868438329649833,0.015607882516102354,mean_p|train_n=12|p=8,421,739,-1.62371,1.10791
4035634991,14,8,mean_p,12,0.32674078119637079,0.041973688653294962,mean_p|train_n=12|p=8,422,741,-1.62371,1.10791
2237547892,14,8,mean_p,12,0.40573899259241614,0.019500488886555107,mean_p|train_n=12|p=8,423,742,-1.62371,1.10791
38567185,14,8,mean_p,12,0.3494978818023603,0.033656516062585351,mean_p|train_n=12|p=8,424,744,-1.62371,1.10791
3326601781,14,8,mean_p,12,0.49934230706339083,0.0078625211116392663,mean_p|train_n=12|p=8,425,745,-1.62371,1.10791
941209657,14,8,mean_p,12,0.42476897228866267,0.016212320235213084,mean_p|train_n=12|p=8,426,748,-1.62371,1.10791
3147050397,14,8,mean_p,12,0.48256667096329553,0.0092525491305192695,mean_p|train_n=12|p=8,427,749,-1.62371,1.10791
2934967921,14,8,mean_p,12,0.58282038141208969,0.0034974391207482913,mean_p|train_n=12|p=8,428,750,-1.62371,1.10791
2661618614,14,8,mean_p,12,0.43459026321734734,0.014738528625676844,mean_p|train_n=12|p=8,429,751,-1.62371,1.10791
141518704,14,8,mean_p,12,0.55101279297299488,0.0047621239864450212,mean_p|train_n=12|p=8,430,752,-1.62371,1.10791
2842378511,14,8,mean_p,12,0.5506973655603784,0.0047767228305211629,mean_p|train_n=12|p=8,431,753,-1.62371,1.10791
2183549114,14,8,mean_p,12,0.70661982614975316,0.0010519795930160948,mean_p|train_n=12|p=8,432,759,-1.62371,1.10791
2503708156,14,8,mean_p,12,0.4545553790863841,0.012142629583450297,mean_p|train_n=12|p=8,433,761,-1.62371,1.10791
2104094261,14,8,mean_p,12,0.50303490494085268,0.0075857699243082064,mean_p|train_n=12|p=8,434,762,-1.62371,1.10791
3036895789,14,8,mean_p,12,0.5082571512517936,0.0072109241521657935,mean_p|train_n=12|p=8,435,765,-1.62371,1.10791
3640336259,14,8,mean_p,12,0.44190107349446467,0.013729139083152439,mean_p|train_n=12|p=8,436,766,-1.62371,1.10791
1464333435,14,8,mean_p,12,0.43889013598218946,0.014136199309420609,mean_p|train_n=12|p=8,437,767,-1.62371,1.10791
1822998333,14,8,mean_p,12,0.27016512635432555,0.072679294774878667,mean_p|train_n=12|p=8,438,770,-1.62371,1.10791
1595091221,14,8,mean_p,12,0.41578726025154811,0.01768877997382854,mean_p|train_n=12|p=8,439,773,-1.62371,1.10791
3449940785,14,8,mean_p,12,0.41394582574482464,0.018007708760835562,mean_p|train_n=12|p=8,440,774,-1.62371,1.10791
3084236695,14,8,mean_p,12,0.43027045741436298,0.015369495247368338,mean_p|train_n=12|p=8,441,777,-1.62371,1.10791
3977189247,14,8,mean_p,12,0.29408208247702256,0.057625486884630345,mean_p|train_n=12|p=8,442,778,-1.62371,1.10791
251856938,14,8,mean_p,12,0.40344092516242064,0.019940246405383673,mean_p|train_n=12|p=8,443,781,-1.62371,1.10791
3392927501,14,8,mean_p,12,0.4836466856917877,0.0091560839137499479,mean_p|train_n=12|p=8,444,783,-1.62371,1.10791
4021361204,14,8,mean_p,12,0.2829760597980665,0.064183005689769798,mean_p|train_n=12|p=8,445,784,-1.62371,1.10791
4245883344,14,8,mean_p,12,0.45103854517810466,0.012564180351343721,mean_p|train_n=12|p=8,446,785,-1.62371,1.10791
3898490376,14,8,mean_p,12,0.30721781868477782,0.050728859584952934,mean_p|train_n=12|p=8,447,788,-1.62371,1.10791
1949098596,14,8,mean_p,12,0.46461522907092651,0.011013270711007581,mean_p|train_n=12|p=8,448,791,-1.62371,1.10791
3205779555,14,8,mean_p,12,0.42170313153027478,0.016701901343280361,mean_p|train_n=12|p=8,449,792,-1.62371,1.10791
2279692580,14,8,mean_p,12,0.31115077711568678,0.048829239551610226,mean_p|train_n=12|p=8,450,793,-1.62371,1.10791
984086982,14,8,mean_p,12,0.4962700984769845,0.0081004547753296529,mean_p|train_n=12|p=8,451,794,-1.62371,1.10791
1569896765,14,8,mean_p,12,0.38678312946482007,0.023438697119114171,mean_p|train_n=12|p=8,452,795,-1.62371,1.10791
3570373604,14,8,mean_p,12,0.44613031971627454,0.01317708917680915,mean_p|train_n=12|p=8,453,796,-1.62371,1.10791
2423027708,14,8,mean_p,12,0.27392112089334753,0.070077946360316057,mean_p|train_n=12|p=8,454,801,-1.62371,1.10791
3927147528,14,8,mean_p,12,0.26144231893051673,0.079099234060068663,mean_p|train_n=12|p=8,455,802,-1.62371,1.10791
3756863560,14,8,mean_p,12,0.36620906594802272,0.028618127255786465,mean_p|train_n=12|p=8,456,804,-1.62371,1.10791
3623512102,14,8,mean_p,12,0.44567759526300027,0.013235106978528139,mean_p|train_n=12|p=8,457,805,-1.62371,1.10791
1717289447,14,8,mean_p,12,0.38242060265588468,0.024452258985956904,mean_p|train_n=12|p=8,458,806,-1.62371,1.10791
3697683620,14,8,mean_p,12,0.3480002485258325,0.034149221988794817,mean_p|train_n=12|p=8,459,807,-1.62371,1.10791
3044522021,14,8,mean_p,12,0.50198927505597235,0.0076631334716531956,mean_p|train_n=12|p=8,460,808,-1.62371,1.10791
83195803,14,8,mean_p,12,0.39416975460952225,0.021817406663897573,mean_p|train_n=12|p=8,461,809,-1.62371,1.10791
2085698640,14,8,mean_p,12,0.4287616865652587,0.015596178566084248,mean_p|train_n=12|p=8,462,810,-1.62371,1.10791
2928134303,14,8,mean_p,12,0.38197828535630773,0.024557440349840899,mean_p|train_n=12|p=8,463,811,-1.62371,1.10791
2066152250,14,8,mean_p,12,0.40097541210680365,0.020423079506636684,mean_p|train_n=12|p=8,464,812,-1.62371,1.10791
1470504632,14,8,mean_p,12,0.45687958941488116,0.011871826704977601,mean_p|train_n=12|p=8,465,815,-1.62371,1.10791
2172553637,14,8,mean_p,12,0.461160502222631,0.011388748021991312,mean_p|train_n=12|p=8,466,816,-1.62371,1.10791
1642351444,14,8,mean_p,12,0.3002748458374413,0.054264487094529627,mean_p|train_n=12|p=8,467,817,-1.62371,1.10791
306624578,14,8,mean_p,12,0.309836609811103,0.04945593463132425,mean_p|train_n=12|p=8,468,818,-1.62371,1.10791
3226229686,14,8,mean_p,12,0.50288066286481015,0.0075971326124219416,mean_p|train_n=12|p=8,469,819,-1.62371,1.10791
1560619635,14,8,mean_p,12,0.40981031538589535,0.018745077292479703,mean_p|train_n=12|p=8,470,821,-1.62371,1.10791
130186419,14,8,mean_p,12,0.54996116973776643,0.0048109703507078962,mean_p|train_n=12|p=8,471,822,-1.62371,1.10791
727943905,14,8,mean_p,12,0.37455456030101514,0.026391847478871501,mean_p|train_n=12|p=8,472,823,-1.62371,1.10791
3605448772,14,8,mean_p,12,0.3559180136031988,0.031623652328730482,mean_p|train_n=12|p=8,473,827,-1.62371,1.10791
2114395659,14,8,mean_p,12,0.34652659484447762,0.034641078859199537,mean_p|train_n=12|p=8,474,829,-1.62371,1.10791
1438886034,14,8,mean_p,12,0.3943847943925497,0.021771926462264765,mean_p|train_n=12|p=8,475,830,-1.62371,1.10791
3974830480,14,8,mean_p,12,0.32631431833754659,0.042147753392634504,mean_p|train_n=12|p=8,476,831,-1.62371,1.10791
839982346,14,8,mean_p,12,0.42399260538185907,0.016334923682197227,mean_p|train_n=12|p=8,477,832,-1.62371,1.10791
908589859,14,8,mean_p,12,0.42717979469217537,0.015837439015797612,mean_p|train_n=12|p=8,478,833,-1.62371,1.10791
1508652629,14,8,mean_p,12,0.45093045011978816,0.01257736660110852,mean_p|train_n=12|p=8,479,834,-1.62371,1.10791
2261678989,14,8,mean_p,12,0.3835950119525971,0.024175169793166341,mean_p|train_n=12|p=8,480,836,-1.62371,1.10791
3733328574,14,8,mean_p,12,0.26984857478246127,0.072902896879561321,mean_p|train_n=12|p=8,481,837,-1.62371,1.10791
3365694209,14,8,mean_p,12,0.47297204699006251,0.010155403283186771,mean_p|train_n=12|p=8,482,839,-1.62371,1.10791
1391804988,14,8,mean_p,12,0.4021828679882602,0.020185174206570278,mean_p|train_n=12|p=8,483,840,-1.62371,1.10791
3966644472,14,8,mean_p,12,0.37217803235669705,0.027007568076584883,mean_p|train_n=12|p=8,484,841,-1.62371,1.10791
285407435,14,8,mean_p,12,0.51242971174771246,0.0069247803968136897,mean_p|train_n=12|p=8,485,842,-1.62371,1.10791
1927885369,14,8,mean_p,12,0.59707663128272459,0.0030455682746680277,mean_p|train_n=12|p=8,486,843,-1.62371,1.10791
2724699752,14,8,mean_p,12,0.42730637003014671,0.015817997914888755,mean_p|train_n=12|p=8,487,844,-1.62371,1.10791
3792634296,14,8,mean_p,12,0.27504880664621806,0.069315254953997124,mean_p|train_n=12|p=8,488,845,-1.62371,1.10791
1935387792,14,8,mean_p,12,0.50606343048123315,0.0073660758749301697,mean_p|train_n=12|p=8,489,846,-1.62371,1.10791
4214605566,14,8,mean_p,12,0.43574808223675393,0.014573860014760291,mean_p|train_n=12|p=8,490,847,-1.62371,1.10791
2993021910,14,8,mean_p,12,0.49774558098820093,0.0079852974622906022,mean_p|train_n=12|p=8,491,849,-1.62371,1.10791
1015082536,14,8,mean_p,12,0.40298889400059607,0.020027907172150822,mean_p|train_n=12|p=8,492,852,-1.62371,1.10791
3858965902,14,8,mean_p,12,0.32666846431587782,0.042003154757006493,mean_p|train_n=12|p=8,493,853,-1.62371,1.10791
972542637,14,8,mean_p,12,0.51197817393685718,0.0069551896292055536,mean_p|train_n=12|p=8,494,856,-1.62371,1.10791
3106171891,14,8,mean_p,12,0.39208902415579044,0.022262411120644653,mean_p|train_n=12|p=8,495,857,-1.62371,1.10791
3086445386,14,8,mean_p,12,0.27988682612015331,0.066136221517412358,mean_p|train_n=12|p=8,496,860,-1.62371,1.10791
2153329628,14,8,mean_p,12,0.45835653972519347,0.01170288829499181,mean_p|train_n=12|p=8,497,861,-1.62371,1.10791
940241587,14,8,mean_p,12,0.317250536757339,0.046022797327520071,mean_p|train_n=12|p=8,498,862,-1.62371,1.10791
204044729,14,8,mean_p,12,0.30325060859613007,0.052719901301238221,mean_p|train_n=12|p=8,499,863,-1.62371,1.10791
4121962382,14,15,mean_p,12,0.2067396525586094,0.13449690357759048,mean_p|train_n=12|p=15,0,2,-1.59108,1.0206900000000001
336903403,14,15,mean_p,12,0.3980217870747112,0.021016918701464864,mean_p|train_n=12|p=15,1,3,-1.59108,1.0206900000000001
1734044886,14,15,mean_p,12,0.3951482344263274,0.021611225843031732,mean_p|train_n=12|p=15,2,7,-1.59108,1.0206900000000001
1935861825,14,15,mean_p,12,0.33240269536883621,0.039729715283108188,mean_p|train_n=12|p=15,3,8,-1.59108,1.0206900000000001
3256025641,14,15,mean_p,12,0.37033956976618532,0.027493721736501133,mean_p|train_n=12|p=15,4,10,-1.59108,1.0206900000000001
2348095087,14,15,mean_p,12,0.20230656650340345,0.14040907306218545,mean_p|train_n=12|p=15,5,11,-1.59108,1.0206900000000001
2010936462,14,15,mean_p,12,0.45761652750933141,0.011787230653190546,mean_p|train_n=12|p=15,6,13,-1.59108,1.0206900000000001
3874688445,14,15,mean_p,12,0.20828245679658361,0.13249828624478763,mean_p|train_n=12|p=15,7,14,-1.59108,1.0206900000000001
3382613481,14,15,mean_p,12,0.42864108620057878,0.015614441665019426,mean_p|train_n=12|p=15,8,16,-1.59108,1.0206900000000001
3570813698,14,15,mean_p,12,0.25614328371656508,0.08327308185885858,mean_p|train_n=12|p=15,9,17,-1.59108,1.0206900000000001
1194756191,14,15,mean_p,12,0.18303788132643012,0.16927838355859576,mean_p|train_n=12|p=15,10,18,-1.59108,1.0206900000000001
3046261741,14,15,mean_p,12,0.30067819966145271,0.05405250181514247,mean_p|train_n=12|p=15,11,20,-1.59108,1.0206900000000001
2433188181,14,15,mean_p,12,0.29391188430835297,0.057720740546401181,mean_p|train_n=12|p=15,12,26,-1.59108,1.0206900000000001
762742344,14,15,mean_p,12,0.27629442799144005,0.06848244439716443,mean_p|train_n=12|p=15,13,27,-1.59108,1.0206900000000001
2448222306,14,15,mean_p,12,0.34684365735178641,0.034534659203475135,mean_p|train_n=12|p=15,14,29,-1.59108,1.0206900000000001
1901033169,14,15,mean_p,12,0.24774997159037007,0.090339478619758051,mean_p|train_n=12|p=15,15,30,-1.59108,1.0206900000000001
3930590896,14,15,mean_p,12,0.26512997954999656,0.076318693606951468,mean_p|train_n=12|p=15,16,32,-1.59108,1.0206900000000001
311378043,14,15,mean_p,12,0.24944378020845379,0.088866721628031109,mean_p|train_n=12|p=15,17,33,-1.59108,1.0206900000000001
2976798392,14,15,mean_p,12,0.25657596413777983,0.082924171431412536,mean_p|train_n=12|p=15,18,34,-1.59108,1.0206900000000001
2189430008,14,15,mean_p,12,0.30141982626807656,0.053664893778418765,mean_p|train_n=12|p=15,19,35,-1.59108,1.0206900000000001
2163701350,14,15,mean_p,12,0.37936976319736199,0.025187003679560494,mean_p|train_n=12|p=15,20,36,-1.59108,1.0206900000000001
1539916717,14,15,mean_p,12,0.18040679879861748,0.1736560786580548,mean_p|train_n=12|p=15,21,37,-1.59108,1.0206900000000001
3185446098,14,15,mean_p,12,0.28640755935648299,0.062080938127838318,mean_p|train_n=12|p=15,22,39,-1.59108,1.0206900000000001
901882499,14,15,mean_p,12,0.59346647331514235,0.0031541552189336517,mean_p|train_n=12|p=15,23,40,-1.59108,1.0206900000000001
567230721,14,15,mean_p,12,0.4966262117530495,0.0080725099838218801,mean_p|train_n=12|p=15,24,42,-1.59108,1.0206900000000001
2839667897,14,15,mean_p,12,0.26359351471539255,0.077465126732055911,mean_p|train_n=12|p=15,25,43,-1.59108,1.0206900000000001
2050241006,14,15,mean_p,12,0.22882653918766799,0.10854976075657703,mean_p|train_n=12|p=15,26,47,-1.59108,1.0206900000000001
2155286466,14,15,mean_p,12,0.5350793736006515,0.0055584130805895714,mean_p|train_n=12|p=15,27,51,-1.59108,1.0206900000000001
100861798,14,15,mean_p,12,0.22566393946509591,0.11193280674273529,mean_p|train_n=12|p=15,28,53,-1.59108,1.0206900000000001
2379124855,14,15,mean_p,12,0.25900581995184824,0.080991736026772898,mean_p|train_n=12|p=15,29,56,-1.59108,1.0206900000000001
3109972963,14,15,mean_p,12,0.2829805500714847,0.064180209047789288,mean_p|train_n=12|p=15,30,57,-1.59108,1.0206900000000001
2473982916,14,15,mean_p,12,0.31744470112221418,0.045936163609239238,mean_p|train_n=12|p=15,31,58,-1.59108,1.0206900000000001
3497732200,14,15,mean_p,12,0.34990706049508963,0.033523141279752845,mean_p|train_n=12|p=15,32,60,-1.59108,1.0206900000000001
4169785285,14,15,mean_p,12,0.2374229736377951,0.099861914037852217,mean_p|train_n=12|p=15,33,62,-1.59108,1.0206900000000001
562808569,14,15,mean_p,12,0.29601423435561802,0.056555091376546483,mean_p|train_n=12|p=15,34,66,-1.59108,1.0206900000000001
967576856,14,15,mean_p,12,0.42552843523943018,0.016093276677509146,mean_p|train_n=12|p=15,35,67,-1.59108,1.0206900000000001
1885797915,14,15,mean_p,12,0.36669958563617205,0.028482227732669688,mean_p|train_n=12|p=15,36,68,-1.59108,1.0206900000000001
1461126288,14,15,mean_p,12,0.21339438608162409,0.12608587723456219,mean_p|train_n=12|p=15,37,70,-1.59108,1.0206900000000001
1703421357,14,15,mean_p,12,0.17785136731962556,0.17801625129835774,mean_p|train_n=12|p=15,38,72,-1.59108,1.0206900000000001
1452461009,14,15,mean_p,12,0.29549008462003817,0.056843484923122842,mean_p|train_n=12|p=15,39,73,-1.59108,1.0206900000000001
2071570382,14,15,mean_p,12,0.28291567895904751,0.064220624056222267,mean_p|train_n=12|p=15,40,74,-1.59108,1.0206900000000001
323694581,14,15,mean_p,12,0.20610032340104115,0.13533392811889816,mean_p|train_n=12|p=15,41,75,-1.59108,1.0206900000000001
4137941703,14,15,mean_p,12,0.29401029329583656,0.057665645468351935,mean_p|train_n=12|p=15,42,76,-1.59108,1.0206900000000001
985394224,14,15,mean_p,12,0.31639782144356132,0.046405206816872324,mean_p|train_n=12|p=15,43,77,-1.59108,1.0206900000000001
2765906325,14,15,mean_p,12,0.67157967310399702,0.00147802314475735,mean_p|train_n=12|p=15,44,78,-1.59108,1.0206900000000001
4015090735,14,15,mean_p,12,0.24118211995052619,0.096284696251903223,mean_p|train_n=12|p=15,45,79,-1.59108,1.0206900000000001
731586393,14,15,mean_p,12,0.41037616611726746,0.01864242922130583,mean_p|train_n=12|p=15,46,81,-1.59108,1.0206900000000001
1940135560,14,15,mean_p,12,0.31392724210841122,0.047531199177946647,mean_p|train_n=12|p=15,47,82,-1.59108,1.0206900000000001
1045808775,14,15,mean_p,12,0.27428921433242587,0.069828074402072129,mean_p|train_n=12|p=15,48,84,-1.59108,1.0206900000000001
3183855833,14,15,mean_p,12,0.30951440240411937,0.049610811502292226,mean_p|train_n=12|p=15,49,87,-1.59108,1.0206900000000001
2169575998,14,15,mean_p,12,0.40768661280362345,0.019135394052420266,mean_p|train_n=12|p=15,50,89,-1.59108,1.0206900000000001
2201540053,14,15,mean_p,12,0.29468549522192616,0.057289043737726468,mean_p|train_n=12|p=15,51,92,-1.59108,1.0206900000000001
621144748,14,15,mean_p,12,0.25479572502610554,0.084369177642580631,mean_p|train_n=12|p=15,52,93,-1.59108,1.0206900000000001
2966774895,14,15,mean_p,12,0.37609670562974912,0.025999832175966141,mean_p|train_n=12|p=15,53,95,-1.59108,1.0206900000000001
636148670,14,15,mean_p,12,0.27562880416087981,0.0689262215878408,mean_p|train_n=12|p=15,54,97,-1.59108,1.0206900000000001
4081317397,14,15,mean_p,12,0.30892323780974845,0.049896231597633595,mean_p|train_n=12|p=15,55,98,-1.59108,1.0206900000000001
3752357104,14,15,mean_p,12,0.2775181448378467,0.067674023348629153,mean_p|train_n=12|p=15,56,99,-1.59108,1.0206900000000001
781278923,14,15,mean_p,12,0.25278662069938085,0.086030218383487705,mean_p|train_n=12|p=15,57,100,-1.59108,1.0206900000000001
1061192969,14,15,mean_p,12,0.35564465916307453,0.031707650106877358,mean_p|train_n=12|p=15,58,101,-1.59108,1.0206900000000001
2206833568,14,15,mean_p,12,0.35585629603478092,0.0316425977553349,mean_p|train_n=12|p=15,59,102,-1.59108,1.0206900000000001
3245033011,14,15,mean_p,12,0.47481173582993647,0.0099757131620238568,mean_p|train_n=12|p=15,60,103,-1.59108,1.0206900000000001
1045625674,14,15,mean_p,12,0.34451869920325084,0.035322670052939202,mean_p|train_n=12|p=15,61,108,-1.59108,1.0206900000000001
3384470251,14,15,mean_p,12,0.30212524780778088,0.053298787763659927,mean_p|train_n=12|p=15,62,110,-1.59108,1.0206900000000001
72052278,14,15,mean_p,12,0.33380402572066437,0.039193103843180026,mean_p|train_n=12|p=15,63,112,-1.59108,1.0206900000000001
936459169,14,15,mean_p,12,0.3524062721992503,0.032719900905531958,mean_p|train_n=12|p=15,64,113,-1.59108,1.0206900000000001
588509164,14,15,mean_p,12,0.19866355816891187,0.14546159295699537,mean_p|train_n=12|p=15,65,114,-1.59108,1.0206900000000001
3788707805,14,15,mean_p,12,0.25722411170965043,0.082404243117330508,mean_p|train_n=12|p=15,66,117,-1.59108,1.0206900000000001
1687434549,14,15,mean_p,12,0.22426136208875808,0.11346670515298349,mean_p|train_n=12|p=15,67,118,-1.59108,1.0206900000000001
2359700864,14,15,mean_p,12,0.21058585712918548,0.12956949460709741,mean_p|train_n=12|p=15,68,119,-1.59108,1.0206900000000001
841674524,14,15,mean_p,12,0.25106100335697107,0.087482966533618478,mean_p|train_n=12|p=15,69,120,-1.59108,1.0206900000000001
1712491644,14,15,mean_p,12,0.28057058479848951,0.065698844759475447,mean_p|train_n=12|p=15,70,122,-1.59108,1.0206900000000001
729164377,14,15,mean_p,12,0.510514694354538,0.0070546698288552409,mean_p|train_n=12|p=15,71,123,-1.59108,1.0206900000000001
2513897227,14,15,mean_p,12,0.30040996004244186,0.05419338448721428,mean_p|train_n=12|p=15,72,124,-1.59108,1.0206900000000001
1936280289,14,15,mean_p,12,0.30481030796989295,0.051927971813583287,mean_p|train_n=12|p=15,73,125,-1.59108,1.0206900000000001
3329662040,14,15,mean_p,12,0.26139216123552134,0.079137743663129603,mean_p|train_n=12|p=15,74,128,-1.59108,1.0206900000000001
2160082572,14,15,mean_p,12,0.29302587056130053,0.0582191591063769,mean_p|train_n=12|p=15,75,129,-1.59108,1.0206900000000001
3270654315,14,15,mean_p,12,0.36763194494724688,0.028225692176119511,mean_p|train_n=12|p=15,76,130,-1.59108,1.0206900000000001
1194876005,14,15,mean_p,12,0.50714716036411389,0.0072890158600569348,mean_p|train_n=12|p=15,77,131,-1.59108,1.0206900000000001
3380349411,14,15,mean_p,12,0.38263249245141623,0.024402032117017539,mean_p|train_n=12|p=15,78,132,-1.59108,1.0206900000000001
2219341359,14,15,mean_p,12,0.49980020648151363,0.0078276616335992647,mean_p|train_n=12|p=15,79,134,-1.59108,1.0206900000000001
859629757,14,15,mean_p,12,0.19052395695918264,0.15741714693514683,mean_p|train_n=12|p=15,80,135,-1.59108,1.0206900000000001
4197430574,14,15,mean_p,12,0.325551703443209,0.042460823203478548,mean_p|train_n=12|p=15,81,136,-1.59108,1.0206900000000001
3314242341,14,15,mean_p,12,0.34631331645825386,0.034712848579176045,mean_p|train_n=12|p=15,82,138,-1.59108,1.0206900000000001
1151862597,14,15,mean_p,12,0.4573826791584632,0.011814009535769568,mean_p|train_n=12|p=15,83,140,-1.59108,1.0206900000000001
2154666342,14,15,mean_p,12,0.59711891456968147,0.0030443188747292112,mean_p|train_n=12|p=15,84,142,-1.59108,1.0206900000000001
1439621813,14,15,mean_p,12,0.32463512922749282,0.042840175212363461,mean_p|train_n=12|p=15,85,144,-1.59108,1.0206900000000001
3606095472,14,15,mean_p,12,0.48152729268383215,0.009346344319463306,mean_p|train_n=12|p=15,86,145,-1.59108,1.0206900000000001
4134380196,14,15,mean_p,12,0.18784373187201273,0.16156512871082118,mean_p|train_n=12|p=15,87,148,-1.59108,1.0206900000000001
2657603708,14,15,mean_p,12,0.36236343004486787,0.029706284440588249,mean_p|train_n=12|p=15,88,149,-1.59108,1.0206900000000001
4204220930,14,15,mean_p,12,0.46675462236677123,0.010786983458072167,mean_p|train_n=12|p=15,89,151,-1.59108,1.0206900000000001
2777855278,14,15,mean_p,12,0.20356748251569273,0.13870149517037078,mean_p|train_n=12|p=15,90,152,-1.59108,1.0206900000000001
754015355,14,15,mean_p,12,0.24927446142620871,0.089012856758314302,mean_p|train_n=12|p=15,91,153,-1.59108,1.0206900000000001
4159536478,14,15,mean_p,12,0.4105728214695698,0.018606886764658645,mean_p|train_n=12|p=15,92,157,-1.59108,1.0206900000000001
4014823578,14,15,mean_p,12,0.17053184903426108,0.19112045697071595,mean_p|train_n=12|p=15,93,158,-1.59108,1.0206900000000001
855270411,14,15,mean_p,12,0.22558875902936035,0.11201449773283249,mean_p|train_n=12|p=15,94,160,-1.59108,1.0206900000000001
602403449,14,15,mean_p,12,0.23043609728028328,0.10686746727923924,mean_p|train_n=12|p=15,95,163,-1.59108,1.0206900000000001
1441458310,14,15,mean_p,12,0.28065158384864103,0.065647224464130433,mean_p|train_n=12|p=15,96,164,-1.59108,1.0206900000000001
3345731373,14,15,mean_p,12,0.23955516943332225,0.097816905017626993,mean_p|train_n=12|p=15,97,165,-1.59108,1.0206900000000001
3414605583,14,15,mean_p,12,0.22185840228696491,0.1161436648132247,mean_p|train_n=12|p=15,98,167,-1.59108,1.0206900000000001
3885455374,14,15,mean_p,12,0.29006703912320336,0.059915016959840715,mean_p|train_n=12|p=15,99,169,-1.59108,1.0206900000000001
3433529746,14,15,mean_p,12,0.17842488769499371,0.1770282579235799,mean_p|train_n=12|p=15,100,170,-1.59108,1.0206900000000001
4133205214,14,15,mean_p,12,0.3208264071421324,0.044453175763049739,mean_p|train_n=12|p=15,101,171,-1.59108,1.0206900000000001
3567048287,14,15,mean_p,12,0.18309859992048069,0.16917867125116917,mean_p|train_n=12|p=15,102,172,-1.59108,1.0206900000000001
3228308286,14,15,mean_p,12,0.16953068750169681,0.19298630467221028,mean_p|train_n=12|p=15,103,173,-1.59108,1.0206900000000001
1587796468,14,15,mean_p,12,0.50788536625851066,0.0072369868845542683,mean_p|train_n=12|p=15,104,174,-1.59108,1.0206900000000001
2405077737,14,15,mean_p,12,0.30195002115376685,0.053389494655980328,mean_p|train_n=12|p=15,105,177,-1.59108,1.0206900000000001
2495091328,14,15,mean_p,12,0.34338060338571891,0.035714941107235984,mean_p|train_n=12|p=15,106,180,-1.59108,1.0206900000000001
1272323016,14,15,mean_p,12,0.17312913606718433,0.18636361104046931,mean_p|train_n=12|p=15,107,181,-1.59108,1.0206900000000001
3086593921,14,15,mean_p,12,0.30683967598214096,0.050915352092965091,mean_p|train_n=12|p=15,108,186,-1.59108,1.0206900000000001
1995746154,14,15,mean_p,12,0.20599722432282941,0.13546939472056299,mean_p|train_n=12|p=15,109,189,-1.59108,1.0206900000000001
1684516732,14,15,mean_p,12,0.22870660996020042,0.10867616456064716,mean_p|train_n=12|p=15,110,193,-1.59108,1.0206900000000001
2230455222,14,15,mean_p,12,0.19911067312902025,0.14483182695312646,mean_p|train_n=12|p=15,111,194,-1.59108,1.0206900000000001
2866542422,14,15,mean_p,12,0.31368802060445639,0.047641667223906746,mean_p|train_n=12|p=15,112,195,-1.59108,1.0206900000000001
1868411895,14,15,mean_p,12,0.46066826031204339,0.01144327930786127,mean_p|train_n=12|p=15,113,197,-1.59108,1.0206900000000001
2829493445,14,15,mean_p,12,0.21658072344778562,0.12224690725185271,mean_p|train_n=12|p=15,114,198,-1.59108,1.0206900000000001
2774625392,14,15,mean_p,12,0.26463368664305381,0.076687135246096702,mean_p|train_n=12|p=15,115,199,-1.59108,1.0206900000000001
4005000332,14,15,mean_p,12,0.25103418586326148,0.087505735939403057,mean_p|train_n=12|p=15,116,200,-1.59108,1.0206900000000001
1542914079,14,15,mean_p,12,0.16032890165185651,0.21101176980580738,mean_p|train_n=12|p=15,117,201,-1.59108,1.0206900000000001
1174231687,14,15,mean_p,12,0.35107950788417036,0.033143893263732599,mean_p|train_n=12|p=15,118,202,-1.59108,1.0206900000000001
2819811964,14,15,mean_p,12,0.46355995086398089,0.011126631372383048,mean_p|train_n=12|p=15,119,206,-1.59108,1.0206900000000001
2770644680,14,15,mean_p,12,0.29794755545945756,0.05550394873955037,mean_p|train_n=12|p=15,120,209,-1.59108,1.0206900000000001
1697494534,14,15,mean_p,12,0.25414808475046929,0.084901085726129644,mean_p|train_n=12|p=15,121,210,-1.59108,1.0206900000000001
1195021407,14,15,mean_p,12,0.39234122009502859,0.022207994387801269,mean_p|train_n=12|p=15,122,212,-1.59108,1.0206900000000001
3587682581,14,15,mean_p,12,0.32796901728239253,0.04147637898129107,mean_p|train_n=12|p=15,123,213,-1.59108,1.0206900000000001
2827322030,14,15,mean_p,12,0.4220907410977377,0.016639197035143046,mean_p|train_n=12|p=15,124,214,-1.59108,1.0206900000000001
3740028412,14,15,mean_p,12,0.18202527271991101,0.17094998270436823,mean_p|train_n=12|p=15,125,215,-1.59108,1.0206900000000001
2914634582,14,15,mean_p,12,0.34402718203219967,0.035491551467240215,mean_p|train_n=12|p=15,126,216,-1.59108,1.0206900000000001
3153213290,14,15,mean_p,12,0.20358525133105254,0.13867758098056748,mean_p|train_n=12|p=15,127,218,-1.59108,1.0206900000000001
3524299882,14,15,mean_p,12,0.43578481792132356,0.014568665573730611,mean_p|train_n=12|p=15,128,221,-1.59108,1.0206900000000001
3026661507,14,15,mean_p,12,0.16360844114668813,0.2044020858921424,mean_p|train_n=12|p=15,129,222,-1.59108,1.0206900000000001
1965739693,14,15,mean_p,12,0.38410866906477514,0.024054967043671219,mean_p|train_n=12|p=15,130,225,-1.59108,1.0206900000000001
3714480352,14,15,mean_p,12,0.30231711554585938,0.053199643283265922,mean_p|train_n=12|p=15,131,227,-1.59108,1.0206900000000001
4022478407,14,15,mean_p,12,0.24693662759346477,0.091055325861558761,mean_p|train_n=12|p=15,132,228,-1.59108,1.0206900000000001
3611944133,14,15,mean_p,12,0.20639271676819168,0.13495047549640854,mean_p|train_n=12|p=15,133,230,-1.59108,1.0206900000000001
1970746355,14,15,mean_p,12,0.33611295974488303,0.038324706763850608,mean_p|train_n=12|p=15,134,231,-1.59108,1.0206900000000001
583041069,14,15,mean_p,12,0.2887418759722542,0.060690467179930943,mean_p|train_n=12|p=15,135,234,-1.59108,1.0206900000000001
3655977448,14,15,mean_p,12,0.15708816113920249,0.21775318774130376,mean_p|train_n=12|p=15,136,237,-1.59108,1.0206900000000001
1073623130,14,15,mean_p,12,0.15574256344552923,0.22061520200943796,mean_p|train_n=12|p=15,137,239,-1.59108,1.0206900000000001
3569526023,14,15,mean_p,12,0.28196968369912295,0.064812883390431023,mean_p|train_n=12|p=15,138,241,-1.59108,1.0206900000000001
3337554947,14,15,mean_p,12,0.46546396482073987,0.010922935914643763,mean_p|train_n=12|p=15,139,243,-1.59108,1.0206900000000001
3550728341,14,15,mean_p,12,0.26217657739320638,0.078537632355250353,mean_p|train_n=12|p=15,140,244,-1.59108,1.0206900000000001
1752066129,14,15,mean_p,12,0.3210563350181842,0.04435410089542343,mean_p|train_n=12|p=15,141,246,-1.59108,1.0206900000000001
2520373853,14,15,mean_p,12,0.23669174199232468,0.10057304588827726,mean_p|train_n=12|p=15,142,252,-1.59108,1.0206900000000001
3422051148,14,15,mean_p,12,0.2217332861981742,0.11628476443661331,mean_p|train_n=12|p=15,143,254,-1.59108,1.0206900000000001
3881601095,14,15,mean_p,12,0.25263271367873869,0.086158802494886305,mean_p|train_n=12|p=15,144,255,-1.59108,1.0206900000000001
614181269,14,15,mean_p,12,0.30093226894181252,0.053919399323046957,mean_p|train_n=12|p=15,145,256,-1.59108,1.0206900000000001
897877543,14,15,mean_p,12,0.25893331658916241,0.081048740002041236,mean_p|train_n=12|p=15,146,257,-1.59108,1.0206900000000001
1732364338,14,15,mean_p,12,0.39886611948078415,0.020845421108762825,mean_p|train_n=12|p=15,147,258,-1.59108,1.0206900000000001
2497507330,14,15,mean_p,12,0.23911367942784434,0.098236875662167669,mean_p|train_n=12|p=15,148,259,-1.59108,1.0206900000000001
1639980016,14,15,mean_p,12,0.23909930484318517,0.098250579860459528,mean_p|train_n=12|p=15,149,264,-1.59108,1.0206900000000001
3507602936,14,15,mean_p,12,0.23052850651350923,0.10677167739042406,mean_p|train_n=12|p=15,150,267,-1.59108,1.0206900000000001
698631793,14,15,mean_p,12,0.17078312837229806,0.19065499086671645,mean_p|train_n=12|p=15,151,269,-1.59108,1.0206900000000001
3575746242,14,15,mean_p,12,0.19373259462963105,0.15259120067092041,mean_p|train_n=12|p=15,152,270,-1.59108,1.0206900000000001
2338206162,14,15,mean_p,12,0.19352772591869863,0.15289486263361579,mean_p|train_n=12|p=15,153,272,-1.59108,1.0206900000000001
38769296,14,15,mean_p,12,0.34246350577254653,0.036034207311254375,mean_p|train_n=12|p=15,154,273,-1.59108,1.0206900000000001
3504658710,14,15,mean_p,12,0.15514044025146514,0.22190803881211479,mean_p|train_n=12|p=15,155,276,-1.59108,1.0206900000000001
2399908493,14,15,mean_p,12,0.34977295106469308,0.033566796898637591,mean_p|train_n=12|p=15,156,277,-1.59108,1.0206900000000001
4110765179,14,15,mean_p,12,0.22885269060901173,0.1085222170387897,mean_p|train_n=12|p=15,157,278,-1.59108,1.0206900000000001
4078885140,14,15,mean_p,12,0.19368837667734523,0.15265669064123721,mean_p|train_n=12|p=15,158,280,-1.59108,1.0206900000000001
2383039604,14,15,mean_p,12,0.34981839530412023,0.033551997417831401,mean_p|train_n=12|p=15,159,281,-1.59108,1.0206900000000001
3321104322,14,15,mean_p,12,0.24339701550098747,0.094237284830335527,mean_p|train_n=12|p=15,160,282,-1.59108,1.0206900000000001
604964554,14,15,mean_p,12,0.51432976824328835,0.0067982693788458315,mean_p|train_n=12|p=15,161,283,-1.59108,1.0206900000000001
1571029328,14,15,mean_p,12,0.26199322623363702,0.078677494884904192,mean_p|train_n=12|p=15,162,285,-1.59108,1.0206900000000001
551286060,14,15,mean_p,12,0.27790680194839867,0.067419267955641002,mean_p|train_n=12|p=15,163,286,-1.59108,1.0206900000000001
2908310834,14,15,mean_p,12,0.370446588801917,0.027465183799750641,mean_p|train_n=12|p=15,164,287,-1.59108,1.0206900000000001
2243491093,14,15,mean_p,12,0.12452124893763442,0.29868620547649044,mean_p|train_n=12|p=15,165,292,-1.59108,1.0206900000000001
3054163776,14,15,mean_p,12,0.27385614446629963,0.070122146904439936,mean_p|train_n=12|p=15,166,294,-1.59108,1.0206900000000001
582044315,14,15,mean_p,12,0.19710684783350746,0.14767567693797509,mean_p|train_n=12|p=15,167,295,-1.59108,1.0206900000000001
825413786,14,15,mean_p,12,0.27133454268269824,0.071859185960897687,mean_p|train_n=12|p=15,168,296,-1.59108,1.0206900000000001
1009192837,14,15,mean_p,12,0.346645579278829,0.03460110423817294,mean_p|train_n=12|p=15,169,297,-1.59108,1.0206900000000001
2606586826,14,15,mean_p,12,0.22607763387136401,0.11148435151609515,mean_p|train_n=12|p=15,170,298,-1.59108,1.0206900000000001
3790698266,14,15,mean_p,12,0.31378099513980462,0.047598702842584467,mean_p|train_n=12|p=15,171,300,-1.59108,1.0206900000000001
298344463,14,15,mean_p,12,0.31841290953988599,0.045506589150280247,mean_p|train_n=12|p=15,172,301,-1.59108,1.0206900000000001
3170460790,14,15,mean_p,12,0.34883722489032742,0.03387298297599127,mean_p|train_n=12|p=15,173,305,-1.59108,1.0206900000000001
1347372121,14,15,mean_p,12,0.54122264742691817,0.0052367336216196823,mean_p|train_n=12|p=15,174,307,-1.59108,1.0206900000000001
1116401956,14,15,mean_p,12,0.13828757710345488,0.26133530087750911,mean_p|train_n=12|p=15,175,308,-1.59108,1.0206900000000001
2251248048,14,15,mean_p,12,0.34164476581568576,0.036321643108717244,mean_p|train_n=12|p=15,176,309,-1.59108,1.0206900000000001
1721330773,14,15,mean_p,12,0.39602233991092523,0.021428686651789482,mean_p|train_n=12|p=15,177,310,-1.59108,1.0206900000000001
920962757,14,15,mean_p,12,0.14668484264188289,0.24088428849593529,mean_p|train_n=12|p=15,178,317,-1.59108,1.0206900000000001
2784486372,14,15,mean_p,12,0.41801228605329072,0.017310941422201888,mean_p|train_n=12|p=15,179,318,-1.59108,1.0206900000000001
2000626560,14,15,mean_p,12,0.38414691196911904,0.024046041626031977,mean_p|train_n=12|p=15,180,320,-1.59108,1.0206900000000001
3762796006,14,15,mean_p,12,0.28440018025925823,0.063302113398689477,mean_p|train_n=12|p=15,181,321,-1.59108,1.0206900000000001
32723261,14,15,mean_p,12,0.18002262324274371,0.17430468770957722,mean_p|train_n=12|p=15,182,322,-1.59108,1.0206900000000001
2196949690,14,15,mean_p,12,0.1581830490457854,0.2154518383353613,mean_p|train_n=12|p=15,183,324,-1.59108,1.0206900000000001
992159968,14,15,mean_p,12,0.36061947489630036,0.030213295234923981,mean_p|train_n=12|p=15,184,325,-1.59108,1.0206900000000001
2535750164,14,15,mean_p,12,0.27017423641356525,0.072672869877346294,mean_p|train_n=12|p=15,185,329,-1.59108,1.0206900000000001
1485795992,14,15,mean_p,12,0.21514605620775223,0.12396074305524099,mean_p|train_n=12|p=15,186,333,-1.59108,1.0206900000000001
1357511702,14,15,mean_p,12,0.25337604184278517,0.085539549191415876,mean_p|train_n=12|p=15,187,334,-1.59108,1.0206900000000001
631383394,14,15,mean_p,12,0.23269710307725305,0.10454823104914185,mean_p|train_n=12|p=15,188,337,-1.59108,1.0206900000000001
4153483666,14,15,mean_p,12,0.33120393911743301,0.040194581851494347,mean_p|train_n=12|p=15,189,340,-1.59108,1.0206900000000001
1497866049,14,15,mean_p,12,0.30697393426717678,0.050849060193388376,mean_p|train_n=12|p=15,190,344,-1.59108,1.0206900000000001
2447158607,14,15,mean_p,12,0.17844921575957481,0.17698646984631461,mean_p|train_n=12|p=15,191,345,-1.59108,1.0206900000000001
1695197202,14,15,mean_p,12,0.22662862073701209,0.11088985662423792,mean_p|train_n=12|p=15,192,346,-1.59108,1.0206900000000001
1792446818,14,15,mean_p,12,0.44826238971428356,0.012907259652573493,mean_p|train_n=12|p=15,193,349,-1.59108,1.0206900000000001
2040686423,14,15,mean_p,12,0.17638994947012906,0.18055880836430671,mean_p|train_n=12|p=15,194,353,-1.59108,1.0206900000000001
922491692,14,15,mean_p,12,0.22653490519104549,0.11099074809465771,mean_p|train_n=12|p=15,195,355,-1.59108,1.0206900000000001
4072393179,14,15,mean_p,12,0.30762589193652046,0.050528372171740353,mean_p|train_n=12|p=15,196,360,-1.59108,1.0206900000000001
3620838309,14,15,mean_p,12,0.31119134242898644,0.048810021789406369,mean_p|train_n=12|p=15,197,364,-1.59108,1.0206900000000001
348791969,14,15,mean_p,12,0.19185298337264234,0.15539998103404257,mean_p|train_n=12|p=15,198,365,-1.59108,1.0206900000000001
492752473,14,15,mean_p,12,0.25657288548789581,0.082926648861610233,mean_p|train_n=12|p=15,199,366,-1.59108,1.0206900000000001
2022846904,14,15,mean_p,12,0.2986576006155382,0.055122823252795029,mean_p|train_n=12|p=15,200,367,-1.59108,1.0206900000000001
1404987301,14,15,mean_p,12,0.20681476718826436,0.13439890223162571,mean_p|train_n=12|p=15,201,370,-1.59108,1.0206900000000001
3123360674,14,15,mean_p,12,0.53063053894483103,0.005803634801288148,mean_p|train_n=12|p=15,202,371,-1.59108,1.0206900000000001
2248226968,14,15,mean_p,12,0.24620155962911763,0.091707158659291854,mean_p|train_n=12|p=15,203,372,-1.59108,1.0206900000000001
1015451873,14,15,mean_p,12,0.29256791815505895,0.058478460666425022,mean_p|train_n=12|p=15,204,373,-1.59108,1.0206900000000001
2936163920,14,15,mean_p,12,0.2210901476204781,0.11701277353649098,mean_p|train_n=12|p=15,205,374,-1.59108,1.0206900000000001
1591680772,14,15,mean_p,12,0.21169417918722022,0.12818341279717427,mean_p|train_n=12|p=15,206,375,-1.59108,1.0206900000000001
3029350415,14,15,mean_p,12,0.36870080565224989,0.02793444022615833,mean_p|train_n=12|p=15,207,376,-1.59108,1.0206900000000001
2214136800,14,15,mean_p,12,0.41479711909641404,0.017859559810877015,mean_p|train_n=12|p=15,208,377,-1.59108,1.0206900000000001
2541325924,14,15,mean_p,12,0.16519378159087175,0.20128158007223396,mean_p|train_n=12|p=15,209,378,-1.59108,1.0206900000000001
347818685,14,15,mean_p,12,0.30057503156514448,0.05410664354512567,mean_p|train_n=12|p=15,210,379,-1.59108,1.0206900000000001
829518329,14,15,mean_p,12,0.19452946888692813,0.1514157763160868,mean_p|train_n=12|p=15,211,380,-1.59108,1.0206900000000001
2292311754,14,15,mean_p,12,0.2020899728556739,0.14070450053045019,mean_p|train_n=12|p=15,212,389,-1.59108,1.0206900000000001
1120722798,14,15,mean_p,12,0.19430050893340031,0.15175257214831028,mean_p|train_n=12|p=15,213,390,-1.59108,1.0206900000000001
401543910,14,15,mean_p,12,0.21538890062995306,0.12366896395772213,mean_p|train_n=12|p=15,214,391,-1.59108,1.0206900000000001
2916803224,14,15,mean_p,12,0.26783392904797837,0.07434218973348633,mean_p|train_n=12|p=15,215,394,-1.59108,1.0206900000000001
1018811143,14,15,mean_p,12,0.43480483561706956,0.014707871642636266,mean_p|train_n=12|p=15,216,396,-1.59108,1.0206900000000001
1412611645,14,15,mean_p,12,0.37907516188469259,0.025259112038962389,mean_p|train_n=12|p=15,217,398,-1.59108,1.0206900000000001
3744683034,14,15,mean_p,12,0.35628904987241233,0.031509994260288061,mean_p|train_n=12|p=15,218,400,-1.59108,1.0206900000000001
3326790217,14,15,mean_p,12,0.26661057483238765,0.075230002698839088,mean_p|train_n=12|p=15,219,401,-1.59108,1.0206900000000001
3795378608,14,15,mean_p,12,0.23796114551649356,0.09934174938653681,mean_p|train_n=12|p=15,220,403,-1.59108,1.0206900000000001
3935765991,14,15,mean_p,12,0.27441629450341276,0.069742015936934743,mean_p|train_n=12|p=15,221,405,-1.59108,1.0206900000000001
297925122,14,15,mean_p,12,0.22006193017304376,0.11818615766840385,mean_p|train_n=12|p=15,222,407,-1.59108,1.0206900000000001
304898444,14,15,mean_p,12,0.30675995947512985,0.050954754114046381,mean_p|train_n=12|p=15,223,409,-1.59108,1.0206900000000001
3941378961,14,15,mean_p,12,0.35661562863431756,0.031410292742272874,mean_p|train_n=12|p=15,224,410,-1.59108,1.0206900000000001
1664400345,14,15,mean_p,12,0.32128123681521659,0.04425740537096861,mean_p|train_n=12|p=15,225,411,-1.59108,1.0206900000000001
3027151513,14,15,mean_p,12,0.20660270331297334,0.13467576391260158,mean_p|train_n=12|p=15,226,412,-1.59108,1.0206900000000001
1752218267,14,15,mean_p,12,0.2244338744974895,0.11327691275603029,mean_p|train_n=12|p=15,227,413,-1.59108,1.0206900000000001
1636246870,14,15,mean_p,12,0.33429092636667745,0.039008356624998686,mean_p|train_n=12|p=15,228,414,-1.59108,1.0206900000000001
2050313551,14,15,mean_p,12,0.28152439445281158,0.065093553201550733,mean_p|train_n=12|p=15,229,418,-1.59108,1.0206900000000001
4237304231,14,15,mean_p,12,0.3713646413911279,0.027221587620133585,mean_p|train_n=12|p=15,230,419,-1.59108,1.0206900000000001
3282178224,14,15,mean_p,12,0.38719869988287581,0.023344365738860104,mean_p|train_n=12|p=15,231,421,-1.59108,1.0206900000000001
1045042336,14,15,mean_p,12,0.40413608045698718,0.019806185595858811,mean_p|train_n=12|p=15,232,423,-1.59108,1.0206900000000001
830064022,14,15,mean_p,12,0.32906235029390896,0.041038650357544296,mean_p|train_n=12|p=15,233,424,-1.59108,1.0206900000000001
40424092,14,15,mean_p,12,0.50989146067090041,0.0070974650281370004,mean_p|train_n=12|p=15,234,426,-1.59108,1.0206900000000001
42935604,14,15,mean_p,12,0.14920551514757621,0.23506355606110038,mean_p|train_n=12|p=15,235,427,-1.59108,1.0206900000000001
1959903062,14,15,mean_p,12,0.24970972817510004,0.088637672289358482,mean_p|train_n=12|p=15,236,429,-1.59108,1.0206900000000001
565150894,14,15,mean_p,12,0.52805811700189309,0.005950333981810503,mean_p|train_n=12|p=15,237,430,-1.59108,1.0206900000000001
836072951,14,15,mean_p,12,0.34398319501066449,0.03550670436629836,mean_p|train_n=12|p=15,238,431,-1.59108,1.0206900000000001
1173671454,14,15,mean_p,12,0.20763580467512124,0.13333234723408427,mean_p|train_n=12|p=15,239,437,-1.59108,1.0206900000000001
2606678150,14,15,mean_p,12,0.35927687496799621,0.030609509787299226,mean_p|train_n=12|p=15,240,438,-1.59108,1.0206900000000001
42335826,14,15,mean_p,12,0.30822588066754752,0.050235034251411438,mean_p|train_n=12|p=15,241,439,-1.59108,1.0206900000000001
2603359984,14,15,mean_p,12,0.20239864066991728,0.14028367452798182,mean_p|train_n=12|p=15,242,440,-1.59108,1.0206900000000001
2942932160,14,15,mean_p,12,0.35403234192711325,0.032207650068787112,mean_p|train_n=12|p=15,243,442,-1.59108,1.0206900000000001
2891081213,14,15,mean_p,12,0.31637230301781311,0.046416699670139845,mean_p|train_n=12|p=15,244,445,-1.59108,1.0206900000000001
3022691423,14,15,mean_p,12,0.51467819585858543,0.0067753221402470686,mean_p|train_n=12|p=15,245,447,-1.59108,1.0206900000000001
2170198367,14,15,mean_p,12,0.26122268956407579,0.079267997772761112,mean_p|train_n=12|p=15,246,448,-1.59108,1.0206900000000001
1393585042,14,15,mean_p,12,0.19426594692284865,0.15180347725916785,mean_p|train_n=12|p=15,247,449,-1.59108,1.0206900000000001
1551780407,14,15,mean_p,12,0.36351620026055292,0.029375825341560823,mean_p|train_n=12|p=15,248,455,-1.59108,1.0206900000000001
4229128909,14,15,mean_p,12,0.49969050188948133,0.0078359992428696582,mean_p|train_n=12|p=15,249,456,-1.59108,1.0206900000000001
432241719,14,15,mean_p,12,0.29052391147040113,0.05964997069663646,mean_p|train_n=12|p=15,250,457,-1.59108,1.0206900000000001
1957074768,14,15,mean_p,12,0.50816649289193472,0.0072172707843858094,mean_p|train_n=12|p=15,251,458,-1.59108,1.0206900000000001
1231532912,14,15,mean_p,12,0.20395516319539223,0.13818066980265292,mean_p|train_n=12|p=15,252,462,-1.59108,1.0206900000000001
2655569422,14,15,mean_p,12,0.27806486498487304,0.067315935959132767,mean_p|train_n=12|p=15,253,463,-1.59108,1.0206900000000001
3057995345,14,15,mean_p,12,0.29457646253876107,0.057349691048000681,mean_p|train_n=12|p=15,254,467,-1.59108,1.0206900000000001
3200073961,14,15,mean_p,12,0.2780571840324661,0.067320953635481434,mean_p|train_n=12|p=15,255,468,-1.59108,1.0206900000000001
3285973074,14,15,mean_p,12,0.26483477340184219,0.076537637094858113,mean_p|train_n=12|p=15,256,470,-1.59108,1.0206900000000001
1425245724,14,15,mean_p,12,0.31835034670467183,0.0455342252049621,mean_p|train_n=12|p=15,257,472,-1.59108,1.0206900000000001
3586478637,14,15,mean_p,12,0.58364181935654702,0.0034696708632406537,mean_p|train_n=12|p=15,258,473,-1.59108,1.0206900000000001
4100955161,14,15,mean_p,12,0.34643246056573895,0.034672737413668615,mean_p|train_n=12|p=15,259,474,-1.59108,1.0206900000000001
745273907,14,15,mean_p,12,0.23594674148787112,0.10130277636539944,mean_p|train_n=12|p=15,260,475,-1.59108,1.0206900000000001
402021447,14,15,mean_p,12,0.28809596660529341,0.0610720662762953,mean_p|train_n=12|p=15,261,476,-1.59108,1.0206900000000001
1723182654,14,15,mean_p,12,0.1163238987021438,0.3234165513884994,mean_p|train_n=12|p=15,262,477,-1.59108,1.0206900000000001
163461293,14,15,mean_p,12,0.47121781895804349,0.010329759922075471,mean_p|train_n=12|p=15,263,478,-1.59108,1.0206900000000001
3032844920,14,15,mean_p,12,0.33715519237314007,0.037939048492326488,mean_p|train_n=12|p=15,264,479,-1.59108,1.0206900000000001
4174779672,14,15,mean_p,12,0.42985991370727772,0.015430848542174466,mean_p|train_n=12|p=15,265,482,-1.59108,1.0206900000000001
347408094,14,15,mean_p,12,0.34686800029370868,0.034526502203901209,mean_p|train_n=12|p=15,266,484,-1.59108,1.0206900000000001
876895217,14,15,mean_p,12,0.22444197576552893,0.11326800781943513,mean_p|train_n=12|p=15,267,485,-1.59108,1.0206900000000001
751270922,14,15,mean_p,12,0.21442037565003308,0.12483676142645023,mean_p|train_n=12|p=15,268,487,-1.59108,1.0206900000000001
2639087899,14,15,mean_p,12,0.14150111757870887,0.25331147784886821,mean_p|train_n=12|p=15,269,489,-1.59108,1.0206900000000001
1046465993,14,15,mean_p,12,0.34120420691896897,0.036477258174347577,mean_p|train_n=12|p=15,270,494,-1.59108,1.0206900000000001
2930389943,14,15,mean_p,12,0.44236723498345781,0.013667173396886294,mean_p|train_n=12|p=15,271,496,-1.59108,1.0206900000000001
2153183003,14,15,mean_p,12,0.35187336664859953,0.032889545157092942,mean_p|train_n=12|p=15,272,497,-1.59108,1.0206900000000001
2863114517,14,15,mean_p,12,0.43435727564359,0.014771889039638724,mean_p|train_n=12|p=15,273,498,-1.59108,1.0206900000000001
1946840757,14,15,mean_p,12,0.48365309820932234,0.009155514171647075,mean_p|train_n=12|p=15,274,500,-1.59108,1.0206900000000001
2198761370,14,15,mean_p,12,0.33560977155725619,0.038512302744619205,mean_p|train_n=12|p=15,275,501,-1.59108,1.0206900000000001
1158382452,14,15,mean_p,12,0.25293219505790293,0.085908772531074082,mean_p|train_n=12|p=15,276,502,-1.59108,1.0206900000000001
1893078772,14,15,mean_p,12,0.2142848666141981,0.12500102823619164,mean_p|train_n=12|p=15,277,504,-1.59108,1.0206900000000001
3599529159,14,15,mean_p,12,0.59307027215039465,0.0031663055315690456,mean_p|train_n=12|p=15,278,505,-1.59108,1.0206900000000001
666664867,14,15,mean_p,12,0.30711478609386195,0.05077960541332751,mean_p|train_n=12|p=15,279,507,-1.59108,1.0206900000000001
2865687655,14,15,mean_p,12,0.32252322795240584,0.043727200839280445,mean_p|train_n=12|p=15,280,508,-1.59108,1.0206900000000001
1375425346,14,15,mean_p,12,0.26362433852553202,0.07744195912904181,mean_p|train_n=12|p=15,281,510,-1.59108,1.0206900000000001
2772258131,14,15,mean_p,12,0.32904398643214439,0.041045964261927491,mean_p|train_n=12|p=15,282,511,-1.59108,1.0206900000000001
4121287269,14,15,mean_p,12,0.14686893004798501,0.24045435805479948,mean_p|train_n=12|p=15,283,514,-1.59108,1.0206900000000001
1109205630,14,15,mean_p,12,0.30367592415553607,0.052502759500435113,mean_p|train_n=12|p=15,284,515,-1.59108,1.0206900000000001
3062918439,14,15,mean_p,12,0.15993345923217525,0.21182306140381352,mean_p|train_n=12|p=15,285,516,-1.59108,1.0206900000000001
1278509449,14,15,mean_p,12,0.23425803964090278,0.10297652845399806,mean_p|train_n=12|p=15,286,517,-1.59108,1.0206900000000001
1839046568,14,15,mean_p,12,0.28782059489399403,0.061235482747956323,mean_p|train_n=12|p=15,287,518,-1.59108,1.0206900000000001
871726495,14,15,mean_p,12,0.12044270062559924,0.31074480790312919,mean_p|train_n=12|p=15,288,519,-1.59108,1.0206900000000001
575140186,14,15,mean_p,12,0.17177776238021283,0.18882364335545471,mean_p|train_n=12|p=15,289,520,-1.59108,1.0206900000000001
147704525,14,15,mean_p,12,0.21709231308491411,0.12164151684424243,mean_p|train_n=12|p=15,290,522,-1.59108,1.0206900000000001
1643185242,14,15,mean_p,12,0.29615196563152041,0.056479553011723992,mean_p|train_n=12|p=15,291,523,-1.59108,1.0206900000000001
1255948509,14,15,mean_p,12,0.37062726851727829,0.027417070545802065,mean_p|train_n=12|p=15,292,524,-1.59108,1.0206900000000001
245022714,14,15,mean_p,12,0.30326591090833011,0.052712073263715561,mean_p|train_n=12|p=15,293,525,-1.59108,1.0206900000000001
623267523,14,15,mean_p,12,0.43559928262541131,0.01459491929272966,mean_p|train_n=12|p=15,294,526,-1.59108,1.0206900000000001
3973019918,14,15,mean_p,12,0.40579345996671917,0.019490184535006345,mean_p|train_n=12|p=15,295,527,-1.59108,1.0206900000000001
2928021819,14,15,mean_p,12,0.23537690060655739,0.10186450915521077,mean_p|train_n=12|p=15,296,529,-1.59108,1.0206900000000001
2416233937,14,15,mean_p,12,0.33972225375174336,0.03700562639899567,mean_p|train_n=12|p=15,297,530,-1.59108,1.0206900000000001
3083979662,14,15,mean_p,12,0.33934245560725101,0.037142265392903238,mean_p|train_n=12|p=15,298,533,-1.59108,1.0206900000000001
466892264,14,15,mean_p,12,0.17347827215934261,0.18573327249552957,mean_p|train_n=12|p=15,299,534,-1.59108,1.0206900000000001
3238736003,14,15,mean_p,12,0.2307714653222912,0.10652023971828244,mean_p|train_n=12|p=15,300,535,-1.59108,1.0206900000000001
707225116,14,15,mean_p,12,0.40161822512171053,0.020296078972310047,mean_p|train_n=12|p=15,301,536,-1.59108,1.0206900000000001
819853566,14,15,mean_p,12,0.38099169450694198,0.024793680815671917,mean_p|train_n=12|p=15,302,537,-1.59108,1.0206900000000001
2902230527,14,15,mean_p,12,0.10444692406354543,0.36292492907552382,mean_p|train_n=12|p=15,303,538,-1.59108,1.0206900000000001
2618416127,14,15,mean_p,12,0.41123544151513836,0.01848762636784881,mean_p|train_n=12|p=15,304,540,-1.59108,1.0206900000000001
58723303,14,15,mean_p,12,0.49039381534536469,0.0085757976779456454,mean_p|train_n=12|p=15,305,543,-1.59108,1.0206900000000001
1831869986,14,15,mean_p,12,0.20862400702720693,0.13205985770058509,mean_p|train_n=12|p=15,306,546,-1.59108,1.0206900000000001
3830405189,14,15,mean_p,12,0.43152574821474915,0.015183408702785992,mean_p|train_n=12|p=15,307,547,-1.59108,1.0206900000000001
2692089969,14,15,mean_p,12,0.13949232979184376,0.25829782187143935,mean_p|train_n=12|p=15,308,549,-1.59108,1.0206900000000001
3846202447,14,15,mean_p,12,0.19175356787040063,0.15554997302685375,mean_p|train_n=12|p=15,309,553,-1.59108,1.0206900000000001
2149605192,14,15,mean_p,12,0.20801844982521406,0.13283817405533788,mean_p|train_n=12|p=15,310,554,-1.59108,1.0206900000000001
4008905691,14,15,mean_p,12,0.35864967510843193,0.030796379163432447,mean_p|train_n=12|p=15,311,556,-1.59108,1.0206900000000001
816718467,14,15,mean_p,12,0.33656571409543379,0.038156694389110533,mean_p|train_n=12|p=15,312,557,-1.59108,1.0206900000000001
3921153451,14,15,mean_p,12,0.18477503032495188,0.16644870779614743,mean_p|train_n=12|p=15,313,563,-1.59108,1.0206900000000001
3582436290,14,15,mean_p,12,0.37222952447592067,0.026994076234724086,mean_p|train_n=12|p=15,314,564,-1.59108,1.0206900000000001
1845837069,14,15,mean_p,12,0.43761333370942529,0.014312438736360898,mean_p|train_n=12|p=15,315,567,-1.59108,1.0206900000000001
3464022462,14,15,mean_p,12,0.28347437347340232,0.063873387315924166,mean_p|train_n=12|p=15,316,570,-1.59108,1.0206900000000001
1844524280,14,15,mean_p,12,0.26894422387177597,0.073545499235919326,mean_p|train_n=12|p=15,317,571,-1.59108,1.0206900000000001
3003488186,14,15,mean_p,12,0.32549335135912888,0.042484873544792377,mean_p|train_n=12|p=15,318,572,-1.59108,1.0206900000000001
3014539764,14,15,mean_p,12,0.27251292111355901,0.071042152487348589,mean_p|train_n=12|p=15,319,573,-1.59108,1.0206900000000001
3917518918,14,15,mean_p,12,0.40944993217091197,0.018810746974283383,mean_p|train_n=12|p=15,320,575,-1.59108,1.0206900000000001
1964919510,14,15,mean_p,12,0.330324425562251,0.040539104825000762,mean_p|train_n=12|p=15,321,576,-1.59108,1.0206900000000001
4032224536,14,15,mean_p,12,0.29135608863997925,0.059170207271493344,mean_p|train_n=12|p=15,322,577,-1.59108,1.0206900000000001
1737250366,14,15,mean_p,12,0.43167073518288346,0.015162061239994515,mean_p|train_n=12|p=15,323,584,-1.59108,1.0206900000000001
1043250226,14,15,mean_p,12,0.25949046347647042,0.080611725371842288,mean_p|train_n=12|p=15,324,585,-1.59108,1.0206900000000001
3302867212,14,15,mean_p,12,0.24035776250006027,0.09705802575838289,mean_p|train_n=12|p=15,325,587,-1.59108,1.0206900000000001
930181972,14,15,mean_p,12,0.4388558010648439,0.014140910107785334,mean_p|train_n=12|p=15,326,589,-1.59108,1.0206900000000001
4281971622,14,15,mean_p,12,0.33864421573661518,0.037394787089471616,mean_p|train_n=12|p=15,327,590,-1.59108,1.0206900000000001
3130546215,14,15,mean_p,12,0.36027911121112982,0.030313252007148024,mean_p|train_n=12|p=15,328,592,-1.59108,1.0206900000000001
845224673,14,15,mean_p,12,0.39564766868128526,0.02150673957033758,mean_p|train_n=12|p=15,329,593,-1.59108,1.0206900000000001
3479056861,14,15,mean_p,12,0.19583676706892378,0.14950703338370311,mean_p|train_n=12|p=15,330,594,-1.59108,1.0206900000000001
2420637740,14,15,mean_p,12,0.3885349286143448,0.023043617073168762,mean_p|train_n=12|p=15,331,595,-1.59108,1.0206900000000001
344745281,14,15,mean_p,12,0.28368170208366184,0.063745007759790195,mean_p|train_n=12|p=15,332,596,-1.59108,1.0206900000000001
2363864979,14,15,mean_p,12,0.37207407741510973,0.027034826654082352,mean_p|train_n=12|p=15,333,597,-1.59108,1.0206900000000001
518609000,14,15,mean_p,12,0.16699580098298128,0.19779238468038379,mean_p|train_n=12|p=15,334,598,-1.59108,1.0206900000000001
536473526,14,15,mean_p,12,0.3544162856348837,0.032087873658931419,mean_p|train_n=12|p=15,335,601,-1.59108,1.0206900000000001
1341499141,14,15,mean_p,12,0.1532099530033415,0.22610435072280985,mean_p|train_n=12|p=15,336,602,-1.59108,1.0206900000000001
3632661450,14,15,mean_p,12,0.30028808672763363,0.054257515076812438,mean_p|train_n=12|p=15,337,604,-1.59108,1.0206900000000001
3579628259,14,15,mean_p,12,0.39868169408390547,0.020882761045463494,mean_p|train_n=12|p=15,338,606,-1.59108,1.0206900000000001
46762074,14,15,mean_p,12,0.37593082226615981,0.026041718907408994,mean_p|train_n=12|p=15,339,607,-1.59108,1.0206900000000001
3890261285,14,15,mean_p,12,0.11274792958768802,0.33483656458694855,mean_p|train_n=12|p=15,340,611,-1.59108,1.0206900000000001
3966086847,14,15,mean_p,12,0.14056981696681686,0.25561113015147097,mean_p|train_n=12|p=15,341,612,-1.59108,1.0206900000000001
4206236564,14,15,mean_p,12,0.3477718337287638,0.03422499943275685,mean_p|train_n=12|p=15,342,613,-1.59108,1.0206900000000001
1817291408,14,15,mean_p,12,0.18695821704311441,0.16295945452495378,mean_p|train_n=12|p=15,343,616,-1.59108,1.0206900000000001
3509827107,14,15,mean_p,12,0.47942462891216386,0.0095390095706605858,mean_p|train_n=12|p=15,344,617,-1.59108,1.0206900000000001
4054993773,14,15,mean_p,12,0.44042405401376417,0.013927337021395944,mean_p|train_n=12|p=15,345,618,-1.59108,1.0206900000000001
916167984,14,15,mean_p,12,0.12090477117704672,0.30935455966653713,mean_p|train_n=12|p=15,346,619,-1.59108,1.0206900000000001
1932864181,14,15,mean_p,12,0.21165210555463698,0.12823575885709612,mean_p|train_n=12|p=15,347,620,-1.59108,1.0206900000000001
1750604492,14,15,mean_p,12,0.34722631732639153,0.034406657539805784,mean_p|train_n=12|p=15,348,621,-1.59108,1.0206900000000001
2940263200,14,15,mean_p,12,0.22655995273735799,0.11096377363932083,mean_p|train_n=12|p=15,349,622,-1.59108,1.0206900000000001
3618571586,14,15,mean_p,12,0.20596455545720044,0.13551234812425469,mean_p|train_n=12|p=15,350,623,-1.59108,1.0206900000000001
1299674937,14,15,mean_p,12,0.2947086233730733,0.057276187400614118,mean_p|train_n=12|p=15,351,624,-1.59108,1.0206900000000001
2653930334,14,15,mean_p,12,0.18232666579158527,0.17045072947942014,mean_p|train_n=12|p=15,352,625,-1.59108,1.0206900000000001
1120274235,14,15,mean_p,12,0.35487326698259708,0.031945892632971165,mean_p|train_n=12|p=15,353,626,-1.59108,1.0206900000000001
3508932779,14,15,mean_p,12,0.23511637005216438,0.10212236926630233,mean_p|train_n=12|p=15,354,628,-1.59108,1.0206900000000001
1447160177,14,15,mean_p,12,0.40200687014251485,0.020219677795242318,mean_p|train_n=12|p=15,355,629,-1.59108,1.0206900000000001
1900100481,14,15,mean_p,12,0.41940854341997785,0.017077971005958863,mean_p|train_n=12|p=15,356,631,-1.59108,1.0206900000000001
4208133967,14,15,mean_p,12,0.30404525510690456,0.052314925890069142,mean_p|train_n=12|p=15,357,636,-1.59108,1.0206900000000001
2798950338,14,15,mean_p,12,0.3360914343653757,0.038332713002174196,mean_p|train_n=12|p=15,358,638,-1.59108,1.0206900000000001
195812256,14,15,mean_p,12,0.22803280375624485,0.10938908887993029,mean_p|train_n=12|p=15,359,640,-1.59108,1.0206900000000001
1904692446,14,15,mean_p,12,0.34935044354846262,0.033704704578822443,mean_p|train_n=12|p=15,360,644,-1.59108,1.0206900000000001
1266811624,14,15,mean_p,12,0.26339314887452381,0.077615893525103563,mean_p|train_n=12|p=15,361,645,-1.59108,1.0206900000000001
3988907667,14,15,mean_p,12,0.16653412627237923,0.19868050612701665,mean_p|train_n=12|p=15,362,646,-1.59108,1.0206900000000001
1391417264,14,15,mean_p,12,0.30866606506195288,0.05002090913584302,mean_p|train_n=12|p=15,363,647,-1.59108,1.0206900000000001
2833729320,14,15,mean_p,12,0.26983369732315282,0.072913422759304986,mean_p|train_n=12|p=15,364,648,-1.59108,1.0206900000000001
3921135858,14,15,mean_p,12,0.20071380122950075,0.14259613489338138,mean_p|train_n=12|p=15,365,649,-1.59108,1.0206900000000001
2878511852,14,15,mean_p,12,0.40165282394641716,0.020289265726116484,mean_p|train_n=12|p=15,366,650,-1.59108,1.0206900000000001
2100559315,14,15,mean_p,12,0.32275925329720906,0.043627162481293662,mean_p|train_n=12|p=15,367,651,-1.59108,1.0206900000000001
2884993853,14,15,mean_p,12,0.23060535950991218,0.10669207824013377,mean_p|train_n=12|p=15,368,652,-1.59108,1.0206900000000001
1051760306,14,15,mean_p,12,0.25492723656100175,0.0842615747202385,mean_p|train_n=12|p=15,369,653,-1.59108,1.0206900000000001
571112884,14,15,mean_p,12,0.26357871617053691,0.077476251985916317,mean_p|train_n=12|p=15,370,654,-1.59108,1.0206900000000001
2244999865,14,15,mean_p,12,0.26578999108460655,0.075831450269474812,mean_p|train_n=12|p=15,371,658,-1.59108,1.0206900000000001
3515318834,14,15,mean_p,12,0.29233199158709422,0.058612497302739576,mean_p|train_n=12|p=15,372,659,-1.59108,1.0206900000000001
3329916420,14,15,mean_p,12,0.38523065988077715,0.023794480412022166,mean_p|train_n=12|p=15,373,660,-1.59108,1.0206900000000001
3619973677,14,15,mean_p,12,0.31986028871095906,0.044871896106759138,mean_p|train_n=12|p=15,374,663,-1.59108,1.0206900000000001
1551822755,14,15,mean_p,12,0.25432452904431341,0.084755840252645764,mean_p|train_n=12|p=15,375,664,-1.59108,1.0206900000000001
561129809,14,15,mean_p,12,0.32023707179311928,0.044708129408402818,mean_p|train_n=12|p=15,376,666,-1.59108,1.0206900000000001
3977873563,14,15,mean_p,12,0.42023229895409137,0.016941997766523456,mean_p|train_n=12|p=15,377,667,-1.59108,1.0206900000000001
2976401945,14,15,mean_p,12,0.28952319969468832,0.06023205134077729,mean_p|train_n=12|p=15,378,668,-1.59108,1.0206900000000001
491084049,14,15,mean_p,12,0.35303359435960019,0.03252132119334343,mean_p|train_n=12|p=15,379,669,-1.59108,1.0206900000000001
3453856100,14,15,mean_p,12,0.27321426159696843,0.070560291814023138,mean_p|train_n=12|p=15,380,670,-1.59108,1.0206900000000001
3550041725,14,15,mean_p,12,0.35346730934457943,0.032384733208772574,mean_p|train_n=12|p=15,381,672,-1.59108,1.0206900000000001
2241107689,14,15,mean_p,12,0.36327312699654868,0.029445198756589904,mean_p|train_n=12|p=15,382,674,-1.59108,1.0206900000000001
1579008391,14,15,mean_p,12,0.2916201320229268,0.059018789935991717,mean_p|train_n=12|p=15,383,676,-1.59108,1.0206900000000001
4139922407,14,15,mean_p,12,0.29095888443722073,0.059398718572998901,mean_p|train_n=12|p=15,384,680,-1.59108,1.0206900000000001
1205824094,14,15,mean_p,12,0.34685183492309746,0.034531918791986027,mean_p|train_n=12|p=15,385,681,-1.59108,1.0206900000000001
2928218286,14,15,mean_p,12,0.41283610565759232,0.018202677917869222,mean_p|train_n=12|p=15,386,682,-1.59108,1.0206900000000001
4089018997,14,15,mean_p,12,0.25336722054985239,0.085546871892163132,mean_p|train_n=12|p=15,387,685,-1.59108,1.0206900000000001
1855258250,14,15,mean_p,12,0.19642851717829105,0.14865096763232483,mean_p|train_n=12|p=15,388,686,-1.59108,1.0206900000000001
2799359856,14,15,mean_p,12,0.20835286626281418,0.13240778668833575,mean_p|train_n=12|p=15,389,687,-1.59108,1.0206900000000001
257742912,14,15,mean_p,12,0.46376966876166292,0.011104010421981211,mean_p|train_n=12|p=15,390,688,-1.59108,1.0206900000000001
404650757,14,15,mean_p,12,0.22115341323546447,0.11694095753897718,mean_p|train_n=12|p=15,391,691,-1.59108,1.0206900000000001
1683744411,14,15,mean_p,12,0.17166364481127092,0.18903286319898138,mean_p|train_n=12|p=15,392,693,-1.59108,1.0206900000000001
516075768,14,15,mean_p,12,0.28094245138120194,0.065462190123110858,mean_p|train_n=12|p=15,393,695,-1.59108,1.0206900000000001
2976663786,14,15,mean_p,12,0.2094217731126736,0.13104145412547752,mean_p|train_n=12|p=15,394,696,-1.59108,1.0206900000000001
2622927846,14,15,mean_p,12,0.27133122475716248,0.071861499673522539,mean_p|train_n=12|p=15,395,699,-1.59108,1.0206900000000001
765285393,14,15,mean_p,12,0.27191109751016496,0.071458261967946135,mean_p|train_n=12|p=15,396,700,-1.59108,1.0206900000000001
3809241801,14,15,mean_p,12,0.20658179699643761,0.13470308918630389,mean_p|train_n=12|p=15,397,701,-1.59108,1.0206900000000001
3945041131,14,15,mean_p,12,0.35350450192624738,0.032373047050190486,mean_p|train_n=12|p=15,398,703,-1.59108,1.0206900000000001
1506885019,14,15,mean_p,12,0.18323260100945102,0.16895882194657691,mean_p|train_n=12|p=15,399,705,-1.59108,1.0206900000000001
3899236658,14,15,mean_p,12,0.29588641185515252,0.056625285683549506,mean_p|train_n=12|p=15,400,707,-1.59108,1.0206900000000001
1138662732,14,15,mean_p,12,0.16311362132736287,0.20538593617082485,mean_p|train_n=12|p=15,401,710,-1.59108,1.0206900000000001
4132966297,14,15,mean_p,12,0.11531839730556991,0.32658771713781543,mean_p|train_n=12|p=15,402,711,-1.59108,1.0206900000000001
2866624656,14,15,mean_p,12,0.23060925002491064,0.10668805028552975,mean_p|train_n=12|p=15,403,712,-1.59108,1.0206900000000001
1026117030,14,15,mean_p,12,0.25849436482029403,0.081394712725008089,mean_p|train_n=12|p=15,404,714,-1.59108,1.0206900000000001
11620328,14,15,mean_p,12,0.34202427710685457,0.036188123755328455,mean_p|train_n=12|p=15,405,715,-1.59108,1.0206900000000001
2997808270,14,15,mean_p,12,0.27265562144983607,0.070943843337617135,mean_p|train_n=12|p=15,406,718,-1.59108,1.0206900000000001
2157743616,14,15,mean_p,12,0.33824238541909291,0.037540888456035142,mean_p|train_n=12|p=15,407,719,-1.59108,1.0206900000000001
502882531,14,15,mean_p,12,0.33505469806684191,0.038720307685684449,mean_p|train_n=12|p=15,408,721,-1.59108,1.0206900000000001
9456957,14,15,mean_p,12,0.24931751606214997,0.088975674528104065,mean_p|train_n=12|p=15,409,722,-1.59108,1.0206900000000001
44502101,14,15,mean_p,12,0.35185308751621325,0.032896018125207177,mean_p|train_n=12|p=15,410,724,-1.59108,1.0206900000000001
3585986809,14,15,mean_p,12,0.48205228437175934,0.0092988499744858597,mean_p|train_n=12|p=15,411,725,-1.59108,1.0206900000000001
210303555,14,15,mean_p,12,0.24725108795258963,0.090777890196350353,mean_p|train_n=12|p=15,412,726,-1.59108,1.0206900000000001
1065166370,14,15,mean_p,12,0.14813740008129303,0.23751267302504117,mean_p|train_n=12|p=15,413,727,-1.59108,1.0206900000000001
3020966887,14,15,mean_p,12,0.16199376910741928,0.20763005998619377,mean_p|train_n=12|p=15,414,729,-1.59108,1.0206900000000001
2064355550,14,15,mean_p,12,0.44309625914561718,0.013570826258041263,mean_p|train_n=12|p=15,415,730,-1.59108,1.0206900000000001
3807385892,14,15,mean_p,12,0.24594530599857015,0.091935490697777136,mean_p|train_n=12|p=15,416,731,-1.59108,1.0206900000000001
675343249,14,15,mean_p,12,0.31990471762674905,0.044852554167474919,mean_p|train_n=12|p=15,417,732,-1.59108,1.0206900000000001
4065252203,14,15,mean_p,12,0.51873084185241292,0.0065140396386918096,mean_p|train_n=12|p=15,418,733,-1.59108,1.0206900000000001
2671326847,14,15,mean_p,12,0.30159255778535432,0.053575016186486794,mean_p|train_n=12|p=15,419,735,-1.59108,1.0206900000000001
4223003119,14,15,mean_p,12,0.26576036077060788,0.075853257552055284,mean_p|train_n=12|p=15,420,737,-1.59108,1.0206900000000001
4098939713,14,15,mean_p,12,0.34100806986605081,0.03654675239625213,mean_p|train_n=12|p=15,421,739,-1.59108,1.0206900000000001
4035634991,14,15,mean_p,12,0.22136970891997179,0.11669576215146646,mean_p|train_n=12|p=15,422,741,-1.59108,1.0206900000000001
2237547892,14,15,mean_p,12,0.27107193147205083,0.07204254509362186,mean_p|train_n=12|p=15,423,742,-1.59108,1.0206900000000001
38567185,14,15,mean_p,12,0.23993953943316568,0.097452732472698561,mean_p|train_n=12|p=15,424,744,-1.59108,1.0206900000000001
3326601781,14,15,mean_p,12,0.36640522153485727,0.028563704301423298,mean_p|train_n=12|p=15,425,745,-1.59108,1.0206900000000001
941209657,14,15,mean_p,12,0.34387919961459684,0.035542555024434014,mean_p|train_n=12|p=15,426,748,-1.59108,1.0206900000000001
3147050397,14,15,mean_p,12,0.44036200438526013,0.013935725660789745,mean_p|train_n=12|p=15,427,749,-1.59108,1.0206900000000001
2934967921,14,15,mean_p,12,0.52983475519034695,0.0058486259005729683,mean_p|train_n=12|p=15,428,750,-1.59108,1.0206900000000001
2661618614,14,15,mean_p,12,0.36465175919911635,0.029053894495825013,mean_p|train_n=12|p=15,429,751,-1.59108,1.0206900000000001
141518704,14,15,mean_p,12,0.43185312561564115,0.015135249220981277,mean_p|train_n=12|p=15,430,752,-1.59108,1.0206900000000001
2842378511,14,15,mean_p,12,0.51358032230544104,0.0068478911627487997,mean_p|train_n=12|p=15,431,753,-1.59108,1.0206900000000001
2183549114,14,15,mean_p,12,0.71742465546073753,0.00094726442417955787,mean_p|train_n=12|p=15,432,759,-1.59108,1.0206900000000001
2503708156,14,15,mean_p,12,0.37677727355888929,0.025828687966048709,mean_p|train_n=12|p=15,433,761,-1.59108,1.0206900000000001
2104094261,14,15,mean_p,12,0.42718398272942021,0.01583679538004161,mean_p|train_n=12|p=15,434,762,-1.59108,1.0206900000000001
3036895789,14,15,mean_p,12,0.41213211160348623,0.018327457084378218,mean_p|train_n=12|p=15,435,765,-1.59108,1.0206900000000001
3640336259,14,15,mean_p,12,0.34976153150864836,0.033570516845030499,mean_p|train_n=12|p=15,436,766,-1.59108,1.0206900000000001
1464333435,14,15,mean_p,12,0.32876612154636453,0.04115679067525356,mean_p|train_n=12|p=15,437,767,-1.59108,1.0206900000000001
1822998333,14,15,mean_p,12,0.14472925394083364,0.24549923682925534,mean_p|train_n=12|p=15,438,770,-1.59108,1.0206900000000001
1595091221,14,15,mean_p,12,0.33336973560980099,0.039358626922436919,mean_p|train_n=12|p=15,439,773,-1.59108,1.0206900000000001
3449940785,14,15,mean_p,12,0.35612475738878013,0.031560270844085532,mean_p|train_n=12|p=15,440,774,-1.59108,1.0206900000000001
3084236695,14,15,mean_p,12,0.35536318510425097,0.031794376081561472,mean_p|train_n=12|p=15,441,777,-1.59108,1.0206900000000001
3977189247,14,15,mean_p,12,0.19553182272711586,0.14995010960216215,mean_p|train_n=12|p=15,442,778,-1.59108,1.0206900000000001
251856938,14,15,mean_p,12,0.31567471043842665,0.046731982565444564,mean_p|train_n=12|p=15,443,781,-1.59108,1.0206900000000001
3392927501,14,15,mean_p,12,0.34473059078425933,0.035250113891369915,mean_p|train_n=12|p=15,444,783,-1.59108,1.0206900000000001
4021361204,14,15,mean_p,12,0.18304136978445568,0.16927265320856766,mean_p|train_n=12|p=15,445,784,-1.59108,1.0206900000000001
4245883344,14,15,mean_p,12,0.37455967431430615,0.026390537771217464,mean_p|train_n=12|p=15,446,785,-1.59108,1.0206900000000001
3898490376,14,15,mean_p,12,0.18437555298273706,0.16709520720334753,mean_p|train_n=12|p=15,447,788,-1.59108,1.0206900000000001
1949098596,14,15,mean_p,12,0.41064191153147683,0.018594415881390883,mean_p|train_n=12|p=15,448,791,-1.59108,1.0206900000000001
3205779555,14,15,mean_p,12,0.34043951375765119,0.036748949176368895,mean_p|train_n=12|p=15,449,792,-1.59108,1.0206900000000001
2279692580,14,15,mean_p,12,0.23743793675198946,0.099847414844449173,mean_p|train_n=12|p=15,450,793,-1.59108,1.0206900000000001
984086982,14,15,mean_p,12,0.43003657339931795,0.015404417848069346,mean_p|train_n=12|p=15,451,794,-1.59108,1.0206900000000001
1569896765,14,15,mean_p,12,0.33676677992155307,0.038082317350261713,mean_p|train_n=12|p=15,452,795,-1.59108,1.0206900000000001
3570373604,14,15,mean_p,12,0.36449800400055621,0.029097276708101239,mean_p|train_n=12|p=15,453,796,-1.59108,1.0206900000000001
2423027708,14,15,mean_p,12,0.15451895737863833,0.22325038937615904,mean_p|train_n=12|p=15,454,801,-1.59108,1.0206900000000001
3927147528,14,15,mean_p,12,0.17686400129559621,0.17973010432428926,mean_p|train_n=12|p=15,455,802,-1.59108,1.0206900000000001
3756863560,14,15,mean_p,12,0.32345606794798659,0.043333153748694758,mean_p|train_n=12|p=15,456,804,-1.59108,1.0206900000000001
3623512102,14,15,mean_p,12,0.34168761436252254,0.036306543531282556,mean_p|train_n=12|p=15,457,805,-1.59108,1.0206900000000001
1717289447,14,15,mean_p,12,0.28830090607558567,0.060950730201615892,mean_p|train_n=12|p=15,458,806,-1.59108,1.0206900000000001
3697683620,14,15,mean_p,12,0.22673614387575111,0.11077421326516607,mean_p|train_n=12|p=15,459,807,-1.59108,1.0206900000000001
3044522021,14,15,mean_p,12,0.43303268745145812,0.014962990756145997,mean_p|train_n=12|p=15,460,808,-1.59108,1.0206900000000001
83195803,14,15,mean_p,12,0.2879082155385902,0.061183437813676453,mean_p|train_n=12|p=15,461,809,-1.59108,1.0206900000000001
2085698640,14,15,mean_p,12,0.34299138339710872,0.035850092024331023,mean_p|train_n=12|p=15,462,810,-1.59108,1.0206900000000001
2928134303,14,15,mean_p,12,0.29719392654881405,0.055911351484465723,mean_p|train_n=12|p=15,463,811,-1.59108,1.0206900000000001
2066152250,14,15,mean_p,12,0.33065460400900948,0.040409422495910806,mean_p|train_n=12|p=15,464,812,-1.59108,1.0206900000000001
1470504632,14,15,mean_p,12,0.35640611175640929,0.031474219998597543,mean_p|train_n=12|p=15,465,815,-1.59108,1.0206900000000001
2172553637,14,15,mean_p,12,0.39820047313421358,0.020980507355096913,mean_p|train_n=12|p=15,466,816,-1.59108,1.0206900000000001
1642351444,14,15,mean_p,12,0.2193541979235358,0.11900063929173089,mean_p|train_n=12|p=15,467,817,-1.59108,1.0206900000000001
306624578,14,15,mean_p,12,0.18679428342938906,0.16321890027433447,mean_p|train_n=12|p=15,468,818,-1.59108,1.0206900000000001
3226229686,14,15,mean_p,12,0.45144732602070708,0.012514439056009123,mean_p|train_n=12|p=15,469,819,-1.59108,1.0206900000000001
1560619635,14,15,mean_p,12,0.32885888595538881,0.04111975835517933,mean_p|train_n=12|p=15,470,821,-1.59108,1.0206900000000001
130186419,14,15,mean_p,12,0.53532435548229962,0.0055452146541712967,mean_p|train_n=12|p=15,471,822,-1.59108,1.0206900000000001
727943905,14,15,mean_p,12,0.28555537855799135,0.062596452139077038,mean_p|train_n=12|p=15,472,823,-1.59108,1.0206900000000001
3605448772,14,15,mean_p,12,0.28995016766725007,0.059983006786459778,mean_p|train_n=12|p=15,473,827,-1.59108,1.0206900000000001
2114395659,14,15,mean_p,12,0.25934924464405756,0.080722271094109885,mean_p|train_n=12|p=15,474,829,-1.59108,1.0206900000000001
1438886034,14,15,mean_p,12,0.29243475149599352,0.058554078733752873,mean_p|train_n=12|p=15,475,830,-1.59108,1.0206900000000001
3974830480,14,15,mean_p,12,0.23876745011647674,0.098567489976150821,mean_p|train_n=12|p=15,476,831,-1.59108,1.0206900000000001
839982346,14,15,mean_p,12,0.35386802349185487,0.032259047939291713,mean_p|train_n=12|p=15,477,832,-1.59108,1.0206900000000001
908589859,14,15,mean_p,12,0.39937218449286299,0.020743302583749942,mean_p|train_n=12|p=15,478,833,-1.59108,1.0206900000000001
1508652629,14,15,mean_p,12,0.34475215004795229,0.035242739901840972,mean_p|train_n=12|p=15,479,834,-1.59108,1.0206900000000001
2261678989,14,15,mean_p,12,0.28515049508282386,0.062842878248994316,mean_p|train_n=12|p=15,480,836,-1.59108,1.0206900000000001
3733328574,14,15,mean_p,12,0.16484936799139902,0.20195543091406667,mean_p|train_n=12|p=15,481,837,-1.59108,1.0206900000000001
3365694209,14,15,mean_p,12,0.41370572340415152,0.018049715057293109,mean_p|train_n=12|p=15,482,839,-1.59108,1.0206900000000001
1391804988,14,15,mean_p,12,0.29738506232618173,0.055807743607872252,mean_p|train_n=12|p=15,483,840,-1.59108,1.0206900000000001
3966644472,14,15,mean_p,12,0.30544147377176278,0.051610891706078944,mean_p|train_n=12|p=15,484,841,-1.59108,1.0206900000000001
285407435,14,15,mean_p,12,0.47480526449298971,0.0099763396389779407,mean_p|train_n=12|p=15,485,842,-1.59108,1.0206900000000001
1927885369,14,15,mean_p,12,0.60874320007928173,0.0027195717403265232,mean_p|train_n=12|p=15,486,843,-1.59108,1.0206900000000001
2724699752,14,15,mean_p,12,0.35931166786759261,0.030599176769415034,mean_p|train_n=12|p=15,487,844,-1.59108,1.0206900000000001
3792634296,14,15,mean_p,12,0.16110124378971108,0.2094361790062606,mean_p|train_n=12|p=15,488,845,-1.59108,1.0206900000000001
1935387792,14,15,mean_p,12,0.41188563046064491,0.018371346409010014,mean_p|train_n=12|p=15,489,846,-1.59108,1.0206900000000001
4214605566,14,15,mean_p,12,0.3747506715158318,0.026341669572430174,mean_p|train_n=12|p=15,490,847,-1.59108,1.0206900000000001
2993021910,14,15,mean_p,12,0.41903029833431338,0.017140771107856483,mean_p|train_n=12|p=15,491,849,-1.59108,1.0206900000000001
1015082536,14,15,mean_p,12,0.29587143990501646,0.05663351329595423,mean_p|train_n=12|p=15,492,852,-1.59108,1.0206900000000001
3858965902,14,15,mean_p,12,0.23757751465352675,0.099712265824815918,mean_p|train_n=12|p=15,493,853,-1.59108,1.0206900000000001
972542637,14,15,mean_p,12,0.42895748106694803,0.015566573933698693,mean_p|train_n=12|p=15,494,856,-1.59108,1.0206900000000001
3106171891,14,15,mean_p,12,0.30028004686572535,0.054261748375653597,mean_p|train_n=12|p=15,495,857,-1.59108,1.0206900000000001
3086445386,14,15,mean_p,12,0.19093984880919038,0.1567831168488483,mean_p|train_n=12|p=15,496,860,-1.59108,1.0206900000000001
2153329628,14,15,mean_p,12,0.37357403536086969,0.026644166356600916,mean_p|train_n=12|p=15,497,861,-1.59108,1.0206900000000001
940241587,14,15,mean_p,12,0.24626406359131275,0.09165155126037694,mean_p|train_n=12|p=15,498,862,-1.59108,1.0206900000000001
204044729,14,15,mean_p,12,0.17427023299043204,0.18431133943702399,mean_p|train_n=12|p=15,499,863,-1.59108,1.0206900000000001
4121962382,14,30,mean_p,12,0.13320045317070464,0.27456005567484487,mean_p|train_n=12|p=30,0,2,-1.4154500000000001,0.99980999999999998
336903403,14,30,mean_p,12,0.30600935765642834,0.051327257697516872,mean_p|train_n=12|p=30,1,3,-1.4154500000000001,0.99980999999999998
1734044886,14,30,mean_p,12,0.31554178543457906,0.046792301618544835,mean_p|train_n=12|p=30,2,7,-1.4154500000000001,0.99980999999999998
1935861825,14,30,mean_p,12,0.26235674291192196,0.07840044206134969,mean_p|train_n=12|p=30,3,8,-1.4154500000000001,0.99980999999999998
3256025641,14,30,mean_p,12,0.29300972706104567,0.058228280288936639,mean_p|train_n=12|p=30,4,10,-1.4154500000000001,0.99980999999999998
2348095087,14,30,mean_p,12,0.10706188984607971,0.35383129073572522,mean_p|train_n=12|p=30,5,11,-1.4154500000000001,0.99980999999999998
2010936462,14,30,mean_p,12,0.40014561353752154,0.020588198540803172,mean_p|train_n=12|p=30,6,13,-1.4154500000000001,0.99980999999999998
3874688445,14,30,mean_p,12,0.14574814501372188,0.24308385301420396,mean_p|train_n=12|p=30,7,14,-1.4154500000000001,0.99980999999999998
3382613481,14,30,mean_p,12,0.36363699549209638,0.029341411048820296,mean_p|train_n=12|p=30,8,16,-1.4154500000000001,0.99980999999999998
3570813698,14,30,mean_p,12,0.15900054109305689,0.21374942211462897,mean_p|train_n=12|p=30,9,17,-1.4154500000000001,0.99980999999999998
1194756191,14,30,mean_p,12,0.11229073684192879,0.3363254095031073,mean_p|train_n=12|p=30,10,18,-1.4154500000000001,0.99980999999999998
3046261741,14,30,mean_p,12,0.19707300027147742,0.14772419027911243,mean_p|train_n=12|p=30,11,20,-1.4154500000000001,0.99980999999999998
2433188181,14,30,mean_p,12,0.22061802635480476,0.11755009671037632,mean_p|train_n=12|p=30,12,26,-1.4154500000000001,0.99980999999999998
762742344,14,30,mean_p,12,0.2064587127772422,0.13486407693142088,mean_p|train_n=12|p=30,13,27,-1.4154500000000001,0.99980999999999998
2448222306,14,30,mean_p,12,0.26244007247609791,0.078337070335092199,mean_p|train_n=12|p=30,14,29,-1.4154500000000001,0.99980999999999998
1901033169,14,30,mean_p,12,0.1750475075764692,0.18292636049924496,mean_p|train_n=12|p=30,15,30,-1.4154500000000001,0.99980999999999998
3930590896,14,30,mean_p,12,0.18181640850171152,0.17129682080378711,mean_p|train_n=12|p=30,16,32,-1.4154500000000001,0.99980999999999998
311378043,14,30,mean_p,12,0.19238630562870826,0.1545978028837704,mean_p|train_n=12|p=30,17,33,-1.4154500000000001,0.99980999999999998
2976798392,14,30,mean_p,12,0.17774073878805127,0.17820746254557834,mean_p|train_n=12|p=30,18,34,-1.4154500000000001,0.99980999999999998
2189430008,14,30,mean_p,12,0.19098229166957545,0.15671855618272254,mean_p|train_n=12|p=30,19,35,-1.4154500000000001,0.99980999999999998
2163701350,14,30,mean_p,12,0.31016076985997526,0.049300607076595844,mean_p|train_n=12|p=30,20,36,-1.4154500000000001,0.99980999999999998
1539916717,14,30,mean_p,12,0.10498410194170082,0.36103799398078518,mean_p|train_n=12|p=30,21,37,-1.4154500000000001,0.99980999999999998
3185446098,14,30,mean_p,12,0.23079520628629008,0.10649570201248405,mean_p|train_n=12|p=30,22,39,-1.4154500000000001,0.99980999999999998
901882499,14,30,mean_p,12,0.56231233136780812,0.0042675606166494877,mean_p|train_n=12|p=30,23,40,-1.4154500000000001,0.99980999999999998
567230721,14,30,mean_p,12,0.4488815258717237,0.012829943592599856,mean_p|train_n=12|p=30,24,42,-1.4154500000000001,0.99980999999999998
2839667897,14,30,mean_p,12,0.19455006907175948,0.15138551050387652,mean_p|train_n=12|p=30,25,43,-1.4154500000000001,0.99980999999999998
2050241006,14,30,mean_p,12,0.1580919264528928,0.21564243785354192,mean_p|train_n=12|p=30,26,47,-1.4154500000000001,0.99980999999999998
2155286466,14,30,mean_p,12,0.45975562288013233,0.011545074393130768,mean_p|train_n=12|p=30,27,51,-1.4154500000000001,0.99980999999999998
100861798,14,30,mean_p,12,0.14587714613638386,0.24277974259909002,mean_p|train_n=12|p=30,28,53,-1.4154500000000001,0.99980999999999998
2379124855,14,30,mean_p,12,0.17335121734984749,0.18596241311113246,mean_p|train_n=12|p=30,29,56,-1.4154500000000001,0.99980999999999998
3109972963,14,30,mean_p,12,0.21623489202818988,0.12265785326173123,mean_p|train_n=12|p=30,30,57,-1.4154500000000001,0.99980999999999998
2473982916,14,30,mean_p,12,0.2342223435656304,0.10301220538048911,mean_p|train_n=12|p=30,31,58,-1.4154500000000001,0.99980999999999998
3497732200,14,30,mean_p,12,0.22454480346343711,0.11315504013930701,mean_p|train_n=12|p=30,32,60,-1.4154500000000001,0.99980999999999998
4169785285,14,30,mean_p,12,0.15674852867514472,0.21847204570384285,mean_p|train_n=12|p=30,33,62,-1.4154500000000001,0.99980999999999998
562808569,14,30,mean_p,12,0.21689872766641133,0.1218702430651499,mean_p|train_n=12|p=30,34,66,-1.4154500000000001,0.99980999999999998
967576856,14,30,mean_p,12,0.37691799960810063,0.02579344001861833,mean_p|train_n=12|p=30,35,67,-1.4154500000000001,0.99980999999999998
1885797915,14,30,mean_p,12,0.30954011505798512,0.049598434298251073,mean_p|train_n=12|p=30,36,68,-1.4154500000000001,0.99980999999999998
1461126288,14,30,mean_p,12,0.14249161488337661,0.25088835100147688,mean_p|train_n=12|p=30,37,70,-1.4154500000000001,0.99980999999999998
1703421357,14,30,mean_p,12,0.10462158837084465,0.36231030939743253,mean_p|train_n=12|p=30,38,72,-1.4154500000000001,0.99980999999999998
1452461009,14,30,mean_p,12,0.22557048327729423,0.11203436515414764,mean_p|train_n=12|p=30,39,73,-1.4154500000000001,0.99980999999999998
2071570382,14,30,mean_p,12,0.21524779398755306,0.12383842077782378,mean_p|train_n=12|p=30,40,74,-1.4154500000000001,0.99980999999999998
323694581,14,30,mean_p,12,0.10654700966630985,0.35560360739547253,mean_p|train_n=12|p=30,41,75,-1.4154500000000001,0.99980999999999998
4137941703,14,30,mean_p,12,0.21007485224157588,0.1302136024022382,mean_p|train_n=12|p=30,42,76,-1.4154500000000001,0.99980999999999998
985394224,14,30,mean_p,12,0.25099470991983919,0.087539263790804386,mean_p|train_n=12|p=30,43,77,-1.4154500000000001,0.99980999999999998
2765906325,14,30,mean_p,12,0.65754792907863113,0.0016936235994799138,mean_p|train_n=12|p=30,44,78,-1.4154500000000001,0.99980999999999998
4015090735,14,30,mean_p,12,0.17143883231514565,0.18944570633666796,mean_p|train_n=12|p=30,45,79,-1.4154500000000001,0.99980999999999998
731586393,14,30,mean_p,12,0.33665566864836799,0.038123401011961724,mean_p|train_n=12|p=30,46,81,-1.4154500000000001,0.99980999999999998
1940135560,14,30,mean_p,12,0.22796962156276607,0.10945617850206397,mean_p|train_n=12|p=30,47,82,-1.4154500000000001,0.99980999999999998
1045808775,14,30,mean_p,12,0.17908977815133495,0.17588972424691837,mean_p|train_n=12|p=30,48,84,-1.4154500000000001,0.99980999999999998
3183855833,14,30,mean_p,12,0.24379191925131691,0.093876842623334691,mean_p|train_n=12|p=30,49,87,-1.4154500000000001,0.99980999999999998
2169575998,14,30,mean_p,12,0.34330593676459437,0.035740828438522484,mean_p|train_n=12|p=30,50,89,-1.4154500000000001,0.99980999999999998
2201540053,14,30,mean_p,12,0.23635591887738136,0.10090133276899366,mean_p|train_n=12|p=30,51,92,-1.4154500000000001,0.99980999999999998
621144748,14,30,mean_p,12,0.1799156017397591,0.17448580468036101,mean_p|train_n=12|p=30,52,93,-1.4154500000000001,0.99980999999999998
2966774895,14,30,mean_p,12,0.31109691408754697,0.048854768782352356,mean_p|train_n=12|p=30,53,95,-1.4154500000000001,0.99980999999999998
636148670,14,30,mean_p,12,0.20641805102110738,0.13491730265792121,mean_p|train_n=12|p=30,54,97,-1.4154500000000001,0.99980999999999998
4081317397,14,30,mean_p,12,0.23667366008070201,0.10059069478432026,mean_p|train_n=12|p=30,55,98,-1.4154500000000001,0.99980999999999998
3752357104,14,30,mean_p,12,0.20711256208582449,0.13401107428117179,mean_p|train_n=12|p=30,56,99,-1.4154500000000001,0.99980999999999998
781278923,14,30,mean_p,12,0.1401860886472443,0.2565647295228019,mean_p|train_n=12|p=30,57,100,-1.4154500000000001,0.99980999999999998
1061192969,14,30,mean_p,12,0.28039211930233271,0.065812723226439995,mean_p|train_n=12|p=30,58,101,-1.4154500000000001,0.99980999999999998
2206833568,14,30,mean_p,12,0.28926167413740311,0.060385105978263701,mean_p|train_n=12|p=30,59,102,-1.4154500000000001,0.99980999999999998
3245033011,14,30,mean_p,12,0.39046084786335072,0.022616948923342033,mean_p|train_n=12|p=30,60,103,-1.4154500000000001,0.99980999999999998
1045625674,14,30,mean_p,12,0.23513417637035375,0.10210472470002772,mean_p|train_n=12|p=30,61,108,-1.4154500000000001,0.99980999999999998
3384470251,14,30,mean_p,12,0.21508252954215537,0.12403718427335622,mean_p|train_n=12|p=30,62,110,-1.4154500000000001,0.99980999999999998
72052278,14,30,mean_p,12,0.22206417454440169,0.1159119774690491,mean_p|train_n=12|p=30,63,112,-1.4154500000000001,0.99980999999999998
936459169,14,30,mean_p,12,0.25783166759092407,0.081919836929791434,mean_p|train_n=12|p=30,64,113,-1.4154500000000001,0.99980999999999998
588509164,14,30,mean_p,12,0.11295872739277373,0.33415232477581092,mean_p|train_n=12|p=30,65,114,-1.4154500000000001,0.99980999999999998
3788707805,14,30,mean_p,12,0.19109899623506885,0.15654117160156142,mean_p|train_n=12|p=30,66,117,-1.4154500000000001,0.99980999999999998
1687434549,14,30,mean_p,12,0.16397283147764283,0.20368058305373846,mean_p|train_n=12|p=30,67,118,-1.4154500000000001,0.99980999999999998
2359700864,14,30,mean_p,12,0.13262936452015331,0.27608585823679382,mean_p|train_n=12|p=30,68,119,-1.4154500000000001,0.99980999999999998
841674524,14,30,mean_p,12,0.1661547618399988,0.19941327162237071,mean_p|train_n=12|p=30,69,120,-1.4154500000000001,0.99980999999999998
1712491644,14,30,mean_p,12,0.1975148342183248,0.14709216639426514,mean_p|train_n=12|p=30,70,122,-1.4154500000000001,0.99980999999999998
729164377,14,30,mean_p,12,0.47808362524909837,0.0096639536226102475,mean_p|train_n=12|p=30,71,123,-1.4154500000000001,0.99980999999999998
2513897227,14,30,mean_p,12,0.20700013044806084,0.13415736597250075,mean_p|train_n=12|p=30,72,124,-1.4154500000000001,0.99980999999999998
1936280289,14,30,mean_p,12,0.22540136528949589,0.11221837919944137,mean_p|train_n=12|p=30,73,125,-1.4154500000000001,0.99980999999999998
3329662040,14,30,mean_p,12,0.18434014821961014,0.16715262596084607,mean_p|train_n=12|p=30,74,128,-1.4154500000000001,0.99980999999999998
2160082572,14,30,mean_p,12,0.21175490676899628,0.12810789603606479,mean_p|train_n=12|p=30,75,129,-1.4154500000000001,0.99980999999999998
3270654315,14,30,mean_p,12,0.29465083022289695,0.057308318512441635,mean_p|train_n=12|p=30,76,130,-1.4154500000000001,0.99980999999999998
1194876005,14,30,mean_p,12,0.46112526452651226,0.011392643055895034,mean_p|train_n=12|p=30,77,131,-1.4154500000000001,0.99980999999999998
3380349411,14,30,mean_p,12,0.31757489817044154,0.045878162669080534,mean_p|train_n=12|p=30,78,132,-1.4154500000000001,0.99980999999999998
2219341359,14,30,mean_p,12,0.44545461540191073,0.013263776242501033,mean_p|train_n=12|p=30,79,134,-1.4154500000000001,0.99980999999999998
859629757,14,30,mean_p,12,0.10873318678320192,0.34813900965748423,mean_p|train_n=12|p=30,80,135,-1.4154500000000001,0.99980999999999998
4197430574,14,30,mean_p,12,0.23204805695865052,0.10520879388659715,mean_p|train_n=12|p=30,81,136,-1.4154500000000001,0.99980999999999998
3314242341,14,30,mean_p,12,0.3009943268060068,0.053886938120508765,mean_p|train_n=12|p=30,82,138,-1.4154500000000001,0.99980999999999998
1151862597,14,30,mean_p,12,0.46414904838112647,0.011063205912002999,mean_p|train_n=12|p=30,83,140,-1.4154500000000001,0.99980999999999998
2154666342,14,30,mean_p,12,0.57390285964304633,0.0038135754671806224,mean_p|train_n=12|p=30,84,142,-1.4154500000000001,0.99980999999999998
1439621813,14,30,mean_p,12,0.26362634898197751,0.077440448282828284,mean_p|train_n=12|p=30,85,144,-1.4154500000000001,0.99980999999999998
3606095472,14,30,mean_p,12,0.42497425203714662,0.01618005667556691,mean_p|train_n=12|p=30,86,145,-1.4154500000000001,0.99980999999999998
4134380196,14,30,mean_p,12,0.11771884782038551,0.31906806644695473,mean_p|train_n=12|p=30,87,148,-1.4154500000000001,0.99980999999999998
2657603708,14,30,mean_p,12,0.28484342949805713,0.063030415662201938,mean_p|train_n=12|p=30,88,149,-1.4154500000000001,0.99980999999999998
4204220930,14,30,mean_p,12,0.3909347735160284,0.022513172319813531,mean_p|train_n=12|p=30,89,151,-1.4154500000000001,0.99980999999999998
2777855278,14,30,mean_p,12,0.1282329247366544,0.28811946860770138,mean_p|train_n=12|p=30,90,152,-1.4154500000000001,0.99980999999999998
754015355,14,30,mean_p,12,0.1621242670539991,0.20736729200371012,mean_p|train_n=12|p=30,91,153,-1.4154500000000001,0.99980999999999998
4159536478,14,30,mean_p,12,0.34539302063587479,0.035024243769915343,mean_p|train_n=12|p=30,92,157,-1.4154500000000001,0.99980999999999998
4014823578,14,30,mean_p,12,0.1027188192351621,0.36906236469590531,mean_p|train_n=12|p=30,93,158,-1.4154500000000001,0.99980999999999998
855270411,14,30,mean_p,12,0.16024634891272507,0.21118087838168867,mean_p|train_n=12|p=30,94,160,-1.4154500000000001,0.99980999999999998
602403449,14,30,mean_p,12,0.15495759863983039,0.22230212109945272,mean_p|train_n=12|p=30,95,163,-1.4154500000000001,0.99980999999999998
1441458310,14,30,mean_p,12,0.20416810250374831,0.13789543139799118,mean_p|train_n=12|p=30,96,164,-1.4154500000000001,0.99980999999999998
3345731373,14,30,mean_p,12,0.15589564043440274,0.22028772839198307,mean_p|train_n=12|p=30,97,165,-1.4154500000000001,0.99980999999999998
3414605583,14,30,mean_p,12,0.14289073385673365,0.24991852100723322,mean_p|train_n=12|p=30,98,167,-1.4154500000000001,0.99980999999999998
3885455374,14,30,mean_p,12,0.21899959954986775,0.11941083107647575,mean_p|train_n=12|p=30,99,169,-1.4154500000000001,0.99980999999999998
3433529746,14,30,mean_p,12,0.11601877459276221,0.32437558843238057,mean_p|train_n=12|p=30,100,170,-1.4154500000000001,0.99980999999999998
4133205214,14,30,mean_p,12,0.26563424781785644,0.075946144180847747,mean_p|train_n=12|p=30,101,171,-1.4154500000000001,0.99980999999999998
3567048287,14,30,mean_p,12,0.10648936962377521,0.35580256723073583,mean_p|train_n=12|p=30,102,172,-1.4154500000000001,0.99980999999999998
3228308286,14,30,mean_p,12,0.08708626535216421,0.42951853222397901,mean_p|train_n=12|p=30,103,173,-1.4154500000000001,0.99980999999999998
1587796468,14,30,mean_p,12,0.44582645498503748,0.013216002089670701,mean_p|train_n=12|p=30,104,174,-1.4154500000000001,0.99980999999999998
2405077737,14,30,mean_p,12,0.2235257851674031,0.1142795374894679,mean_p|train_n=12|p=30,105,177,-1.4154500000000001,0.99980999999999998
2495091328,14,30,mean_p,12,0.27669538963983037,0.06821649993666401,mean_p|train_n=12|p=30,106,180,-1.4154500000000001,0.99980999999999998
1272323016,14,30,mean_p,12,0.092683414892174451,0.40681145026605442,mean_p|train_n=12|p=30,107,181,-1.4154500000000001,0.99980999999999998
3086593921,14,30,mean_p,12,0.23698662251767399,0.10028566362258187,mean_p|train_n=12|p=30,108,186,-1.4154500000000001,0.99980999999999998
1995746154,14,30,mean_p,12,0.12153272315067823,0.30747518272825058,mean_p|train_n=12|p=30,109,189,-1.4154500000000001,0.99980999999999998
1684516732,14,30,mean_p,12,0.15635541572340245,0.21930706278490844,mean_p|train_n=12|p=30,110,193,-1.4154500000000001,0.99980999999999998
2230455222,14,30,mean_p,12,0.13466649081943038,0.27068167541549304,mean_p|train_n=12|p=30,111,194,-1.4154500000000001,0.99980999999999998
2866542422,14,30,mean_p,12,0.22594319844913041,0.11162988550692146,mean_p|train_n=12|p=30,112,195,-1.4154500000000001,0.99980999999999998
1868411895,14,30,mean_p,12,0.38539305355637238,0.023757012742448742,mean_p|train_n=12|p=30,113,197,-1.4154500000000001,0.99980999999999998
2829493445,14,30,mean_p,12,0.13718099385474408,0.264156732671326,mean_p|train_n=12|p=30,114,198,-1.4154500000000001,0.99980999999999998
2774625392,14,30,mean_p,12,0.2002327342557895,0.14326337308536433,mean_p|train_n=12|p=30,115,199,-1.4154500000000001,0.99980999999999998
4005000332,14,30,mean_p,12,0.17447494052020199,0.18394556943957382,mean_p|train_n=12|p=30,116,200,-1.4154500000000001,0.99980999999999998
1542914079,14,30,mean_p,12,0.078312371224835212,0.46769075076546773,mean_p|train_n=12|p=30,117,201,-1.4154500000000001,0.99980999999999998
1174231687,14,30,mean_p,12,0.26716770718657984,0.074824373240049438,mean_p|train_n=12|p=30,118,202,-1.4154500000000001,0.99980999999999998
2819811964,14,30,mean_p,12,0.36935464008008456,0.027757761517420033,mean_p|train_n=12|p=30,119,206,-1.4154500000000001,0.99980999999999998
2770644680,14,30,mean_p,12,0.22584249238661108,0.11173902999747075,mean_p|train_n=12|p=30,120,209,-1.4154500000000001,0.99980999999999998
1697494534,14,30,mean_p,12,0.1773386550971891,0.17890415866448056,mean_p|train_n=12|p=30,121,210,-1.4154500000000001,0.99980999999999998
1195021407,14,30,mean_p,12,0.33494500900802576,0.038761544657399623,mean_p|train_n=12|p=30,122,212,-1.4154500000000001,0.99980999999999998
3587682581,14,30,mean_p,12,0.24738101328425038,0.090663509255493921,mean_p|train_n=12|p=30,123,213,-1.4154500000000001,0.99980999999999998
2827322030,14,30,mean_p,12,0.28836932532169557,0.060910275730439174,mean_p|train_n=12|p=30,124,214,-1.4154500000000001,0.99980999999999998
3740028412,14,30,mean_p,12,0.10441442469461278,0.36303940488156661,mean_p|train_n=12|p=30,125,215,-1.4154500000000001,0.99980999999999998
2914634582,14,30,mean_p,12,0.26322922482918687,0.077739457619196414,mean_p|train_n=12|p=30,126,216,-1.4154500000000001,0.99980999999999998
3153213290,14,30,mean_p,12,0.14600157502768127,0.24248677134954094,mean_p|train_n=12|p=30,127,218,-1.4154500000000001,0.99980999999999998
3524299882,14,30,mean_p,12,0.40467223116923173,0.019703404809511289,mean_p|train_n=12|p=30,128,221,-1.4154500000000001,0.99980999999999998
3026661507,14,30,mean_p,12,0.093136531840681783,0.40502659703723937,mean_p|train_n=12|p=30,129,222,-1.4154500000000001,0.99980999999999998
1965739693,14,30,mean_p,12,0.33106625663647049,0.040248320885206822,mean_p|train_n=12|p=30,130,225,-1.4154500000000001,0.99980999999999998
3714480352,14,30,mean_p,12,0.24210663998062426,0.095424732026658701,mean_p|train_n=12|p=30,131,227,-1.4154500000000001,0.99980999999999998
4022478407,14,30,mean_p,12,0.1690309834156753,0.19392439853465226,mean_p|train_n=12|p=30,132,228,-1.4154500000000001,0.99980999999999998
3611944133,14,30,mean_p,12,0.14738776954240068,0.23924674908026242,mean_p|train_n=12|p=30,133,230,-1.4154500000000001,0.99980999999999998
1970746355,14,30,mean_p,12,0.25123796522322034,0.08733286544379501,mean_p|train_n=12|p=30,134,231,-1.4154500000000001,0.99980999999999998
583041069,14,30,mean_p,12,0.22893278114798649,0.1084379059662883,mean_p|train_n=12|p=30,135,234,-1.4154500000000001,0.99980999999999998
3655977448,14,30,mean_p,12,0.09307107277527564,0.40528395925095417,mean_p|train_n=12|p=30,136,237,-1.4154500000000001,0.99980999999999998
1073623130,14,30,mean_p,12,0.077129920440845642,0.47308821043795879,mean_p|train_n=12|p=30,137,239,-1.4154500000000001,0.99980999999999998
3569526023,14,30,mean_p,12,0.20259090494402612,0.14002218509447339,mean_p|train_n=12|p=30,138,241,-1.4154500000000001,0.99980999999999998
3337554947,14,30,mean_p,12,0.41057638399374125,0.018606243518021964,mean_p|train_n=12|p=30,139,243,-1.4154500000000001,0.99980999999999998
3550728341,14,30,mean_p,12,0.18630448127494884,0.16399653771088318,mean_p|train_n=12|p=30,140,244,-1.4154500000000001,0.99980999999999998
1752066129,14,30,mean_p,12,0.2148632693617451,0.12430138090232069,mean_p|train_n=12|p=30,141,246,-1.4154500000000001,0.99980999999999998
2520373853,14,30,mean_p,12,0.14554667531472029,0.24355956484682614,mean_p|train_n=12|p=30,142,252,-1.4154500000000001,0.99980999999999998
3422051148,14,30,mean_p,12,0.16710492455166678,0.19758304493208817,mean_p|train_n=12|p=30,143,254,-1.4154500000000001,0.99980999999999998
3881601095,14,30,mean_p,12,0.17549184143948632,0.18213930884771712,mean_p|train_n=12|p=30,144,255,-1.4154500000000001,0.99980999999999998
614181269,14,30,mean_p,12,0.20617683034279258,0.13523348971094112,mean_p|train_n=12|p=30,145,256,-1.4154500000000001,0.99980999999999998
897877543,14,30,mean_p,12,0.17174977465200061,0.18887493380375717,mean_p|train_n=12|p=30,146,257,-1.4154500000000001,0.99980999999999998
1732364338,14,30,mean_p,12,0.36042612731006823,0.03027003634572293,mean_p|train_n=12|p=30,147,258,-1.4154500000000001,0.99980999999999998
2497507330,14,30,mean_p,12,0.15899603867820758,0.21375876139560762,mean_p|train_n=12|p=30,148,259,-1.4154500000000001,0.99980999999999998
1639980016,14,30,mean_p,12,0.17455036307753222,0.18381098800268628,mean_p|train_n=12|p=30,149,264,-1.4154500000000001,0.99980999999999998
3507602936,14,30,mean_p,12,0.16853634595125169,0.19485747165590317,mean_p|train_n=12|p=30,150,267,-1.4154500000000001,0.99980999999999998
698631793,14,30,mean_p,12,0.092311494257299301,0.40828234261885216,mean_p|train_n=12|p=30,151,269,-1.4154500000000001,0.99980999999999998
3575746242,14,30,mean_p,12,0.13431667422505775,0.27160210401718526,mean_p|train_n=12|p=30,152,270,-1.4154500000000001,0.99980999999999998
2338206162,14,30,mean_p,12,0.109647172283003,0.34506488866795015,mean_p|train_n=12|p=30,153,272,-1.4154500000000001,0.99980999999999998
38769296,14,30,mean_p,12,0.28056091170659558,0.065705012085777031,mean_p|train_n=12|p=30,154,273,-1.4154500000000001,0.99980999999999998
3504658710,14,30,mean_p,12,0.085403023411443554,0.43659202182837975,mean_p|train_n=12|p=30,155,276,-1.4154500000000001,0.99980999999999998
2399908493,14,30,mean_p,12,0.2877451073760412,0.061280356343200296,mean_p|train_n=12|p=30,156,277,-1.4154500000000001,0.99980999999999998
4110765179,14,30,mean_p,12,0.15410188204737835,0.22415578707606756,mean_p|train_n=12|p=30,157,278,-1.4154500000000001,0.99980999999999998
4078885140,14,30,mean_p,12,0.13053930727610447,0.28174261458199884,mean_p|train_n=12|p=30,158,280,-1.4154500000000001,0.99980999999999998
2383039604,14,30,mean_p,12,0.25399138543366601,0.085030286193298957,mean_p|train_n=12|p=30,159,281,-1.4154500000000001,0.99980999999999998
3321104322,14,30,mean_p,12,0.16915455603699453,0.1936919922639854,mean_p|train_n=12|p=30,160,282,-1.4154500000000001,0.99980999999999998
604964554,14,30,mean_p,12,0.55740514611871717,0.0044756965914973133,mean_p|train_n=12|p=30,161,283,-1.4154500000000001,0.99980999999999998
1571029328,14,30,mean_p,12,0.18320010631062766,0.16901210822142521,mean_p|train_n=12|p=30,162,285,-1.4154500000000001,0.99980999999999998
551286060,14,30,mean_p,12,0.20732761612038125,0.13373169853860312,mean_p|train_n=12|p=30,163,286,-1.4154500000000001,0.99980999999999998
2908310834,14,30,mean_p,12,0.30866287611107956,0.050022457095458404,mean_p|train_n=12|p=30,164,287,-1.4154500000000001,0.99980999999999998
2243491093,14,30,mean_p,12,0.053284016947677114,0.59626425719537834,mean_p|train_n=12|p=30,165,292,-1.4154500000000001,0.99980999999999998
3054163776,14,30,mean_p,12,0.19712012674964444,0.14765664876397941,mean_p|train_n=12|p=30,166,294,-1.4154500000000001,0.99980999999999998
582044315,14,30,mean_p,12,0.12853626519766959,0.28727259733900579,mean_p|train_n=12|p=30,167,295,-1.4154500000000001,0.99980999999999998
825413786,14,30,mean_p,12,0.17264289068195879,0.18724505586121232,mean_p|train_n=12|p=30,168,296,-1.4154500000000001,0.99980999999999998
1009192837,14,30,mean_p,12,0.24506062080576063,0.092728158111271941,mean_p|train_n=12|p=30,169,297,-1.4154500000000001,0.99980999999999998
2606586826,14,30,mean_p,12,0.16446889173488238,0.20270246184339102,mean_p|train_n=12|p=30,170,298,-1.4154500000000001,0.99980999999999998
3790698266,14,30,mean_p,12,0.22494305533829881,0.11271857827969597,mean_p|train_n=12|p=30,171,300,-1.4154500000000001,0.99980999999999998
298344463,14,30,mean_p,12,0.27331003132429055,0.070494746699813246,mean_p|train_n=12|p=30,172,301,-1.4154500000000001,0.99980999999999998
3170460790,14,30,mean_p,12,0.23382200835403258,0.10341317349237364,mean_p|train_n=12|p=30,173,305,-1.4154500000000001,0.99980999999999998
1347372121,14,30,mean_p,12,0.47930197169650335,0.0095503703565053156,mean_p|train_n=12|p=30,174,307,-1.4154500000000001,0.99980999999999998
1116401956,14,30,mean_p,12,0.070713872434844144,0.50347979422434386,mean_p|train_n=12|p=30,175,308,-1.4154500000000001,0.99980999999999998
2251248048,14,30,mean_p,12,0.29569770967121939,0.056729071624023492,mean_p|train_n=12|p=30,176,309,-1.4154500000000001,0.99980999999999998
1721330773,14,30,mean_p,12,0.32207404941410644,0.04391821740331471,mean_p|train_n=12|p=30,177,310,-1.4154500000000001,0.99980999999999998
920962757,14,30,mean_p,12,0.081555921776925236,0.45319916090155754,mean_p|train_n=12|p=30,178,317,-1.4154500000000001,0.99980999999999998
2784486372,14,30,mean_p,12,0.43467812444434051,0.014725967754514529,mean_p|train_n=12|p=30,179,318,-1.4154500000000001,0.99980999999999998
2000626560,14,30,mean_p,12,0.34328042536380377,0.03574967768264798,mean_p|train_n=12|p=30,180,320,-1.4154500000000001,0.99980999999999998
3762796006,14,30,mean_p,12,0.20532824964739901,0.13635169170997508,mean_p|train_n=12|p=30,181,321,-1.4154500000000001,0.99980999999999998
32723261,14,30,mean_p,12,0.099179958349074102,0.38195658870455579,mean_p|train_n=12|p=30,182,322,-1.4154500000000001,0.99980999999999998
2196949690,14,30,mean_p,12,0.088417545022236282,0.42400534884947205,mean_p|train_n=12|p=30,183,324,-1.4154500000000001,0.99980999999999998
992159968,14,30,mean_p,12,0.28054489697315993,0.06571522396000623,mean_p|train_n=12|p=30,184,325,-1.4154500000000001,0.99980999999999998
2535750164,14,30,mean_p,12,0.19367293565282453,0.15267956653076428,mean_p|train_n=12|p=30,185,329,-1.4154500000000001,0.99980999999999998
1485795992,14,30,mean_p,12,0.14664746702438383,0.24097167193007113,mean_p|train_n=12|p=30,186,333,-1.4154500000000001,0.99980999999999998
1357511702,14,30,mean_p,12,0.18091689975940714,0.17279859632328534,mean_p|train_n=12|p=30,187,334,-1.4154500000000001,0.99980999999999998
631383394,14,30,mean_p,12,0.17482785368110654,0.18331669023632297,mean_p|train_n=12|p=30,188,337,-1.4154500000000001,0.99980999999999998
4153483666,14,30,mean_p,12,0.22752764182469495,0.10992664403871084,mean_p|train_n=12|p=30,189,340,-1.4154500000000001,0.99980999999999998
1497866049,14,30,mean_p,12,0.23458033868999359,0.10265496121783976,mean_p|train_n=12|p=30,190,344,-1.4154500000000001,0.99980999999999998
2447158607,14,30,mean_p,12,0.10724043094126257,0.35321878274534252,mean_p|train_n=12|p=30,191,345,-1.4154500000000001,0.99980999999999998
1695197202,14,30,mean_p,12,0.13601075228553414,0.26717361923125321,mean_p|train_n=12|p=30,192,346,-1.4154500000000001,0.99980999999999998
1792446818,14,30,mean_p,12,0.32231158003048305,0.04381710198894824,mean_p|train_n=12|p=30,193,349,-1.4154500000000001,0.99980999999999998
2040686423,14,30,mean_p,12,0.091041309401774559,0.41334595345346825,mean_p|train_n=12|p=30,194,353,-1.4154500000000001,0.99980999999999998
922491692,14,30,mean_p,12,0.14015794662302331,0.25663480484197221,mean_p|train_n=12|p=30,195,355,-1.4154500000000001,0.99980999999999998
4072393179,14,30,mean_p,12,0.22581831131244107,0.11176525315225486,mean_p|train_n=12|p=30,196,360,-1.4154500000000001,0.99980999999999998
3620838309,14,30,mean_p,12,0.23708222893325415,0.10019266469545081,mean_p|train_n=12|p=30,197,364,-1.4154500000000001,0.99980999999999998
348791969,14,30,mean_p,12,0.11449136755886599,0.32921930797267351,mean_p|train_n=12|p=30,198,365,-1.4154500000000001,0.99980999999999998
492752473,14,30,mean_p,12,0.17710820042309952,0.17930469798845461,mean_p|train_n=12|p=30,199,366,-1.4154500000000001,0.99980999999999998
2022846904,14,30,mean_p,12,0.19474488165665177,0.15109959061329789,mean_p|train_n=12|p=30,200,367,-1.4154500000000001,0.99980999999999998
1404987301,14,30,mean_p,12,0.13866537459069744,0.26037895545368245,mean_p|train_n=12|p=30,201,370,-1.4154500000000001,0.99980999999999998
3123360674,14,30,mean_p,12,0.45099840465218949,0.012569075380737926,mean_p|train_n=12|p=30,202,371,-1.4154500000000001,0.99980999999999998
2248226968,14,30,mean_p,12,0.16818582156470455,0.19552140982367605,mean_p|train_n=12|p=30,203,372,-1.4154500000000001,0.99980999999999998
1015451873,14,30,mean_p,12,0.24791003604036074,0.090199265479052854,mean_p|train_n=12|p=30,204,373,-1.4154500000000001,0.99980999999999998
2936163920,14,30,mean_p,12,0.14850101398221915,0.23667607896549681,mean_p|train_n=12|p=30,205,374,-1.4154500000000001,0.99980999999999998
1591680772,14,30,mean_p,12,0.13829345122366152,0.26132040445348065,mean_p|train_n=12|p=30,206,375,-1.4154500000000001,0.99980999999999998
3029350415,14,30,mean_p,12,0.26239699695357427,0.078369822661165878,mean_p|train_n=12|p=30,207,376,-1.4154500000000001,0.99980999999999998
2214136800,14,30,mean_p,12,0.32685690059773032,0.041926418092271212,mean_p|train_n=12|p=30,208,377,-1.4154500000000001,0.99980999999999998
2541325924,14,30,mean_p,12,0.10211850256126519,0.37121861547981572,mean_p|train_n=12|p=30,209,378,-1.4154500000000001,0.99980999999999998
347818685,14,30,mean_p,12,0.22563710903724368,0.11196195382102229,mean_p|train_n=12|p=30,210,379,-1.4154500000000001,0.99980999999999998
829518329,14,30,mean_p,12,0.1250298132075523,0.29721577906049645,mean_p|train_n=12|p=30,211,380,-1.4154500000000001,0.99980999999999998
2292311754,14,30,mean_p,12,0.12666564709100939,0.29253495763506998,mean_p|train_n=12|p=30,212,389,-1.4154500000000001,0.99980999999999998
1120722798,14,30,mean_p,12,0.12388287966995772,0.30054224194788115,mean_p|train_n=12|p=30,213,390,-1.4154500000000001,0.99980999999999998
401543910,14,30,mean_p,12,0.12943619971423623,0.28477476297495335,mean_p|train_n=12|p=30,214,391,-1.4154500000000001,0.99980999999999998
2916803224,14,30,mean_p,12,0.17372838743435892,0.18528301963107255,mean_p|train_n=12|p=30,215,394,-1.4154500000000001,0.99980999999999998
1018811143,14,30,mean_p,12,0.3394707352507414,0.037096058225545028,mean_p|train_n=12|p=30,216,396,-1.4154500000000001,0.99980999999999998
1412611645,14,30,mean_p,12,0.30399241041055092,0.052341760289351086,mean_p|train_n=12|p=30,217,398,-1.4154500000000001,0.99980999999999998
3744683034,14,30,mean_p,12,0.30536803043548577,0.051647687826055014,mean_p|train_n=12|p=30,218,400,-1.4154500000000001,0.99980999999999998
3326790217,14,30,mean_p,12,0.21795649501236641,0.12062568747848883,mean_p|train_n=12|p=30,219,401,-1.4154500000000001,0.99980999999999998
3795378608,14,30,mean_p,12,0.12551064477600524,0.29583219511860476,mean_p|train_n=12|p=30,220,403,-1.4154500000000001,0.99980999999999998
3935765991,14,30,mean_p,12,0.19694802550686191,0.14790345334386359,mean_p|train_n=12|p=30,221,405,-1.4154500000000001,0.99980999999999998
297925122,14,30,mean_p,12,0.16158359623188706,0.20845814565873677,mean_p|train_n=12|p=30,222,407,-1.4154500000000001,0.99980999999999998
304898444,14,30,mean_p,12,0.2824351435362088,0.064520793449953373,mean_p|train_n=12|p=30,223,409,-1.4154500000000001,0.99980999999999998
3941378961,14,30,mean_p,12,0.30443360802164265,0.052118142881519246,mean_p|train_n=12|p=30,224,410,-1.4154500000000001,0.99980999999999998
1664400345,14,30,mean_p,12,0.24235115058384565,0.095198581809280355,mean_p|train_n=12|p=30,225,411,-1.4154500000000001,0.99980999999999998
3027151513,14,30,mean_p,12,0.13813460073340328,0.26172353912601981,mean_p|train_n=12|p=30,226,412,-1.4154500000000001,0.99980999999999998
1752218267,14,30,mean_p,12,0.14867416412207449,0.23627873566357088,mean_p|train_n=12|p=30,227,413,-1.4154500000000001,0.99980999999999998
1636246870,14,30,mean_p,12,0.26445132162928986,0.076822967176540483,mean_p|train_n=12|p=30,228,414,-1.4154500000000001,0.99980999999999998
2050313551,14,30,mean_p,12,0.20744684450351564,0.13357706051271045,mean_p|train_n=12|p=30,229,418,-1.4154500000000001,0.99980999999999998
4237304231,14,30,mean_p,12,0.31882485518337772,0.045325037613517402,mean_p|train_n=12|p=30,230,419,-1.4154500000000001,0.99980999999999998
3282178224,14,30,mean_p,12,0.32566040137735391,0.042416058659214079,mean_p|train_n=12|p=30,231,421,-1.4154500000000001,0.99980999999999998
1045042336,14,30,mean_p,12,0.3322001338790716,0.039807887556356857,mean_p|train_n=12|p=30,232,423,-1.4154500000000001,0.99980999999999998
830064022,14,30,mean_p,12,0.27167631648842366,0.071621253019174422,mean_p|train_n=12|p=30,233,424,-1.4154500000000001,0.99980999999999998
40424092,14,30,mean_p,12,0.46400294151143889,0.011078902781327973,mean_p|train_n=12|p=30,234,426,-1.4154500000000001,0.99980999999999998
42935604,14,30,mean_p,12,0.078225351492524617,0.46808585656335144,mean_p|train_n=12|p=30,235,427,-1.4154500000000001,0.99980999999999998
1959903062,14,30,mean_p,12,0.19019115881660859,0.15792634634496705,mean_p|train_n=12|p=30,236,429,-1.4154500000000001,0.99980999999999998
565150894,14,30,mean_p,12,0.47725696575122678,0.009741789191392073,mean_p|train_n=12|p=30,237,430,-1.4154500000000001,0.99980999999999998
836072951,14,30,mean_p,12,0.23762755207540828,0.099663860674640725,mean_p|train_n=12|p=30,238,431,-1.4154500000000001,0.99980999999999998
1173671454,14,30,mean_p,12,0.11326918244153329,0.33314714745601054,mean_p|train_n=12|p=30,239,437,-1.4154500000000001,0.99980999999999998
2606678150,14,30,mean_p,12,0.3089815902752252,0.049867985562248696,mean_p|train_n=12|p=30,240,438,-1.4154500000000001,0.99980999999999998
42335826,14,30,mean_p,12,0.22545930804114514,0.11215529878873423,mean_p|train_n=12|p=30,241,439,-1.4154500000000001,0.99980999999999998
2603359984,14,30,mean_p,12,0.11570265342108223,0.32537218995572503,mean_p|train_n=12|p=30,242,440,-1.4154500000000001,0.99980999999999998
2942932160,14,30,mean_p,12,0.25658104479445087,0.082920083121784102,mean_p|train_n=12|p=30,243,442,-1.4154500000000001,0.99980999999999998
2891081213,14,30,mean_p,12,0.25719965362895325,0.082423803483674188,mean_p|train_n=12|p=30,244,445,-1.4154500000000001,0.99980999999999998
3022691423,14,30,mean_p,12,0.46880791550055101,0.01057417693856335,mean_p|train_n=12|p=30,245,447,-1.4154500000000001,0.99980999999999998
2170198367,14,30,mean_p,12,0.18317119750511185,0.16905952831226154,mean_p|train_n=12|p=30,246,448,-1.4154500000000001,0.99980999999999998
1393585042,14,30,mean_p,12,0.12670736067640156,0.29241656603451893,mean_p|train_n=12|p=30,247,449,-1.4154500000000001,0.99980999999999998
1551780407,14,30,mean_p,12,0.29905078083138237,0.054912905892456121,mean_p|train_n=12|p=30,248,455,-1.4154500000000001,0.99980999999999998
4229128909,14,30,mean_p,12,0.42677197955053131,0.015900239274728424,mean_p|train_n=12|p=30,249,456,-1.4154500000000001,0.99980999999999998
432241719,14,30,mean_p,12,0.21478312020362814,0.12439809667750293,mean_p|train_n=12|p=30,250,457,-1.4154500000000001,0.99980999999999998
1957074768,14,30,mean_p,12,0.43498842788603254,0.014681691566395046,mean_p|train_n=12|p=30,251,458,-1.4154500000000001,0.99980999999999998
1231532912,14,30,mean_p,12,0.12770738712519286,0.28959258748038086,mean_p|train_n=12|p=30,252,462,-1.4154500000000001,0.99980999999999998
2655569422,14,30,mean_p,12,0.18976118582607346,0.15858666811950184,mean_p|train_n=12|p=30,253,463,-1.4154500000000001,0.99980999999999998
3057995345,14,30,mean_p,12,0.21167289609077658,0.12820988956631368,mean_p|train_n=12|p=30,254,467,-1.4154500000000001,0.99980999999999998
3200073961,14,30,mean_p,12,0.2224556811099257,0.11547243976437883,mean_p|train_n=12|p=30,255,468,-1.4154500000000001,0.99980999999999998
3285973074,14,30,mean_p,12,0.16912917734453153,0.1937396998986983,mean_p|train_n=12|p=30,256,470,-1.4154500000000001,0.99980999999999998
1425245724,14,30,mean_p,12,0.24204178594673387,0.095484806242163142,mean_p|train_n=12|p=30,257,472,-1.4154500000000001,0.99980999999999998
3586478637,14,30,mean_p,12,0.51016562633348872,0.0070786071761429793,mean_p|train_n=12|p=30,258,473,-1.4154500000000001,0.99980999999999998
4100955161,14,30,mean_p,12,0.25933722383385627,0.080731687950330352,mean_p|train_n=12|p=30,259,474,-1.4154500000000001,0.99980999999999998
745273907,14,30,mean_p,12,0.17698006497354737,0.17952779024618476,mean_p|train_n=12|p=30,260,475,-1.4154500000000001,0.99980999999999998
402021447,14,30,mean_p,12,0.23128681652213606,0.10598886189830647,mean_p|train_n=12|p=30,261,476,-1.4154500000000001,0.99980999999999998
1723182654,14,30,mean_p,12,0.050050828741233566,0.6152686535168812,mean_p|train_n=12|p=30,262,477,-1.4154500000000001,0.99980999999999998
163461293,14,30,mean_p,12,0.40160586427671791,0.020298513640874115,mean_p|train_n=12|p=30,263,478,-1.4154500000000001,0.99980999999999998
3032844920,14,30,mean_p,12,0.24758047200523062,0.090488194359681834,mean_p|train_n=12|p=30,264,479,-1.4154500000000001,0.99980999999999998
4174779672,14,30,mean_p,12,0.36636161583245724,0.028575793658389737,mean_p|train_n=12|p=30,265,482,-1.4154500000000001,0.99980999999999998
347408094,14,30,mean_p,12,0.25672655885560297,0.082803076189109912,mean_p|train_n=12|p=30,266,484,-1.4154500000000001,0.99980999999999998
876895217,14,30,mean_p,12,0.1261949213556858,0.29387429969095435,mean_p|train_n=12|p=30,267,485,-1.4154500000000001,0.99980999999999998
751270922,14,30,mean_p,12,0.13082155688753858,0.28097198661406519,mean_p|train_n=12|p=30,268,487,-1.4154500000000001,0.99980999999999998
2639087899,14,30,mean_p,12,0.071935536402711664,0.49754623135486953,mean_p|train_n=12|p=30,269,489,-1.4154500000000001,0.99980999999999998
1046465993,14,30,mean_p,12,0.27646634857976465,0.068368288482921369,mean_p|train_n=12|p=30,270,494,-1.4154500000000001,0.99980999999999998
2930389943,14,30,mean_p,12,0.38792570464550841,0.023180253193876382,mean_p|train_n=12|p=30,271,496,-1.4154500000000001,0.99980999999999998
2153183003,14,30,mean_p,12,0.28342938094390552,0.063901281179151434,mean_p|train_n=12|p=30,272,497,-1.4154500000000001,0.99980999999999998
2863114517,14,30,mean_p,12,0.36356028361341058,0.029363261417497333,mean_p|train_n=12|p=30,273,498,-1.4154500000000001,0.99980999999999998
1946840757,14,30,mean_p,12,0.38539461295279331,0.023756653242713817,mean_p|train_n=12|p=30,274,500,-1.4154500000000001,0.99980999999999998
2198761370,14,30,mean_p,12,0.26623448954379059,0.075505060300058144,mean_p|train_n=12|p=30,275,501,-1.4154500000000001,0.99980999999999998
1158382452,14,30,mean_p,12,0.17819958798233904,0.17741572211349749,mean_p|train_n=12|p=30,276,502,-1.4154500000000001,0.99980999999999998
1893078772,14,30,mean_p,12,0.15164337066849565,0.22956789657038248,mean_p|train_n=12|p=30,277,504,-1.4154500000000001,0.99980999999999998
3599529159,14,30,mean_p,12,0.52745937138053878,0.0059850076256095777,mean_p|train_n=12|p=30,278,505,-1.4154500000000001,0.99980999999999998
666664867,14,30,mean_p,12,0.24499942924116477,0.09278323705939262,mean_p|train_n=12|p=30,279,507,-1.4154500000000001,0.99980999999999998
2865687655,14,30,mean_p,12,0.24096798879108067,0.096484978255514234,mean_p|train_n=12|p=30,280,508,-1.4154500000000001,0.99980999999999998
1375425346,14,30,mean_p,12,0.18726724086837937,0.16247150600189345,mean_p|train_n=12|p=30,281,510,-1.4154500000000001,0.99980999999999998
2772258131,14,30,mean_p,12,0.21939399543366439,0.11895469042186697,mean_p|train_n=12|p=30,282,511,-1.4154500000000001,0.99980999999999998
4121287269,14,30,mean_p,12,0.077503067445731835,0.4713782363856116,mean_p|train_n=12|p=30,283,514,-1.4154500000000001,0.99980999999999998
1109205630,14,30,mean_p,12,0.2181407049494703,0.120410251496154,mean_p|train_n=12|p=30,284,515,-1.4154500000000001,0.99980999999999998
3062918439,14,30,mean_p,12,0.095800751726316719,0.39468934440767123,mean_p|train_n=12|p=30,285,516,-1.4154500000000001,0.99980999999999998
1278509449,14,30,mean_p,12,0.17559740705114185,0.18195281813039327,mean_p|train_n=12|p=30,286,517,-1.4154500000000001,0.99980999999999998
1839046568,14,30,mean_p,12,0.18746849205835639,0.16215451630227593,mean_p|train_n=12|p=30,287,518,-1.4154500000000001,0.99980999999999998
871726495,14,30,mean_p,12,0.06319042201279855,0.54161293214999162,mean_p|train_n=12|p=30,288,519,-1.4154500000000001,0.99980999999999998
575140186,14,30,mean_p,12,0.10622321929228432,0.35672270009119345,mean_p|train_n=12|p=30,289,520,-1.4154500000000001,0.99980999999999998
147704525,14,30,mean_p,12,0.15789472277709013,0.21605550280933064,mean_p|train_n=12|p=30,290,522,-1.4154500000000001,0.99980999999999998
1643185242,14,30,mean_p,12,0.19540970741222538,0.15012790796838948,mean_p|train_n=12|p=30,291,523,-1.4154500000000001,0.99980999999999998
1255948509,14,30,mean_p,12,0.32210841602333995,0.043903573310591727,mean_p|train_n=12|p=30,292,524,-1.4154500000000001,0.99980999999999998
245022714,14,30,mean_p,12,0.24470640518168746,0.093047443808391611,mean_p|train_n=12|p=30,293,525,-1.4154500000000001,0.99980999999999998
623267523,14,30,mean_p,12,0.38633528506732878,0.023540781230626508,mean_p|train_n=12|p=30,294,526,-1.4154500000000001,0.99980999999999998
3973019918,14,30,mean_p,12,0.37154218031574443,0.02717472932599756,mean_p|train_n=12|p=30,295,527,-1.4154500000000001,0.99980999999999998
2928021819,14,30,mean_p,12,0.16278236891775338,0.20604721017490582,mean_p|train_n=12|p=30,296,529,-1.4154500000000001,0.99980999999999998
2416233937,14,30,mean_p,12,0.25818045648257393,0.081643034143989685,mean_p|train_n=12|p=30,297,530,-1.4154500000000001,0.99980999999999998
3083979662,14,30,mean_p,12,0.27941618657869099,0.066438964023734157,mean_p|train_n=12|p=30,298,533,-1.4154500000000001,0.99980999999999998
466892264,14,30,mean_p,12,0.1161728265924267,0.32389103193618346,mean_p|train_n=12|p=30,299,534,-1.4154500000000001,0.99980999999999998
3238736003,14,30,mean_p,12,0.18239873516645125,0.17033156378188516,mean_p|train_n=12|p=30,300,535,-1.4154500000000001,0.99980999999999998
707225116,14,30,mean_p,12,0.35938271635168217,0.030578087169064662,mean_p|train_n=12|p=30,301,536,-1.4154500000000001,0.99980999999999998
819853566,14,30,mean_p,12,0.27161791946797204,0.071661851441878893,mean_p|train_n=12|p=30,302,537,-1.4154500000000001,0.99980999999999998
2902230527,14,30,mean_p,12,0.051332252721888731,0.6076651508610933,mean_p|train_n=12|p=30,303,538,-1.4154500000000001,0.99980999999999998
2618416127,14,30,mean_p,12,0.35503715133614167,0.031895128061574372,mean_p|train_n=12|p=30,304,540,-1.4154500000000001,0.99980999999999998
58723303,14,30,mean_p,12,0.46542087795169396,0.010927503941150994,mean_p|train_n=12|p=30,305,543,-1.4154500000000001,0.99980999999999998
1831869986,14,30,mean_p,12,0.14151251133381268,0.25328347183902644,mean_p|train_n=12|p=30,306,546,-1.4154500000000001,0.99980999999999998
3830405189,14,30,mean_p,12,0.3764658844761089,0.02590685354555514,mean_p|train_n=12|p=30,307,547,-1.4154500000000001,0.99980999999999998
2692089969,14,30,mean_p,12,0.067307352980033264,0.52040151179380856,mean_p|train_n=12|p=30,308,549,-1.4154500000000001,0.99980999999999998
3846202447,14,30,mean_p,12,0.11336271124676951,0.33284491721853743,mean_p|train_n=12|p=30,309,553,-1.4154500000000001,0.99980999999999998
2149605192,14,30,mean_p,12,0.12750864870837386,0.29015162584744991,mean_p|train_n=12|p=30,310,554,-1.4154500000000001,0.99980999999999998
4008905691,14,30,mean_p,12,0.30800561581713232,0.050342524638021434,mean_p|train_n=12|p=30,311,556,-1.4154500000000001,0.99980999999999998
816718467,14,30,mean_p,12,0.25974535840816376,0.080412577391190454,mean_p|train_n=12|p=30,312,557,-1.4154500000000001,0.99980999999999998
3921153451,14,30,mean_p,12,0.09507374930510358,0.39748367382669336,mean_p|train_n=12|p=30,313,563,-1.4154500000000001,0.99980999999999998
3582436290,14,30,mean_p,12,0.32162946488824334,0.044108101989883949,mean_p|train_n=12|p=30,314,564,-1.4154500000000001,0.99980999999999998
1845837069,14,30,mean_p,12,0.37622407448599721,0.025967716362627957,mean_p|train_n=12|p=30,315,567,-1.4154500000000001,0.99980999999999998
3464022462,14,30,mean_p,12,0.21733139959241951,0.12135962229149645,mean_p|train_n=12|p=30,316,570,-1.4154500000000001,0.99980999999999998
1844524280,14,30,mean_p,12,0.20036005033960719,0.14308648292064857,mean_p|train_n=12|p=30,317,571,-1.4154500000000001,0.99980999999999998
3003488186,14,30,mean_p,12,0.26430242861342357,0.076934046362212752,mean_p|train_n=12|p=30,318,572,-1.4154500000000001,0.99980999999999998
3014539764,14,30,mean_p,12,0.21239671822900186,0.12731249686638918,mean_p|train_n=12|p=30,319,573,-1.4154500000000001,0.99980999999999998
3917518918,14,30,mean_p,12,0.29949713557555441,0.054675567577540968,mean_p|train_n=12|p=30,320,575,-1.4154500000000001,0.99980999999999998
1964919510,14,30,mean_p,12,0.27470449889803117,0.069547237253208702,mean_p|train_n=12|p=30,321,576,-1.4154500000000001,0.99980999999999998
4032224536,14,30,mean_p,12,0.21589159713463063,0.12306715142417066,mean_p|train_n=12|p=30,322,577,-1.4154500000000001,0.99980999999999998
1737250366,14,30,mean_p,12,0.39242534946964247,0.022189871256784083,mean_p|train_n=12|p=30,323,584,-1.4154500000000001,0.99980999999999998
1043250226,14,30,mean_p,12,0.18391548626086762,0.16784287405830939,mean_p|train_n=12|p=30,324,585,-1.4154500000000001,0.99980999999999998
3302867212,14,30,mean_p,12,0.15834140010982492,0.21512101887375798,mean_p|train_n=12|p=30,325,587,-1.4154500000000001,0.99980999999999998
930181972,14,30,mean_p,12,0.37114010397075253,0.027280966077366107,mean_p|train_n=12|p=30,326,589,-1.4154500000000001,0.99980999999999998
4281971622,14,30,mean_p,12,0.29692533509342639,0.056057270463003669,mean_p|train_n=12|p=30,327,590,-1.4154500000000001,0.99980999999999998
3130546215,14,30,mean_p,12,0.30973000901322922,0.049507121317623845,mean_p|train_n=12|p=30,328,592,-1.4154500000000001,0.99980999999999998
845224673,14,30,mean_p,12,0.33274711308052224,0.039597150285553301,mean_p|train_n=12|p=30,329,593,-1.4154500000000001,0.99980999999999998
3479056861,14,30,mean_p,12,0.12737602649435223,0.29052528383619325,mean_p|train_n=12|p=30,330,594,-1.4154500000000001,0.99980999999999998
2420637740,14,30,mean_p,12,0.33109332616724835,0.040237749669094998,mean_p|train_n=12|p=30,331,595,-1.4154500000000001,0.99980999999999998
344745281,14,30,mean_p,12,0.21973680167914272,0.11855963172311595,mean_p|train_n=12|p=30,332,596,-1.4154500000000001,0.99980999999999998
2363864979,14,30,mean_p,12,0.29623872527570622,0.056432021710695293,mean_p|train_n=12|p=30,333,597,-1.4154500000000001,0.99980999999999998
518609000,14,30,mean_p,12,0.092977275236504897,0.40565302353670696,mean_p|train_n=12|p=30,334,598,-1.4154500000000001,0.99980999999999998
536473526,14,30,mean_p,12,0.27986818275132214,0.06614818772557729,mean_p|train_n=12|p=30,335,601,-1.4154500000000001,0.99980999999999998
1341499141,14,30,mean_p,12,0.068476948569655208,0.51452843721441999,mean_p|train_n=12|p=30,336,602,-1.4154500000000001,0.99980999999999998
3632661450,14,30,mean_p,12,0.20433119275242503,0.13767736550239842,mean_p|train_n=12|p=30,337,604,-1.4154500000000001,0.99980999999999998
3579628259,14,30,mean_p,12,0.35649467946659635,0.031447180584796904,mean_p|train_n=12|p=30,338,606,-1.4154500000000001,0.99980999999999998
46762074,14,30,mean_p,12,0.31977771553111572,0.044907866148200609,mean_p|train_n=12|p=30,339,607,-1.4154500000000001,0.99980999999999998
3890261285,14,30,mean_p,12,0.039342853274512909,0.68264151221313341,mean_p|train_n=12|p=30,340,611,-1.4154500000000001,0.99980999999999998
3966086847,14,30,mean_p,12,0.080099176812802833,0.45965123584001899,mean_p|train_n=12|p=30,341,612,-1.4154500000000001,0.99980999999999998
4206236564,14,30,mean_p,12,0.27402669434649923,0.070006188886117177,mean_p|train_n=12|p=30,342,613,-1.4154500000000001,0.99980999999999998
1817291408,14,30,mean_p,12,0.12039183685222345,0.31089822478027834,mean_p|train_n=12|p=30,343,616,-1.4154500000000001,0.99980999999999998
3509827107,14,30,mean_p,12,0.41315605085239382,0.018146250476774251,mean_p|train_n=12|p=30,344,617,-1.4154500000000001,0.99980999999999998
4054993773,14,30,mean_p,12,0.39105623346554014,0.022486652695217282,mean_p|train_n=12|p=30,345,618,-1.4154500000000001,0.99980999999999998
916167984,14,30,mean_p,12,0.063979650304232721,0.53748071478043569,mean_p|train_n=12|p=30,346,619,-1.4154500000000001,0.99980999999999998
1932864181,14,30,mean_p,12,0.12952701963934862,0.28452389526080124,mean_p|train_n=12|p=30,347,620,-1.4154500000000001,0.99980999999999998
1750604492,14,30,mean_p,12,0.27934444914812634,0.066485231236837125,mean_p|train_n=12|p=30,348,621,-1.4154500000000001,0.99980999999999998
2940263200,14,30,mean_p,12,0.15545792223521557,0.22122542230257211,mean_p|train_n=12|p=30,349,622,-1.4154500000000001,0.99980999999999998
3618571586,14,30,mean_p,12,0.13454768157836153,0.27099393297020513,mean_p|train_n=12|p=30,350,623,-1.4154500000000001,0.99980999999999998
1299674937,14,30,mean_p,12,0.22952277619358544,0.10781883514686913,mean_p|train_n=12|p=30,351,624,-1.4154500000000001,0.99980999999999998
2653930334,14,30,mean_p,12,0.11909529203268869,0.31483457952256877,mean_p|train_n=12|p=30,352,625,-1.4154500000000001,0.99980999999999998
1120274235,14,30,mean_p,12,0.28329639790198363,0.063983797447323382,mean_p|train_n=12|p=30,353,626,-1.4154500000000001,0.99980999999999998
3508932779,14,30,mean_p,12,0.16538758380002236,0.20090339190625439,mean_p|train_n=12|p=30,354,628,-1.4154500000000001,0.99980999999999998
1447160177,14,30,mean_p,12,0.33582063263093687,0.038433579108650667,mean_p|train_n=12|p=30,355,629,-1.4154500000000001,0.99980999999999998
1900100481,14,30,mean_p,12,0.37699635943803261,0.025773833922009094,mean_p|train_n=12|p=30,356,631,-1.4154500000000001,0.99980999999999998
4208133967,14,30,mean_p,12,0.20012117566851187,0.14341854987883645,mean_p|train_n=12|p=30,357,636,-1.4154500000000001,0.99980999999999998
2798950338,14,30,mean_p,12,0.27615764815617688,0.068573402853717477,mean_p|train_n=12|p=30,358,638,-1.4154500000000001,0.99980999999999998
195812256,14,30,mean_p,12,0.14849611594208809,0.23668732865465955,mean_p|train_n=12|p=30,359,640,-1.4154500000000001,0.99980999999999998
1904692446,14,30,mean_p,12,0.23077540738218635,0.10651616497226708,mean_p|train_n=12|p=30,360,644,-1.4154500000000001,0.99980999999999998
1266811624,14,30,mean_p,12,0.16665883749814325,0.19844020736355505,mean_p|train_n=12|p=30,361,645,-1.4154500000000001,0.99980999999999998
3988907667,14,30,mean_p,12,0.091174898907718113,0.41281045519835724,mean_p|train_n=12|p=30,362,646,-1.4154500000000001,0.99980999999999998
1391417264,14,30,mean_p,12,0.2419757206902011,0.095546041297465176,mean_p|train_n=12|p=30,363,647,-1.4154500000000001,0.99980999999999998
2833729320,14,30,mean_p,12,0.18660723083688696,0.16351543932616569,mean_p|train_n=12|p=30,364,648,-1.4154500000000001,0.99980999999999998
3921135858,14,30,mean_p,12,0.14058728225915659,0.2555678117607591,mean_p|train_n=12|p=30,365,649,-1.4154500000000001,0.99980999999999998
2878511852,14,30,mean_p,12,0.32928109735623157,0.040951628583779737,mean_p|train_n=12|p=30,366,650,-1.4154500000000001,0.99980999999999998
2100559315,14,30,mean_p,12,0.2519667240834137,0.08671743310725781,mean_p|train_n=12|p=30,367,651,-1.4154500000000001,0.99980999999999998
2884993853,14,30,mean_p,12,0.15794846662157652,0.21594285200059757,mean_p|train_n=12|p=30,368,652,-1.4154500000000001,0.99980999999999998
1051760306,14,30,mean_p,12,0.19645807549612168,0.14860833534169993,mean_p|train_n=12|p=30,369,653,-1.4154500000000001,0.99980999999999998
571112884,14,30,mean_p,12,0.20033935815892609,0.14311521730992185,mean_p|train_n=12|p=30,370,654,-1.4154500000000001,0.99980999999999998
2244999865,14,30,mean_p,12,0.2080660678011205,0.13277680534626077,mean_p|train_n=12|p=30,371,658,-1.4154500000000001,0.99980999999999998
3515318834,14,30,mean_p,12,0.22180409226010009,0.11620489188474414,mean_p|train_n=12|p=30,372,659,-1.4154500000000001,0.99980999999999998
3329916420,14,30,mean_p,12,0.33486967666341155,0.038789890854812846,mean_p|train_n=12|p=30,373,660,-1.4154500000000001,0.99980999999999998
3619973677,14,30,mean_p,12,0.21074353850074398,0.12937138550708888,mean_p|train_n=12|p=30,374,663,-1.4154500000000001,0.99980999999999998
1551822755,14,30,mean_p,12,0.14366122455280067,0.24805687645585348,mean_p|train_n=12|p=30,375,664,-1.4154500000000001,0.99980999999999998
561129809,14,30,mean_p,12,0.23716374844823163,0.10011343659500734,mean_p|train_n=12|p=30,376,666,-1.4154500000000001,0.99980999999999998
3977873563,14,30,mean_p,12,0.3440478006488728,0.035484450875242234,mean_p|train_n=12|p=30,377,667,-1.4154500000000001,0.99980999999999998
2976401945,14,30,mean_p,12,0.23782940200777752,0.099468833764309678,mean_p|train_n=12|p=30,378,668,-1.4154500000000001,0.99980999999999998
491084049,14,30,mean_p,12,0.27460672688598298,0.069613253977972397,mean_p|train_n=12|p=30,379,669,-1.4154500000000001,0.99980999999999998
3453856100,14,30,mean_p,12,0.18301868438629576,0.16930992107309351,mean_p|train_n=12|p=30,380,670,-1.4154500000000001,0.99980999999999998
3550041725,14,30,mean_p,12,0.27978033193451002,0.066204603737711337,mean_p|train_n=12|p=30,381,672,-1.4154500000000001,0.99980999999999998
2241107689,14,30,mean_p,12,0.28466645709147903,0.063138754006967834,mean_p|train_n=12|p=30,382,674,-1.4154500000000001,0.99980999999999998
1579008391,14,30,mean_p,12,0.19400441018058617,0.15218923900248202,mean_p|train_n=12|p=30,383,676,-1.4154500000000001,0.99980999999999998
4139922407,14,30,mean_p,12,0.18350772315609687,0.16850833697239281,mean_p|train_n=12|p=30,384,680,-1.4154500000000001,0.99980999999999998
1205824094,14,30,mean_p,12,0.29339825534026975,0.058009155433903066,mean_p|train_n=12|p=30,385,681,-1.4154500000000001,0.99980999999999998
2928218286,14,30,mean_p,12,0.34072117411848085,0.036648642285118278,mean_p|train_n=12|p=30,386,682,-1.4154500000000001,0.99980999999999998
4089018997,14,30,mean_p,12,0.17825987768863466,0.17731195452328447,mean_p|train_n=12|p=30,387,685,-1.4154500000000001,0.99980999999999998
1855258250,14,30,mean_p,12,0.11151552465243184,0.33886502710374367,mean_p|train_n=12|p=30,388,686,-1.4154500000000001,0.99980999999999998
2799359856,14,30,mean_p,12,0.12448875496248027,0.29878040310728948,mean_p|train_n=12|p=30,389,687,-1.4154500000000001,0.99980999999999998
257742912,14,30,mean_p,12,0.42604265725801954,0.01601317059009601,mean_p|train_n=12|p=30,390,688,-1.4154500000000001,0.99980999999999998
404650757,14,30,mean_p,12,0.15261224581739394,0.22741960885706003,mean_p|train_n=12|p=30,391,691,-1.4154500000000001,0.99980999999999998
1683744411,14,30,mean_p,12,0.11579714136511772,0.32507398748621419,mean_p|train_n=12|p=30,392,693,-1.4154500000000001,0.99980999999999998
516075768,14,30,mean_p,12,0.16240056775936501,0.20681203550129515,mean_p|train_n=12|p=30,393,695,-1.4154500000000001,0.99980999999999998
2976663786,14,30,mean_p,12,0.12963829785756001,0.28421681780048536,mean_p|train_n=12|p=30,394,696,-1.4154500000000001,0.99980999999999998
2622927846,14,30,mean_p,12,0.23041012318979104,0.10689440706247011,mean_p|train_n=12|p=30,395,699,-1.4154500000000001,0.99980999999999998
765285393,14,30,mean_p,12,0.19056109520338405,0.15736042531260994,mean_p|train_n=12|p=30,396,700,-1.4154500000000001,0.99980999999999998
3809241801,14,30,mean_p,12,0.1336758006602442,0.27329648137635987,mean_p|train_n=12|p=30,397,701,-1.4154500000000001,0.99980999999999998
3945041131,14,30,mean_p,12,0.26773268200009609,0.074415267384837988,mean_p|train_n=12|p=30,398,703,-1.4154500000000001,0.99980999999999998
1506885019,14,30,mean_p,12,0.10438144418044945,0.36315561238847849,mean_p|train_n=12|p=30,399,705,-1.4154500000000001,0.99980999999999998
3899236658,14,30,mean_p,12,0.20797880549584027,0.13288928818982843,mean_p|train_n=12|p=30,400,707,-1.4154500000000001,0.99980999999999998
1138662732,14,30,mean_p,12,0.092431440128627682,0.40780739395335686,mean_p|train_n=12|p=30,401,710,-1.4154500000000001,0.99980999999999998
4132966297,14,30,mean_p,12,0.052758106807302592,0.59931504844755801,mean_p|train_n=12|p=30,402,711,-1.4154500000000001,0.99980999999999998
2866624656,14,30,mean_p,12,0.17477557737792487,0.1834097089938114,mean_p|train_n=12|p=30,403,712,-1.4154500000000001,0.99980999999999998
1026117030,14,30,mean_p,12,0.18320977289085891,0.16899625477072849,mean_p|train_n=12|p=30,404,714,-1.4154500000000001,0.99980999999999998
11620328,14,30,mean_p,12,0.28584401136559034,0.06242137040416245,mean_p|train_n=12|p=30,405,715,-1.4154500000000001,0.99980999999999998
2997808270,14,30,mean_p,12,0.18873640136357064,0.16017161214531636,mean_p|train_n=12|p=30,406,718,-1.4154500000000001,0.99980999999999998
2157743616,14,30,mean_p,12,0.28144847110072041,0.065141529511986235,mean_p|train_n=12|p=30,407,719,-1.4154500000000001,0.99980999999999998
502882531,14,30,mean_p,12,0.25285845849135002,0.085970266044858579,mean_p|train_n=12|p=30,408,721,-1.4154500000000001,0.99980999999999998
9456957,14,30,mean_p,12,0.16299850408450683,0.20561550196452852,mean_p|train_n=12|p=30,409,722,-1.4154500000000001,0.99980999999999998
44502101,14,30,mean_p,12,0.31676379985549452,0.046240692115879174,mean_p|train_n=12|p=30,410,724,-1.4154500000000001,0.99980999999999998
3585986809,14,30,mean_p,12,0.42645595605478342,0.015949075560613594,mean_p|train_n=12|p=30,411,725,-1.4154500000000001,0.99980999999999998
210303555,14,30,mean_p,12,0.15292815493936329,0.22672349856539784,mean_p|train_n=12|p=30,412,726,-1.4154500000000001,0.99980999999999998
1065166370,14,30,mean_p,12,0.071989557046451921,0.4972854762226212,mean_p|train_n=12|p=30,413,727,-1.4154500000000001,0.99980999999999998
3020966887,14,30,mean_p,12,0.096012505385679112,0.39387914170112948,mean_p|train_n=12|p=30,414,729,-1.4154500000000001,0.99980999999999998
2064355550,14,30,mean_p,12,0.43115364522454364,0.015238333729169799,mean_p|train_n=12|p=30,415,730,-1.4154500000000001,0.99980999999999998
3807385892,14,30,mean_p,12,0.16110310449817591,0.20943239737120586,mean_p|train_n=12|p=30,416,731,-1.4154500000000001,0.99980999999999998
675343249,14,30,mean_p,12,0.19316618098730604,0.15343222932228306,mean_p|train_n=12|p=30,417,732,-1.4154500000000001,0.99980999999999998
4065252203,14,30,mean_p,12,0.47552847047774705,0.0099065704493652186,mean_p|train_n=12|p=30,418,733,-1.4154500000000001,0.99980999999999998
2671326847,14,30,mean_p,12,0.19153058577244925,0.15588692141946067,mean_p|train_n=12|p=30,419,735,-1.4154500000000001,0.99980999999999998
4223003119,14,30,mean_p,12,0.17725004288731622,0.17905806419916248,mean_p|train_n=12|p=30,420,737,-1.4154500000000001,0.99980999999999998
4098939713,14,30,mean_p,12,0.27972719846497879,0.06623874832211174,mean_p|train_n=12|p=30,421,739,-1.4154500000000001,0.99980999999999998
4035634991,14,30,mean_p,12,0.14993814760161905,0.23339829603952272,mean_p|train_n=12|p=30,422,741,-1.4154500000000001,0.99980999999999998
2237547892,14,30,mean_p,12,0.17958842051352528,0.17504067512817101,mean_p|train_n=12|p=30,423,742,-1.4154500000000001,0.99980999999999998
38567185,14,30,mean_p,12,0.16659934187535425,0.19855480972318151,mean_p|train_n=12|p=30,424,744,-1.4154500000000001,0.99980999999999998
3326601781,14,30,mean_p,12,0.2624465094141929,0.078332177206931156,mean_p|train_n=12|p=30,425,745,-1.4154500000000001,0.99980999999999998
941209657,14,30,mean_p,12,0.2670176724381092,0.074933392852045561,mean_p|train_n=12|p=30,426,748,-1.4154500000000001,0.99980999999999998
3147050397,14,30,mean_p,12,0.40957830267119988,0.01878732873190278,mean_p|train_n=12|p=30,427,749,-1.4154500000000001,0.99980999999999998
2934967921,14,30,mean_p,12,0.45243188921267929,0.012395442210054871,mean_p|train_n=12|p=30,428,750,-1.4154500000000001,0.99980999999999998
2661618614,14,30,mean_p,12,0.27432096496346775,0.069806562985007981,mean_p|train_n=12|p=30,429,751,-1.4154500000000001,0.99980999999999998
141518704,14,30,mean_p,12,0.36835774082332756,0.028027592353254555,mean_p|train_n=12|p=30,430,752,-1.4154500000000001,0.99980999999999998
2842378511,14,30,mean_p,12,0.4528861332154866,0.012340923209217272,mean_p|train_n=12|p=30,431,753,-1.4154500000000001,0.99980999999999998
2183549114,14,30,mean_p,12,0.71579505786908815,0.00096236326224955425,mean_p|train_n=12|p=30,432,759,-1.4154500000000001,0.99980999999999998
2503708156,14,30,mean_p,12,0.27466102642120632,0.069576582608543866,mean_p|train_n=12|p=30,433,761,-1.4154500000000001,0.99980999999999998
2104094261,14,30,mean_p,12,0.31411197234175736,0.04744606949034437,mean_p|train_n=12|p=30,434,762,-1.4154500000000001,0.99980999999999998
3036895789,14,30,mean_p,12,0.34585463127616833,0.034867703626584215,mean_p|train_n=12|p=30,435,765,-1.4154500000000001,0.99980999999999998
3640336259,14,30,mean_p,12,0.30466371923570967,0.052001892226066999,mean_p|train_n=12|p=30,436,766,-1.4154500000000001,0.99980999999999998
1464333435,14,30,mean_p,12,0.26828051543785364,0.074020709986611782,mean_p|train_n=12|p=30,437,767,-1.4154500000000001,0.99980999999999998
1822998333,14,30,mean_p,12,0.058566868081455579,0.56646701124413124,mean_p|train_n=12|p=30,438,770,-1.4154500000000001,0.99980999999999998
1595091221,14,30,mean_p,12,0.27265274836946274,0.070945821318267127,mean_p|train_n=12|p=30,439,773,-1.4154500000000001,0.99980999999999998
3449940785,14,30,mean_p,12,0.2877386665072752,0.061284186643297503,mean_p|train_n=12|p=30,440,774,-1.4154500000000001,0.99980999999999998
3084236695,14,30,mean_p,12,0.28675381479352396,0.061872691038122513,mean_p|train_n=12|p=30,441,777,-1.4154500000000001,0.99980999999999998
3977189247,14,30,mean_p,12,0.13208123497565225,0.27755829416458777,mean_p|train_n=12|p=30,442,778,-1.4154500000000001,0.99980999999999998
251856938,14,30,mean_p,12,0.23119178241648011,0.10608665168294953,mean_p|train_n=12|p=30,443,781,-1.4154500000000001,0.99980999999999998
3392927501,14,30,mean_p,12,0.25683935281862164,0.082712492883499369,mean_p|train_n=12|p=30,444,783,-1.4154500000000001,0.99980999999999998
4021361204,14,30,mean_p,12,0.11764060272165945,0.31931042528930537,mean_p|train_n=12|p=30,445,784,-1.4154500000000001,0.99980999999999998
4245883344,14,30,mean_p,12,0.32079469778188835,0.044466856534553179,mean_p|train_n=12|p=30,446,785,-1.4154500000000001,0.99980999999999998
3898490376,14,30,mean_p,12,0.11835968291742953,0.31709003381499579,mean_p|train_n=12|p=30,447,788,-1.4154500000000001,0.99980999999999998
1949098596,14,30,mean_p,12,0.34907404022574967,0.033795229853478152,mean_p|train_n=12|p=30,448,791,-1.4154500000000001,0.99980999999999998
3205779555,14,30,mean_p,12,0.27950909400983914,0.066379091020895106,mean_p|train_n=12|p=30,449,792,-1.4154500000000001,0.99980999999999998
2279692580,14,30,mean_p,12,0.1648744992056361,0.20190618507403194,mean_p|train_n=12|p=30,450,793,-1.4154500000000001,0.99980999999999998
984086982,14,30,mean_p,12,0.34865034791789523,0.033934466192360256,mean_p|train_n=12|p=30,451,794,-1.4154500000000001,0.99980999999999998
1569896765,14,30,mean_p,12,0.26109838480140657,0.079363673355591163,mean_p|train_n=12|p=30,452,795,-1.4154500000000001,0.99980999999999998
3570373604,14,30,mean_p,12,0.33279691866501271,0.039578016957267023,mean_p|train_n=12|p=30,453,796,-1.4154500000000001,0.99980999999999998
2423027708,14,30,mean_p,12,0.076371681683147674,0.47658202901645907,mean_p|train_n=12|p=30,454,801,-1.4154500000000001,0.99980999999999998
3927147528,14,30,mean_p,12,0.1118599572559533,0.33773429711400282,mean_p|train_n=12|p=30,455,802,-1.4154500000000001,0.99980999999999998
3756863560,14,30,mean_p,12,0.27052824168312789,0.072423645921812843,mean_p|train_n=12|p=30,456,804,-1.4154500000000001,0.99980999999999998
3623512102,14,30,mean_p,12,0.27581313501624821,0.068803039477216207,mean_p|train_n=12|p=30,457,805,-1.4154500000000001,0.99980999999999998
1717289447,14,30,mean_p,12,0.21284902284942625,0.12675492249376008,mean_p|train_n=12|p=30,458,806,-1.4154500000000001,0.99980999999999998
3697683620,14,30,mean_p,12,0.12539931359223061,0.29615197444178987,mean_p|train_n=12|p=30,459,807,-1.4154500000000001,0.99980999999999998
3044522021,14,30,mean_p,12,0.38762724614976818,0.02324748653353927,mean_p|train_n=12|p=30,460,808,-1.4154500000000001,0.99980999999999998
83195803,14,30,mean_p,12,0.19408921986883473,0.15206403903693183,mean_p|train_n=12|p=30,461,809,-1.4154500000000001,0.99980999999999998
2085698640,14,30,mean_p,12,0.27981620249198985,0.066181562583592007,mean_p|train_n=12|p=30,462,810,-1.4154500000000001,0.99980999999999998
2928134303,14,30,mean_p,12,0.20602616330356924,0.13543135678496632,mean_p|train_n=12|p=30,463,811,-1.4154500000000001,0.99980999999999998
2066152250,14,30,mean_p,12,0.24230237396033114,0.095243652944374049,mean_p|train_n=12|p=30,464,812,-1.4154500000000001,0.99980999999999998
1470504632,14,30,mean_p,12,0.2714784759733051,0.071758887612449251,mean_p|train_n=12|p=30,465,815,-1.4154500000000001,0.99980999999999998
2172553637,14,30,mean_p,12,0.32881815551758525,0.041136014178080244,mean_p|train_n=12|p=30,466,816,-1.4154500000000001,0.99980999999999998
1642351444,14,30,mean_p,12,0.16503894617758061,0.20158423945286968,mean_p|train_n=12|p=30,467,817,-1.4154500000000001,0.99980999999999998
306624578,14,30,mean_p,12,0.10153902743198122,0.37331195509545589,mean_p|train_n=12|p=30,468,818,-1.4154500000000001,0.99980999999999998
3226229686,14,30,mean_p,12,0.38719854913804103,0.02334439988788704,mean_p|train_n=12|p=30,469,819,-1.4154500000000001,0.99980999999999998
1560619635,14,30,mean_p,12,0.25251942171968977,0.08625357688304254,mean_p|train_n=12|p=30,470,821,-1.4154500000000001,0.99980999999999998
130186419,14,30,mean_p,12,0.50584617404632326,0.0073816219306075308,mean_p|train_n=12|p=30,471,822,-1.4154500000000001,0.99980999999999998
727943905,14,30,mean_p,12,0.20344774586033715,0.13886275050722208,mean_p|train_n=12|p=30,472,823,-1.4154500000000001,0.99980999999999998
3605448772,14,30,mean_p,12,0.24666759275140054,0.091293357350914026,mean_p|train_n=12|p=30,473,827,-1.4154500000000001,0.99980999999999998
2114395659,14,30,mean_p,12,0.16216428428249383,0.20728678077806245,mean_p|train_n=12|p=30,474,829,-1.4154500000000001,0.99980999999999998
1438886034,14,30,mean_p,12,0.19532962174078611,0.15024462615157488,mean_p|train_n=12|p=30,475,830,-1.4154500000000001,0.99980999999999998
3974830480,14,30,mean_p,12,0.15918089636675145,0.21337564965294198,mean_p|train_n=12|p=30,476,831,-1.4154500000000001,0.99980999999999998
839982346,14,30,mean_p,12,0.28942751893096513,0.060288002284904246,mean_p|train_n=12|p=30,477,832,-1.4154500000000001,0.99980999999999998
908589859,14,30,mean_p,12,0.37397793039775368,0.026539941012851412,mean_p|train_n=12|p=30,478,833,-1.4154500000000001,0.99980999999999998
1508652629,14,30,mean_p,12,0.30570945460761673,0.051476851827040995,mean_p|train_n=12|p=30,479,834,-1.4154500000000001,0.99980999999999998
2261678989,14,30,mean_p,12,0.18843176526535976,0.16064581318102511,mean_p|train_n=12|p=30,480,836,-1.4154500000000001,0.99980999999999998
3733328574,14,30,mean_p,12,0.093436399874064033,0.40384970810238335,mean_p|train_n=12|p=30,481,837,-1.4154500000000001,0.99980999999999998
3365694209,14,30,mean_p,12,0.33248624769976631,0.039697515609510271,mean_p|train_n=12|p=30,482,839,-1.4154500000000001,0.99980999999999998
1391804988,14,30,mean_p,12,0.2118910799623579,0.12793872184691657,mean_p|train_n=12|p=30,483,840,-1.4154500000000001,0.99980999999999998
3966644472,14,30,mean_p,12,0.21889851770866237,0.11952801914052283,mean_p|train_n=12|p=30,484,841,-1.4154500000000001,0.99980999999999998
285407435,14,30,mean_p,12,0.45089369889699676,0.012581852943909497,mean_p|train_n=12|p=30,485,842,-1.4154500000000001,0.99980999999999998
1927885369,14,30,mean_p,12,0.61725495508815797,0.0025039658969043545,mean_p|train_n=12|p=30,486,843,-1.4154500000000001,0.99980999999999998
2724699752,14,30,mean_p,12,0.29041773686308375,0.059711461213877742,mean_p|train_n=12|p=30,487,844,-1.4154500000000001,0.99980999999999998
3792634296,14,30,mean_p,12,0.074377564242199184,0.48589419462330929,mean_p|train_n=12|p=30,488,845,-1.4154500000000001,0.99980999999999998
1935387792,14,30,mean_p,12,0.31661751120380821,0.046306381737010988,mean_p|train_n=12|p=30,489,846,-1.4154500000000001,0.99980999999999998
4214605566,14,30,mean_p,12,0.30558795035390346,0.051537583188627473,mean_p|train_n=12|p=30,490,847,-1.4154500000000001,0.99980999999999998
2993021910,14,30,mean_p,12,0.35292206410038657,0.032556537955791748,mean_p|train_n=12|p=30,491,849,-1.4154500000000001,0.99980999999999998
1015082536,14,30,mean_p,12,0.20344339409876538,0.13886861477135123,mean_p|train_n=12|p=30,492,852,-1.4154500000000001,0.99980999999999998
3858965902,14,30,mean_p,12,0.18097637891723353,0.17269888759236823,mean_p|train_n=12|p=30,493,853,-1.4154500000000001,0.99980999999999998
972542637,14,30,mean_p,12,0.3458469374670467,0.034870306987992643,mean_p|train_n=12|p=30,494,856,-1.4154500000000001,0.99980999999999998
3106171891,14,30,mean_p,12,0.20669557747033043,0.13455444119211613,mean_p|train_n=12|p=30,495,857,-1.4154500000000001,0.99980999999999998
3086445386,14,30,mean_p,12,0.11474446906411617,0.32841170056543967,mean_p|train_n=12|p=30,496,860,-1.4154500000000001,0.99980999999999998
2153329628,14,30,mean_p,12,0.29445364760694387,0.057418081358166666,mean_p|train_n=12|p=30,497,861,-1.4154500000000001,0.99980999999999998
940241587,14,30,mean_p,12,0.17044385988815466,0.19128371524434956,mean_p|train_n=12|p=30,498,862,-1.4154500000000001,0.99980999999999998
204044729,14,30,mean_p,12,0.10682254436576397,0.35465406256415455,mean_p|train_n=12|p=30,499,863,-1.4154500000000001,0.99980999999999998
4121962382,14,40,mean_p,12,0.10690923075276063,0.35435584948669918,mean_p|train_n=12|p=40,0,2,-1.4213,0.95160999999999996
336903403,14,40,mean_p,12,0.26954994811447114,0.073114467954283391,mean_p|train_n=12|p=40,1,3,-1.4213,0.95160999999999996
1734044886,14,40,mean_p,12,0.29207427687626686,0.058759263521129985,mean_p|train_n=12|p=40,2,7,-1.4213,0.95160999999999996
1935861825,14,40,mean_p,12,0.23619158862133216,0.10106236553611986,mean_p|train_n=12|p=40,3,8,-1.4213,0.95160999999999996
3256025641,14,40,mean_p,12,0.27224533986785582,0.071226861995291574,mean_p|train_n=12|p=40,4,10,-1.4213,0.95160999999999996
2348095087,14,40,mean_p,12,0.068366574013084727,0.51507983428466664,mean_p|train_n=12|p=40,5,11,-1.4213,0.95160999999999996
2010936462,14,40,mean_p,12,0.36891589848070411,0.027876194209058704,mean_p|train_n=12|p=40,6,13,-1.4213,0.95160999999999996
3874688445,14,40,mean_p,12,0.12167851525234481,0.30704048198451916,mean_p|train_n=12|p=40,7,14,-1.4213,0.95160999999999996
3382613481,14,40,mean_p,12,0.33665313459917173,0.038124338499526872,mean_p|train_n=12|p=40,8,16,-1.4213,0.95160999999999996
3570813698,14,40,mean_p,12,0.13150162260809151,0.27912384540847501,mean_p|train_n=12|p=40,9,17,-1.4213,0.95160999999999996
1194756191,14,40,mean_p,12,0.084029169933488607,0.44245162119733983,mean_p|train_n=12|p=40,10,18,-1.4213,0.95160999999999996
3046261741,14,40,mean_p,12,0.16017649341834148,0.21132408261872035,mean_p|train_n=12|p=40,11,20,-1.4213,0.95160999999999996
2433188181,14,40,mean_p,12,0.20062719893298572,0.14271602218841389,mean_p|train_n=12|p=40,12,26,-1.4213,0.95160999999999996
762742344,14,40,mean_p,12,0.17869784335609357,0.17655996979266819,mean_p|train_n=12|p=40,13,27,-1.4213,0.95160999999999996
2448222306,14,40,mean_p,12,0.2250586778920089,0.11259217802818096,mean_p|train_n=12|p=40,14,29,-1.4213,0.95160999999999996
1901033169,14,40,mean_p,12,0.14195094174049605,0.25220815245080247,mean_p|train_n=12|p=40,15,30,-1.4213,0.95160999999999996
3930590896,14,40,mean_p,12,0.14664477533869841,0.24097796626001444,mean_p|train_n=12|p=40,16,32,-1.4213,0.95160999999999996
311378043,14,40,mean_p,12,0.15734431541907032,0.21721258284392445,mean_p|train_n=12|p=40,17,33,-1.4213,0.95160999999999996
2976798392,14,40,mean_p,12,0.14170443374378824,0.25281218894384272,mean_p|train_n=12|p=40,18,34,-1.4213,0.95160999999999996
2189430008,14,40,mean_p,12,0.1488874403551716,0.23579022814050318,mean_p|train_n=12|p=40,19,35,-1.4213,0.95160999999999996
2163701350,14,40,mean_p,12,0.27946674054154308,0.066406378475649994,mean_p|train_n=12|p=40,20,36,-1.4213,0.95160999999999996
1539916717,14,40,mean_p,12,0.077340544211927931,0.47212225019192972,mean_p|train_n=12|p=40,21,37,-1.4213,0.95160999999999996
3185446098,14,40,mean_p,12,0.21079949557286892,0.12930115451544469,mean_p|train_n=12|p=40,22,39,-1.4213,0.95160999999999996
901882499,14,40,mean_p,12,0.55652140193666733,0.0045142448060735956,mean_p|train_n=12|p=40,23,40,-1.4213,0.95160999999999996
567230721,14,40,mean_p,12,0.4415278818339215,0.013778948947870944,mean_p|train_n=12|p=40,24,42,-1.4213,0.95160999999999996
2839667897,14,40,mean_p,12,0.17441287493201102,0.18405639105992486,mean_p|train_n=12|p=40,25,43,-1.4213,0.95160999999999996
2050241006,14,40,mean_p,12,0.12784796006391472,0.28919781535574279,mean_p|train_n=12|p=40,26,47,-1.4213,0.95160999999999996
2155286466,14,40,mean_p,12,0.43099781433974271,0.015261394452412251,mean_p|train_n=12|p=40,27,51,-1.4213,0.95160999999999996
100861798,14,40,mean_p,12,0.11697590084232483,0.32137673264130634,mean_p|train_n=12|p=40,28,53,-1.4213,0.95160999999999996
2379124855,14,40,mean_p,12,0.13647606009873586,0.26596994965628029,mean_p|train_n=12|p=40,29,56,-1.4213,0.95160999999999996
3109972963,14,40,mean_p,12,0.18963270837213833,0.15878450982630932,mean_p|train_n=12|p=40,30,57,-1.4213,0.95160999999999996
2473982916,14,40,mean_p,12,0.19842371195231343,0.14580054652704524,mean_p|train_n=12|p=40,31,58,-1.4213,0.95160999999999996
3497732200,14,40,mean_p,12,0.1820752462824351,0.17086710121093296,mean_p|train_n=12|p=40,32,60,-1.4213,0.95160999999999996
4169785285,14,40,mean_p,12,0.12079299280610341,0.30969029987521807,mean_p|train_n=12|p=40,33,62,-1.4213,0.95160999999999996
562808569,14,40,mean_p,12,0.19401532388126957,0.15217312191795346,mean_p|train_n=12|p=40,34,66,-1.4213,0.95160999999999996
967576856,14,40,mean_p,12,0.35999177914056124,0.030397892023557138,mean_p|train_n=12|p=40,35,67,-1.4213,0.95160999999999996
1885797915,14,40,mean_p,12,0.29804784403740386,0.055449958215934736,mean_p|train_n=12|p=40,36,68,-1.4213,0.95160999999999996
1461126288,14,40,mean_p,12,0.12145493996290753,0.30770735653307824,mean_p|train_n=12|p=40,37,70,-1.4213,0.95160999999999996
1703421357,14,40,mean_p,12,0.073495209578288437,0.49007248891687866,mean_p|train_n=12|p=40,38,72,-1.4213,0.95160999999999996
1452461009,14,40,mean_p,12,0.19467595375932159,0.15120069198976557,mean_p|train_n=12|p=40,39,73,-1.4213,0.95160999999999996
2071570382,14,40,mean_p,12,0.18741517842140562,0.16223843006663585,mean_p|train_n=12|p=40,40,74,-1.4213,0.95160999999999996
323694581,14,40,mean_p,12,0.073341639026349673,0.49080336779415901,mean_p|train_n=12|p=40,41,75,-1.4213,0.95160999999999996
4137941703,14,40,mean_p,12,0.1809250314906832,0.17278496118363781,mean_p|train_n=12|p=40,42,76,-1.4213,0.95160999999999996
985394224,14,40,mean_p,12,0.22471464605262298,0.11296869582046884,mean_p|train_n=12|p=40,43,77,-1.4213,0.95160999999999996
2765906325,14,40,mean_p,12,0.65757285817510724,0.0016932139386863774,mean_p|train_n=12|p=40,44,78,-1.4213,0.95160999999999996
4015090735,14,40,mean_p,12,0.14049495362470268,0.25579689358553298,mean_p|train_n=12|p=40,45,79,-1.4213,0.95160999999999996
731586393,14,40,mean_p,12,0.3046331768060046,0.052017307121658439,mean_p|train_n=12|p=40,46,81,-1.4213,0.95160999999999996
1940135560,14,40,mean_p,12,0.18540358354985531,0.16543654082075987,mean_p|train_n=12|p=40,47,82,-1.4213,0.95160999999999996
1045808775,14,40,mean_p,12,0.14104276749480599,0.2544406804721876,mean_p|train_n=12|p=40,48,84,-1.4213,0.95160999999999996
3183855833,14,40,mean_p,12,0.21515859886868707,0.12394565612368888,mean_p|train_n=12|p=40,49,87,-1.4213,0.95160999999999996
2169575998,14,40,mean_p,12,0.32090988817085464,0.044417178607775457,mean_p|train_n=12|p=40,50,89,-1.4213,0.95160999999999996
2201540053,14,40,mean_p,12,0.21352547475706854,0.12592558631725942,mean_p|train_n=12|p=40,51,92,-1.4213,0.95160999999999996
621144748,14,40,mean_p,12,0.15382403404462747,0.22476098349182705,mean_p|train_n=12|p=40,52,93,-1.4213,0.95160999999999996
2966774895,14,40,mean_p,12,0.27717315664077269,0.067900961177689831,mean_p|train_n=12|p=40,53,95,-1.4213,0.95160999999999996
636148670,14,40,mean_p,12,0.17878659418821052,0.17640797413775028,mean_p|train_n=12|p=40,54,97,-1.4213,0.95160999999999996
4081317397,14,40,mean_p,12,0.2056980102913594,0.13586331405920657,mean_p|train_n=12|p=40,55,98,-1.4213,0.95160999999999996
3752357104,14,40,mean_p,12,0.17591499793172938,0.18139291712438421,mean_p|train_n=12|p=40,56,99,-1.4213,0.95160999999999996
781278923,14,40,mean_p,12,0.10198879179945701,0.3716861703766528,mean_p|train_n=12|p=40,57,100,-1.4213,0.95160999999999996
1061192969,14,40,mean_p,12,0.25554539201422771,0.083757634709912765,mean_p|train_n=12|p=40,58,101,-1.4213,0.95160999999999996
2206833568,14,40,mean_p,12,0.27167229071604027,0.071624051053970003,mean_p|train_n=12|p=40,59,102,-1.4213,0.95160999999999996
3245033011,14,40,mean_p,12,0.35929143466028407,0.030605185332245419,mean_p|train_n=12|p=40,60,103,-1.4213,0.95160999999999996
1045625674,14,40,mean_p,12,0.1918585114875675,0.1553916448005116,mean_p|train_n=12|p=40,61,108,-1.4213,0.95160999999999996
3384470251,14,40,mean_p,12,0.17519914682223164,0.18265737930990719,mean_p|train_n=12|p=40,62,110,-1.4213,0.95160999999999996
72052278,14,40,mean_p,12,0.18572825237733079,0.16491613569656921,mean_p|train_n=12|p=40,63,112,-1.4213,0.95160999999999996
936459169,14,40,mean_p,12,0.22000432557772012,0.11825224201966744,mean_p|train_n=12|p=40,64,113,-1.4213,0.95160999999999996
588509164,14,40,mean_p,12,0.082698072144185938,0.44820386349729657,mean_p|train_n=12|p=40,65,114,-1.4213,0.95160999999999996
3788707805,14,40,mean_p,12,0.16576229986787408,0.20017418005920723,mean_p|train_n=12|p=40,66,117,-1.4213,0.95160999999999996
1687434549,14,40,mean_p,12,0.13990532638923744,0.25726470195396711,mean_p|train_n=12|p=40,67,118,-1.4213,0.95160999999999996
2359700864,14,40,mean_p,12,0.10687625915201895,0.35446924676086433,mean_p|train_n=12|p=40,68,119,-1.4213,0.95160999999999996
841674524,14,40,mean_p,12,0.12941785791622085,0.2848254545228594,mean_p|train_n=12|p=40,69,120,-1.4213,0.95160999999999996
1712491644,14,40,mean_p,12,0.16260845385806197,0.2063952460018042,mean_p|train_n=12|p=40,70,122,-1.4213,0.95160999999999996
729164377,14,40,mean_p,12,0.46522501550411671,0.010948293172609305,mean_p|train_n=12|p=40,71,123,-1.4213,0.95160999999999996
2513897227,14,40,mean_p,12,0.17003363691013901,0.19204670057968884,mean_p|train_n=12|p=40,72,124,-1.4213,0.95160999999999996
1936280289,14,40,mean_p,12,0.19344335732485338,0.15302009165741923,mean_p|train_n=12|p=40,73,125,-1.4213,0.95160999999999996
3329662040,14,40,mean_p,12,0.15025940920784892,0.23267180006135099,mean_p|train_n=12|p=40,74,128,-1.4213,0.95160999999999996
2160082572,14,40,mean_p,12,0.17420277715421997,0.18443202831054289,mean_p|train_n=12|p=40,75,129,-1.4213,0.95160999999999996
3270654315,14,40,mean_p,12,0.26001335962287769,0.080203720105727655,mean_p|train_n=12|p=40,76,130,-1.4213,0.95160999999999996
1194876005,14,40,mean_p,12,0.43905980930032235,0.014112942923733532,mean_p|train_n=12|p=40,77,131,-1.4213,0.95160999999999996
3380349411,14,40,mean_p,12,0.29619066738397759,0.056458345299173873,mean_p|train_n=12|p=40,78,132,-1.4213,0.95160999999999996
2219341359,14,40,mean_p,12,0.41843463279620968,0.017240138095504381,mean_p|train_n=12|p=40,79,134,-1.4213,0.95160999999999996
859629757,14,40,mean_p,12,0.080984939652137156,0.45571723694359828,mean_p|train_n=12|p=40,80,135,-1.4213,0.95160999999999996
4197430574,14,40,mean_p,12,0.19090496692931197,0.15683619627003764,mean_p|train_n=12|p=40,81,136,-1.4213,0.95160999999999996
3314242341,14,40,mean_p,12,0.28826408302380246,0.06097251380817801,mean_p|train_n=12|p=40,82,138,-1.4213,0.95160999999999996
1151862597,14,40,mean_p,12,0.48110093059008296,0.0093850943994758362,mean_p|train_n=12|p=40,83,140,-1.4213,0.95160999999999996
2154666342,14,40,mean_p,12,0.54158794582202319,0.005218202905157841,mean_p|train_n=12|p=40,84,142,-1.4213,0.95160999999999996
1439621813,14,40,mean_p,12,0.23807416964222203,0.099232851785433715,mean_p|train_n=12|p=40,85,144,-1.4213,0.95160999999999996
3606095472,14,40,mean_p,12,0.40190741747036973,0.020239201119545813,mean_p|train_n=12|p=40,86,145,-1.4213,0.95160999999999996
4134380196,14,40,mean_p,12,0.095420400704354244,0.39614881454078843,mean_p|train_n=12|p=40,87,148,-1.4213,0.95160999999999996
2657603708,14,40,mean_p,12,0.25611442059829015,0.083296409036982308,mean_p|train_n=12|p=40,88,149,-1.4213,0.95160999999999996
4204220930,14,40,mean_p,12,0.36823336898195602,0.028061439608557604,mean_p|train_n=12|p=40,89,151,-1.4213,0.95160999999999996
2777855278,14,40,mean_p,12,0.10137864132410657,0.37389342889978483,mean_p|train_n=12|p=40,90,152,-1.4213,0.95160999999999996
754015355,14,40,mean_p,12,0.13362900679173267,0.27342061090197045,mean_p|train_n=12|p=40,91,153,-1.4213,0.95160999999999996
4159536478,14,40,mean_p,12,0.33146595698979586,0.04009251142773429,mean_p|train_n=12|p=40,92,157,-1.4213,0.95160999999999996
4014823578,14,40,mean_p,12,0.072637552238411021,0.49416826443992107,mean_p|train_n=12|p=40,93,158,-1.4213,0.95160999999999996
855270411,14,40,mean_p,12,0.13891574212771476,0.25974711136897555,mean_p|train_n=12|p=40,94,160,-1.4213,0.95160999999999996
602403449,14,40,mean_p,12,0.13190698885413429,0.27802801308215352,mean_p|train_n=12|p=40,95,163,-1.4213,0.95160999999999996
1441458310,14,40,mean_p,12,0.16548822148194639,0.20070728660087681,mean_p|train_n=12|p=40,96,164,-1.4213,0.95160999999999996
3345731373,14,40,mean_p,12,0.12658112904124799,0.29277498394288348,mean_p|train_n=12|p=40,97,165,-1.4213,0.95160999999999996
3414605583,14,40,mean_p,12,0.1035633019805625,0.36605028991435551,mean_p|train_n=12|p=40,98,167,-1.4213,0.95160999999999996
3885455374,14,40,mean_p,12,0.19830888285776815,0.14596310386567696,mean_p|train_n=12|p=40,99,169,-1.4213,0.95160999999999996
3433529746,14,40,mean_p,12,0.093007854822152708,0.40553266542250599,mean_p|train_n=12|p=40,100,170,-1.4213,0.95160999999999996
4133205214,14,40,mean_p,12,0.23822174204678201,0.099090846930016283,mean_p|train_n=12|p=40,101,171,-1.4213,0.95160999999999996
3567048287,14,40,mean_p,12,0.076337411081571951,0.47674054939617611,mean_p|train_n=12|p=40,102,172,-1.4213,0.95160999999999996
3228308286,14,40,mean_p,12,0.057267039835803848,0.57365745974730487,mean_p|train_n=12|p=40,103,173,-1.4213,0.95160999999999996
1587796468,14,40,mean_p,12,0.42865606632721293,0.015612171988968923,mean_p|train_n=12|p=40,104,174,-1.4213,0.95160999999999996
2405077737,14,40,mean_p,12,0.20275812491606068,0.13979515356552027,mean_p|train_n=12|p=40,105,177,-1.4213,0.95160999999999996
2495091328,14,40,mean_p,12,0.251833092390367,0.086829958620351227,mean_p|train_n=12|p=40,106,180,-1.4213,0.95160999999999996
1272323016,14,40,mean_p,12,0.061788385886568278,0.5490321728432811,mean_p|train_n=12|p=40,107,181,-1.4213,0.95160999999999996
3086593921,14,40,mean_p,12,0.21366733101837981,0.12575235871211329,mean_p|train_n=12|p=40,108,186,-1.4213,0.95160999999999996
1995746154,14,40,mean_p,12,0.093180974033581068,0.40485195898689819,mean_p|train_n=12|p=40,109,189,-1.4213,0.95160999999999996
1684516732,14,40,mean_p,12,0.12265780145894893,0.30413648042119373,mean_p|train_n=12|p=40,110,193,-1.4213,0.95160999999999996
2230455222,14,40,mean_p,12,0.10079014508876692,0.37603476921495083,mean_p|train_n=12|p=40,111,194,-1.4213,0.95160999999999996
2866542422,14,40,mean_p,12,0.19214364872257286,0.154962272139301,mean_p|train_n=12|p=40,112,195,-1.4213,0.95160999999999996
1868411895,14,40,mean_p,12,0.35935670356933241,0.030585806958129146,mean_p|train_n=12|p=40,113,197,-1.4213,0.95160999999999996
2829493445,14,40,mean_p,12,0.10999775754741659,0.34389293787183228,mean_p|train_n=12|p=40,114,198,-1.4213,0.95160999999999996
2774625392,14,40,mean_p,12,0.16871142950013818,0.19452668573596171,mean_p|train_n=12|p=40,115,199,-1.4213,0.95160999999999996
4005000332,14,40,mean_p,12,0.14340569747346446,0.24867273399026202,mean_p|train_n=12|p=40,116,200,-1.4213,0.95160999999999996
1542914079,14,40,mean_p,12,0.047419134682358026,0.63118381391363354,mean_p|train_n=12|p=40,117,201,-1.4213,0.95160999999999996
1174231687,14,40,mean_p,12,0.23745209486881386,0.099833697628381984,mean_p|train_n=12|p=40,118,202,-1.4213,0.95160999999999996
2819811964,14,40,mean_p,12,0.34335290798476165,0.035724541067896569,mean_p|train_n=12|p=40,119,206,-1.4213,0.95160999999999996
2770644680,14,40,mean_p,12,0.19608886788994412,0.14914172616037596,mean_p|train_n=12|p=40,120,209,-1.4213,0.95160999999999996
1697494534,14,40,mean_p,12,0.14738720290059537,0.239248064636289,mean_p|train_n=12|p=40,121,210,-1.4213,0.95160999999999996
1195021407,14,40,mean_p,12,0.315554224232167,0.046786653808332357,mean_p|train_n=12|p=40,122,212,-1.4213,0.95160999999999996
3587682581,14,40,mean_p,12,0.21417311639510414,0.1251366567390812,mean_p|train_n=12|p=40,123,213,-1.4213,0.95160999999999996
2827322030,14,40,mean_p,12,0.24579213428150654,0.092072244081484719,mean_p|train_n=12|p=40,124,214,-1.4213,0.95160999999999996
3740028412,14,40,mean_p,12,0.073858968436321323,0.48834561310270952,mean_p|train_n=12|p=40,125,215,-1.4213,0.95160999999999996
2914634582,14,40,mean_p,12,0.23634297508719879,0.10091400751133295,mean_p|train_n=12|p=40,126,216,-1.4213,0.95160999999999996
3153213290,14,40,mean_p,12,0.12818382032006401,0.28825679377438029,mean_p|train_n=12|p=40,127,218,-1.4213,0.95160999999999996
3524299882,14,40,mean_p,12,0.40984779299010876,0.018738261229699259,mean_p|train_n=12|p=40,128,221,-1.4213,0.95160999999999996
3026661507,14,40,mean_p,12,0.062620576549642329,0.54461624762993932,mean_p|train_n=12|p=40,129,222,-1.4213,0.95160999999999996
1965739693,14,40,mean_p,12,0.31461234710586211,0.047216245602250427,mean_p|train_n=12|p=40,130,225,-1.4213,0.95160999999999996
3714480352,14,40,mean_p,12,0.21907433028042544,0.11932426674452977,mean_p|train_n=12|p=40,131,227,-1.4213,0.95160999999999996
4022478407,14,40,mean_p,12,0.13997776519662972,0.25708392113213729,mean_p|train_n=12|p=40,132,228,-1.4213,0.95160999999999996
3611944133,14,40,mean_p,12,0.13370464752108696,0.27321998773918665,mean_p|train_n=12|p=40,133,230,-1.4213,0.95160999999999996
1970746355,14,40,mean_p,12,0.21664911674331286,0.12216579979260948,mean_p|train_n=12|p=40,134,231,-1.4213,0.95160999999999996
583041069,14,40,mean_p,12,0.20630970403204865,0.13505923008291898,mean_p|train_n=12|p=40,135,234,-1.4213,0.95160999999999996
3655977448,14,40,mean_p,12,0.072476083931115529,0.49494318276800225,mean_p|train_n=12|p=40,136,237,-1.4213,0.95160999999999996
1073623130,14,40,mean_p,12,0.049888189055288711,0.61624047741401866,mean_p|train_n=12|p=40,137,239,-1.4213,0.95160999999999996
3569526023,14,40,mean_p,12,0.17361157186792167,0.18549317283431396,mean_p|train_n=12|p=40,138,241,-1.4213,0.95160999999999996
3337554947,14,40,mean_p,12,0.40455395342592837,0.0197260328562146,mean_p|train_n=12|p=40,139,243,-1.4213,0.95160999999999996
3550728341,14,40,mean_p,12,0.15390855903249051,0.22457670211945227,mean_p|train_n=12|p=40,140,244,-1.4213,0.95160999999999996
1752066129,14,40,mean_p,12,0.17878583212304214,0.1764092787018619,mean_p|train_n=12|p=40,141,246,-1.4213,0.95160999999999996
2520373853,14,40,mean_p,12,0.11269495644640982,0.33500873310116208,mean_p|train_n=12|p=40,142,252,-1.4213,0.95160999999999996
3422051148,14,40,mean_p,12,0.14755104076085543,0.2388679881500837,mean_p|train_n=12|p=40,143,254,-1.4213,0.95160999999999996
3881601095,14,40,mean_p,12,0.14521593739612323,0.24434252524430616,mean_p|train_n=12|p=40,144,255,-1.4213,0.95160999999999996
614181269,14,40,mean_p,12,0.16390980666796676,0.20380519150043727,mean_p|train_n=12|p=40,145,256,-1.4213,0.95160999999999996
897877543,14,40,mean_p,12,0.14304869845690263,0.24953571487224402,mean_p|train_n=12|p=40,146,257,-1.4213,0.95160999999999996
1732364338,14,40,mean_p,12,0.36234963068432829,0.029710262670441388,mean_p|train_n=12|p=40,147,258,-1.4213,0.95160999999999996
2497507330,14,40,mean_p,12,0.12174294686765115,0.30684856545070677,mean_p|train_n=12|p=40,148,259,-1.4213,0.95160999999999996
1639980016,14,40,mean_p,12,0.15617230619316899,0.21969709723750022,mean_p|train_n=12|p=40,149,264,-1.4213,0.95160999999999996
3507602936,14,40,mean_p,12,0.15260670793776029,0.22743183069685294,mean_p|train_n=12|p=40,150,267,-1.4213,0.95160999999999996
698631793,14,40,mean_p,12,0.061737756371353612,0.54930198514794504,mean_p|train_n=12|p=40,151,269,-1.4213,0.95160999999999996
3575746242,14,40,mean_p,12,0.11188270943455565,0.3376597374902221,mean_p|train_n=12|p=40,152,270,-1.4213,0.95160999999999996
2338206162,14,40,mean_p,12,0.075063070877952984,0.48267265732090742,mean_p|train_n=12|p=40,153,272,-1.4213,0.95160999999999996
38769296,14,40,mean_p,12,0.25906728948376984,0.080943438533794612,mean_p|train_n=12|p=40,154,273,-1.4213,0.95160999999999996
3504658710,14,40,mean_p,12,0.061308165397327287,0.5515966822443934,mean_p|train_n=12|p=40,155,276,-1.4213,0.95160999999999996
2399908493,14,40,mean_p,12,0.26614481597264394,0.075570793230739217,mean_p|train_n=12|p=40,156,277,-1.4213,0.95160999999999996
4110765179,14,40,mean_p,12,0.12466591821426598,0.29826718025975374,mean_p|train_n=12|p=40,157,278,-1.4213,0.95160999999999996
4078885140,14,40,mean_p,12,0.10769272030515795,0.35167188736981186,mean_p|train_n=12|p=40,158,280,-1.4213,0.95160999999999996
2383039604,14,40,mean_p,12,0.21958400899454106,0.11873555159739874,mean_p|train_n=12|p=40,159,281,-1.4213,0.95160999999999996
3321104322,14,40,mean_p,12,0.14305373654336082,0.24952351539532999,mean_p|train_n=12|p=40,160,282,-1.4213,0.95160999999999996
604964554,14,40,mean_p,12,0.58635537879923549,0.0033794980491232973,mean_p|train_n=12|p=40,161,283,-1.4213,0.95160999999999996
1571029328,14,40,mean_p,12,0.15032908664785297,0.23251453124586494,mean_p|train_n=12|p=40,162,285,-1.4213,0.95160999999999996
551286060,14,40,mean_p,12,0.1791278978671384,0.17582467185120579,mean_p|train_n=12|p=40,163,286,-1.4213,0.95160999999999996
2908310834,14,40,mean_p,12,0.28598788376200474,0.062334281838241898,mean_p|train_n=12|p=40,164,287,-1.4213,0.95160999999999996
2243491093,14,40,mean_p,12,0.028892765477283384,0.75549875513430254,mean_p|train_n=12|p=40,165,292,-1.4213,0.95160999999999996
3054163776,14,40,mean_p,12,0.16945603975042484,0.19312615195235971,mean_p|train_n=12|p=40,166,294,-1.4213,0.95160999999999996
582044315,14,40,mean_p,12,0.10353404122427153,0.36615424397511737,mean_p|train_n=12|p=40,167,295,-1.4213,0.95160999999999996
825413786,14,40,mean_p,12,0.13177080046822853,0.27839569234354389,mean_p|train_n=12|p=40,168,296,-1.4213,0.95160999999999996
1009192837,14,40,mean_p,12,0.21061029681937019,0.12953876900096167,mean_p|train_n=12|p=40,169,297,-1.4213,0.95160999999999996
2606586826,14,40,mean_p,12,0.14119394248873379,0.25406768678082314,mean_p|train_n=12|p=40,170,298,-1.4213,0.95160999999999996
3790698266,14,40,mean_p,12,0.189047131664527,0.15968936680523796,mean_p|train_n=12|p=40,171,300,-1.4213,0.95160999999999996
298344463,14,40,mean_p,12,0.25326504998247379,0.085631731056023383,mean_p|train_n=12|p=40,172,301,-1.4213,0.95160999999999996
3170460790,14,40,mean_p,12,0.19581915944136455,0.14953258115781598,mean_p|train_n=12|p=40,173,305,-1.4213,0.95160999999999996
1347372121,14,40,mean_p,12,0.45162469623795376,0.012492917588602378,mean_p|train_n=12|p=40,174,307,-1.4213,0.95160999999999996
1116401956,14,40,mean_p,12,0.047831606734695199,0.62866245307989677,mean_p|train_n=12|p=40,175,308,-1.4213,0.95160999999999996
2251248048,14,40,mean_p,12,0.29248655477114621,0.058524650871721977,mean_p|train_n=12|p=40,176,309,-1.4213,0.95160999999999996
1721330773,14,40,mean_p,12,0.28306610759103618,0.064126945200326607,mean_p|train_n=12|p=40,177,310,-1.4213,0.95160999999999996
920962757,14,40,mean_p,12,0.060312981215368475,0.55694943712576883,mean_p|train_n=12|p=40,178,317,-1.4213,0.95160999999999996
2784486372,14,40,mean_p,12,0.44571026455138379,0.013230911787047144,mean_p|train_n=12|p=40,179,318,-1.4213,0.95160999999999996
2000626560,14,40,mean_p,12,0.32682501611844256,0.041939392506979221,mean_p|train_n=12|p=40,180,320,-1.4213,0.95160999999999996
3762796006,14,40,mean_p,12,0.17405269147473793,0.18470083829476081,mean_p|train_n=12|p=40,181,321,-1.4213,0.95160999999999996
32723261,14,40,mean_p,12,0.071748239475583217,0.4984513641979384,mean_p|train_n=12|p=40,182,322,-1.4213,0.95160999999999996
2196949690,14,40,mean_p,12,0.065111127046438746,0.53161150089094855,mean_p|train_n=12|p=40,183,324,-1.4213,0.95160999999999996
992159968,14,40,mean_p,12,0.25020649022582553,0.088211412968079328,mean_p|train_n=12|p=40,184,325,-1.4213,0.95160999999999996
2535750164,14,40,mean_p,12,0.15799471637162948,0.21584595635395992,mean_p|train_n=12|p=40,185,329,-1.4213,0.95160999999999996
1485795992,14,40,mean_p,12,0.11794101624914287,0.31838091714540417,mean_p|train_n=12|p=40,186,333,-1.4213,0.95160999999999996
1357511702,14,40,mean_p,12,0.15891026585559295,0.21393675642600471,mean_p|train_n=12|p=40,187,334,-1.4213,0.95160999999999996
631383394,14,40,mean_p,12,0.15350925181816635,0.22544860286548341,mean_p|train_n=12|p=40,188,337,-1.4213,0.95160999999999996
4153483666,14,40,mean_p,12,0.19067959102925255,0.15717958202319463,mean_p|train_n=12|p=40,189,340,-1.4213,0.95160999999999996
1497866049,14,40,mean_p,12,0.20709541743397164,0.13403337192550629,mean_p|train_n=12|p=40,190,344,-1.4213,0.95160999999999996
2447158607,14,40,mean_p,12,0.084813534620975475,0.43909667509141664,mean_p|train_n=12|p=40,191,345,-1.4213,0.95160999999999996
1695197202,14,40,mean_p,12,0.098549996851058322,0.38429871142516175,mean_p|train_n=12|p=40,192,346,-1.4213,0.95160999999999996
1792446818,14,40,mean_p,12,0.27831302056839519,0.067154026349520904,mean_p|train_n=12|p=40,193,349,-1.4213,0.95160999999999996
2040686423,14,40,mean_p,12,0.062080069812936227,0.54748032443775863,mean_p|train_n=12|p=40,194,353,-1.4213,0.95160999999999996
922491692,14,40,mean_p,12,0.10572980032052794,0.35843484389896185,mean_p|train_n=12|p=40,195,355,-1.4213,0.95160999999999996
4072393179,14,40,mean_p,12,0.19282192524577607,0.15394565419633985,mean_p|train_n=12|p=40,196,360,-1.4213,0.95160999999999996
3620838309,14,40,mean_p,12,0.21937072119792492,0.11898155991916644,mean_p|train_n=12|p=40,197,364,-1.4213,0.95160999999999996
348791969,14,40,mean_p,12,0.080294711621392664,0.45877988301880612,mean_p|train_n=12|p=40,198,365,-1.4213,0.95160999999999996
492752473,14,40,mean_p,12,0.14621577455004928,0.24198326058395317,mean_p|train_n=12|p=40,199,366,-1.4213,0.95160999999999996
2022846904,14,40,mean_p,12,0.15815104286135689,0.2155187659042411,mean_p|train_n=12|p=40,200,367,-1.4213,0.95160999999999996
1404987301,14,40,mean_p,12,0.11668817928443039,0.32227529197918742,mean_p|train_n=12|p=40,201,370,-1.4213,0.95160999999999996
3123360674,14,40,mean_p,12,0.42948348303703554,0.015487319059483523,mean_p|train_n=12|p=40,202,371,-1.4213,0.95160999999999996
2248226968,14,40,mean_p,12,0.13755963959081724,0.26318789590876662,mean_p|train_n=12|p=40,203,372,-1.4213,0.95160999999999996
1015451873,14,40,mean_p,12,0.24447151530780831,0.093259776709939693,mean_p|train_n=12|p=40,204,373,-1.4213,0.95160999999999996
2936163920,14,40,mean_p,12,0.11960420085500947,0.31328360748982526,mean_p|train_n=12|p=40,205,374,-1.4213,0.95160999999999996
1591680772,14,40,mean_p,12,0.11666953610629117,0.32233360153623852,mean_p|train_n=12|p=40,206,375,-1.4213,0.95160999999999996
3029350415,14,40,mean_p,12,0.23368832814432688,0.10354741233631011,mean_p|train_n=12|p=40,207,376,-1.4213,0.95160999999999996
2214136800,14,40,mean_p,12,0.2977727660763701,0.055598172579150396,mean_p|train_n=12|p=40,208,377,-1.4213,0.95160999999999996
2541325924,14,40,mean_p,12,0.077602731990855239,0.47092256294537088,mean_p|train_n=12|p=40,209,378,-1.4213,0.95160999999999996
347818685,14,40,mean_p,12,0.1916551388808557,0.15569861925399542,mean_p|train_n=12|p=40,210,379,-1.4213,0.95160999999999996
829518329,14,40,mean_p,12,0.10415188499697224,0.36396549998469008,mean_p|train_n=12|p=40,211,380,-1.4213,0.95160999999999996
2292311754,14,40,mean_p,12,0.096361309956958061,0.39254818523521057,mean_p|train_n=12|p=40,212,389,-1.4213,0.95160999999999996
1120722798,14,40,mean_p,12,0.092684363496307931,0.40680770545699485,mean_p|train_n=12|p=40,213,390,-1.4213,0.95160999999999996
401543910,14,40,mean_p,12,0.096780121290769947,0.39095604003429668,mean_p|train_n=12|p=40,214,391,-1.4213,0.95160999999999996
2916803224,14,40,mean_p,12,0.13273418792474373,0.27580516299333491,mean_p|train_n=12|p=40,215,394,-1.4213,0.95160999999999996
1018811143,14,40,mean_p,12,0.31030214168249542,0.049233018896193019,mean_p|train_n=12|p=40,216,396,-1.4213,0.95160999999999996
1412611645,14,40,mean_p,12,0.27646063901718809,0.068372076597208814,mean_p|train_n=12|p=40,217,398,-1.4213,0.95160999999999996
3744683034,14,40,mean_p,12,0.29117087428394905,0.059276651367323463,mean_p|train_n=12|p=40,218,400,-1.4213,0.95160999999999996
3326790217,14,40,mean_p,12,0.20532078140252383,0.13636157378880803,mean_p|train_n=12|p=40,219,401,-1.4213,0.95160999999999996
3795378608,14,40,mean_p,12,0.091002967974390378,0.41349977467642346,mean_p|train_n=12|p=40,220,403,-1.4213,0.95160999999999996
3935765991,14,40,mean_p,12,0.17009438351405654,0.19193352457700469,mean_p|train_n=12|p=40,221,405,-1.4213,0.95160999999999996
297925122,14,40,mean_p,12,0.14220269197078103,0.25159276007507642,mean_p|train_n=12|p=40,222,407,-1.4213,0.95160999999999996
304898444,14,40,mean_p,12,0.27919085002622446,0.066584403704342141,mean_p|train_n=12|p=40,223,409,-1.4213,0.95160999999999996
3941378961,14,40,mean_p,12,0.27668538639507845,0.068223122176471251,mean_p|train_n=12|p=40,224,410,-1.4213,0.95160999999999996
1664400345,14,40,mean_p,12,0.20626949804275327,0.13511193525605059,mean_p|train_n=12|p=40,225,411,-1.4213,0.95160999999999996
3027151513,14,40,mean_p,12,0.10838568249302197,0.34931498665582172,mean_p|train_n=12|p=40,226,412,-1.4213,0.95160999999999996
1752218267,14,40,mean_p,12,0.11542707201495994,0.32624348386103619,mean_p|train_n=12|p=40,227,413,-1.4213,0.95160999999999996
1636246870,14,40,mean_p,12,0.2299841548592074,0.10733718268783095,mean_p|train_n=12|p=40,228,414,-1.4213,0.95160999999999996
2050313551,14,40,mean_p,12,0.19045474297367826,0.15752291273249908,mean_p|train_n=12|p=40,229,418,-1.4213,0.95160999999999996
4237304231,14,40,mean_p,12,0.31404457372191757,0.047477111281407643,mean_p|train_n=12|p=40,230,419,-1.4213,0.95160999999999996
3282178224,14,40,mean_p,12,0.2945979088288892,0.057337756895994504,mean_p|train_n=12|p=40,231,421,-1.4213,0.95160999999999996
1045042336,14,40,mean_p,12,0.31276009794675697,0.048072599499182585,mean_p|train_n=12|p=40,232,423,-1.4213,0.95160999999999996
830064022,14,40,mean_p,12,0.25627091537834057,0.083170008212651775,mean_p|train_n=12|p=40,233,424,-1.4213,0.95160999999999996
40424092,14,40,mean_p,12,0.44572004752365152,0.013229655775944388,mean_p|train_n=12|p=40,234,426,-1.4213,0.95160999999999996
42935604,14,40,mean_p,12,0.055092610689774044,0.58589069812690431,mean_p|train_n=12|p=40,235,427,-1.4213,0.95160999999999996
1959903062,14,40,mean_p,12,0.16747463540092039,0.1968754470236817,mean_p|train_n=12|p=40,236,429,-1.4213,0.95160999999999996
565150894,14,40,mean_p,12,0.46947896660223892,0.01050554245259727,mean_p|train_n=12|p=40,237,430,-1.4213,0.95160999999999996
836072951,14,40,mean_p,12,0.19700530846875805,0.1478212600140226,mean_p|train_n=12|p=40,238,431,-1.4213,0.95160999999999996
1173671454,14,40,mean_p,12,0.086630908269998003,0.43142069371607328,mean_p|train_n=12|p=40,239,437,-1.4213,0.95160999999999996
2606678150,14,40,mean_p,12,0.28637387343978782,0.062101235093797495,mean_p|train_n=12|p=40,240,438,-1.4213,0.95160999999999996
42335826,14,40,mean_p,12,0.1945611580194111,0.15136922111568102,mean_p|train_n=12|p=40,241,439,-1.4213,0.95160999999999996
2603359984,14,40,mean_p,12,0.084284803572801062,0.44135539865640366,mean_p|train_n=12|p=40,242,440,-1.4213,0.95160999999999996
2942932160,14,40,mean_p,12,0.21255309394569752,0.12711944928241128,mean_p|train_n=12|p=40,243,442,-1.4213,0.95160999999999996
2891081213,14,40,mean_p,12,0.21939069957264129,0.11895849503851005,mean_p|train_n=12|p=40,244,445,-1.4213,0.95160999999999996
3022691423,14,40,mean_p,12,0.44360869935611175,0.013503509434258982,mean_p|train_n=12|p=40,245,447,-1.4213,0.95160999999999996
2170198367,14,40,mean_p,12,0.15682215620250364,0.21831600624036995,mean_p|train_n=12|p=40,246,448,-1.4213,0.95160999999999996
1393585042,14,40,mean_p,12,0.10020260297828577,0.37818487170103432,mean_p|train_n=12|p=40,247,449,-1.4213,0.95160999999999996
1551780407,14,40,mean_p,12,0.28018009193285826,0.065948274045583233,mean_p|train_n=12|p=40,248,455,-1.4213,0.95160999999999996
4229128909,14,40,mean_p,12,0.38963737026667239,0.022798406747115748,mean_p|train_n=12|p=40,249,456,-1.4213,0.95160999999999996
432241719,14,40,mean_p,12,0.18224730545235995,0.17058204713362976,mean_p|train_n=12|p=40,250,457,-1.4213,0.95160999999999996
1957074768,14,40,mean_p,12,0.40987157880609953,0.018733936582141088,mean_p|train_n=12|p=40,251,458,-1.4213,0.95160999999999996
1231532912,14,40,mean_p,12,0.1026476966993765,0.36931717111701534,mean_p|train_n=12|p=40,252,462,-1.4213,0.95160999999999996
2655569422,14,40,mean_p,12,0.1606054999369409,0.21044614696380184,mean_p|train_n=12|p=40,253,463,-1.4213,0.95160999999999996
3057995345,14,40,mean_p,12,0.18188549416349334,0.17118201994108459,mean_p|train_n=12|p=40,254,467,-1.4213,0.95160999999999996
3200073961,14,40,mean_p,12,0.19963238934012736,0.14410043035571002,mean_p|train_n=12|p=40,255,468,-1.4213,0.95160999999999996
3285973074,14,40,mean_p,12,0.13295198962171179,0.27522284759477,mean_p|train_n=12|p=40,256,470,-1.4213,0.95160999999999996
1425245724,14,40,mean_p,12,0.21700736844123406,0.12174182825337099,mean_p|train_n=12|p=40,257,472,-1.4213,0.95160999999999996
3586478637,14,40,mean_p,12,0.46407595043944355,0.011071056346284917,mean_p|train_n=12|p=40,258,473,-1.4213,0.95160999999999996
4100955161,14,40,mean_p,12,0.23110940415906231,0.10617149163997479,mean_p|train_n=12|p=40,259,474,-1.4213,0.95160999999999996
745273907,14,40,mean_p,12,0.15820096769512579,0.21541437803859798,mean_p|train_n=12|p=40,260,475,-1.4213,0.95160999999999996
402021447,14,40,mean_p,12,0.20289119633529565,0.13961474796248691,mean_p|train_n=12|p=40,261,476,-1.4213,0.95160999999999996
1723182654,14,40,mean_p,12,0.030322165411908988,0.74509159005170711,mean_p|train_n=12|p=40,262,477,-1.4213,0.95160999999999996
163461293,14,40,mean_p,12,0.39033922312778235,0.022643658422047647,mean_p|train_n=12|p=40,263,478,-1.4213,0.95160999999999996
3032844920,14,40,mean_p,12,0.21018352043086358,0.13007636157893906,mean_p|train_n=12|p=40,264,479,-1.4213,0.95160999999999996
4174779672,14,40,mean_p,12,0.35443428484471767,0.032082269506387963,mean_p|train_n=12|p=40,265,482,-1.4213,0.95160999999999996
347408094,14,40,mean_p,12,0.21446914179717691,0.12477769894649345,mean_p|train_n=12|p=40,266,484,-1.4213,0.95160999999999996
876895217,14,40,mean_p,12,0.091742934470191509,0.41054120025353336,mean_p|train_n=12|p=40,267,485,-1.4213,0.95160999999999996
751270922,14,40,mean_p,12,0.10450110040076648,0.36273417853330159,mean_p|train_n=12|p=40,268,487,-1.4213,0.95160999999999996
2639087899,14,40,mean_p,12,0.051449974127874831,0.60697136534722473,mean_p|train_n=12|p=40,269,489,-1.4213,0.95160999999999996
1046465993,14,40,mean_p,12,0.26281787427236109,0.078050395892743873,mean_p|train_n=12|p=40,270,494,-1.4213,0.95160999999999996
2930389943,14,40,mean_p,12,0.40335203955589188,0.019957453310811335,mean_p|train_n=12|p=40,271,496,-1.4213,0.95160999999999996
2153183003,14,40,mean_p,12,0.25308246495620179,0.08578358923241107,mean_p|train_n=12|p=40,272,497,-1.4213,0.95160999999999996
2863114517,14,40,mean_p,12,0.33766962882821266,0.037750124074077157,mean_p|train_n=12|p=40,273,498,-1.4213,0.95160999999999996
1946840757,14,40,mean_p,12,0.3508992633965291,0.033201916089891079,mean_p|train_n=12|p=40,274,500,-1.4213,0.95160999999999996
2198761370,14,40,mean_p,12,0.23621220791291606,0.10104214590408499,mean_p|train_n=12|p=40,275,501,-1.4213,0.95160999999999996
1158382452,14,40,mean_p,12,0.15079280910088258,0.23147056867810839,mean_p|train_n=12|p=40,276,502,-1.4213,0.95160999999999996
1893078772,14,40,mean_p,12,0.12885441104595843,0.28638706641837886,mean_p|train_n=12|p=40,277,504,-1.4213,0.95160999999999996
3599529159,14,40,mean_p,12,0.50521518961764145,0.0074269590822564884,mean_p|train_n=12|p=40,278,505,-1.4213,0.95160999999999996
666664867,14,40,mean_p,12,0.22637053818393441,0.11116792263900005,mean_p|train_n=12|p=40,279,507,-1.4213,0.95160999999999996
2865687655,14,40,mean_p,12,0.20843942798578979,0.13229661082156086,mean_p|train_n=12|p=40,280,508,-1.4213,0.95160999999999996
1375425346,14,40,mean_p,12,0.15644435549522959,0.21911786557623811,mean_p|train_n=12|p=40,281,510,-1.4213,0.95160999999999996
2772258131,14,40,mean_p,12,0.18633579952225851,0.16394670441255507,mean_p|train_n=12|p=40,282,511,-1.4213,0.95160999999999996
4121287269,14,40,mean_p,12,0.056850913633767784,0.57597863731717192,mean_p|train_n=12|p=40,283,514,-1.4213,0.95160999999999996
1109205630,14,40,mean_p,12,0.18436381982372882,0.16711423362734679,mean_p|train_n=12|p=40,284,515,-1.4213,0.95160999999999996
3062918439,14,40,mean_p,12,0.070548066687721817,0.50429053974336857,mean_p|train_n=12|p=40,285,516,-1.4213,0.95160999999999996
1278509449,14,40,mean_p,12,0.1560488125087057,0.21996053790417275,mean_p|train_n=12|p=40,286,517,-1.4213,0.95160999999999996
1839046568,14,40,mean_p,12,0.14680810172494088,0.24059633576823058,mean_p|train_n=12|p=40,287,518,-1.4213,0.95160999999999996
871726495,14,40,mean_p,12,0.04515185361849948,0.64522491311953023,mean_p|train_n=12|p=40,288,519,-1.4213,0.95160999999999996
575140186,14,40,mean_p,12,0.08324362147745179,0.44583732244776281,mean_p|train_n=12|p=40,289,520,-1.4213,0.95160999999999996
147704525,14,40,mean_p,12,0.141152421132377,0.25417007782202117,mean_p|train_n=12|p=40,290,522,-1.4213,0.95160999999999996
1643185242,14,40,mean_p,12,0.1547238132413167,0.22280702324285631,mean_p|train_n=12|p=40,291,523,-1.4213,0.95160999999999996
1255948509,14,40,mean_p,12,0.32072017055785629,0.044499027339312575,mean_p|train_n=12|p=40,292,524,-1.4213,0.95160999999999996
245022714,14,40,mean_p,12,0.22144241327839403,0.11661345911968571,mean_p|train_n=12|p=40,293,525,-1.4213,0.95160999999999996
623267523,14,40,mean_p,12,0.34505566546363503,0.035139091048546456,mean_p|train_n=12|p=40,294,526,-1.4213,0.95160999999999996
3973019918,14,40,mean_p,12,0.36301439623305348,0.029519220851352466,mean_p|train_n=12|p=40,295,527,-1.4213,0.95160999999999996
2928021819,14,40,mean_p,12,0.13190251957386892,0.27804007146477733,mean_p|train_n=12|p=40,296,529,-1.4213,0.95160999999999996
2416233937,14,40,mean_p,12,0.22461480079129539,0.11307820473688689,mean_p|train_n=12|p=40,297,530,-1.4213,0.95160999999999996
3083979662,14,40,mean_p,12,0.26677455533869926,0.075110386140757615,mean_p|train_n=12|p=40,298,533,-1.4213,0.95160999999999996
466892264,14,40,mean_p,12,0.094797511066711457,0.39855061090919797,mean_p|train_n=12|p=40,299,534,-1.4213,0.95160999999999996
3238736003,14,40,mean_p,12,0.16103289006639535,0.20957514592314852,mean_p|train_n=12|p=40,300,535,-1.4213,0.95160999999999996
707225116,14,40,mean_p,12,0.35148204543229777,0.0330146775114461,mean_p|train_n=12|p=40,301,536,-1.4213,0.95160999999999996
819853566,14,40,mean_p,12,0.23611123966123651,0.10114119572000277,mean_p|train_n=12|p=40,302,537,-1.4213,0.95160999999999996
2902230527,14,40,mean_p,12,0.034462932219915428,0.71574567314330784,mean_p|train_n=12|p=40,303,538,-1.4213,0.95160999999999996
2618416127,14,40,mean_p,12,0.32441081274399819,0.042933530450452825,mean_p|train_n=12|p=40,304,540,-1.4213,0.95160999999999996
58723303,14,40,mean_p,12,0.452736228050442,0.012358888475697901,mean_p|train_n=12|p=40,305,543,-1.4213,0.95160999999999996
1831869986,14,40,mean_p,12,0.11865599899479358,0.31617956085075327,mean_p|train_n=12|p=40,306,546,-1.4213,0.95160999999999996
3830405189,14,40,mean_p,12,0.37255007364775222,0.026910238152254906,mean_p|train_n=12|p=40,307,547,-1.4213,0.95160999999999996
2692089969,14,40,mean_p,12,0.042926036056234275,0.6593130283931623,mean_p|train_n=12|p=40,308,549,-1.4213,0.95160999999999996
3846202447,14,40,mean_p,12,0.087564629918040746,0.42752929406578166,mean_p|train_n=12|p=40,309,553,-1.4213,0.95160999999999996
2149605192,14,40,mean_p,12,0.097512580060435353,0.38818704563859086,mean_p|train_n=12|p=40,310,554,-1.4213,0.95160999999999996
4008905691,14,40,mean_p,12,0.29554780799573038,0.056811652896924789,mean_p|train_n=12|p=40,311,556,-1.4213,0.95160999999999996
816718467,14,40,mean_p,12,0.23680736858080381,0.10046026144887488,mean_p|train_n=12|p=40,312,557,-1.4213,0.95160999999999996
3921153451,14,40,mean_p,12,0.066150054519829013,0.52627881876808313,mean_p|train_n=12|p=40,313,563,-1.4213,0.95160999999999996
3582436290,14,40,mean_p,12,0.29925176526404129,0.054805910051675545,mean_p|train_n=12|p=40,314,564,-1.4213,0.95160999999999996
1845837069,14,40,mean_p,12,0.34252199802801336,0.036013759652533395,mean_p|train_n=12|p=40,315,567,-1.4213,0.95160999999999996
3464022462,14,40,mean_p,12,0.19348120671296667,0.15296389880690564,mean_p|train_n=12|p=40,316,570,-1.4213,0.95160999999999996
1844524280,14,40,mean_p,12,0.18245267774275492,0.17024242500892173,mean_p|train_n=12|p=40,317,571,-1.4213,0.95160999999999996
3003488186,14,40,mean_p,12,0.24248275323775587,0.095077083191326392,mean_p|train_n=12|p=40,318,572,-1.4213,0.95160999999999996
3014539764,14,40,mean_p,12,0.19260182253418351,0.1542748165873655,mean_p|train_n=12|p=40,319,573,-1.4213,0.95160999999999996
3917518918,14,40,mean_p,12,0.26849263156553416,0.073868503368385144,mean_p|train_n=12|p=40,320,575,-1.4213,0.95160999999999996
1964919510,14,40,mean_p,12,0.25226629357156516,0.086465708086584048,mean_p|train_n=12|p=40,321,576,-1.4213,0.95160999999999996
4032224536,14,40,mean_p,12,0.18691209954408769,0.16303239960230478,mean_p|train_n=12|p=40,322,577,-1.4213,0.95160999999999996
1737250366,14,40,mean_p,12,0.37337593913259076,0.026695434706214327,mean_p|train_n=12|p=40,323,584,-1.4213,0.95160999999999996
1043250226,14,40,mean_p,12,0.158148727930253,0.21552360742208199,mean_p|train_n=12|p=40,324,585,-1.4213,0.95160999999999996
3302867212,14,40,mean_p,12,0.12114976407346049,0.30861996569280725,mean_p|train_n=12|p=40,325,587,-1.4213,0.95160999999999996
930181972,14,40,mean_p,12,0.33605852239357942,0.038344957650340718,mean_p|train_n=12|p=40,326,589,-1.4213,0.95160999999999996
4281971622,14,40,mean_p,12,0.28833693487834766,0.060929423985772349,mean_p|train_n=12|p=40,327,590,-1.4213,0.95160999999999996
3130546215,14,40,mean_p,12,0.29324275318640763,0.058096757462853726,mean_p|train_n=12|p=40,328,592,-1.4213,0.95160999999999996
845224673,14,40,mean_p,12,0.31819738080899046,0.045601865957866375,mean_p|train_n=12|p=40,329,593,-1.4213,0.95160999999999996
3479056861,14,40,mean_p,12,0.095284868186411228,0.39667017848191194,mean_p|train_n=12|p=40,330,594,-1.4213,0.95160999999999996
2420637740,14,40,mean_p,12,0.33291486054975433,0.039532745227769499,mean_p|train_n=12|p=40,331,595,-1.4213,0.95160999999999996
344745281,14,40,mean_p,12,0.19089405947555155,0.15685279772542421,mean_p|train_n=12|p=40,332,596,-1.4213,0.95160999999999996
2363864979,14,40,mean_p,12,0.27059094745429951,0.072379589495435631,mean_p|train_n=12|p=40,333,597,-1.4213,0.95160999999999996
518609000,14,40,mean_p,12,0.066120597693383937,0.52642927750689827,mean_p|train_n=12|p=40,334,598,-1.4213,0.95160999999999996
536473526,14,40,mean_p,12,0.25077513788538114,0.087725986086816532,mean_p|train_n=12|p=40,335,601,-1.4213,0.95160999999999996
1341499141,14,40,mean_p,12,0.047838187274373348,0.62862230926280704,mean_p|train_n=12|p=40,336,602,-1.4213,0.95160999999999996
3632661450,14,40,mean_p,12,0.17484279391770877,0.18329011473305323,mean_p|train_n=12|p=40,337,604,-1.4213,0.95160999999999996
3579628259,14,40,mean_p,12,0.32820516437025188,0.041381441127721505,mean_p|train_n=12|p=40,338,606,-1.4213,0.95160999999999996
46762074,14,40,mean_p,12,0.30449202126761021,0.052088608309227118,mean_p|train_n=12|p=40,339,607,-1.4213,0.95160999999999996
3890261285,14,40,mean_p,12,0.023169584050148344,0.79864475346070152,mean_p|train_n=12|p=40,340,611,-1.4213,0.95160999999999996
3966086847,14,40,mean_p,12,0.058708638421076285,0.5656882312361905,mean_p|train_n=12|p=40,341,612,-1.4213,0.95160999999999996
4206236564,14,40,mean_p,12,0.2450045237367717,0.092778650220630435,mean_p|train_n=12|p=40,342,613,-1.4213,0.95160999999999996
1817291408,14,40,mean_p,12,0.095973959468363734,0.39402650050645832,mean_p|train_n=12|p=40,343,616,-1.4213,0.95160999999999996
3509827107,14,40,mean_p,12,0.38652056903183424,0.023498492774604376,mean_p|train_n=12|p=40,344,617,-1.4213,0.95160999999999996
4054993773,14,40,mean_p,12,0.36854740433291439,0.027976054838508822,mean_p|train_n=12|p=40,345,618,-1.4213,0.95160999999999996
916167984,14,40,mean_p,12,0.038735349332700376,0.68667774363357736,mean_p|train_n=12|p=40,346,619,-1.4213,0.95160999999999996
1932864181,14,40,mean_p,12,0.097508883461761439,0.38820097094076222,mean_p|train_n=12|p=40,347,620,-1.4213,0.95160999999999996
1750604492,14,40,mean_p,12,0.25479884968433486,0.084366619449910751,mean_p|train_n=12|p=40,348,621,-1.4213,0.95160999999999996
2940263200,14,40,mean_p,12,0.12864061110710898,0.28698185835656154,mean_p|train_n=12|p=40,349,622,-1.4213,0.95160999999999996
3618571586,14,40,mean_p,12,0.1013069125264677,0.37415377197871913,mean_p|train_n=12|p=40,350,623,-1.4213,0.95160999999999996
1299674937,14,40,mean_p,12,0.19959266537397591,0.1441559894410166,mean_p|train_n=12|p=40,351,624,-1.4213,0.95160999999999996
2653930334,14,40,mean_p,12,0.096329694617082476,0.39266863638431182,mean_p|train_n=12|p=40,352,625,-1.4213,0.95160999999999996
1120274235,14,40,mean_p,12,0.2520328389276173,0.086661814567919507,mean_p|train_n=12|p=40,353,626,-1.4213,0.95160999999999996
3508932779,14,40,mean_p,12,0.13301807492226445,0.27504640493251037,mean_p|train_n=12|p=40,354,628,-1.4213,0.95160999999999996
1447160177,14,40,mean_p,12,0.31054357248367254,0.049117807883746527,mean_p|train_n=12|p=40,355,629,-1.4213,0.95160999999999996
1900100481,14,40,mean_p,12,0.36084450196628221,0.030147391160718809,mean_p|train_n=12|p=40,356,631,-1.4213,0.95160999999999996
4208133967,14,40,mean_p,12,0.16123364500523793,0.20916726203728317,mean_p|train_n=12|p=40,357,636,-1.4213,0.95160999999999996
2798950338,14,40,mean_p,12,0.24410665892804292,0.093590556424773902,mean_p|train_n=12|p=40,358,638,-1.4213,0.95160999999999996
195812256,14,40,mean_p,12,0.11962578726771884,0.31321798901111231,mean_p|train_n=12|p=40,359,640,-1.4213,0.95160999999999996
1904692446,14,40,mean_p,12,0.19273494222443971,0.15407565281072835,mean_p|train_n=12|p=40,360,644,-1.4213,0.95160999999999996
1266811624,14,40,mean_p,12,0.13636151029629531,0.26626576576178418,mean_p|train_n=12|p=40,361,645,-1.4213,0.95160999999999996
3988907667,14,40,mean_p,12,0.062950946339748723,0.54287304270108638,mean_p|train_n=12|p=40,362,646,-1.4213,0.95160999999999996
1391417264,14,40,mean_p,12,0.21003179167466676,0.13026802513364713,mean_p|train_n=12|p=40,363,647,-1.4213,0.95160999999999996
2833729320,14,40,mean_p,12,0.1579360887257841,0.2159687917176665,mean_p|train_n=12|p=40,364,648,-1.4213,0.95160999999999996
3921135858,14,40,mean_p,12,0.11474796118632651,0.32840057161537795,mean_p|train_n=12|p=40,365,649,-1.4213,0.95160999999999996
2878511852,14,40,mean_p,12,0.31040555376117795,0.049183637502961099,mean_p|train_n=12|p=40,366,650,-1.4213,0.95160999999999996
2100559315,14,40,mean_p,12,0.2352473291421239,0.10199267102171422,mean_p|train_n=12|p=40,367,651,-1.4213,0.95160999999999996
2884993853,14,40,mean_p,12,0.13473820409967616,0.27049337085657799,mean_p|train_n=12|p=40,368,652,-1.4213,0.95160999999999996
1051760306,14,40,mean_p,12,0.17635171448072426,0.18062581436884328,mean_p|train_n=12|p=40,369,653,-1.4213,0.95160999999999996
571112884,14,40,mean_p,12,0.18102380276388286,0.17261942917944909,mean_p|train_n=12|p=40,370,654,-1.4213,0.95160999999999996
2244999865,14,40,mean_p,12,0.18842715685103362,0.16065299747569484,mean_p|train_n=12|p=40,371,658,-1.4213,0.95160999999999996
3515318834,14,40,mean_p,12,0.20178745936897807,0.14111816083004966,mean_p|train_n=12|p=40,372,659,-1.4213,0.95160999999999996
3329916420,14,40,mean_p,12,0.31242475411566312,0.048229292016170398,mean_p|train_n=12|p=40,373,660,-1.4213,0.95160999999999996
3619973677,14,40,mean_p,12,0.17252414533692623,0.18746094495084942,mean_p|train_n=12|p=40,374,663,-1.4213,0.95160999999999996
1551822755,14,40,mean_p,12,0.10114026334587366,0.37475933314859877,mean_p|train_n=12|p=40,375,664,-1.4213,0.95160999999999996
561129809,14,40,mean_p,12,0.20381909266431206,0.13836324914179732,mean_p|train_n=12|p=40,376,666,-1.4213,0.95160999999999996
3977873563,14,40,mean_p,12,0.32248162038930284,0.043744859799706139,mean_p|train_n=12|p=40,377,667,-1.4213,0.95160999999999996
2976401945,14,40,mean_p,12,0.22428458542777616,0.11344113709942825,mean_p|train_n=12|p=40,378,668,-1.4213,0.95160999999999996
491084049,14,40,mean_p,12,0.24225573196912581,0.095286771570186724,mean_p|train_n=12|p=40,379,669,-1.4213,0.95160999999999996
3453856100,14,40,mean_p,12,0.14576103798288384,0.24305344168627768,mean_p|train_n=12|p=40,380,670,-1.4213,0.95160999999999996
3550041725,14,40,mean_p,12,0.25152657692977487,0.087088614007708481,mean_p|train_n=12|p=40,381,672,-1.4213,0.95160999999999996
2241107689,14,40,mean_p,12,0.25778800406870511,0.081954554822241843,mean_p|train_n=12|p=40,382,674,-1.4213,0.95160999999999996
1579008391,14,40,mean_p,12,0.15547325840566034,0.22119250129338114,mean_p|train_n=12|p=40,383,676,-1.4213,0.95160999999999996
4139922407,14,40,mean_p,12,0.14193672999487375,0.25224293728922087,mean_p|train_n=12|p=40,384,680,-1.4213,0.95160999999999996
1205824094,14,40,mean_p,12,0.27690646510288958,0.06807691582858974,mean_p|train_n=12|p=40,385,681,-1.4213,0.95160999999999996
2928218286,14,40,mean_p,12,0.31539701796581598,0.046858083149473491,mean_p|train_n=12|p=40,386,682,-1.4213,0.95160999999999996
4089018997,14,40,mean_p,12,0.14582700070731178,0.24289791143745901,mean_p|train_n=12|p=40,387,685,-1.4213,0.95160999999999996
1855258250,14,40,mean_p,12,0.079357393933049344,0.46297188325176059,mean_p|train_n=12|p=40,388,686,-1.4213,0.95160999999999996
2799359856,14,40,mean_p,12,0.092967959243828821,0.40568969742716088,mean_p|train_n=12|p=40,389,687,-1.4213,0.95160999999999996
257742912,14,40,mean_p,12,0.42275082967261868,0.016532954634759855,mean_p|train_n=12|p=40,390,688,-1.4213,0.95160999999999996
404650757,14,40,mean_p,12,0.12729811486721507,0.29074502119080536,mean_p|train_n=12|p=40,391,691,-1.4213,0.95160999999999996
1683744411,14,40,mean_p,12,0.091033466888411893,0.41337741202369871,mean_p|train_n=12|p=40,392,693,-1.4213,0.95160999999999996
516075768,14,40,mean_p,12,0.11703883990546278,0.32118050707877255,mean_p|train_n=12|p=40,393,695,-1.4213,0.95160999999999996
2976663786,14,40,mean_p,12,0.1015714902492444,0.37319437245791331,mean_p|train_n=12|p=40,394,696,-1.4213,0.95160999999999996
2622927846,14,40,mean_p,12,0.22184790403026286,0.11615549763525204,mean_p|train_n=12|p=40,395,699,-1.4213,0.95160999999999996
765285393,14,40,mean_p,12,0.1590840836515417,0.21357620524429927,mean_p|train_n=12|p=40,396,700,-1.4213,0.95160999999999996
3809241801,14,40,mean_p,12,0.10281539679297727,0.36871664351914823,mean_p|train_n=12|p=40,397,701,-1.4213,0.95160999999999996
3945041131,14,40,mean_p,12,0.2334481510350348,0.10378903104690657,mean_p|train_n=12|p=40,398,703,-1.4213,0.95160999999999996
1506885019,14,40,mean_p,12,0.070686433032306609,0.50361387546365199,mean_p|train_n=12|p=40,399,705,-1.4213,0.95160999999999996
3899236658,14,40,mean_p,12,0.17264630755389093,0.18723884738020172,mean_p|train_n=12|p=40,400,707,-1.4213,0.95160999999999996
1138662732,14,40,mean_p,12,0.070110360084542037,0.50643708516313124,mean_p|train_n=12|p=40,401,710,-1.4213,0.95160999999999996
4132966297,14,40,mean_p,12,0.033568617134983873,0.72198429492037108,mean_p|train_n=12|p=40,402,711,-1.4213,0.95160999999999996
2866624656,14,40,mean_p,12,0.15739210176706614,0.21711188002540818,mean_p|train_n=12|p=40,403,712,-1.4213,0.95160999999999996
1026117030,14,40,mean_p,12,0.15271166897032651,0.22720029834554564,mean_p|train_n=12|p=40,404,714,-1.4213,0.95160999999999996
11620328,14,40,mean_p,12,0.26351758389659724,0.077522226958103957,mean_p|train_n=12|p=40,405,715,-1.4213,0.95160999999999996
2997808270,14,40,mean_p,12,0.14957069811133752,0.23423202204926483,mean_p|train_n=12|p=40,406,718,-1.4213,0.95160999999999996
2157743616,14,40,mean_p,12,0.26315144127324069,0.077798158783190921,mean_p|train_n=12|p=40,407,719,-1.4213,0.95160999999999996
502882531,14,40,mean_p,12,0.2243899431995251,0.11332521435541763,mean_p|train_n=12|p=40,408,721,-1.4213,0.95160999999999996
9456957,14,40,mean_p,12,0.13435374308428213,0.27150442129852215,mean_p|train_n=12|p=40,409,722,-1.4213,0.95160999999999996
44502101,14,40,mean_p,12,0.30003216924986076,0.054392427743547703,mean_p|train_n=12|p=40,410,724,-1.4213,0.95160999999999996
3585986809,14,40,mean_p,12,0.40315992684370805,0.019994694162673552,mean_p|train_n=12|p=40,411,725,-1.4213,0.95160999999999996
210303555,14,40,mean_p,12,0.11616410181380377,0.32391845558389432,mean_p|train_n=12|p=40,412,726,-1.4213,0.95160999999999996
1065166370,14,40,mean_p,12,0.046939893923157845,0.63412602176301536,mean_p|train_n=12|p=40,413,727,-1.4213,0.95160999999999996
3020966887,14,40,mean_p,12,0.070761804685963173,0.50324566136483229,mean_p|train_n=12|p=40,414,729,-1.4213,0.95160999999999996
2064355550,14,40,mean_p,12,0.43857212110796606,0.0141798915067339,mean_p|train_n=12|p=40,415,730,-1.4213,0.95160999999999996
3807385892,14,40,mean_p,12,0.12666174548019821,0.29254603364752735,mean_p|train_n=12|p=40,416,731,-1.4213,0.95160999999999996
675343249,14,40,mean_p,12,0.14177834260757344,0.25263093298237727,mean_p|train_n=12|p=40,417,732,-1.4213,0.95160999999999996
4065252203,14,40,mean_p,12,0.49395202130759425,0.0082847374979616549,mean_p|train_n=12|p=40,418,733,-1.4213,0.95160999999999996
2671326847,14,40,mean_p,12,0.15017923478017142,0.23285289323100755,mean_p|train_n=12|p=40,419,735,-1.4213,0.95160999999999996
4223003119,14,40,mean_p,12,0.1381323965264486,0.26172913738897968,mean_p|train_n=12|p=40,420,737,-1.4213,0.95160999999999996
4098939713,14,40,mean_p,12,0.25342631364132273,0.085497829705536654,mean_p|train_n=12|p=40,421,739,-1.4213,0.95160999999999996
4035634991,14,40,mean_p,12,0.11914326962919956,0.3146880337428129,mean_p|train_n=12|p=40,422,741,-1.4213,0.95160999999999996
2237547892,14,40,mean_p,12,0.14729812574521667,0.23945496249096215,mean_p|train_n=12|p=40,423,742,-1.4213,0.95160999999999996
38567185,14,40,mean_p,12,0.13479048251177109,0.27035618088892854,mean_p|train_n=12|p=40,424,744,-1.4213,0.95160999999999996
3326601781,14,40,mean_p,12,0.22643867978721746,0.11109443712200763,mean_p|train_n=12|p=40,425,745,-1.4213,0.95160999999999996
941209657,14,40,mean_p,12,0.23434719717802838,0.10288747270789166,mean_p|train_n=12|p=40,426,748,-1.4213,0.95160999999999996
3147050397,14,40,mean_p,12,0.40066588941302339,0.020484515037270463,mean_p|train_n=12|p=40,427,749,-1.4213,0.95160999999999996
2934967921,14,40,mean_p,12,0.42495730628102663,0.01618271758562935,mean_p|train_n=12|p=40,428,750,-1.4213,0.95160999999999996
2661618614,14,40,mean_p,12,0.2333264167001243,0.10391171127834339,mean_p|train_n=12|p=40,429,751,-1.4213,0.95160999999999996
141518704,14,40,mean_p,12,0.33249035322960557,0.039695934079684345,mean_p|train_n=12|p=40,430,752,-1.4213,0.95160999999999996
2842378511,14,40,mean_p,12,0.4393247717169399,0.014076702176286343,mean_p|train_n=12|p=40,431,753,-1.4213,0.95160999999999996
2183549114,14,40,mean_p,12,0.75401357856158013,0.000664156060536886,mean_p|train_n=12|p=40,432,759,-1.4213,0.95160999999999996
2503708156,14,40,mean_p,12,0.23217354952505947,0.10508074991769054,mean_p|train_n=12|p=40,433,761,-1.4213,0.95160999999999996
2104094261,14,40,mean_p,12,0.27371442400934715,0.070218649704326216,mean_p|train_n=12|p=40,434,762,-1.4213,0.95160999999999996
3036895789,14,40,mean_p,12,0.3162010272929564,0.046493911622265106,mean_p|train_n=12|p=40,435,765,-1.4213,0.95160999999999996
3640336259,14,40,mean_p,12,0.28378146136763555,0.063683327981840357,mean_p|train_n=12|p=40,436,766,-1.4213,0.95160999999999996
1464333435,14,40,mean_p,12,0.2369486973777846,0.10032257833245697,mean_p|train_n=12|p=40,437,767,-1.4213,0.95160999999999996
1822998333,14,40,mean_p,12,0.03491635007586915,0.71260331449768155,mean_p|train_n=12|p=40,438,770,-1.4213,0.95160999999999996
1595091221,14,40,mean_p,12,0.25619423341155201,0.083231920247703678,mean_p|train_n=12|p=40,439,773,-1.4213,0.95160999999999996
3449940785,14,40,mean_p,12,0.27393661190393809,0.070067412635430579,mean_p|train_n=12|p=40,440,774,-1.4213,0.95160999999999996
3084236695,14,40,mean_p,12,0.25658081784369902,0.082920265740518889,mean_p|train_n=12|p=40,441,777,-1.4213,0.95160999999999996
3977189247,14,40,mean_p,12,0.10801706302302481,0.35056676079712673,mean_p|train_n=12|p=40,442,778,-1.4213,0.95160999999999996
251856938,14,40,mean_p,12,0.20638115299426515,0.13496561988957623,mean_p|train_n=12|p=40,443,781,-1.4213,0.95160999999999996
3392927501,14,40,mean_p,12,0.21855552552225771,0.11992652104628043,mean_p|train_n=12|p=40,444,783,-1.4213,0.95160999999999996
4021361204,14,40,mean_p,12,0.091760812553115717,0.41046998163922382,mean_p|train_n=12|p=40,445,784,-1.4213,0.95160999999999996
4245883344,14,40,mean_p,12,0.30822493788019451,0.050235493847087524,mean_p|train_n=12|p=40,446,785,-1.4213,0.95160999999999996
3898490376,14,40,mean_p,12,0.095308661717549606,0.3965786003435634,mean_p|train_n=12|p=40,447,788,-1.4213,0.95160999999999996
1949098596,14,40,mean_p,12,0.33196083011400157,0.039900437577252215,mean_p|train_n=12|p=40,448,791,-1.4213,0.95160999999999996
3205779555,14,40,mean_p,12,0.25785178694190408,0.081903844511232352,mean_p|train_n=12|p=40,449,792,-1.4213,0.95160999999999996
2279692580,14,40,mean_p,12,0.13637086143808971,0.26624160482514087,mean_p|train_n=12|p=40,450,793,-1.4213,0.95160999999999996
984086982,14,40,mean_p,12,0.32957341603692092,0.040835626600849162,mean_p|train_n=12|p=40,451,794,-1.4213,0.95160999999999996
1569896765,14,40,mean_p,12,0.24101763376031357,0.09643850706080366,mean_p|train_n=12|p=40,452,795,-1.4213,0.95160999999999996
3570373604,14,40,mean_p,12,0.32499834134462302,0.042689445134213015,mean_p|train_n=12|p=40,453,796,-1.4213,0.95160999999999996
2423027708,14,40,mean_p,12,0.052181657849452438,0.60267694853942211,mean_p|train_n=12|p=40,454,801,-1.4213,0.95160999999999996
3927147528,14,40,mean_p,12,0.087851862460862754,0.42633929149746547,mean_p|train_n=12|p=40,455,802,-1.4213,0.95160999999999996
3756863560,14,40,mean_p,12,0.26123883479109627,0.07925557949068715,mean_p|train_n=12|p=40,456,804,-1.4213,0.95160999999999996
3623512102,14,40,mean_p,12,0.25023324234124694,0.088188515891650499,mean_p|train_n=12|p=40,457,805,-1.4213,0.95160999999999996
1717289447,14,40,mean_p,12,0.18428940891381981,0.16723494838377306,mean_p|train_n=12|p=40,458,806,-1.4213,0.95160999999999996
3697683620,14,40,mean_p,12,0.092585970077800589,0.4071963173332982,mean_p|train_n=12|p=40,459,807,-1.4213,0.95160999999999996
3044522021,14,40,mean_p,12,0.37097734887357309,0.027324087278078984,mean_p|train_n=12|p=40,460,808,-1.4213,0.95160999999999996
83195803,14,40,mean_p,12,0.16050726661020578,0.21064685295751251,mean_p|train_n=12|p=40,461,809,-1.4213,0.95160999999999996
2085698640,14,40,mean_p,12,0.24277082969061875,0.094811665289771779,mean_p|train_n=12|p=40,462,810,-1.4213,0.95160999999999996
2928134303,14,40,mean_p,12,0.16976000632987762,0.19255732514370566,mean_p|train_n=12|p=40,463,811,-1.4213,0.95160999999999996
2066152250,14,40,mean_p,12,0.20755892200871223,0.13343186015555267,mean_p|train_n=12|p=40,464,812,-1.4213,0.95160999999999996
1470504632,14,40,mean_p,12,0.23253970531795914,0.104708039758291,mean_p|train_n=12|p=40,465,815,-1.4213,0.95160999999999996
2172553637,14,40,mean_p,12,0.29572985357388443,0.056711379089765229,mean_p|train_n=12|p=40,466,816,-1.4213,0.95160999999999996
1642351444,14,40,mean_p,12,0.15319262796509744,0.22614236730990281,mean_p|train_n=12|p=40,467,817,-1.4213,0.95160999999999996
306624578,14,40,mean_p,12,0.069556680283535663,0.50916546555282938,mean_p|train_n=12|p=40,468,818,-1.4213,0.95160999999999996
3226229686,14,40,mean_p,12,0.35744842422712908,0.031157473453289303,mean_p|train_n=12|p=40,469,819,-1.4213,0.95160999999999996
1560619635,14,40,mean_p,12,0.23056113301590592,0.10673787780817591,mean_p|train_n=12|p=40,470,821,-1.4213,0.95160999999999996
130186419,14,40,mean_p,12,0.47391939607234673,0.010062471135099921,mean_p|train_n=12|p=40,471,822,-1.4213,0.95160999999999996
727943905,14,40,mean_p,12,0.16858572255278428,0.19476412737543236,mean_p|train_n=12|p=40,472,823,-1.4213,0.95160999999999996
3605448772,14,40,mean_p,12,0.22864919475532236,0.10873673151143082,mean_p|train_n=12|p=40,473,827,-1.4213,0.95160999999999996
2114395659,14,40,mean_p,12,0.12680508526957718,0.29213939143377371,mean_p|train_n=12|p=40,474,829,-1.4213,0.95160999999999996
1438886034,14,40,mean_p,12,0.16177552739625792,0.20807025127781095,mean_p|train_n=12|p=40,475,830,-1.4213,0.95160999999999996
3974830480,14,40,mean_p,12,0.12668600921165987,0.29247715982708583,mean_p|train_n=12|p=40,476,831,-1.4213,0.95160999999999996
839982346,14,40,mean_p,12,0.25802349588731888,0.081767483903284019,mean_p|train_n=12|p=40,477,832,-1.4213,0.95160999999999996
908589859,14,40,mean_p,12,0.36728629555109044,0.02832052582467167,mean_p|train_n=12|p=40,478,833,-1.4213,0.95160999999999996
1508652629,14,40,mean_p,12,0.29892358361769328,0.054980728358990198,mean_p|train_n=12|p=40,479,834,-1.4213,0.95160999999999996
2261678989,14,40,mean_p,12,0.15942162119495293,0.21287778409904048,mean_p|train_n=12|p=40,480,836,-1.4213,0.95160999999999996
3733328574,14,40,mean_p,12,0.067680613989160629,0.51851995050112776,mean_p|train_n=12|p=40,481,837,-1.4213,0.95160999999999996
3365694209,14,40,mean_p,12,0.33066769415349295,0.040404289711806415,mean_p|train_n=12|p=40,482,839,-1.4213,0.95160999999999996
1391804988,14,40,mean_p,12,0.18227123954192342,0.17054243271402342,mean_p|train_n=12|p=40,483,840,-1.4213,0.95160999999999996
3966644472,14,40,mean_p,12,0.19509174136005605,0.15059185230511599,mean_p|train_n=12|p=40,484,841,-1.4213,0.95160999999999996
285407435,14,40,mean_p,12,0.44466695441228116,0.013365546493253109,mean_p|train_n=12|p=40,485,842,-1.4213,0.95160999999999996
1927885369,14,40,mean_p,12,0.61463636675504441,0.0025684093398552171,mean_p|train_n=12|p=40,486,843,-1.4213,0.95160999999999996
2724699752,14,40,mean_p,12,0.2585594562566696,0.081343315888060222,mean_p|train_n=12|p=40,487,844,-1.4213,0.95160999999999996
3792634296,14,40,mean_p,12,0.05002834281680018,0.61540292272152985,mean_p|train_n=12|p=40,488,845,-1.4213,0.95160999999999996
1935387792,14,40,mean_p,12,0.28316063759606863,0.064068146930022163,mean_p|train_n=12|p=40,489,846,-1.4213,0.95160999999999996
4214605566,14,40,mean_p,12,0.27786514279116897,0.067446528579895734,mean_p|train_n=12|p=40,490,847,-1.4213,0.95160999999999996
2993021910,14,40,mean_p,12,0.32836998369738674,0.041315307860033339,mean_p|train_n=12|p=40,491,849,-1.4213,0.95160999999999996
1015082536,14,40,mean_p,12,0.16229199389357496,0.20703004901530028,mean_p|train_n=12|p=40,492,852,-1.4213,0.95160999999999996
3858965902,14,40,mean_p,12,0.16116133095643809,0.20931409456529881,mean_p|train_n=12|p=40,493,853,-1.4213,0.95160999999999996
972542637,14,40,mean_p,12,0.32312822136175862,0.043471235245155532,mean_p|train_n=12|p=40,494,856,-1.4213,0.95160999999999996
3106171891,14,40,mean_p,12,0.17121195870512312,0.18986324856353973,mean_p|train_n=12|p=40,495,857,-1.4213,0.95160999999999996
3086445386,14,40,mean_p,12,0.087717396677080992,0.42689596945093455,mean_p|train_n=12|p=40,496,860,-1.4213,0.95160999999999996
2153329628,14,40,mean_p,12,0.25842811217188,0.081447059815821551,mean_p|train_n=12|p=40,497,861,-1.4213,0.95160999999999996
940241587,14,40,mean_p,12,0.14202679520243705,0.25202257372230896,mean_p|train_n=12|p=40,498,862,-1.4213,0.95160999999999996
204044729,14,40,mean_p,12,0.074403598615315633,0.48577145424064483,mean_p|train_n=12|p=40,499,863,-1.4213,0.95160999999999996
3218345634,15,8,mean_p,12,0.47000766983720887,0.0075457758086660094,mean_p|train_n=12|p=8,0,1,-1.62371,1.10791
2272909853,15,8,mean_p,12,0.32731847476586462,0.033266707098855479,mean_p|train_n=12|p=8,1,2,-1.62371,1.10791
1081587159,15,8,mean_p,12,0.53749398475307586,0.0037408717686608626,mean_p|train_n=12|p=8,2,4,-1.62371,1.10791
1732944157,15,8,mean_p,12,0.34274796974623534,0.028336010338616258,mean_p|train_n=12|p=8,3,5,-1.62371,1.10791
679443093,15,8,mean_p,12,0.52539064087391496,0.0042425294415284181,mean_p|train_n=12|p=8,4,8,-1.62371,1.10791
802233197,15,8,mean_p,12,0.33405039768910855,0.031017883000258442,mean_p|train_n=12|p=8,5,9,-1.62371,1.10791
1977273862,15,8,mean_p,12,0.53493428639906127,0.0038417669075539759,mean_p|train_n=12|p=8,6,10,-1.62371,1.10791
2857688771,15,8,mean_p,12,0.36027702133176526,0.023614956366234806,mean_p|train_n=12|p=8,7,11,-1.62371,1.10791
2076459280,15,8,mean_p,12,0.45164283287449875,0.0091333352590990766,mean_p|train_n=12|p=8,8,12,-1.62371,1.10791
55566357,15,8,mean_p,12,0.3190488913408005,0.036253563741443708,mean_p|train_n=12|p=8,9,13,-1.62371,1.10791
4077238155,15,8,mean_p,12,0.46314378327027977,0.0081039627096987053,mean_p|train_n=12|p=8,10,14,-1.62371,1.10791
4179296696,15,8,mean_p,12,0.28758490012863774,0.050283416884616641,mean_p|train_n=12|p=8,11,15,-1.62371,1.10791
2358193818,15,8,mean_p,12,0.49092544648231601,0.0060708670855222826,mean_p|train_n=12|p=8,12,16,-1.62371,1.10791
377338394,15,8,mean_p,12,0.58479722228982312,0.0022875859507041321,mean_p|train_n=12|p=8,13,17,-1.62371,1.10791
2814302858,15,8,mean_p,12,0.48131808601069881,0.0067086059003539531,mean_p|train_n=12|p=8,14,18,-1.62371,1.10791
3374732386,15,8,mean_p,12,0.54685682023896398,0.0033938715917658062,mean_p|train_n=12|p=8,15,19,-1.62371,1.10791
2330300008,15,8,mean_p,12,0.36191713850211932,0.023215673135050376,mean_p|train_n=12|p=8,16,20,-1.62371,1.10791
31920747,15,8,mean_p,12,0.30746137448259331,0.04089531489229413,mean_p|train_n=12|p=8,17,22,-1.62371,1.10791
1352296024,15,8,mean_p,12,0.43130413003146056,0.011284122549587008,mean_p|train_n=12|p=8,18,23,-1.62371,1.10791
1270641029,15,8,mean_p,12,0.42926042890603877,0.011526462036290128,mean_p|train_n=12|p=8,19,24,-1.62371,1.10791
661657836,15,8,mean_p,12,0.5670348305399121,0.0027515829601974782,mean_p|train_n=12|p=8,20,25,-1.62371,1.10791
3445048701,15,8,mean_p,12,0.48265707804078911,0.0066158572874170599,mean_p|train_n=12|p=8,21,26,-1.62371,1.10791
3073643481,15,8,mean_p,12,0.53369984417893901,0.0038913928206004639,mean_p|train_n=12|p=8,22,29,-1.62371,1.10791
198477895,15,8,mean_p,12,0.42577550740061826,0.011951764105684751,mean_p|train_n=12|p=8,23,30,-1.62371,1.10791
3302616561,15,8,mean_p,12,0.44546470926056331,0.0097392700375746339,mean_p|train_n=12|p=8,24,33,-1.62371,1.10791
2157259326,15,8,mean_p,12,0.49006641553462582,0.0061253320411287547,mean_p|train_n=12|p=8,25,34,-1.62371,1.10791
1797854168,15,8,mean_p,12,0.29967353616579229,0.044344437528372457,mean_p|train_n=12|p=8,26,35,-1.62371,1.10791
642922331,15,8,mean_p,12,0.58527135182855272,0.0022763367636206002,mean_p|train_n=12|p=8,27,36,-1.62371,1.10791
1749507365,15,8,mean_p,12,0.37576809204088985,0.020101940965369252,mean_p|train_n=12|p=8,28,37,-1.62371,1.10791
450798937,15,8,mean_p,12,0.34543345728217478,0.027555767881853752,mean_p|train_n=12|p=8,29,38,-1.62371,1.10791
2933865246,15,8,mean_p,12,0.38735795874265994,0.017819869957073541,mean_p|train_n=12|p=8,30,42,-1.62371,1.10791
2252724125,15,8,mean_p,12,0.48408811968862264,0.0065181497136337129,mean_p|train_n=12|p=8,31,43,-1.62371,1.10791
960762431,15,8,mean_p,12,0.35651646599447845,0.024556572333554728,mean_p|train_n=12|p=8,32,44,-1.62371,1.10791
2588837083,15,8,mean_p,12,0.45245434653777272,0.0090565971542159555,mean_p|train_n=12|p=8,33,45,-1.62371,1.10791
4181323814,15,8,mean_p,12,0.30920321896506858,0.040161353893255661,mean_p|train_n=12|p=8,34,46,-1.62371,1.10791
604197064,15,8,mean_p,12,0.34177561931027262,0.028623932693036022,mean_p|train_n=12|p=8,35,47,-1.62371,1.10791
2864864633,15,8,mean_p,12,0.37593039892988611,0.020068046774242662,mean_p|train_n=12|p=8,36,48,-1.62371,1.10791
4153283354,15,8,mean_p,12,0.5367455552046112,0.0037700952068965344,mean_p|train_n=12|p=8,37,52,-1.62371,1.10791
2881273826,15,8,mean_p,12,0.35642353602165094,0.024580310660349998,mean_p|train_n=12|p=8,38,54,-1.62371,1.10791
3380536914,15,8,mean_p,12,0.37568406838378132,0.020119509923571671,mean_p|train_n=12|p=8,39,60,-1.62371,1.10791
2308449661,15,8,mean_p,12,0.24308072831140948,0.079869532273877095,mean_p|train_n=12|p=8,40,61,-1.62371,1.10791
2207239863,15,8,mean_p,12,0.42953778225904143,0.01149327105230521,mean_p|train_n=12|p=8,41,62,-1.62371,1.10791
3078517139,15,8,mean_p,12,0.38188347180546528,0.018863587984955126,mean_p|train_n=12|p=8,42,66,-1.62371,1.10791
2631433901,15,8,mean_p,12,0.24979035939486766,0.074487626831830481,mean_p|train_n=12|p=8,43,69,-1.62371,1.10791
621826281,15,8,mean_p,12,0.32764957765469688,0.033152381843618781,mean_p|train_n=12|p=8,44,70,-1.62371,1.10791
1465897700,15,8,mean_p,12,0.47653913615750659,0.0070503615498185672,mean_p|train_n=12|p=8,45,72,-1.62371,1.10791
1976324907,15,8,mean_p,12,0.38087245230067174,0.019062923719040649,mean_p|train_n=12|p=8,46,75,-1.62371,1.10791
2809648673,15,8,mean_p,12,0.31481700554853537,0.037884326667332602,mean_p|train_n=12|p=8,47,76,-1.62371,1.10791
1914204938,15,8,mean_p,12,0.36730912025246398,0.021949976360010157,mean_p|train_n=12|p=8,48,77,-1.62371,1.10791
2212661551,15,8,mean_p,12,0.30543415236748483,0.041766432036586879,mean_p|train_n=12|p=8,49,78,-1.62371,1.10791
2227875130,15,8,mean_p,12,0.53782263891915227,0.0037281107047415938,mean_p|train_n=12|p=8,50,79,-1.62371,1.10791
3321247869,15,8,mean_p,12,0.39953907468933886,0.01570005996565544,mean_p|train_n=12|p=8,51,80,-1.62371,1.10791
2491958171,15,8,mean_p,12,0.33666942791718385,0.030184643686616903,mean_p|train_n=12|p=8,52,82,-1.62371,1.10791
2144520912,15,8,mean_p,12,0.46008124489796554,0.0083661601269323042,mean_p|train_n=12|p=8,53,83,-1.62371,1.10791
2489437985,15,8,mean_p,12,0.41910025325040423,0.01281072736458851,mean_p|train_n=12|p=8,54,84,-1.62371,1.10791
148948694,15,8,mean_p,12,0.32155599595405865,0.035320756683683466,mean_p|train_n=12|p=8,55,85,-1.62371,1.10791
293487013,15,8,mean_p,12,0.2839972825228893,0.052194469655065419,mean_p|train_n=12|p=8,56,87,-1.62371,1.10791
2263163262,15,8,mean_p,12,0.36586687121521011,0.022281604446725403,mean_p|train_n=12|p=8,57,88,-1.62371,1.10791
65153508,15,8,mean_p,12,0.59816806564737068,0.0019906827212714164,mean_p|train_n=12|p=8,58,91,-1.62371,1.10791
804437708,15,8,mean_p,12,0.51044278062464776,0.0049558845355052224,mean_p|train_n=12|p=8,59,92,-1.62371,1.10791
2681963669,15,8,mean_p,12,0.4272552436920859,0.011769291991538668,mean_p|train_n=12|p=8,60,94,-1.62371,1.10791
3078610223,15,8,mean_p,12,0.31954635167395673,0.036066537202806295,mean_p|train_n=12|p=8,61,95,-1.62371,1.10791
4201802613,15,8,mean_p,12,0.41402528554601731,0.013504843361630856,mean_p|train_n=12|p=8,62,96,-1.62371,1.10791
3817877980,15,8,mean_p,12,0.54351428098909416,0.0035138925340087437,mean_p|train_n=12|p=8,63,97,-1.62371,1.10791
837511525,15,8,mean_p,12,0.47291689043099261,0.0073209502883557209,mean_p|train_n=12|p=8,64,98,-1.62371,1.10791
3039428203,15,8,mean_p,12,0.43977868597628794,0.010332403575039456,mean_p|train_n=12|p=8,65,99,-1.62371,1.10791
206972611,15,8,mean_p,12,0.36061804447136919,0.023531373356228274,mean_p|train_n=12|p=8,66,100,-1.62371,1.10791
1476377735,15,8,mean_p,12,0.53380580765598817,0.0038871079394577025,mean_p|train_n=12|p=8,67,102,-1.62371,1.10791
404776836,15,8,mean_p,12,0.25693535469367351,0.069154631164459565,mean_p|train_n=12|p=8,68,104,-1.62371,1.10791
4065902996,15,8,mean_p,12,0.56027911430011212,0.0029518053107664703,mean_p|train_n=12|p=8,69,105,-1.62371,1.10791
2353941478,15,8,mean_p,12,0.37421461987756,0.020429259216849349,mean_p|train_n=12|p=8,70,106,-1.62371,1.10791
3414259057,15,8,mean_p,12,0.29836407776770996,0.044952302793034471,mean_p|train_n=12|p=8,71,107,-1.62371,1.10791
1127557222,15,8,mean_p,12,0.30907290293796047,0.040215806308466918,mean_p|train_n=12|p=8,72,109,-1.62371,1.10791
3683442383,15,8,mean_p,12,0.4176293919640971,0.013008145596672788,mean_p|train_n=12|p=8,73,110,-1.62371,1.10791
2428469382,15,8,mean_p,12,0.41219362352670746,0.013764496492428674,mean_p|train_n=12|p=8,74,112,-1.62371,1.10791
2080991622,15,8,mean_p,12,0.41048990054146006,0.014010492607314712,mean_p|train_n=12|p=8,75,117,-1.62371,1.10791
3502245136,15,8,mean_p,12,0.55351004410232785,0.0031670367824120516,mean_p|train_n=12|p=8,76,119,-1.62371,1.10791
2968426083,15,8,mean_p,12,0.37454974985821682,0.02035819905227805,mean_p|train_n=12|p=8,77,120,-1.62371,1.10791
4204506306,15,8,mean_p,12,0.42311820689672092,0.012286577380987814,mean_p|train_n=12|p=8,78,121,-1.62371,1.10791
3866889888,15,8,mean_p,12,0.32085669948614687,0.035578500247636265,mean_p|train_n=12|p=8,79,122,-1.62371,1.10791
1671777312,15,8,mean_p,12,0.44082535553007296,0.010220571412407464,mean_p|train_n=12|p=8,80,124,-1.62371,1.10791
3177070880,15,8,mean_p,12,0.30145294213978263,0.043531570141599391,mean_p|train_n=12|p=8,81,125,-1.62371,1.10791
2305864834,15,8,mean_p,12,0.51333986799013309,0.0048088311310394349,mean_p|train_n=12|p=8,82,126,-1.62371,1.10791
1683231915,15,8,mean_p,12,0.4897420821208639,0.0061460225184894789,mean_p|train_n=12|p=8,83,130,-1.62371,1.10791
4019358612,15,8,mean_p,12,0.31071825600757103,0.039533682595444271,mean_p|train_n=12|p=8,84,134,-1.62371,1.10791
156790042,15,8,mean_p,12,0.37090159424026509,0.021145230341462932,mean_p|train_n=12|p=8,85,135,-1.62371,1.10791
4076446957,15,8,mean_p,12,0.32063929505909827,0.035659012814456138,mean_p|train_n=12|p=8,86,136,-1.62371,1.10791
2348126720,15,8,mean_p,12,0.34050459621055496,0.02900471104198029,mean_p|train_n=12|p=8,87,137,-1.62371,1.10791
3644343520,15,8,mean_p,12,0.39695131818823903,0.016128210984121497,mean_p|train_n=12|p=8,88,138,-1.62371,1.10791
3008429029,15,8,mean_p,12,0.30072675040763935,0.043861493394048302,mean_p|train_n=12|p=8,89,139,-1.62371,1.10791
1994137082,15,8,mean_p,12,0.41402691169097605,0.013504615032219445,mean_p|train_n=12|p=8,90,140,-1.62371,1.10791
1820497585,15,8,mean_p,12,0.30953334738173843,0.040023739820519925,mean_p|train_n=12|p=8,91,143,-1.62371,1.10791
3518886521,15,8,mean_p,12,0.41922437246956284,0.012794205869460519,mean_p|train_n=12|p=8,92,145,-1.62371,1.10791
1795175558,15,8,mean_p,12,0.34060156994408769,0.028975481604454338,mean_p|train_n=12|p=8,93,146,-1.62371,1.10791
3203184174,15,8,mean_p,12,0.4062792486564441,0.014637482642348921,mean_p|train_n=12|p=8,94,147,-1.62371,1.10791
1997633000,15,8,mean_p,12,0.23964810378186349,0.082771530443102592,mean_p|train_n=12|p=8,95,149,-1.62371,1.10791
2672569923,15,8,mean_p,12,0.33013144064311195,0.0323078462776933,mean_p|train_n=12|p=8,96,150,-1.62371,1.10791
373353172,15,8,mean_p,12,0.41510646556394587,0.01335388208441567,mean_p|train_n=12|p=8,97,154,-1.62371,1.10791
1251681373,15,8,mean_p,12,0.4006841963104853,0.015514242367812195,mean_p|train_n=12|p=8,98,157,-1.62371,1.10791
1596482923,15,8,mean_p,12,0.24979342224824741,0.074485254801978193,mean_p|train_n=12|p=8,99,158,-1.62371,1.10791
1292986496,15,8,mean_p,12,0.48609243033383553,0.0063837220158780321,mean_p|train_n=12|p=8,100,159,-1.62371,1.10791
1688117078,15,8,mean_p,12,0.42112730976226226,0.012543557255999852,mean_p|train_n=12|p=8,101,161,-1.62371,1.10791
2621741591,15,8,mean_p,12,0.41779572669693993,0.012985668533284311,mean_p|train_n=12|p=8,102,162,-1.62371,1.10791
3939394739,15,8,mean_p,12,0.50596939366540228,0.0051918308450507175,mean_p|train_n=12|p=8,103,163,-1.62371,1.10791
1789981880,15,8,mean_p,12,0.37475212270023356,0.020315408145951775,mean_p|train_n=12|p=8,104,165,-1.62371,1.10791
1152856732,15,8,mean_p,12,0.47686317137963474,0.0070266484160273644,mean_p|train_n=12|p=8,105,166,-1.62371,1.10791
2629586460,15,8,mean_p,12,0.30785607140096066,0.040727834796755638,mean_p|train_n=12|p=8,106,167,-1.62371,1.10791
3953801471,15,8,mean_p,12,0.37731700809227564,0.019780804028646903,mean_p|train_n=12|p=8,107,170,-1.62371,1.10791
2074673236,15,8,mean_p,12,0.37616293201245532,0.020019586966858446,mean_p|train_n=12|p=8,108,173,-1.62371,1.10791
2559872030,15,8,mean_p,12,0.3425730486879171,0.028387591664595965,mean_p|train_n=12|p=8,109,175,-1.62371,1.10791
3943054011,15,8,mean_p,12,0.42695807121781654,0.011805712562043991,mean_p|train_n=12|p=8,110,176,-1.62371,1.10791
773437388,15,8,mean_p,12,0.34442939343238715,0.027844942014129737,mean_p|train_n=12|p=8,111,177,-1.62371,1.10791
3202117737,15,8,mean_p,12,0.36844272431865754,0.021692785625012426,mean_p|train_n=12|p=8,112,178,-1.62371,1.10791
1807612457,15,8,mean_p,12,0.3713816166734184,0.021039959676416038,mean_p|train_n=12|p=8,113,182,-1.62371,1.10791
79264333,15,8,mean_p,12,0.54731461439385654,0.0033777558905608964,mean_p|train_n=12|p=8,114,183,-1.62371,1.10791
2243201336,15,8,mean_p,12,0.31028783175477542,0.039711000613105056,mean_p|train_n=12|p=8,115,184,-1.62371,1.10791
3189952414,15,8,mean_p,12,0.61828323547344055,0.0016150017772585343,mean_p|train_n=12|p=8,116,187,-1.62371,1.10791
2287453995,15,8,mean_p,12,0.3595838703456723,0.023785760193207967,mean_p|train_n=12|p=8,117,188,-1.62371,1.10791
2207211850,15,8,mean_p,12,0.5507574941917337,0.0032589831023171851,mean_p|train_n=12|p=8,118,189,-1.62371,1.10791
3336023352,15,8,mean_p,12,0.34818245696742117,0.026779320150341842,mean_p|train_n=12|p=8,119,191,-1.62371,1.10791
4129882854,15,8,mean_p,12,0.41309777294849659,0.013635707858427121,mean_p|train_n=12|p=8,120,196,-1.62371,1.10791
2978952924,15,8,mean_p,12,0.59748275972636333,0.00200491752233434,mean_p|train_n=12|p=8,121,200,-1.62371,1.10791
58988909,15,8,mean_p,12,0.3262883780173485,0.033624912641593223,mean_p|train_n=12|p=8,122,201,-1.62371,1.10791
1285360579,15,8,mean_p,12,0.52664536695265096,0.0041875423482263243,mean_p|train_n=12|p=8,123,203,-1.62371,1.10791
46393234,15,8,mean_p,12,0.3758150283620687,0.020092133477144388,mean_p|train_n=12|p=8,124,204,-1.62371,1.10791
3078773411,15,8,mean_p,12,0.42323388001712731,0.012271809473616405,mean_p|train_n=12|p=8,125,207,-1.62371,1.10791
3895092179,15,8,mean_p,12,0.46326287335156613,0.0080939345578658443,mean_p|train_n=12|p=8,126,209,-1.62371,1.10791
1463586285,15,8,mean_p,12,0.46254918205855178,0.0081542181499147433,mean_p|train_n=12|p=8,127,211,-1.62371,1.10791
1945208768,15,8,mean_p,12,0.44502396727682392,0.0097840025204006757,mean_p|train_n=12|p=8,128,212,-1.62371,1.10791
559273237,15,8,mean_p,12,0.36258593797565902,0.023054799515647609,mean_p|train_n=12|p=8,129,215,-1.62371,1.10791
2281778267,15,8,mean_p,12,0.42514926930885721,0.01202983746277219,mean_p|train_n=12|p=8,130,216,-1.62371,1.10791
3184253734,15,8,mean_p,12,0.35664092950544085,0.024524814889581508,mean_p|train_n=12|p=8,131,217,-1.62371,1.10791
2751457467,15,8,mean_p,12,0.40540767640039221,0.014770729129069057,mean_p|train_n=12|p=8,132,219,-1.62371,1.10791
1885825070,15,8,mean_p,12,0.5159841073779512,0.0046784241836822392,mean_p|train_n=12|p=8,133,221,-1.62371,1.10791
838919696,15,8,mean_p,12,0.31294425278827026,0.038629216008803598,mean_p|train_n=12|p=8,134,222,-1.62371,1.10791
2908541480,15,8,mean_p,12,0.38651700732523964,0.01797636197035311,mean_p|train_n=12|p=8,135,224,-1.62371,1.10791
2988765226,15,8,mean_p,12,0.37927522051426188,0.019382140177606359,mean_p|train_n=12|p=8,136,226,-1.62371,1.10791
910048342,15,8,mean_p,12,0.50646272360680444,0.0051652688065537359,mean_p|train_n=12|p=8,137,228,-1.62371,1.10791
3161510072,15,8,mean_p,12,0.43376025037003296,0.010999610468729508,mean_p|train_n=12|p=8,138,229,-1.62371,1.10791
3064815837,15,8,mean_p,12,0.45454595026983002,0.008861770904644059,mean_p|train_n=12|p=8,139,231,-1.62371,1.10791
484454816,15,8,mean_p,12,0.36296616221952754,0.022963837575279446,mean_p|train_n=12|p=8,140,232,-1.62371,1.10791
4215532002,15,8,mean_p,12,0.50397176422798673,0.0053007915959693121,mean_p|train_n=12|p=8,141,235,-1.62371,1.10791
1659132929,15,8,mean_p,12,0.29835208325113322,0.044957909120923921,mean_p|train_n=12|p=8,142,236,-1.62371,1.10791
1730373237,15,8,mean_p,12,0.37951215202310973,0.019334452469111221,mean_p|train_n=12|p=8,143,237,-1.62371,1.10791
4166392006,15,8,mean_p,12,0.43170254794854368,0.011237475501357858,mean_p|train_n=12|p=8,144,239,-1.62371,1.10791
1460361623,15,8,mean_p,12,0.45058447653876743,0.009234393027196669,mean_p|train_n=12|p=8,145,241,-1.62371,1.10791
2012045700,15,8,mean_p,12,0.46824799662708227,0.0076851016118801244,mean_p|train_n=12|p=8,146,243,-1.62371,1.10791
1969297983,15,8,mean_p,12,0.39243720032821605,0.016903220986178337,mean_p|train_n=12|p=8,147,245,-1.62371,1.10791
4094935196,15,8,mean_p,12,0.42632163705409754,0.011884091630099831,mean_p|train_n=12|p=8,148,246,-1.62371,1.10791
1828365358,15,8,mean_p,12,0.35883156131044291,0.023972539882184559,mean_p|train_n=12|p=8,149,249,-1.62371,1.10791
3290695851,15,8,mean_p,12,0.50548731618037379,0.005217918975415522,mean_p|train_n=12|p=8,150,250,-1.62371,1.10791
2003801040,15,8,mean_p,12,0.43320252413625504,0.011063580254984646,mean_p|train_n=12|p=8,151,251,-1.62371,1.10791
3190515698,15,8,mean_p,12,0.36582359265178671,0.022291632894831472,mean_p|train_n=12|p=8,152,252,-1.62371,1.10791
857852441,15,8,mean_p,12,0.35562946580081245,0.024784088532312197,mean_p|train_n=12|p=8,153,253,-1.62371,1.10791
116039122,15,8,mean_p,12,0.39142230565544645,0.017082529342791808,mean_p|train_n=12|p=8,154,254,-1.62371,1.10791
31542069,15,8,mean_p,12,0.28648062463245283,0.050864066941042549,mean_p|train_n=12|p=8,155,255,-1.62371,1.10791
1720108020,15,8,mean_p,12,0.27577668856846016,0.056851793452771297,mean_p|train_n=12|p=8,156,260,-1.62371,1.10791
168552559,15,8,mean_p,12,0.50703071823545687,0.0051348549052754721,mean_p|train_n=12|p=8,157,264,-1.62371,1.10791
807567460,15,8,mean_p,12,0.45752322379079763,0.0085916541965408346,mean_p|train_n=12|p=8,158,265,-1.62371,1.10791
766306436,15,8,mean_p,12,0.49091804693966534,0.0060713341631101723,mean_p|train_n=12|p=8,159,266,-1.62371,1.10791
717591078,15,8,mean_p,12,0.40383927775114686,0.015013569528407794,mean_p|train_n=12|p=8,160,267,-1.62371,1.10791
2717645789,15,8,mean_p,12,0.39365016227830674,0.016691385989400457,mean_p|train_n=12|p=8,161,268,-1.62371,1.10791
4001429386,15,8,mean_p,12,0.55695156296583015,0.0030557167952812874,mean_p|train_n=12|p=8,162,270,-1.62371,1.10791
2189770376,15,8,mean_p,12,0.57938494893954207,0.0024200050374019069,mean_p|train_n=12|p=8,163,271,-1.62371,1.10791
523753115,15,8,mean_p,12,0.32065906162689467,0.03565168503017755,mean_p|train_n=12|p=8,164,273,-1.62371,1.10791
3407685944,15,8,mean_p,12,0.44267246179109854,0.010026160699122464,mean_p|train_n=12|p=8,165,277,-1.62371,1.10791
333892163,15,8,mean_p,12,0.45960867994402982,0.0084073671994460853,mean_p|train_n=12|p=8,166,280,-1.62371,1.10791
3264325646,15,8,mean_p,12,0.43094073548920042,0.011326837865032946,mean_p|train_n=12|p=8,167,281,-1.62371,1.10791
3270681128,15,8,mean_p,12,0.29494602472497344,0.046578552907353792,mean_p|train_n=12|p=8,168,282,-1.62371,1.10791
2578854350,15,8,mean_p,12,0.31016739674309463,0.039760757390776086,mean_p|train_n=12|p=8,169,283,-1.62371,1.10791
2863000579,15,8,mean_p,12,0.48011202140578202,0.0067932594902037798,mean_p|train_n=12|p=8,170,291,-1.62371,1.10791
3864063231,15,8,mean_p,12,0.43468206848327995,0.010894690122806052,mean_p|train_n=12|p=8,171,292,-1.62371,1.10791
1308813784,15,8,mean_p,12,0.46041031192755683,0.0083375852392065658,mean_p|train_n=12|p=8,172,293,-1.62371,1.10791
1878448574,15,8,mean_p,12,0.3932563003849881,0.016759878426566208,mean_p|train_n=12|p=8,173,294,-1.62371,1.10791
3487519203,15,8,mean_p,12,0.29124971696142643,0.048403468613441983,mean_p|train_n=12|p=8,174,297,-1.62371,1.10791
2810363378,15,8,mean_p,12,0.39772647811633366,0.015998748091167983,mean_p|train_n=12|p=8,175,298,-1.62371,1.10791
681001952,15,8,mean_p,12,0.52464355732469858,0.0042756119596658732,mean_p|train_n=12|p=8,176,300,-1.62371,1.10791
3474691110,15,8,mean_p,12,0.3086026567671738,0.04041291278178686,mean_p|train_n=12|p=8,177,301,-1.62371,1.10791
3926158643,15,8,mean_p,12,0.42967099669733005,0.011477363222344035,mean_p|train_n=12|p=8,178,302,-1.62371,1.10791
1943422221,15,8,mean_p,12,0.34707059544144447,0.027090692228849963,mean_p|train_n=12|p=8,179,306,-1.62371,1.10791
3075426975,15,8,mean_p,12,0.47971932609930246,0.0068210526250489902,mean_p|train_n=12|p=8,180,307,-1.62371,1.10791
133462899,15,8,mean_p,12,0.50082762648601009,0.0054769392850581959,mean_p|train_n=12|p=8,181,308,-1.62371,1.10791
3046172289,15,8,mean_p,12,0.47033424196245915,0.007520198041538655,mean_p|train_n=12|p=8,182,310,-1.62371,1.10791
2151924372,15,8,mean_p,12,0.28723362819093384,0.050467400129733435,mean_p|train_n=12|p=8,183,314,-1.62371,1.10791
2043047082,15,8,mean_p,12,0.50483105405666062,0.0052536441115664271,mean_p|train_n=12|p=8,184,316,-1.62371,1.10791
2810472115,15,8,mean_p,12,0.47671269228657959,0.0070376506504373311,mean_p|train_n=12|p=8,185,317,-1.62371,1.10791
321425531,15,8,mean_p,12,0.40797674813361667,0.014381408390755558,mean_p|train_n=12|p=8,186,320,-1.62371,1.10791
3712756549,15,8,mean_p,12,0.34377982390673345,0.028033635129381701,mean_p|train_n=12|p=8,187,322,-1.62371,1.10791
2748066358,15,8,mean_p,12,0.49126803859365087,0.0060492811162727901,mean_p|train_n=12|p=8,188,323,-1.62371,1.10791
1349206808,15,8,mean_p,12,0.28868426337042313,0.049711934276948783,mean_p|train_n=12|p=8,189,324,-1.62371,1.10791
1052236281,15,8,mean_p,12,0.41517608584664867,0.013344219287196158,mean_p|train_n=12|p=8,190,325,-1.62371,1.10791
1425662472,15,8,mean_p,12,0.38966956322199631,0.017396688856731835,mean_p|train_n=12|p=8,191,326,-1.62371,1.10791
3341620914,15,8,mean_p,12,0.46005983139896173,0.0083680229811825737,mean_p|train_n=12|p=8,192,327,-1.62371,1.10791
56929879,15,8,mean_p,12,0.50979119225565706,0.0049895731508242565,mean_p|train_n=12|p=8,193,329,-1.62371,1.10791
1121915107,15,8,mean_p,12,0.45233653685655895,0.0090676973019843381,mean_p|train_n=12|p=8,194,330,-1.62371,1.10791
664091195,15,8,mean_p,12,0.36023485683603818,0.023625311267865677,mean_p|train_n=12|p=8,195,331,-1.62371,1.10791
1127453611,15,8,mean_p,12,0.5212836599753895,0.0044276137906412924,mean_p|train_n=12|p=8,196,332,-1.62371,1.10791
2573707294,15,8,mean_p,12,0.38439873656359447,0.018376667183983522,mean_p|train_n=12|p=8,197,333,-1.62371,1.10791
146608677,15,8,mean_p,12,0.44549300333332231,0.0097364053668161001,mean_p|train_n=12|p=8,198,336,-1.62371,1.10791
1340984070,15,8,mean_p,12,0.34098777399535796,0.028859365473180069,mean_p|train_n=12|p=8,199,338,-1.62371,1.10791
2821763753,15,8,mean_p,12,0.28069691229897653,0.054016587682685982,mean_p|train_n=12|p=8,200,340,-1.62371,1.10791
3570492168,15,8,mean_p,12,0.45965079337588904,0.0084036867378286303,mean_p|train_n=12|p=8,201,341,-1.62371,1.10791
2720089515,15,8,mean_p,12,0.27342078287057475,0.058261564660447372,mean_p|train_n=12|p=8,202,343,-1.62371,1.10791
950184121,15,8,mean_p,12,0.37926319389413848,0.019384563935278543,mean_p|train_n=12|p=8,203,347,-1.62371,1.10791
1339629080,15,8,mean_p,12,0.39557247081267105,0.016361092967019489,mean_p|train_n=12|p=8,204,348,-1.62371,1.10791
410431404,15,8,mean_p,12,0.5049670051398073,0.0052462232703698927,mean_p|train_n=12|p=8,205,353,-1.62371,1.10791
2179877366,15,8,mean_p,12,0.37644111861121765,0.019961766696182656,mean_p|train_n=12|p=8,206,354,-1.62371,1.10791
1573340796,15,8,mean_p,12,0.24625933727426216,0.077273092195814075,mean_p|train_n=12|p=8,207,355,-1.62371,1.10791
2066225607,15,8,mean_p,12,0.34166559833103316,0.028656694658559859,mean_p|train_n=12|p=8,208,357,-1.62371,1.10791
885059827,15,8,mean_p,12,0.43923526337418406,0.010390947691388947,mean_p|train_n=12|p=8,209,360,-1.62371,1.10791
1104877926,15,8,mean_p,12,0.58145011848151773,0.0023685965933664074,mean_p|train_n=12|p=8,210,362,-1.62371,1.10791
551618841,15,8,mean_p,12,0.36631244472797608,0.022178618740296467,mean_p|train_n=12|p=8,211,363,-1.62371,1.10791
2927282929,15,8,mean_p,12,0.34907082470599438,0.026533110597269247,mean_p|train_n=12|p=8,212,364,-1.62371,1.10791
3003346970,15,8,mean_p,12,0.28624245788593788,0.050990176135686953,mean_p|train_n=12|p=8,213,366,-1.62371,1.10791
1820467846,15,8,mean_p,12,0.29320036611201888,0.047431671104413917,mean_p|train_n=12|p=8,214,367,-1.62371,1.10791
1484678245,15,8,mean_p,12,0.45917523728803661,0.0084453412869553331,mean_p|train_n=12|p=8,215,368,-1.62371,1.10791
3014182356,15,8,mean_p,12,0.47687296456366579,0.0070259329866827914,mean_p|train_n=12|p=8,216,372,-1.62371,1.10791
3958420499,15,8,mean_p,12,0.46475885431457348,0.0079690153159567411,mean_p|train_n=12|p=8,217,373,-1.62371,1.10791
498194039,15,8,mean_p,12,0.26977434510999471,0.060512828172905986,mean_p|train_n=12|p=8,218,377,-1.62371,1.10791
3170447944,15,8,mean_p,12,0.40874575213502157,0.014266880385628067,mean_p|train_n=12|p=8,219,382,-1.62371,1.10791
3611316799,15,8,mean_p,12,0.42725976900010654,0.011768738252699125,mean_p|train_n=12|p=8,220,385,-1.62371,1.10791
3577492290,15,8,mean_p,12,0.37992062525857506,0.019252513535139432,mean_p|train_n=12|p=8,221,389,-1.62371,1.10791
3884942597,15,8,mean_p,12,0.28572418536139654,0.051265682769477169,mean_p|train_n=12|p=8,222,390,-1.62371,1.10791
1615039255,15,8,mean_p,12,0.34774156149589996,0.0269023605424768,mean_p|train_n=12|p=8,223,391,-1.62371,1.10791
218890245,15,8,mean_p,12,0.38319675644937751,0.018607765786612173,mean_p|train_n=12|p=8,224,393,-1.62371,1.10791
371354897,15,8,mean_p,12,0.59951356918602638,0.0019630279942618135,mean_p|train_n=12|p=8,225,396,-1.62371,1.10791
3000522469,15,8,mean_p,12,0.45779676601793767,0.0085672535996181541,mean_p|train_n=12|p=8,226,399,-1.62371,1.10791
616972835,15,8,mean_p,12,0.4484688655250309,0.0094397673371775497,mean_p|train_n=12|p=8,227,400,-1.62371,1.10791
1765886066,15,8,mean_p,12,0.50413755699219176,0.0052916620587845275,mean_p|train_n=12|p=8,228,403,-1.62371,1.10791
1731846360,15,8,mean_p,12,0.33461690974535307,0.03083572022685865,mean_p|train_n=12|p=8,229,404,-1.62371,1.10791
342529834,15,8,mean_p,12,0.3187241299236353,0.03637618486201346,mean_p|train_n=12|p=8,230,405,-1.62371,1.10791
1119258513,15,8,mean_p,12,0.48984683756280406,0.0061393321355993936,mean_p|train_n=12|p=8,231,408,-1.62371,1.10791
3970284359,15,8,mean_p,12,0.60613111571140788,0.0018325055261470503,mean_p|train_n=12|p=8,232,409,-1.62371,1.10791
748040826,15,8,mean_p,12,0.35962457326417707,0.023775696267694234,mean_p|train_n=12|p=8,233,410,-1.62371,1.10791
3132398046,15,8,mean_p,12,0.52549523734382375,0.0042379181510155345,mean_p|train_n=12|p=8,234,411,-1.62371,1.10791
2798831567,15,8,mean_p,12,0.44409866335287745,0.0098785845080494386,mean_p|train_n=12|p=8,235,413,-1.62371,1.10791
3250947496,15,8,mean_p,12,0.48981602034221944,0.0061412995728729412,mean_p|train_n=12|p=8,236,415,-1.62371,1.10791
3513790064,15,8,mean_p,12,0.47223092150252888,0.007373351131147894,mean_p|train_n=12|p=8,237,418,-1.62371,1.10791
4034607863,15,8,mean_p,12,0.32900897751334296,0.032687103176901822,mean_p|train_n=12|p=8,238,420,-1.62371,1.10791
3555963172,15,8,mean_p,12,0.35294358764447326,0.025485954306315697,mean_p|train_n=12|p=8,239,422,-1.62371,1.10791
2135607761,15,8,mean_p,12,0.53512981971102414,0.0038339645274783566,mean_p|train_n=12|p=8,240,423,-1.62371,1.10791
820634948,15,8,mean_p,12,0.31463154833023194,0.037957447110180655,mean_p|train_n=12|p=8,241,424,-1.62371,1.10791
331998393,15,8,mean_p,12,0.46767269765399366,0.0077312078243490356,mean_p|train_n=12|p=8,242,425,-1.62371,1.10791
2113800269,15,8,mean_p,12,0.47271923822041662,0.0073360105381280608,mean_p|train_n=12|p=8,243,426,-1.62371,1.10791
1653990338,15,8,mean_p,12,0.3331328300737707,0.031315214014985666,mean_p|train_n=12|p=8,244,428,-1.62371,1.10791
2083962107,15,8,mean_p,12,0.31197590888696886,0.039020102196352102,mean_p|train_n=12|p=8,245,429,-1.62371,1.10791
1441484177,15,8,mean_p,12,0.34124800752238643,0.028781386171292847,mean_p|train_n=12|p=8,246,430,-1.62371,1.10791
2250110207,15,8,mean_p,12,0.43766104250893989,0.010562421008204726,mean_p|train_n=12|p=8,247,431,-1.62371,1.10791
3387045562,15,8,mean_p,12,0.59690691682223407,0.0020169572869054454,mean_p|train_n=12|p=8,248,432,-1.62371,1.10791
4196913457,15,8,mean_p,12,0.34355404592196109,0.028099520284573049,mean_p|train_n=12|p=8,249,434,-1.62371,1.10791
519905161,15,8,mean_p,12,0.30125009535146802,0.043623476856019347,mean_p|train_n=12|p=8,250,435,-1.62371,1.10791
1422649769,15,8,mean_p,12,0.4467974917184111,0.0096052416434543892,mean_p|train_n=12|p=8,251,437,-1.62371,1.10791
1188056895,15,8,mean_p,12,0.4071288897873217,0.014508746112710313,mean_p|train_n=12|p=8,252,438,-1.62371,1.10791
4176338790,15,8,mean_p,12,0.4906858084598858,0.0060860119126637654,mean_p|train_n=12|p=8,253,443,-1.62371,1.10791
909208943,15,8,mean_p,12,0.54338011757900406,0.003518797570278166,mean_p|train_n=12|p=8,254,444,-1.62371,1.10791
2400495422,15,8,mean_p,12,0.28001043533347547,0.054403507196122261,mean_p|train_n=12|p=8,255,445,-1.62371,1.10791
1896014668,15,8,mean_p,12,0.42561556902961917,0.011971655377318764,mean_p|train_n=12|p=8,256,447,-1.62371,1.10791
405677619,15,8,mean_p,12,0.40848531392618526,0.014305565026599222,mean_p|train_n=12|p=8,257,449,-1.62371,1.10791
860559547,15,8,mean_p,12,0.51851094405190434,0.0045571129344069948,mean_p|train_n=12|p=8,258,452,-1.62371,1.10791
3858529869,15,8,mean_p,12,0.41760759885518417,0.013011093413559332,mean_p|train_n=12|p=8,259,454,-1.62371,1.10791
3412335133,15,8,mean_p,12,0.45167163077284733,0.0091306009859474738,mean_p|train_n=12|p=8,260,459,-1.62371,1.10791
3029889216,15,8,mean_p,12,0.45835549882497084,0.0085176284692204934,mean_p|train_n=12|p=8,261,460,-1.62371,1.10791
334049216,15,8,mean_p,12,0.50820894926582949,0.0050723350524901267,mean_p|train_n=12|p=8,262,462,-1.62371,1.10791
3976803889,15,8,mean_p,12,0.28696916910158188,0.050606358068445205,mean_p|train_n=12|p=8,263,463,-1.62371,1.10791
2892633550,15,8,mean_p,12,0.2924205093835523,0.047817826281094052,mean_p|train_n=12|p=8,264,467,-1.62371,1.10791
1282472107,15,8,mean_p,12,0.39958930994659847,0.015691861864938615,mean_p|train_n=12|p=8,265,468,-1.62371,1.10791
1220254309,15,8,mean_p,12,0.38514155348558093,0.018235286765798761,mean_p|train_n=12|p=8,266,469,-1.62371,1.10791
729052125,15,8,mean_p,12,0.43808414936628942,0.010516057600452192,mean_p|train_n=12|p=8,267,471,-1.62371,1.10791
1984464,15,8,mean_p,12,0.36992511026440833,0.021361005159431401,mean_p|train_n=12|p=8,268,473,-1.62371,1.10791
1569002476,15,8,mean_p,12,0.35262932907407618,0.025569363601877042,mean_p|train_n=12|p=8,269,475,-1.62371,1.10791
987398818,15,8,mean_p,12,0.33335084632494422,0.031244310323916082,mean_p|train_n=12|p=8,270,478,-1.62371,1.10791
2072057734,15,8,mean_p,12,0.4135599322816586,0.013570343180567237,mean_p|train_n=12|p=8,271,481,-1.62371,1.10791
2274780257,15,8,mean_p,12,0.38760522885746934,0.017774115360266657,mean_p|train_n=12|p=8,272,482,-1.62371,1.10791
2917185036,15,8,mean_p,12,0.25931552308540806,0.067464256443202253,mean_p|train_n=12|p=8,273,484,-1.62371,1.10791
147238522,15,8,mean_p,12,0.36558431345041281,0.022347159854102752,mean_p|train_n=12|p=8,274,486,-1.62371,1.10791
1138453193,15,8,mean_p,12,0.35601751986671804,0.024684294152092383,mean_p|train_n=12|p=8,275,487,-1.62371,1.10791
53177877,15,8,mean_p,12,0.49801150147795847,0.0056396739691120497,mean_p|train_n=12|p=8,276,489,-1.62371,1.10791
1055024671,15,8,mean_p,12,0.29102397654974121,0.04851720836538969,mean_p|train_n=12|p=8,277,490,-1.62371,1.10791
2549234334,15,8,mean_p,12,0.58215732169826206,0.0023512443210017974,mean_p|train_n=12|p=8,278,494,-1.62371,1.10791
1638554680,15,8,mean_p,12,0.48046617031246275,0.0067682916196429186,mean_p|train_n=12|p=8,279,495,-1.62371,1.10791
2849924625,15,8,mean_p,12,0.36737011849907802,0.021936059847369467,mean_p|train_n=12|p=8,280,496,-1.62371,1.10791
3157933669,15,8,mean_p,12,0.36786770963756865,0.021822865421692476,mean_p|train_n=12|p=8,281,497,-1.62371,1.10791
3443565357,15,8,mean_p,12,0.36491308654078813,0.022503663601852044,mean_p|train_n=12|p=8,282,499,-1.62371,1.10791
2546416373,15,8,mean_p,12,0.41382730410701124,0.01353267109363843,mean_p|train_n=12|p=8,283,501,-1.62371,1.10791
2557563101,15,8,mean_p,12,0.31276867271562592,0.038699799690932755,mean_p|train_n=12|p=8,284,502,-1.62371,1.10791
664767458,15,8,mean_p,12,0.35225187474214559,0.02566990699087867,mean_p|train_n=12|p=8,285,504,-1.62371,1.10791
1912385331,15,8,mean_p,12,0.45500198834085798,0.0088198520761598922,mean_p|train_n=12|p=8,286,508,-1.62371,1.10791
356136474,15,8,mean_p,12,0.44084341378717418,0.010218652624560424,mean_p|train_n=12|p=8,287,510,-1.62371,1.10791
1500530536,15,8,mean_p,12,0.24141340366524125,0.081266183058619684,mean_p|train_n=12|p=8,288,511,-1.62371,1.10791
4114193065,15,8,mean_p,12,0.52562715742324007,0.0042321094050521866,mean_p|train_n=12|p=8,289,512,-1.62371,1.10791
1313787036,15,8,mean_p,12,0.42113397441371142,0.012542688095799849,mean_p|train_n=12|p=8,290,514,-1.62371,1.10791
513408841,15,8,mean_p,12,0.33194084965963572,0.031705726719153629,mean_p|train_n=12|p=8,291,515,-1.62371,1.10791
2327494160,15,8,mean_p,12,0.46914293121337569,0.0076139247761007958,mean_p|train_n=12|p=8,292,516,-1.62371,1.10791
2242637400,15,8,mean_p,12,0.4387909767841921,0.010439058044752817,mean_p|train_n=12|p=8,293,519,-1.62371,1.10791
3528239910,15,8,mean_p,12,0.31969749414483295,0.036009904603975393,mean_p|train_n=12|p=8,294,524,-1.62371,1.10791
147639185,15,8,mean_p,12,0.31423607778949753,0.038113841447075615,mean_p|train_n=12|p=8,295,525,-1.62371,1.10791
4103091656,15,8,mean_p,12,0.5527297164639009,0.0031928361923491285,mean_p|train_n=12|p=8,296,526,-1.62371,1.10791
2083848920,15,8,mean_p,12,0.3807572721315477,0.019085766239002759,mean_p|train_n=12|p=8,297,527,-1.62371,1.10791
1100851014,15,8,mean_p,12,0.44796030962772054,0.0094898128784241895,mean_p|train_n=12|p=8,298,530,-1.62371,1.10791
980897979,15,8,mean_p,12,0.42041927360648101,0.01263623861720945,mean_p|train_n=12|p=8,299,531,-1.62371,1.10791
2041371980,15,8,mean_p,12,0.4403835624301996,0.010267626724135689,mean_p|train_n=12|p=8,300,533,-1.62371,1.10791
530437217,15,8,mean_p,12,0.35696009376719007,0.02444356620699387,mean_p|train_n=12|p=8,301,534,-1.62371,1.10791
329307522,15,8,mean_p,12,0.41910903346876188,0.012809557929818494,mean_p|train_n=12|p=8,302,536,-1.62371,1.10791
2506292540,15,8,mean_p,12,0.35752659333871606,0.02430001643692983,mean_p|train_n=12|p=8,303,538,-1.62371,1.10791
1694480934,15,8,mean_p,12,0.31297734795000437,0.038615926087649896,mean_p|train_n=12|p=8,304,540,-1.62371,1.10791
3542129334,15,8,mean_p,12,0.4224963361541994,0.012366276319043547,mean_p|train_n=12|p=8,305,543,-1.62371,1.10791
2996698850,15,8,mean_p,12,0.37002314579911688,0.021339243069109854,mean_p|train_n=12|p=8,306,544,-1.62371,1.10791
152402109,15,8,mean_p,12,0.56577640792653205,0.002787821452048395,mean_p|train_n=12|p=8,307,545,-1.62371,1.10791
291680290,15,8,mean_p,12,0.31315547254325365,0.03854447563803453,mean_p|train_n=12|p=8,308,546,-1.62371,1.10791
812520200,15,8,mean_p,12,0.25874515015716232,0.067865527415389412,mean_p|train_n=12|p=8,309,547,-1.62371,1.10791
3536155490,15,8,mean_p,12,0.50831672206319312,0.0050666545008768073,mean_p|train_n=12|p=8,310,548,-1.62371,1.10791
1598599634,15,8,mean_p,12,0.29915453326396363,0.044584374928952702,mean_p|train_n=12|p=8,311,549,-1.62371,1.10791
2057498945,15,8,mean_p,12,0.3364270580503555,0.03026080399911233,mean_p|train_n=12|p=8,312,550,-1.62371,1.10791
1742943007,15,8,mean_p,12,0.45391639948759871,0.0089199665025099864,mean_p|train_n=12|p=8,313,554,-1.62371,1.10791
2760496678,15,8,mean_p,12,0.52027855562558667,0.0044741261992225197,mean_p|train_n=12|p=8,314,559,-1.62371,1.10791
1653193600,15,8,mean_p,12,0.36462034003485966,0.022572263390269749,mean_p|train_n=12|p=8,315,561,-1.62371,1.10791
1951814946,15,8,mean_p,12,0.3237134704914289,0.034537271985091787,mean_p|train_n=12|p=8,316,562,-1.62371,1.10791
3987695004,15,8,mean_p,12,0.43565638571037019,0.010784882092767383,mean_p|train_n=12|p=8,317,563,-1.62371,1.10791
1119509086,15,8,mean_p,12,0.39061677571461267,0.017226200806808267,mean_p|train_n=12|p=8,318,564,-1.62371,1.10791
3909639438,15,8,mean_p,12,0.32197430747382338,0.035167470697012808,mean_p|train_n=12|p=8,319,566,-1.62371,1.10791
2980395783,15,8,mean_p,12,0.31174032977723232,0.039115793810460125,mean_p|train_n=12|p=8,320,568,-1.62371,1.10791
3977436406,15,8,mean_p,12,0.41870625428122016,0.012863314006614914,mean_p|train_n=12|p=8,321,569,-1.62371,1.10791
135494505,15,8,mean_p,12,0.38083966802914204,0.019069422707834814,mean_p|train_n=12|p=8,322,570,-1.62371,1.10791
818773329,15,8,mean_p,12,0.73786925907064516,0.00046578800688222728,mean_p|train_n=12|p=8,323,571,-1.62371,1.10791
1860807923,15,8,mean_p,12,0.3724096815866566,0.02081626114120394,mean_p|train_n=12|p=8,324,575,-1.62371,1.10791
587992429,15,8,mean_p,12,0.50280473258393987,0.0053655025172558444,mean_p|train_n=12|p=8,325,577,-1.62371,1.10791
3430447747,15,8,mean_p,12,0.34558101239082301,0.027513525306073042,mean_p|train_n=12|p=8,326,580,-1.62371,1.10791
1430577898,15,8,mean_p,12,0.30830020252307855,0.040540198475581463,mean_p|train_n=12|p=8,327,581,-1.62371,1.10791
969708477,15,8,mean_p,12,0.52810670500601165,0.0041243984334487852,mean_p|train_n=12|p=8,328,582,-1.62371,1.10791
3012228489,15,8,mean_p,12,0.5615157735301699,0.0029140945383185268,mean_p|train_n=12|p=8,329,583,-1.62371,1.10791
1110610059,15,8,mean_p,12,0.36608876797657597,0.022230257661456386,mean_p|train_n=12|p=8,330,584,-1.62371,1.10791
2449582340,15,8,mean_p,12,0.47071400265551311,0.007490563453384164,mean_p|train_n=12|p=8,331,585,-1.62371,1.10791
2109070709,15,8,mean_p,12,0.33970830732927598,0.029245843102101942,mean_p|train_n=12|p=8,332,586,-1.62371,1.10791
3939085467,15,8,mean_p,12,0.31014893616554173,0.039768389741735077,mean_p|train_n=12|p=8,333,588,-1.62371,1.10791
4140113326,15,8,mean_p,12,0.50232311339466629,0.0053924376253502524,mean_p|train_n=12|p=8,334,590,-1.62371,1.10791
2081229828,15,8,mean_p,12,0.32102650694080803,0.035515740991515561,mean_p|train_n=12|p=8,335,591,-1.62371,1.10791
2771211295,15,8,mean_p,12,0.39024693844897257,0.017292567801754848,mean_p|train_n=12|p=8,336,592,-1.62371,1.10791
3800859207,15,8,mean_p,12,0.31556069043326823,0.037592525319581876,mean_p|train_n=12|p=8,337,594,-1.62371,1.10791
2726471884,15,8,mean_p,12,0.46236290956635079,0.0081700258392107278,mean_p|train_n=12|p=8,338,596,-1.62371,1.10791
2273424673,15,8,mean_p,12,0.4702728948007317,0.0075249962485915318,mean_p|train_n=12|p=8,339,597,-1.62371,1.10791
1919465923,15,8,mean_p,12,0.46437738499970327,0.0080006849123344451,mean_p|train_n=12|p=8,340,598,-1.62371,1.10791
2910924580,15,8,mean_p,12,0.46182576309141105,0.0082157816413773333,mean_p|train_n=12|p=8,341,599,-1.62371,1.10791
3345811249,15,8,mean_p,12,0.50877913016964105,0.0050423537396863463,mean_p|train_n=12|p=8,342,601,-1.62371,1.10791
3011639940,15,8,mean_p,12,0.35366147830633404,0.025296433832764961,mean_p|train_n=12|p=8,343,606,-1.62371,1.10791
1971551187,15,8,mean_p,12,0.44156055651783727,0.010142742823803246,mean_p|train_n=12|p=8,344,607,-1.62371,1.10791
1101130537,15,8,mean_p,12,0.44450525107436983,0.0098369121516260951,mean_p|train_n=12|p=8,345,608,-1.62371,1.10791
2497414195,15,8,mean_p,12,0.50448416251147832,0.0052726266595288247,mean_p|train_n=12|p=8,346,609,-1.62371,1.10791
4065043017,15,8,mean_p,12,0.45676649689333348,0.0086595186383582635,mean_p|train_n=12|p=8,347,610,-1.62371,1.10791
1261630336,15,8,mean_p,12,0.55080067466113969,0.0032575202896853528,mean_p|train_n=12|p=8,348,613,-1.62371,1.10791
2054326850,15,8,mean_p,12,0.31071243423572931,0.039536075648440007,mean_p|train_n=12|p=8,349,614,-1.62371,1.10791
3897237430,15,8,mean_p,12,0.33231715190209027,0.031581920651840983,mean_p|train_n=12|p=8,350,618,-1.62371,1.10791
2778362337,15,8,mean_p,12,0.3691772975919399,0.021527737817867744,mean_p|train_n=12|p=8,351,619,-1.62371,1.10791
1649201765,15,8,mean_p,12,0.57524011593142166,0.0025265741935043833,mean_p|train_n=12|p=8,352,620,-1.62371,1.10791
1523608600,15,8,mean_p,12,0.58507267952214581,0.002281043709347869,mean_p|train_n=12|p=8,353,621,-1.62371,1.10791
2082971359,15,8,mean_p,12,0.45171777474682551,0.0091262214620359966,mean_p|train_n=12|p=8,354,622,-1.62371,1.10791
4042576828,15,8,mean_p,12,0.37384746495118848,0.020507394627226998,mean_p|train_n=12|p=8,355,625,-1.62371,1.10791
4221984764,15,8,mean_p,12,0.65321754637474261,0.0011231270126388581,mean_p|train_n=12|p=8,356,627,-1.62371,1.10791
2049359490,15,8,mean_p,12,0.40476864538822643,0.014869194641216587,mean_p|train_n=12|p=8,357,628,-1.62371,1.10791
3984231434,15,8,mean_p,12,0.52129867237720762,0.0044269227513548618,mean_p|train_n=12|p=8,358,630,-1.62371,1.10791
4246336119,15,8,mean_p,12,0.37834968667042029,0.019569554178051826,mean_p|train_n=12|p=8,359,631,-1.62371,1.10791
42882380,15,8,mean_p,12,0.36854147381220587,0.021670524659778933,mean_p|train_n=12|p=8,360,634,-1.62371,1.10791
1940304667,15,8,mean_p,12,0.47661217146879592,0.0070450097962149773,mean_p|train_n=12|p=8,361,636,-1.62371,1.10791
3828228739,15,8,mean_p,12,0.546985081496146,0.0033893486804456954,mean_p|train_n=12|p=8,362,637,-1.62371,1.10791
1243220819,15,8,mean_p,12,0.36790301607188286,0.021814855972624603,mean_p|train_n=12|p=8,363,638,-1.62371,1.10791
1727055974,15,8,mean_p,12,0.32165812271940342,0.035283271836723876,mean_p|train_n=12|p=8,364,639,-1.62371,1.10791
1428262951,15,8,mean_p,12,0.39289230440876027,0.016823427061912512,mean_p|train_n=12|p=8,365,641,-1.62371,1.10791
1151345845,15,8,mean_p,12,0.27378487257618717,0.058041431479875366,mean_p|train_n=12|p=8,366,650,-1.62371,1.10791
1152618331,15,8,mean_p,12,0.39955026391435067,0.015698233578783458,mean_p|train_n=12|p=8,367,651,-1.62371,1.10791
2245769722,15,8,mean_p,12,0.44738604460401266,0.0095466436971349839,mean_p|train_n=12|p=8,368,652,-1.62371,1.10791
278584991,15,8,mean_p,12,0.44642767206826817,0.0096422457750878817,mean_p|train_n=12|p=8,369,656,-1.62371,1.10791
2819346752,15,8,mean_p,12,0.29404931653142968,0.047014847613489667,mean_p|train_n=12|p=8,370,658,-1.62371,1.10791
3888883163,15,8,mean_p,12,0.50992123597739902,0.0049828313497420175,mean_p|train_n=12|p=8,371,659,-1.62371,1.10791
2633289746,15,8,mean_p,12,0.34263223988702929,0.028370126657066241,mean_p|train_n=12|p=8,372,661,-1.62371,1.10791
3613967877,15,8,mean_p,12,0.33639472580978719,0.030270978332951892,mean_p|train_n=12|p=8,373,662,-1.62371,1.10791
210051334,15,8,mean_p,12,0.38853483077151696,0.017603151376577621,mean_p|train_n=12|p=8,374,664,-1.62371,1.10791
3917727021,15,8,mean_p,12,0.59325813556346796,0.0020949448298589052,mean_p|train_n=12|p=8,375,665,-1.62371,1.10791
961472200,15,8,mean_p,12,0.39348363013255228,0.016720311646692063,mean_p|train_n=12|p=8,376,668,-1.62371,1.10791
1313386596,15,8,mean_p,12,0.37713173988100113,0.019818943961206405,mean_p|train_n=12|p=8,377,669,-1.62371,1.10791
289375755,15,8,mean_p,12,0.41125220538583823,0.013899886561335398,mean_p|train_n=12|p=8,378,670,-1.62371,1.10791
3197941569,15,8,mean_p,12,0.41665034605537593,0.013141236219568048,mean_p|train_n=12|p=8,379,671,-1.62371,1.10791
754949399,15,8,mean_p,12,0.43548076771688521,0.010804592594974245,mean_p|train_n=12|p=8,380,673,-1.62371,1.10791
3062236717,15,8,mean_p,12,0.3336182715803146,0.031157556934964487,mean_p|train_n=12|p=8,381,674,-1.62371,1.10791
2752871637,15,8,mean_p,12,0.53222841537280252,0.0039513839950518267,mean_p|train_n=12|p=8,382,675,-1.62371,1.10791
2417848959,15,8,mean_p,12,0.49269018273397075,0.0059604925078468067,mean_p|train_n=12|p=8,383,676,-1.62371,1.10791
2582568022,15,8,mean_p,12,0.33680091312596872,0.030143407086583807,mean_p|train_n=12|p=8,384,678,-1.62371,1.10791
2505789484,15,8,mean_p,12,0.3091378706034002,0.040188650415341753,mean_p|train_n=12|p=8,385,679,-1.62371,1.10791
3340406075,15,8,mean_p,12,0.42967247108652901,0.011477187281100204,mean_p|train_n=12|p=8,386,680,-1.62371,1.10791
2499150434,15,8,mean_p,12,0.37991714113879893,0.019253210972326955,mean_p|train_n=12|p=8,387,681,-1.62371,1.10791
3744979627,15,8,mean_p,12,0.38991043285378418,0.017353175592791724,mean_p|train_n=12|p=8,388,682,-1.62371,1.10791
1174754596,15,8,mean_p,12,0.35518060643330279,0.024900023317099083,mean_p|train_n=12|p=8,389,686,-1.62371,1.10791
3305583671,15,8,mean_p,12,0.29206673602377076,0.047994036318708189,mean_p|train_n=12|p=8,390,691,-1.62371,1.10791
3522267464,15,8,mean_p,12,0.36217314880900509,0.023153960004426429,mean_p|train_n=12|p=8,391,692,-1.62371,1.10791
1630552327,15,8,mean_p,12,0.58355843057577073,0.0023172405653928388,mean_p|train_n=12|p=8,392,694,-1.62371,1.10791
3684068531,15,8,mean_p,12,0.32122173940937415,0.035443721684332546,mean_p|train_n=12|p=8,393,696,-1.62371,1.10791
318062389,15,8,mean_p,12,0.26209024443244927,0.065545762923534701,mean_p|train_n=12|p=8,394,699,-1.62371,1.10791
926129184,15,8,mean_p,12,0.41662765517050637,0.013144336889980826,mean_p|train_n=12|p=8,395,700,-1.62371,1.10791
3328223607,15,8,mean_p,12,0.3666067930823193,0.022110847030995587,mean_p|train_n=12|p=8,396,703,-1.62371,1.10791
1161797101,15,8,mean_p,12,0.46758452559592817,0.0077382986062800542,mean_p|train_n=12|p=8,397,704,-1.62371,1.10791
1333042010,15,8,mean_p,12,0.2951893967798821,0.046460840004504206,mean_p|train_n=12|p=8,398,707,-1.62371,1.10791
2248506808,15,8,mean_p,12,0.66989835946815535,0.00094429457858999789,mean_p|train_n=12|p=8,399,708,-1.62371,1.10791
1442191031,15,8,mean_p,12,0.46088191158160791,0.0082968034591914125,mean_p|train_n=12|p=8,400,709,-1.62371,1.10791
3683440412,15,8,mean_p,12,0.48166314931522847,0.0066845805930222484,mean_p|train_n=12|p=8,401,710,-1.62371,1.10791
4255038494,15,8,mean_p,12,0.46308481046635364,0.0081089331983037367,mean_p|train_n=12|p=8,402,714,-1.62371,1.10791
2411253630,15,8,mean_p,12,0.41994323423609747,0.01269893646306945,mean_p|train_n=12|p=8,403,718,-1.62371,1.10791
2875170197,15,8,mean_p,12,0.45302907811716725,0.0090026398937473259,mean_p|train_n=12|p=8,404,720,-1.62371,1.10791
505824657,15,8,mean_p,12,0.50659138915792368,0.0051583635236929319,mean_p|train_n=12|p=8,405,721,-1.62371,1.10791
4075441226,15,8,mean_p,12,0.34900939010642823,0.026550063990248261,mean_p|train_n=12|p=8,406,726,-1.62371,1.10791
2271571168,15,8,mean_p,12,0.46819923419252329,0.0076889988936990512,mean_p|train_n=12|p=8,407,727,-1.62371,1.10791
3194666017,15,8,mean_p,12,0.36011038091167025,0.023655906988163684,mean_p|train_n=12|p=8,408,730,-1.62371,1.10791
1720387464,15,8,mean_p,12,0.37191933189908927,0.02092265900184093,mean_p|train_n=12|p=8,409,733,-1.62371,1.10791
1338813000,15,8,mean_p,12,0.37776861170703485,0.019688142625541805,mean_p|train_n=12|p=8,410,734,-1.62371,1.10791
3803521169,15,8,mean_p,12,0.3431412503941646,0.028220380376825997,mean_p|train_n=12|p=8,411,736,-1.62371,1.10791
3392132610,15,8,mean_p,12,0.43370616110017296,0.011005798140514989,mean_p|train_n=12|p=8,412,737,-1.62371,1.10791
2480031572,15,8,mean_p,12,0.49560002791864161,0.0057828627666866627,mean_p|train_n=12|p=8,413,739,-1.62371,1.10791
823418189,15,8,mean_p,12,0.3909287667091953,0.017170412383863385,mean_p|train_n=12|p=8,414,740,-1.62371,1.10791
1648537908,15,8,mean_p,12,0.41489662629139634,0.013383048621894794,mean_p|train_n=12|p=8,415,741,-1.62371,1.10791
1882944740,15,8,mean_p,12,0.39716354736440301,0.016092661857331058,mean_p|train_n=12|p=8,416,742,-1.62371,1.10791
2006731110,15,8,mean_p,12,0.38265647739770109,0.018712587065126293,mean_p|train_n=12|p=8,417,743,-1.62371,1.10791
274529943,15,8,mean_p,12,0.42388193197067375,0.012189400814695526,mean_p|train_n=12|p=8,418,746,-1.62371,1.10791
1787045702,15,8,mean_p,12,0.44163230484588395,0.010135179338956832,mean_p|train_n=12|p=8,419,748,-1.62371,1.10791
1806250889,15,8,mean_p,12,0.432374320041786,0.011159260214468454,mean_p|train_n=12|p=8,420,749,-1.62371,1.10791
4139138201,15,8,mean_p,12,0.39566141698624729,0.016345969355898861,mean_p|train_n=12|p=8,421,750,-1.62371,1.10791
4157788149,15,8,mean_p,12,0.41372916695234618,0.013546486233766589,mean_p|train_n=12|p=8,422,751,-1.62371,1.10791
1048515817,15,8,mean_p,12,0.60533273406576515,0.001847780354207446,mean_p|train_n=12|p=8,423,753,-1.62371,1.10791
758188497,15,8,mean_p,12,0.34951665509467617,0.026410403867682227,mean_p|train_n=12|p=8,424,755,-1.62371,1.10791
379941043,15,8,mean_p,12,0.41533598644510561,0.013322052690592784,mean_p|train_n=12|p=8,425,756,-1.62371,1.10791
1333159276,15,8,mean_p,12,0.38206068401194104,0.018828863595359416,mean_p|train_n=12|p=8,426,760,-1.62371,1.10791
626588902,15,8,mean_p,12,0.4257625836213067,0.011953370186686558,mean_p|train_n=12|p=8,427,761,-1.62371,1.10791
2039460896,15,8,mean_p,12,0.4632944523878465,0.0080912774818078653,mean_p|train_n=12|p=8,428,764,-1.62371,1.10791
729142388,15,8,mean_p,12,0.55858366943022686,0.0030043007499831777,mean_p|train_n=12|p=8,429,765,-1.62371,1.10791
511041286,15,8,mean_p,12,0.57071284479334827,0.0026483459884078298,mean_p|train_n=12|p=8,430,767,-1.62371,1.10791
2344675337,15,8,mean_p,12,0.53883715366720242,0.0036889928163696649,mean_p|train_n=12|p=8,431,768,-1.62371,1.10791
2821519318,15,8,mean_p,12,0.51393752012784277,0.0047790421197938665,mean_p|train_n=12|p=8,432,769,-1.62371,1.10791
633228841,15,8,mean_p,12,0.39837928708250564,0.015890526029879819,mean_p|train_n=12|p=8,433,771,-1.62371,1.10791
2162833362,15,8,mean_p,12,0.37076744007734602,0.021174744894631697,mean_p|train_n=12|p=8,434,772,-1.62371,1.10791
3618527142,15,8,mean_p,12,0.45165018504667692,0.0091326371148099661,mean_p|train_n=12|p=8,435,774,-1.62371,1.10791
1367521839,15,8,mean_p,12,0.65581713627700688,0.0010931771734688735,mean_p|train_n=12|p=8,436,775,-1.62371,1.10791
2713321018,15,8,mean_p,12,0.43370660859358307,0.011005746934155953,mean_p|train_n=12|p=8,437,776,-1.62371,1.10791
1783479337,15,8,mean_p,12,0.45544178326606416,0.0087796141418265607,mean_p|train_n=12|p=8,438,779,-1.62371,1.10791
375197046,15,8,mean_p,12,0.41556331071482477,0.013290602698751553,mean_p|train_n=12|p=8,439,780,-1.62371,1.10791
1577856058,15,8,mean_p,12,0.30010572201042701,0.044145621672237775,mean_p|train_n=12|p=8,440,781,-1.62371,1.10791
1716748637,15,8,mean_p,12,0.48428266624374328,0.0065049785107947518,mean_p|train_n=12|p=8,441,783,-1.62371,1.10791
801799453,15,8,mean_p,12,0.57893056246955821,0.0024314650386467159,mean_p|train_n=12|p=8,442,785,-1.62371,1.10791
1974263561,15,8,mean_p,12,0.4036551957699655,0.015042332094670301,mean_p|train_n=12|p=8,443,786,-1.62371,1.10791
2811737789,15,8,mean_p,12,0.52756598305026825,0.0041476510971736116,mean_p|train_n=12|p=8,444,788,-1.62371,1.10791
3197009624,15,8,mean_p,12,0.44762983667544803,0.0095224759197236677,mean_p|train_n=12|p=8,445,789,-1.62371,1.10791
2684041481,15,8,mean_p,12,0.40804877342323137,0.014370642733493786,mean_p|train_n=12|p=8,446,791,-1.62371,1.10791
2929188014,15,8,mean_p,12,0.47222199626550709,0.0073740353917660971,mean_p|train_n=12|p=8,447,792,-1.62371,1.10791
1426457984,15,8,mean_p,12,0.32082561485639416,0.035590000840750709,mean_p|train_n=12|p=8,448,793,-1.62371,1.10791
1434440637,15,8,mean_p,12,0.43994129268211285,0.010314949796412282,mean_p|train_n=12|p=8,449,798,-1.62371,1.10791
3094832025,15,8,mean_p,12,0.43516046544527959,0.010840634562388618,mean_p|train_n=12|p=8,450,803,-1.62371,1.10791
1727618903,15,8,mean_p,12,0.4312721268830299,0.01128787789142998,mean_p|train_n=12|p=8,451,804,-1.62371,1.10791
2185670690,15,8,mean_p,12,0.46251814360506466,0.0081568500487890841,mean_p|train_n=12|p=8,452,805,-1.62371,1.10791
391486686,15,8,mean_p,12,0.62845135534101015,0.001452979103523495,mean_p|train_n=12|p=8,453,809,-1.62371,1.10791
610731668,15,8,mean_p,12,0.21141609385961896,0.1110097725275003,mean_p|train_n=12|p=8,454,810,-1.62371,1.10791
2342704068,15,8,mean_p,12,0.36230682624592059,0.02312180131534074,mean_p|train_n=12|p=8,455,811,-1.62371,1.10791
3046594011,15,8,mean_p,12,0.40900432370515805,0.014228576497515636,mean_p|train_n=12|p=8,456,812,-1.62371,1.10791
566027522,15,8,mean_p,12,0.45451661113694902,0.0088644745564153467,mean_p|train_n=12|p=8,457,814,-1.62371,1.10791
2984122321,15,8,mean_p,12,0.28703282229740529,0.050572877076705727,mean_p|train_n=12|p=8,458,816,-1.62371,1.10791
2425246643,15,8,mean_p,12,0.48377121424250291,0.0065396619933425718,mean_p|train_n=12|p=8,459,820,-1.62371,1.10791
3390305765,15,8,mean_p,12,0.31435195454334802,0.038067949744319075,mean_p|train_n=12|p=8,460,822,-1.62371,1.10791
1021660503,15,8,mean_p,12,0.36178854262529531,0.023246734133438543,mean_p|train_n=12|p=8,461,823,-1.62371,1.10791
4259417192,15,8,mean_p,12,0.46132621987905381,0.0082585642232180373,mean_p|train_n=12|p=8,462,825,-1.62371,1.10791
2299554308,15,8,mean_p,12,0.40210787297690814,0.015286287771410247,mean_p|train_n=12|p=8,463,826,-1.62371,1.10791
889032027,15,8,mean_p,12,0.61224704323746726,0.0017196066994868589,mean_p|train_n=12|p=8,464,830,-1.62371,1.10791
3874827487,15,8,mean_p,12,0.32088051130553097,0.035569692939773134,mean_p|train_n=12|p=8,465,832,-1.62371,1.10791
3512531822,15,8,mean_p,12,0.36106187411723983,0.023423035897895829,mean_p|train_n=12|p=8,466,833,-1.62371,1.10791
1772299032,15,8,mean_p,12,0.32298508737807297,0.03479982085063274,mean_p|train_n=12|p=8,467,834,-1.62371,1.10791
608040979,15,8,mean_p,12,0.53797135622779924,0.0037223505875681436,mean_p|train_n=12|p=8,468,835,-1.62371,1.10791
1821390468,15,8,mean_p,12,0.40216141768838665,0.015277780026686612,mean_p|train_n=12|p=8,469,836,-1.62371,1.10791
3861060531,15,8,mean_p,12,0.41867167976425707,0.012867938921822534,mean_p|train_n=12|p=8,470,838,-1.62371,1.10791
961091100,15,8,mean_p,12,0.39838255957755703,0.015889985366936584,mean_p|train_n=12|p=8,471,839,-1.62371,1.10791
566710710,15,8,mean_p,12,0.41288977928492493,0.013665227711380276,mean_p|train_n=12|p=8,472,841,-1.62371,1.10791
933212766,15,8,mean_p,12,0.30551185458105823,0.041732703145007391,mean_p|train_n=12|p=8,473,842,-1.62371,1.10791
1094530259,15,8,mean_p,12,0.39834746649853719,0.015895784204247709,mean_p|train_n=12|p=8,474,844,-1.62371,1.10791
345940009,15,8,mean_p,12,0.34868862659861738,0.026638757459662737,mean_p|train_n=12|p=8,475,846,-1.62371,1.10791
1441337519,15,8,mean_p,12,0.34748494237153538,0.026974235174100403,mean_p|train_n=12|p=8,476,848,-1.62371,1.10791
3401062389,15,8,mean_p,12,0.27563782791361019,0.056933933253616009,mean_p|train_n=12|p=8,477,851,-1.62371,1.10791
1856332832,15,8,mean_p,12,0.34731196427268096,0.027022791696456921,mean_p|train_n=12|p=8,478,852,-1.62371,1.10791
3460132717,15,8,mean_p,12,0.45432187431631238,0.0088824408101765544,mean_p|train_n=12|p=8,479,854,-1.62371,1.10791
3858000812,15,8,mean_p,12,0.35636033383393551,0.024596468336526185,mean_p|train_n=12|p=8,480,855,-1.62371,1.10791
2333360891,15,8,mean_p,12,0.374649122928085,0.020337175773701192,mean_p|train_n=12|p=8,481,856,-1.62371,1.10791
2386081482,15,8,mean_p,12,0.48466801342316601,0.006478968229241806,mean_p|train_n=12|p=8,482,857,-1.62371,1.10791
3546668110,15,8,mean_p,12,0.38711530620073764,0.017864884625293159,mean_p|train_n=12|p=8,483,858,-1.62371,1.10791
3061201274,15,8,mean_p,12,0.36660678508408745,0.022110848869717745,mean_p|train_n=12|p=8,484,859,-1.62371,1.10791
3082082647,15,8,mean_p,12,0.41509660603608522,0.013355251081855668,mean_p|train_n=12|p=8,485,860,-1.62371,1.10791
2897936082,15,8,mean_p,12,0.33232392905834718,0.031579695357536797,mean_p|train_n=12|p=8,486,862,-1.62371,1.10791
1796742694,15,8,mean_p,12,0.29067295848632518,0.048694600652567338,mean_p|train_n=12|p=8,487,864,-1.62371,1.10791
3824666615,15,8,mean_p,12,0.43363675148554059,0.01101374351943092,mean_p|train_n=12|p=8,488,866,-1.62371,1.10791
2112188796,15,8,mean_p,12,0.32954720436029483,0.032504695165295798,mean_p|train_n=12|p=8,489,867,-1.62371,1.10791
3276427044,15,8,mean_p,12,0.3087712917533042,0.040342117571006884,mean_p|train_n=12|p=8,490,869,-1.62371,1.10791
119185408,15,8,mean_p,12,0.4532046876750459,0.0089862174292931283,mean_p|train_n=12|p=8,491,870,-1.62371,1.10791
1772245628,15,8,mean_p,12,0.40336641684212471,0.015087564484990769,mean_p|train_n=12|p=8,492,872,-1.62371,1.10791
1384562886,15,8,mean_p,12,0.38145549909207749,0.018947712719218992,mean_p|train_n=12|p=8,493,873,-1.62371,1.10791
1839398011,15,8,mean_p,12,0.40098753747948024,0.015465389060859553,mean_p|train_n=12|p=8,494,875,-1.62371,1.10791
2664149187,15,8,mean_p,12,0.58817596378291837,0.0022086194000131981,mean_p|train_n=12|p=8,495,876,-1.62371,1.10791
4156416162,15,8,mean_p,12,0.28362144162470382,0.052398828795929178,mean_p|train_n=12|p=8,496,880,-1.62371,1.10791
334445039,15,8,mean_p,12,0.30028902214024372,0.044061568646039849,mean_p|train_n=12|p=8,497,884,-1.62371,1.10791
4243362034,15,8,mean_p,12,0.38944914287607063,0.017436603544778061,mean_p|train_n=12|p=8,498,886,-1.62371,1.10791
2027831255,15,8,mean_p,12,0.48198388912665535,0.0066623259920187746,mean_p|train_n=12|p=8,499,888,-1.62371,1.10791
3218345634,15,15,mean_p,12,0.38004989260520061,0.019226655163403147,mean_p|train_n=12|p=15,0,1,-1.59108,1.0206900000000001
2272909853,15,15,mean_p,12,0.223633836690286,0.097767071516506376,mean_p|train_n=12|p=15,1,2,-1.59108,1.0206900000000001
1081587159,15,15,mean_p,12,0.44323935906541351,0.0099672388346669343,mean_p|train_n=12|p=15,2,4,-1.59108,1.0206900000000001
1732944157,15,15,mean_p,12,0.23285349033004007,0.088830421376176041,mean_p|train_n=12|p=15,3,5,-1.59108,1.0206900000000001
679443093,15,15,mean_p,12,0.44701069933195436,0.0095839726739267318,mean_p|train_n=12|p=15,4,8,-1.59108,1.0206900000000001
802233197,15,15,mean_p,12,0.19960244505524807,0.12551775198374326,mean_p|train_n=12|p=15,5,9,-1.59108,1.0206900000000001
1977273862,15,15,mean_p,12,0.42888313766512159,0.011571766559635091,mean_p|train_n=12|p=15,6,10,-1.59108,1.0206900000000001
2857688771,15,15,mean_p,12,0.22730558976714546,0.094105062932779648,mean_p|train_n=12|p=15,7,11,-1.59108,1.0206900000000001
2076459280,15,15,mean_p,12,0.37524538468275909,0.020211486326383161,mean_p|train_n=12|p=15,8,12,-1.59108,1.0206900000000001
55566357,15,15,mean_p,12,0.24049153780094956,0.082048850554605285,mean_p|train_n=12|p=15,9,13,-1.59108,1.0206900000000001
4077238155,15,15,mean_p,12,0.3841837823570588,0.018417783558796332,mean_p|train_n=12|p=15,10,14,-1.59108,1.0206900000000001
4179296696,15,15,mean_p,12,0.18599761141391941,0.14458961377249788,mean_p|train_n=12|p=15,11,15,-1.59108,1.0206900000000001
2358193818,15,15,mean_p,12,0.42103117614960583,0.012556101074491359,mean_p|train_n=12|p=15,12,16,-1.59108,1.0206900000000001
377338394,15,15,mean_p,12,0.57877353648551666,0.0024354379680034447,mean_p|train_n=12|p=15,13,17,-1.59108,1.0206900000000001
2814302858,15,15,mean_p,12,0.373380806889057,0.020607137068474266,mean_p|train_n=12|p=15,14,18,-1.59108,1.0206900000000001
3374732386,15,15,mean_p,12,0.45669594103051192,0.0086658734529496666,mean_p|train_n=12|p=15,15,19,-1.59108,1.0206900000000001
2330300008,15,15,mean_p,12,0.27227538238903459,0.058959547573263743,mean_p|train_n=12|p=15,16,20,-1.59108,1.0206900000000001
31920747,15,15,mean_p,12,0.18520507829286062,0.1457859735113643,mean_p|train_n=12|p=15,17,22,-1.59108,1.0206900000000001
1352296024,15,15,mean_p,12,0.35105723813538636,0.02599073833176067,mean_p|train_n=12|p=15,18,23,-1.59108,1.0206900000000001
1270641029,15,15,mean_p,12,0.36767702699225907,0.021866173632574235,mean_p|train_n=12|p=15,19,24,-1.59108,1.0206900000000001
661657836,15,15,mean_p,12,0.44900603029911174,0.0093871930576897786,mean_p|train_n=12|p=15,20,25,-1.59108,1.0206900000000001
3445048701,15,15,mean_p,12,0.45565444223954954,0.0087602233374216645,mean_p|train_n=12|p=15,21,26,-1.59108,1.0206900000000001
3073643481,15,15,mean_p,12,0.44071209355146868,0.010232614331836653,mean_p|train_n=12|p=15,22,29,-1.59108,1.0206900000000001
198477895,15,15,mean_p,12,0.36130427035066492,0.023364078457298848,mean_p|train_n=12|p=15,23,30,-1.59108,1.0206900000000001
3302616561,15,15,mean_p,12,0.37442945076156486,0.020383678503693679,mean_p|train_n=12|p=15,24,33,-1.59108,1.0206900000000001
2157259326,15,15,mean_p,12,0.36391406843489177,0.022738627298890941,mean_p|train_n=12|p=15,25,34,-1.59108,1.0206900000000001
1797854168,15,15,mean_p,12,0.20741264715908234,0.11572803414130678,mean_p|train_n=12|p=15,26,35,-1.59108,1.0206900000000001
642922331,15,15,mean_p,12,0.53946833897305113,0.0036648628261456667,mean_p|train_n=12|p=15,27,36,-1.59108,1.0206900000000001
1749507365,15,15,mean_p,12,0.29634936411146173,0.045903868109929538,mean_p|train_n=12|p=15,28,37,-1.59108,1.0206900000000001
450798937,15,15,mean_p,12,0.24876773213653833,0.075283839493389793,mean_p|train_n=12|p=15,29,38,-1.59108,1.0206900000000001
2933865246,15,15,mean_p,12,0.2807813385212678,0.053969192890277538,mean_p|train_n=12|p=15,30,42,-1.59108,1.0206900000000001
2252724125,15,15,mean_p,12,0.37628539659501148,0.019994112454598881,mean_p|train_n=12|p=15,31,43,-1.59108,1.0206900000000001
960762431,15,15,mean_p,12,0.27539981057500923,0.057075003034342098,mean_p|train_n=12|p=15,32,44,-1.59108,1.0206900000000001
2588837083,15,15,mean_p,12,0.3864453266478034,0.01798976436712562,mean_p|train_n=12|p=15,33,45,-1.59108,1.0206900000000001
4181323814,15,15,mean_p,12,0.22321999558827557,0.098188649209627249,mean_p|train_n=12|p=15,34,46,-1.59108,1.0206900000000001
604197064,15,15,mean_p,12,0.19335876321350218,0.13393626542049486,mean_p|train_n=12|p=15,35,47,-1.59108,1.0206900000000001
2864864633,15,15,mean_p,12,0.2997227189934501,0.044321767172997899,mean_p|train_n=12|p=15,36,48,-1.59108,1.0206900000000001
4153283354,15,15,mean_p,12,0.47708247228249262,0.0070106450869214122,mean_p|train_n=12|p=15,37,52,-1.59108,1.0206900000000001
2881273826,15,15,mean_p,12,0.28451169087213751,0.05191605740309356,mean_p|train_n=12|p=15,38,54,-1.59108,1.0206900000000001
3380536914,15,15,mean_p,12,0.29266023686457526,0.047698788932291444,mean_p|train_n=12|p=15,39,60,-1.59108,1.0206900000000001
2308449661,15,15,mean_p,12,0.15647031359138219,0.19654687026223386,mean_p|train_n=12|p=15,40,61,-1.59108,1.0206900000000001
2207239863,15,15,mean_p,12,0.3463145897043583,0.02730447361307933,mean_p|train_n=12|p=15,41,62,-1.59108,1.0206900000000001
3078517139,15,15,mean_p,12,0.27711649370165659,0.05606532532538791,mean_p|train_n=12|p=15,42,66,-1.59108,1.0206900000000001
2631433901,15,15,mean_p,12,0.12584808753816004,0.2702335467684423,mean_p|train_n=12|p=15,43,69,-1.59108,1.0206900000000001
621826281,15,15,mean_p,12,0.20713032321434469,0.11606823904971672,mean_p|train_n=12|p=15,44,70,-1.59108,1.0206900000000001
1465897700,15,15,mean_p,12,0.42228680478728897,0.012393246127544741,mean_p|train_n=12|p=15,45,72,-1.59108,1.0206900000000001
1976324907,15,15,mean_p,12,0.23641185401180026,0.085604010021302301,mean_p|train_n=12|p=15,46,75,-1.59108,1.0206900000000001
2809648673,15,15,mean_p,12,0.23662027647230796,0.085418705987978044,mean_p|train_n=12|p=15,47,76,-1.59108,1.0206900000000001
1914204938,15,15,mean_p,12,0.29280734208450887,0.047625890183307817,mean_p|train_n=12|p=15,48,77,-1.59108,1.0206900000000001
2212661551,15,15,mean_p,12,0.22501560740597248,0.096372536615853988,mean_p|train_n=12|p=15,49,78,-1.59108,1.0206900000000001
2227875130,15,15,mean_p,12,0.47550846933676716,0.0071263198862019147,mean_p|train_n=12|p=15,50,79,-1.59108,1.0206900000000001
3321247869,15,15,mean_p,12,0.33374929064020936,0.03111514199810126,mean_p|train_n=12|p=15,51,80,-1.59108,1.0206900000000001
2491958171,15,15,mean_p,12,0.20095295648081812,0.12376760461353263,mean_p|train_n=12|p=15,52,82,-1.59108,1.0206900000000001
2144520912,15,15,mean_p,12,0.35976531197963885,0.02374093097929815,mean_p|train_n=12|p=15,53,83,-1.59108,1.0206900000000001
2489437985,15,15,mean_p,12,0.29822323967543318,0.04501817569719202,mean_p|train_n=12|p=15,54,84,-1.59108,1.0206900000000001
148948694,15,15,mean_p,12,0.20882504002966815,0.11404099204220161,mean_p|train_n=12|p=15,55,85,-1.59108,1.0206900000000001
293487013,15,15,mean_p,12,0.18226415871617183,0.15031257556412445,mean_p|train_n=12|p=15,56,87,-1.59108,1.0206900000000001
2263163262,15,15,mean_p,12,0.28215279102406143,0.053205091954638919,mean_p|train_n=12|p=15,57,88,-1.59108,1.0206900000000001
65153508,15,15,mean_p,12,0.50593926650049414,0.0051934573805254552,mean_p|train_n=12|p=15,58,91,-1.59108,1.0206900000000001
804437708,15,15,mean_p,12,0.44634307857604832,0.0096507302090587405,mean_p|train_n=12|p=15,59,92,-1.59108,1.0206900000000001
2681963669,15,15,mean_p,12,0.34741176584256866,0.026994765833022079,mean_p|train_n=12|p=15,60,94,-1.59108,1.0206900000000001
3078610223,15,15,mean_p,12,0.2216668344250691,0.099787124243835873,mean_p|train_n=12|p=15,61,95,-1.59108,1.0206900000000001
4201802613,15,15,mean_p,12,0.32199436040876483,0.035160139236058686,mean_p|train_n=12|p=15,62,96,-1.59108,1.0206900000000001
3817877980,15,15,mean_p,12,0.44071865645601566,0.010231916124196841,mean_p|train_n=12|p=15,63,97,-1.59108,1.0206900000000001
837511525,15,15,mean_p,12,0.34367598115752596,0.028063918679336802,mean_p|train_n=12|p=15,64,98,-1.59108,1.0206900000000001
3039428203,15,15,mean_p,12,0.37748384764228077,0.019746520694872913,mean_p|train_n=12|p=15,65,99,-1.59108,1.0206900000000001
206972611,15,15,mean_p,12,0.27568937560643619,0.056903427569803433,mean_p|train_n=12|p=15,66,100,-1.59108,1.0206900000000001
1476377735,15,15,mean_p,12,0.46105470503649237,0.0082819110572606748,mean_p|train_n=12|p=15,67,102,-1.59108,1.0206900000000001
404776836,15,15,mean_p,12,0.17839317455816406,0.15648566202667491,mean_p|train_n=12|p=15,68,104,-1.59108,1.0206900000000001
4065902996,15,15,mean_p,12,0.52778324838315716,0.004138292323633142,mean_p|train_n=12|p=15,69,105,-1.59108,1.0206900000000001
2353941478,15,15,mean_p,12,0.29092552837229008,0.048566895332991314,mean_p|train_n=12|p=15,70,106,-1.59108,1.0206900000000001
3414259057,15,15,mean_p,12,0.21534375569225064,0.10656781279150637,mean_p|train_n=12|p=15,71,107,-1.59108,1.0206900000000001
1127557222,15,15,mean_p,12,0.21512405056605749,0.10681152601317517,mean_p|train_n=12|p=15,72,109,-1.59108,1.0206900000000001
3683442383,15,15,mean_p,12,0.34803061162656412,0.026821631863355771,mean_p|train_n=12|p=15,73,110,-1.59108,1.0206900000000001
2428469382,15,15,mean_p,12,0.36987685769015088,0.021371724494300248,mean_p|train_n=12|p=15,74,112,-1.59108,1.0206900000000001
2080991622,15,15,mean_p,12,0.35362070742974411,0.025307159346975368,mean_p|train_n=12|p=15,75,117,-1.59108,1.0206900000000001
3502245136,15,15,mean_p,12,0.48988382563311811,0.0061369715703055959,mean_p|train_n=12|p=15,76,119,-1.59108,1.0206900000000001
2968426083,15,15,mean_p,12,0.29815299727158956,0.045051065598871627,mean_p|train_n=12|p=15,77,120,-1.59108,1.0206900000000001
4204506306,15,15,mean_p,12,0.34739437741729323,0.026999646686796899,mean_p|train_n=12|p=15,78,121,-1.59108,1.0206900000000001
3866889888,15,15,mean_p,12,0.20800737437616529,0.11501463748185017,mean_p|train_n=12|p=15,79,122,-1.59108,1.0206900000000001
1671777312,15,15,mean_p,12,0.36048698813569785,0.023563459530526739,mean_p|train_n=12|p=15,80,124,-1.59108,1.0206900000000001
3177070880,15,15,mean_p,12,0.20378317260464601,0.12017864041487046,mean_p|train_n=12|p=15,81,125,-1.59108,1.0206900000000001
2305864834,15,15,mean_p,12,0.46585882501170617,0.0078783958636575065,mean_p|train_n=12|p=15,82,126,-1.59108,1.0206900000000001
1683231915,15,15,mean_p,12,0.44526940963084433,0.0097590664072409981,mean_p|train_n=12|p=15,83,130,-1.59108,1.0206900000000001
4019358612,15,15,mean_p,12,0.21242374562338817,0.10985282040298999,mean_p|train_n=12|p=15,84,134,-1.59108,1.0206900000000001
156790042,15,15,mean_p,12,0.30204318447616357,0.043265240511600932,mean_p|train_n=12|p=15,85,135,-1.59108,1.0206900000000001
4076446957,15,15,mean_p,12,0.22597485401019296,0.095416143666701911,mean_p|train_n=12|p=15,86,136,-1.59108,1.0206900000000001
2348126720,15,15,mean_p,12,0.2385432332399115,0.083727856483952062,mean_p|train_n=12|p=15,87,137,-1.59108,1.0206900000000001
3644343520,15,15,mean_p,12,0.29468545849831013,0.046704912802105522,mean_p|train_n=12|p=15,88,138,-1.59108,1.0206900000000001
3008429029,15,15,mean_p,12,0.20921491917601689,0.1135796449680857,mean_p|train_n=12|p=15,89,139,-1.59108,1.0206900000000001
1994137082,15,15,mean_p,12,0.31507800193728086,0.037781661843476408,mean_p|train_n=12|p=15,90,140,-1.59108,1.0206900000000001
1820497585,15,15,mean_p,12,0.2134008083885838,0.1087425051057232,mean_p|train_n=12|p=15,91,143,-1.59108,1.0206900000000001
3518886521,15,15,mean_p,12,0.31438537954654389,0.038054722413893509,mean_p|train_n=12|p=15,92,145,-1.59108,1.0206900000000001
1795175558,15,15,mean_p,12,0.24129911932706477,0.081362804018574097,mean_p|train_n=12|p=15,93,146,-1.59108,1.0206900000000001
3203184174,15,15,mean_p,12,0.32745420389870034,0.033219794098882559,mean_p|train_n=12|p=15,94,147,-1.59108,1.0206900000000001
1997633000,15,15,mean_p,12,0.13022725997673235,0.25820540400072872,mean_p|train_n=12|p=15,95,149,-1.59108,1.0206900000000001
2672569923,15,15,mean_p,12,0.22607663390047034,0.095315225166444528,mean_p|train_n=12|p=15,96,150,-1.59108,1.0206900000000001
373353172,15,15,mean_p,12,0.3600857118298722,0.023661975259705138,mean_p|train_n=12|p=15,97,154,-1.59108,1.0206900000000001
1251681373,15,15,mean_p,12,0.31492056946190089,0.037843555706373447,mean_p|train_n=12|p=15,98,157,-1.59108,1.0206900000000001
1596482923,15,15,mean_p,12,0.12608169878136258,0.26957797174549913,mean_p|train_n=12|p=15,99,158,-1.59108,1.0206900000000001
1292986496,15,15,mean_p,12,0.42416231920823932,0.0121539174792945,mean_p|train_n=12|p=15,100,159,-1.59108,1.0206900000000001
1688117078,15,15,mean_p,12,0.3127906523729892,0.038690956749836199,mean_p|train_n=12|p=15,101,161,-1.59108,1.0206900000000001
2621741591,15,15,mean_p,12,0.33382811911217214,0.031089650600045142,mean_p|train_n=12|p=15,102,162,-1.59108,1.0206900000000001
3939394739,15,15,mean_p,12,0.3890830351441919,0.017503102427241301,mean_p|train_n=12|p=15,103,163,-1.59108,1.0206900000000001
1789981880,15,15,mean_p,12,0.29382003624557407,0.047127058817436451,mean_p|train_n=12|p=15,104,165,-1.59108,1.0206900000000001
1152856732,15,15,mean_p,12,0.38490680829104928,0.018279847888678456,mean_p|train_n=12|p=15,105,166,-1.59108,1.0206900000000001
2629586460,15,15,mean_p,12,0.2436996789773799,0.079357193499693127,mean_p|train_n=12|p=15,106,167,-1.59108,1.0206900000000001
3953801471,15,15,mean_p,12,0.3147099557196904,0.037926516128782034,mean_p|train_n=12|p=15,107,170,-1.59108,1.0206900000000001
2074673236,15,15,mean_p,12,0.2912935422054998,0.048381418105073362,mean_p|train_n=12|p=15,108,173,-1.59108,1.0206900000000001
2559872030,15,15,mean_p,12,0.2584593636127735,0.068067481719306752,mean_p|train_n=12|p=15,109,175,-1.59108,1.0206900000000001
3943054011,15,15,mean_p,12,0.31414842815422855,0.03814859085906655,mean_p|train_n=12|p=15,110,176,-1.59108,1.0206900000000001
773437388,15,15,mean_p,12,0.22996046736253237,0.091542975086246911,mean_p|train_n=12|p=15,111,177,-1.59108,1.0206900000000001
3202117737,15,15,mean_p,12,0.26157611284384613,0.065897078103625842,mean_p|train_n=12|p=15,112,178,-1.59108,1.0206900000000001
1807612457,15,15,mean_p,12,0.2550110911657108,0.070552138959415533,mean_p|train_n=12|p=15,113,182,-1.59108,1.0206900000000001
79264333,15,15,mean_p,12,0.50047642498464096,0.0054969749688146717,mean_p|train_n=12|p=15,114,183,-1.59108,1.0206900000000001
2243201336,15,15,mean_p,12,0.2287561030069101,0.092696485706118603,mean_p|train_n=12|p=15,115,184,-1.59108,1.0206900000000001
3189952414,15,15,mean_p,12,0.58245120253746019,0.002344070964451845,mean_p|train_n=12|p=15,116,187,-1.59108,1.0206900000000001
2287453995,15,15,mean_p,12,0.28003403210843547,0.054390161445823114,mean_p|train_n=12|p=15,117,188,-1.59108,1.0206900000000001
2207211850,15,15,mean_p,12,0.46334168345715654,0.0080873050636086196,mean_p|train_n=12|p=15,118,189,-1.59108,1.0206900000000001
3336023352,15,15,mean_p,12,0.26853032392920795,0.061300605778437683,mean_p|train_n=12|p=15,119,191,-1.59108,1.0206900000000001
4129882854,15,15,mean_p,12,0.3090711115105591,0.040216555368728667,mean_p|train_n=12|p=15,120,196,-1.59108,1.0206900000000001
2978952924,15,15,mean_p,12,0.53076709428107927,0.0040118783774961194,mean_p|train_n=12|p=15,121,200,-1.59108,1.0206900000000001
58988909,15,15,mean_p,12,0.21655214324508251,0.10523728587349968,mean_p|train_n=12|p=15,122,201,-1.59108,1.0206900000000001
1285360579,15,15,mean_p,12,0.46324124486715229,0.0080957548929048734,mean_p|train_n=12|p=15,123,203,-1.59108,1.0206900000000001
46393234,15,15,mean_p,12,0.31816043343724665,0.036590006912204986,mean_p|train_n=12|p=15,124,204,-1.59108,1.0206900000000001
3078773411,15,15,mean_p,12,0.35047939224583058,0.026147360284931503,mean_p|train_n=12|p=15,125,207,-1.59108,1.0206900000000001
3895092179,15,15,mean_p,12,0.37837113900610103,0.019565189785524243,mean_p|train_n=12|p=15,126,209,-1.59108,1.0206900000000001
1463586285,15,15,mean_p,12,0.45373867817330993,0.0089364641024326386,mean_p|train_n=12|p=15,127,211,-1.59108,1.0206900000000001
1945208768,15,15,mean_p,12,0.31172746233063714,0.039121027287150688,mean_p|train_n=12|p=15,128,212,-1.59108,1.0206900000000001
559273237,15,15,mean_p,12,0.26491963765079257,0.063645637278704426,mean_p|train_n=12|p=15,129,215,-1.59108,1.0206900000000001
2281778267,15,15,mean_p,12,0.3336033125752636,0.031162403305325402,mean_p|train_n=12|p=15,130,216,-1.59108,1.0206900000000001
3184253734,15,15,mean_p,12,0.293468493413995,0.047299626406586248,mean_p|train_n=12|p=15,131,217,-1.59108,1.0206900000000001
2751457467,15,15,mean_p,12,0.302139103871092,0.043222113860900337,mean_p|train_n=12|p=15,132,219,-1.59108,1.0206900000000001
1885825070,15,15,mean_p,12,0.51292098422504884,0.0048298203289516345,mean_p|train_n=12|p=15,133,221,-1.59108,1.0206900000000001
838919696,15,15,mean_p,12,0.2137236492080733,0.10837810724986841,mean_p|train_n=12|p=15,134,222,-1.59108,1.0206900000000001
2908541480,15,15,mean_p,12,0.2976456332062466,0.045289345540255432,mean_p|train_n=12|p=15,135,224,-1.59108,1.0206900000000001
2988765226,15,15,mean_p,12,0.25345371275132328,0.071703845763902957,mean_p|train_n=12|p=15,136,226,-1.59108,1.0206900000000001
910048342,15,15,mean_p,12,0.421933513608727,0.012438853228498782,mean_p|train_n=12|p=15,137,228,-1.59108,1.0206900000000001
3161510072,15,15,mean_p,12,0.38142572933172747,0.018953578368117265,mean_p|train_n=12|p=15,138,229,-1.59108,1.0206900000000001
3064815837,15,15,mean_p,12,0.3484921943919016,0.02669321862685051,mean_p|train_n=12|p=15,139,231,-1.59108,1.0206900000000001
484454816,15,15,mean_p,12,0.20962399121547168,0.11309759309125916,mean_p|train_n=12|p=15,140,232,-1.59108,1.0206900000000001
4215532002,15,15,mean_p,12,0.43736653177507523,0.010594813653539321,mean_p|train_n=12|p=15,141,235,-1.59108,1.0206900000000001
1659132929,15,15,mean_p,12,0.17746925470032898,0.15799613583825944,mean_p|train_n=12|p=15,142,236,-1.59108,1.0206900000000001
1730373237,15,15,mean_p,12,0.2894021755056097,0.049342251824704232,mean_p|train_n=12|p=15,143,237,-1.59108,1.0206900000000001
4166392006,15,15,mean_p,12,0.3072820093815587,0.040971651567953016,mean_p|train_n=12|p=15,144,239,-1.59108,1.0206900000000001
1460361623,15,15,mean_p,12,0.40571750295202691,0.014723224276778279,mean_p|train_n=12|p=15,145,241,-1.59108,1.0206900000000001
2012045700,15,15,mean_p,12,0.45249343430214306,0.0090529172682934124,mean_p|train_n=12|p=15,146,243,-1.59108,1.0206900000000001
1969297983,15,15,mean_p,12,0.30457167203178209,0.042142652138953483,mean_p|train_n=12|p=15,147,245,-1.59108,1.0206900000000001
4094935196,15,15,mean_p,12,0.34565679372488861,0.027491855544925236,mean_p|train_n=12|p=15,148,246,-1.59108,1.0206900000000001
1828365358,15,15,mean_p,12,0.25069775836239888,0.073788184211888985,mean_p|train_n=12|p=15,149,249,-1.59108,1.0206900000000001
3290695851,15,15,mean_p,12,0.40543491930690173,0.014766545910192641,mean_p|train_n=12|p=15,150,250,-1.59108,1.0206900000000001
2003801040,15,15,mean_p,12,0.34015348836831572,0.029110787433899245,mean_p|train_n=12|p=15,151,251,-1.59108,1.0206900000000001
3190515698,15,15,mean_p,12,0.28705319748535713,0.050562164597197701,mean_p|train_n=12|p=15,152,252,-1.59108,1.0206900000000001
857852441,15,15,mean_p,12,0.25921283472823203,0.067536324618616569,mean_p|train_n=12|p=15,153,253,-1.59108,1.0206900000000001
116039122,15,15,mean_p,12,0.30212303678691854,0.043229334839661911,mean_p|train_n=12|p=15,154,254,-1.59108,1.0206900000000001
31542069,15,15,mean_p,12,0.20270367371473652,0.12153509637403856,mean_p|train_n=12|p=15,155,255,-1.59108,1.0206900000000001
1720108020,15,15,mean_p,12,0.17510139899935315,0.16193413258231051,mean_p|train_n=12|p=15,156,260,-1.59108,1.0206900000000001
168552559,15,15,mean_p,12,0.42266699437720201,0.012344353437192876,mean_p|train_n=12|p=15,157,264,-1.59108,1.0206900000000001
807567460,15,15,mean_p,12,0.37607551756205465,0.020037790363714135,mean_p|train_n=12|p=15,158,265,-1.59108,1.0206900000000001
766306436,15,15,mean_p,12,0.45620499575724144,0.0087102211464003872,mean_p|train_n=12|p=15,159,266,-1.59108,1.0206900000000001
717591078,15,15,mean_p,12,0.33099175270664855,0.0320201462918836,mean_p|train_n=12|p=15,160,267,-1.59108,1.0206900000000001
2717645789,15,15,mean_p,12,0.29301334693766506,0.04752399063501471,mean_p|train_n=12|p=15,161,268,-1.59108,1.0206900000000001
4001429386,15,15,mean_p,12,0.49374612569586535,0.0058954110191251439,mean_p|train_n=12|p=15,162,270,-1.59108,1.0206900000000001
2189770376,15,15,mean_p,12,0.48889575027622573,0.0062003430155325341,mean_p|train_n=12|p=15,163,271,-1.59108,1.0206900000000001
523753115,15,15,mean_p,12,0.2186997957280756,0.1029134225517479,mean_p|train_n=12|p=15,164,273,-1.59108,1.0206900000000001
3407685944,15,15,mean_p,12,0.39731347319247273,0.016067595997030948,mean_p|train_n=12|p=15,165,277,-1.59108,1.0206900000000001
333892163,15,15,mean_p,12,0.35998082171333601,0.023687794241929325,mean_p|train_n=12|p=15,166,280,-1.59108,1.0206900000000001
3264325646,15,15,mean_p,12,0.33133364635942864,0.031906525085289419,mean_p|train_n=12|p=15,167,281,-1.59108,1.0206900000000001
3270681128,15,15,mean_p,12,0.20793168787599975,0.11510518137183731,mean_p|train_n=12|p=15,168,282,-1.59108,1.0206900000000001
2578854350,15,15,mean_p,12,0.22180198386805997,0.099647004158675584,mean_p|train_n=12|p=15,169,283,-1.59108,1.0206900000000001
2863000579,15,15,mean_p,12,0.39840810113654673,0.015885766168468558,mean_p|train_n=12|p=15,170,291,-1.59108,1.0206900000000001
3864063231,15,15,mean_p,12,0.34119628586038731,0.02879686783669751,mean_p|train_n=12|p=15,171,292,-1.59108,1.0206900000000001
1308813784,15,15,mean_p,12,0.37392094985225893,0.020491732187075205,mean_p|train_n=12|p=15,172,293,-1.59108,1.0206900000000001
1878448574,15,15,mean_p,12,0.32068692987973363,0.035641356379110756,mean_p|train_n=12|p=15,173,294,-1.59108,1.0206900000000001
3487519203,15,15,mean_p,12,0.18935271990547814,0.13963274417821045,mean_p|train_n=12|p=15,174,297,-1.59108,1.0206900000000001
2810363378,15,15,mean_p,12,0.33452343963803721,0.030865701812999052,mean_p|train_n=12|p=15,175,298,-1.59108,1.0206900000000001
681001952,15,15,mean_p,12,0.41494596496058472,0.013376185087433181,mean_p|train_n=12|p=15,176,300,-1.59108,1.0206900000000001
3474691110,15,15,mean_p,12,0.19767472873534939,0.12805886815035311,mean_p|train_n=12|p=15,177,301,-1.59108,1.0206900000000001
3926158643,15,15,mean_p,12,0.29202773691449663,0.0480135009748585,mean_p|train_n=12|p=15,178,302,-1.59108,1.0206900000000001
1943422221,15,15,mean_p,12,0.23131764718590916,0.090260294263711391,mean_p|train_n=12|p=15,179,306,-1.59108,1.0206900000000001
3075426975,15,15,mean_p,12,0.4044936879147481,0.014911763364137994,mean_p|train_n=12|p=15,180,307,-1.59108,1.0206900000000001
133462899,15,15,mean_p,12,0.42716565058017025,0.011780260409004359,mean_p|train_n=12|p=15,181,308,-1.59108,1.0206900000000001
3046172289,15,15,mean_p,12,0.39769695990064485,0.016003658972817018,mean_p|train_n=12|p=15,182,310,-1.59108,1.0206900000000001
2151924372,15,15,mean_p,12,0.18379609039654138,0.14793739109782916,mean_p|train_n=12|p=15,183,314,-1.59108,1.0206900000000001
2043047082,15,15,mean_p,12,0.42436500262490379,0.012128331991754292,mean_p|train_n=12|p=15,184,316,-1.59108,1.0206900000000001
2810472115,15,15,mean_p,12,0.38076644378623536,0.019083946314766089,mean_p|train_n=12|p=15,185,317,-1.59108,1.0206900000000001
321425531,15,15,mean_p,12,0.34112810087036194,0.028817290139285943,mean_p|train_n=12|p=15,186,320,-1.59108,1.0206900000000001
3712756549,15,15,mean_p,12,0.25394871649335643,0.071335758705443286,mean_p|train_n=12|p=15,187,322,-1.59108,1.0206900000000001
2748066358,15,15,mean_p,12,0.3985262982003453,0.015866255832648248,mean_p|train_n=12|p=15,188,323,-1.59108,1.0206900000000001
1349206808,15,15,mean_p,12,0.19936831265337579,0.1258236749677453,mean_p|train_n=12|p=15,189,324,-1.59108,1.0206900000000001
1052236281,15,15,mean_p,12,0.34571930385133171,0.027473993547282912,mean_p|train_n=12|p=15,190,325,-1.59108,1.0206900000000001
1425662472,15,15,mean_p,12,0.28223798088527269,0.053157987117364178,mean_p|train_n=12|p=15,191,326,-1.59108,1.0206900000000001
3341620914,15,15,mean_p,12,0.37118911065033694,0.021082113856212451,mean_p|train_n=12|p=15,192,327,-1.59108,1.0206900000000001
56929879,15,15,mean_p,12,0.47398837663924404,0.0072398441194054097,mean_p|train_n=12|p=15,193,329,-1.59108,1.0206900000000001
1121915107,15,15,mean_p,12,0.34631055013540241,0.027305620431538662,mean_p|train_n=12|p=15,194,330,-1.59108,1.0206900000000001
664091195,15,15,mean_p,12,0.24734701734918701,0.07640414614011326,mean_p|train_n=12|p=15,195,331,-1.59108,1.0206900000000001
1127453611,15,15,mean_p,12,0.46723918287194804,0.0077661336839121055,mean_p|train_n=12|p=15,196,332,-1.59108,1.0206900000000001
2573707294,15,15,mean_p,12,0.29323765328670603,0.047413286239552578,mean_p|train_n=12|p=15,197,333,-1.59108,1.0206900000000001
146608677,15,15,mean_p,12,0.33483711729497545,0.03076520125889547,mean_p|train_n=12|p=15,198,336,-1.59108,1.0206900000000001
1340984070,15,15,mean_p,12,0.21692011089844396,0.10483543446280687,mean_p|train_n=12|p=15,199,338,-1.59108,1.0206900000000001
2821763753,15,15,mean_p,12,0.16058907591098256,0.18830769510690279,mean_p|train_n=12|p=15,200,340,-1.59108,1.0206900000000001
3570492168,15,15,mean_p,12,0.47163784777598811,0.0074189579737501373,mean_p|train_n=12|p=15,201,341,-1.59108,1.0206900000000001
2720089515,15,15,mean_p,12,0.16720251789541837,0.17579454778907874,mean_p|train_n=12|p=15,202,343,-1.59108,1.0206900000000001
950184121,15,15,mean_p,12,0.29866668973660865,0.044811090751971622,mean_p|train_n=12|p=15,203,347,-1.59108,1.0206900000000001
1339629080,15,15,mean_p,12,0.32034602344390434,0.035767910427900396,mean_p|train_n=12|p=15,204,348,-1.59108,1.0206900000000001
410431404,15,15,mean_p,12,0.43859955954952734,0.010459854595468346,mean_p|train_n=12|p=15,205,353,-1.59108,1.0206900000000001
2179877366,15,15,mean_p,12,0.2335261306621928,0.08821134590767532,mean_p|train_n=12|p=15,206,354,-1.59108,1.0206900000000001
1573340796,15,15,mean_p,12,0.14951255224605137,0.21129224408954461,mean_p|train_n=12|p=15,207,355,-1.59108,1.0206900000000001
2066225607,15,15,mean_p,12,0.27166810010508741,0.059332998268229714,mean_p|train_n=12|p=15,208,357,-1.59108,1.0206900000000001
885059827,15,15,mean_p,12,0.30990156420262643,0.039870804800672968,mean_p|train_n=12|p=15,209,360,-1.59108,1.0206900000000001
1104877926,15,15,mean_p,12,0.50056556387933293,0.0054918827566681344,mean_p|train_n=12|p=15,210,362,-1.59108,1.0206900000000001
551618841,15,15,mean_p,12,0.23408330643710135,0.08770180852495163,mean_p|train_n=12|p=15,211,363,-1.59108,1.0206900000000001
2927282929,15,15,mean_p,12,0.25382282474298495,0.071429192833405958,mean_p|train_n=12|p=15,212,364,-1.59108,1.0206900000000001
3003346970,15,15,mean_p,12,0.15675129102287988,0.19597351992061685,mean_p|train_n=12|p=15,213,366,-1.59108,1.0206900000000001
1820467846,15,15,mean_p,12,0.21751206742241924,0.10419218587534897,mean_p|train_n=12|p=15,214,367,-1.59108,1.0206900000000001
1484678245,15,15,mean_p,12,0.42187746886553762,0.01244610357039753,mean_p|train_n=12|p=15,215,368,-1.59108,1.0206900000000001
3014182356,15,15,mean_p,12,0.39963654930010273,0.015684156583736158,mean_p|train_n=12|p=15,216,372,-1.59108,1.0206900000000001
3958420499,15,15,mean_p,12,0.40280282662148015,0.015176233597400357,mean_p|train_n=12|p=15,217,373,-1.59108,1.0206900000000001
498194039,15,15,mean_p,12,0.16264210161564707,0.18433072568017908,mean_p|train_n=12|p=15,218,377,-1.59108,1.0206900000000001
3170447944,15,15,mean_p,12,0.29419356595624929,0.046944388007837679,mean_p|train_n=12|p=15,219,382,-1.59108,1.0206900000000001
3611316799,15,15,mean_p,12,0.3528816053241165,0.025502383846053144,mean_p|train_n=12|p=15,220,385,-1.59108,1.0206900000000001
3577492290,15,15,mean_p,12,0.21650009407895623,0.10529425212633639,mean_p|train_n=12|p=15,221,389,-1.59108,1.0206900000000001
3884942597,15,15,mean_p,12,0.21264754618542167,0.10959750093992136,mean_p|train_n=12|p=15,222,390,-1.59108,1.0206900000000001
1615039255,15,15,mean_p,12,0.26101084544785963,0.066285508902724444,mean_p|train_n=12|p=15,223,391,-1.59108,1.0206900000000001
218890245,15,15,mean_p,12,0.30359661249205694,0.042572062970720345,mean_p|train_n=12|p=15,224,393,-1.59108,1.0206900000000001
371354897,15,15,mean_p,12,0.58505698945863815,0.002281415852861022,mean_p|train_n=12|p=15,225,396,-1.59108,1.0206900000000001
3000522469,15,15,mean_p,12,0.40222962755826963,0.015266948985587319,mean_p|train_n=12|p=15,226,399,-1.59108,1.0206900000000001
616972835,15,15,mean_p,12,0.34135416176443178,0.028749637457526143,mean_p|train_n=12|p=15,227,400,-1.59108,1.0206900000000001
1765886066,15,15,mean_p,12,0.46675393294202616,0.007805414733629298,mean_p|train_n=12|p=15,228,403,-1.59108,1.0206900000000001
1731846360,15,15,mean_p,12,0.23950275993523232,0.082896706867835429,mean_p|train_n=12|p=15,229,404,-1.59108,1.0206900000000001
342529834,15,15,mean_p,12,0.20598012894796378,0.11746460973919633,mean_p|train_n=12|p=15,230,405,-1.59108,1.0206900000000001
1119258513,15,15,mean_p,12,0.46537227576799456,0.0079183517048468915,mean_p|train_n=12|p=15,231,408,-1.59108,1.0206900000000001
3970284359,15,15,mean_p,12,0.57732842776670246,0.002472306942408348,mean_p|train_n=12|p=15,232,409,-1.59108,1.0206900000000001
748040826,15,15,mean_p,12,0.19366786326676033,0.13350651500108154,mean_p|train_n=12|p=15,233,410,-1.59108,1.0206900000000001
3132398046,15,15,mean_p,12,0.51999136974969729,0.0044875055972853047,mean_p|train_n=12|p=15,234,411,-1.59108,1.0206900000000001
2798831567,15,15,mean_p,12,0.3610615803525804,0.023423107439737412,mean_p|train_n=12|p=15,235,413,-1.59108,1.0206900000000001
3250947496,15,15,mean_p,12,0.4350705802138754,0.010850770471730891,mean_p|train_n=12|p=15,236,415,-1.59108,1.0206900000000001
3513790064,15,15,mean_p,12,0.4135186239331306,0.013576172779132242,mean_p|train_n=12|p=15,237,418,-1.59108,1.0206900000000001
4034607863,15,15,mean_p,12,0.22863568246650795,0.092812617856100663,mean_p|train_n=12|p=15,238,420,-1.59108,1.0206900000000001
3555963172,15,15,mean_p,12,0.25333777443679456,0.071790332186796979,mean_p|train_n=12|p=15,239,422,-1.59108,1.0206900000000001
2135607761,15,15,mean_p,12,0.49982817895844878,0.0055341494337169204,mean_p|train_n=12|p=15,240,423,-1.59108,1.0206900000000001
820634948,15,15,mean_p,12,0.22644417560955482,0.094951681916856323,mean_p|train_n=12|p=15,241,424,-1.59108,1.0206900000000001
331998393,15,15,mean_p,12,0.35995443704815933,0.023694293331165364,mean_p|train_n=12|p=15,242,425,-1.59108,1.0206900000000001
2113800269,15,15,mean_p,12,0.41522462260455778,0.013337486869144575,mean_p|train_n=12|p=15,243,426,-1.59108,1.0206900000000001
1653990338,15,15,mean_p,12,0.17947101983150401,0.1547417824656574,mean_p|train_n=12|p=15,244,428,-1.59108,1.0206900000000001
2083962107,15,15,mean_p,12,0.22512888066998207,0.096259103017108813,mean_p|train_n=12|p=15,245,429,-1.59108,1.0206900000000001
1441484177,15,15,mean_p,12,0.25882822814259043,0.067806931903631726,mean_p|train_n=12|p=15,246,430,-1.59108,1.0206900000000001
2250110207,15,15,mean_p,12,0.32530349272346271,0.033971002629021974,mean_p|train_n=12|p=15,247,431,-1.59108,1.0206900000000001
3387045562,15,15,mean_p,12,0.51791776628787323,0.0045853052854627329,mean_p|train_n=12|p=15,248,432,-1.59108,1.0206900000000001
4196913457,15,15,mean_p,12,0.26395383834726299,0.064287961917336503,mean_p|train_n=12|p=15,249,434,-1.59108,1.0206900000000001
519905161,15,15,mean_p,12,0.20681848236951178,0.11644517482188313,mean_p|train_n=12|p=15,250,435,-1.59108,1.0206900000000001
1422649769,15,15,mean_p,12,0.2866977406475002,0.050749375881323382,mean_p|train_n=12|p=15,251,437,-1.59108,1.0206900000000001
1188056895,15,15,mean_p,12,0.2829273167104816,0.052778356967709134,mean_p|train_n=12|p=15,252,438,-1.59108,1.0206900000000001
4176338790,15,15,mean_p,12,0.38652716967744843,0.017974462686729399,mean_p|train_n=12|p=15,253,443,-1.59108,1.0206900000000001
909208943,15,15,mean_p,12,0.51000895944989144,0.0049782886850379994,mean_p|train_n=12|p=15,254,444,-1.59108,1.0206900000000001
2400495422,15,15,mean_p,12,0.19047814305055483,0.13800838742818078,mean_p|train_n=12|p=15,255,445,-1.59108,1.0206900000000001
1896014668,15,15,mean_p,12,0.36251486335271632,0.023071842792990991,mean_p|train_n=12|p=15,256,447,-1.59108,1.0206900000000001
405677619,15,15,mean_p,12,0.32383261115403439,0.034494516109683203,mean_p|train_n=12|p=15,257,449,-1.59108,1.0206900000000001
860559547,15,15,mean_p,12,0.46290108096073318,0.0081244382859652648,mean_p|train_n=12|p=15,258,452,-1.59108,1.0206900000000001
3858529869,15,15,mean_p,12,0.27213792756922117,0.059043869633170806,mean_p|train_n=12|p=15,259,454,-1.59108,1.0206900000000001
3412335133,15,15,mean_p,12,0.3640639519688505,0.022703219695175341,mean_p|train_n=12|p=15,260,459,-1.59108,1.0206900000000001
3029889216,15,15,mean_p,12,0.35749286233471156,0.024308540147867728,mean_p|train_n=12|p=15,261,460,-1.59108,1.0206900000000001
334049216,15,15,mean_p,12,0.44790757766280004,0.0094950172390599746,mean_p|train_n=12|p=15,262,462,-1.59108,1.0206900000000001
3976803889,15,15,mean_p,12,0.2175507200308546,0.10415032161596351,mean_p|train_n=12|p=15,263,463,-1.59108,1.0206900000000001
2892633550,15,15,mean_p,12,0.17978497670166219,0.15423748629454831,mean_p|train_n=12|p=15,264,467,-1.59108,1.0206900000000001
1282472107,15,15,mean_p,12,0.29695651444105697,0.045615004934575751,mean_p|train_n=12|p=15,265,468,-1.59108,1.0206900000000001
1220254309,15,15,mean_p,12,0.33531829249554596,0.030611671061516844,mean_p|train_n=12|p=15,266,469,-1.59108,1.0206900000000001
729052125,15,15,mean_p,12,0.36862388106737959,0.021651965190402564,mean_p|train_n=12|p=15,267,471,-1.59108,1.0206900000000001
1984464,15,15,mean_p,12,0.2842560260394259,0.052054244268881597,mean_p|train_n=12|p=15,268,473,-1.59108,1.0206900000000001
1569002476,15,15,mean_p,12,0.25400964663407616,0.07129058157628515,mean_p|train_n=12|p=15,269,475,-1.59108,1.0206900000000001
987398818,15,15,mean_p,12,0.24143483278441158,0.08124807872591483,mean_p|train_n=12|p=15,270,478,-1.59108,1.0206900000000001
2072057734,15,15,mean_p,12,0.38460299104210965,0.01833768250261469,mean_p|train_n=12|p=15,271,481,-1.59108,1.0206900000000001
2274780257,15,15,mean_p,12,0.31335897264714258,0.03846300818648677,mean_p|train_n=12|p=15,272,482,-1.59108,1.0206900000000001
2917185036,15,15,mean_p,12,0.17035241762855655,0.17013050334328395,mean_p|train_n=12|p=15,273,484,-1.59108,1.0206900000000001
147238522,15,15,mean_p,12,0.24292456272346241,0.079999320658914186,mean_p|train_n=12|p=15,274,486,-1.59108,1.0206900000000001
1138453193,15,15,mean_p,12,0.26673113472078697,0.062458121052712798,mean_p|train_n=12|p=15,275,487,-1.59108,1.0206900000000001
53177877,15,15,mean_p,12,0.31923006815997501,0.03618533598790985,mean_p|train_n=12|p=15,276,489,-1.59108,1.0206900000000001
1055024671,15,15,mean_p,12,0.21486194434476763,0.10710300286320651,mean_p|train_n=12|p=15,277,490,-1.59108,1.0206900000000001
2549234334,15,15,mean_p,12,0.50254007137625889,0.0053802873045977317,mean_p|train_n=12|p=15,278,494,-1.59108,1.0206900000000001
1638554680,15,15,mean_p,12,0.42873672727384898,0.011589395202582812,mean_p|train_n=12|p=15,279,495,-1.59108,1.0206900000000001
2849924625,15,15,mean_p,12,0.28194391851493322,0.053320762521543365,mean_p|train_n=12|p=15,280,496,-1.59108,1.0206900000000001
3157933669,15,15,mean_p,12,0.31742146407580041,0.036872218668704645,mean_p|train_n=12|p=15,281,497,-1.59108,1.0206900000000001
3443565357,15,15,mean_p,12,0.25935470001107747,0.067436781780898195,mean_p|train_n=12|p=15,282,499,-1.59108,1.0206900000000001
2546416373,15,15,mean_p,12,0.32601380860311457,0.033721040682550482,mean_p|train_n=12|p=15,283,501,-1.59108,1.0206900000000001
2557563101,15,15,mean_p,12,0.18174831050092535,0.15112092498721436,mean_p|train_n=12|p=15,284,502,-1.59108,1.0206900000000001
664767458,15,15,mean_p,12,0.23475111079185124,0.087094977649022631,mean_p|train_n=12|p=15,285,504,-1.59108,1.0206900000000001
1912385331,15,15,mean_p,12,0.40751790933629756,0.014450180859667313,mean_p|train_n=12|p=15,286,508,-1.59108,1.0206900000000001
356136474,15,15,mean_p,12,0.35760610699034651,0.024279935430344003,mean_p|train_n=12|p=15,287,510,-1.59108,1.0206900000000001
1500530536,15,15,mean_p,12,0.1470207396355665,0.21683790905590522,mean_p|train_n=12|p=15,288,511,-1.59108,1.0206900000000001
4114193065,15,15,mean_p,12,0.42873516646002691,0.011589583278036917,mean_p|train_n=12|p=15,289,512,-1.59108,1.0206900000000001
1313787036,15,15,mean_p,12,0.29761038689925734,0.045305945459046836,mean_p|train_n=12|p=15,290,514,-1.59108,1.0206900000000001
513408841,15,15,mean_p,12,0.22493591004969382,0.096452426882856893,mean_p|train_n=12|p=15,291,515,-1.59108,1.0206900000000001
2327494160,15,15,mean_p,12,0.34540059234564191,0.027565185395060501,mean_p|train_n=12|p=15,292,516,-1.59108,1.0206900000000001
2242637400,15,15,mean_p,12,0.33304429368251331,0.031344053920056493,mean_p|train_n=12|p=15,293,519,-1.59108,1.0206900000000001
3528239910,15,15,mean_p,12,0.21580073800512134,0.1060626738707971,mean_p|train_n=12|p=15,294,524,-1.59108,1.0206900000000001
147639185,15,15,mean_p,12,0.2164689222181217,0.10532838355698135,mean_p|train_n=12|p=15,295,525,-1.59108,1.0206900000000001
4103091656,15,15,mean_p,12,0.47855264518634344,0.0069042973878836672,mean_p|train_n=12|p=15,296,526,-1.59108,1.0206900000000001
2083848920,15,15,mean_p,12,0.27743898448116877,0.055877652895687711,mean_p|train_n=12|p=15,297,527,-1.59108,1.0206900000000001
1100851014,15,15,mean_p,12,0.36038462886597789,0.023588550305258832,mean_p|train_n=12|p=15,298,530,-1.59108,1.0206900000000001
980897979,15,15,mean_p,12,0.31716610940024675,0.036970243578918191,mean_p|train_n=12|p=15,299,531,-1.59108,1.0206900000000001
2041371980,15,15,mean_p,12,0.36034924288189135,0.023597230493494912,mean_p|train_n=12|p=15,300,533,-1.59108,1.0206900000000001
530437217,15,15,mean_p,12,0.27318488008013619,0.058404639956898027,mean_p|train_n=12|p=15,301,534,-1.59108,1.0206900000000001
329307522,15,15,mean_p,12,0.29672964390747164,0.045722729524793511,mean_p|train_n=12|p=15,302,536,-1.59108,1.0206900000000001
2506292540,15,15,mean_p,12,0.25769235772421545,0.068612470975570938,mean_p|train_n=12|p=15,303,538,-1.59108,1.0206900000000001
1694480934,15,15,mean_p,12,0.21991887660928172,0.10161722314055825,mean_p|train_n=12|p=15,304,540,-1.59108,1.0206900000000001
3542129334,15,15,mean_p,12,0.33318956796979271,0.031296746126690422,mean_p|train_n=12|p=15,305,543,-1.59108,1.0206900000000001
2996698850,15,15,mean_p,12,0.28772776912466008,0.050208779403315022,mean_p|train_n=12|p=15,306,544,-1.59108,1.0206900000000001
152402109,15,15,mean_p,12,0.54001118139105131,0.0036442364369626062,mean_p|train_n=12|p=15,307,545,-1.59108,1.0206900000000001
291680290,15,15,mean_p,12,0.18312579385534583,0.14897199920736751,mean_p|train_n=12|p=15,308,546,-1.59108,1.0206900000000001
812520200,15,15,mean_p,12,0.17995175295410404,0.15397026910683853,mean_p|train_n=12|p=15,309,547,-1.59108,1.0206900000000001
3536155490,15,15,mean_p,12,0.46770224736432042,0.007728832895613027,mean_p|train_n=12|p=15,310,548,-1.59108,1.0206900000000001
1598599634,15,15,mean_p,12,0.18039199219302754,0.1532671178167048,mean_p|train_n=12|p=15,311,549,-1.59108,1.0206900000000001
2057498945,15,15,mean_p,12,0.19154406441375929,0.13648733902961802,mean_p|train_n=12|p=15,312,550,-1.59108,1.0206900000000001
1742943007,15,15,mean_p,12,0.44026667863798707,0.010280112197240909,mean_p|train_n=12|p=15,313,554,-1.59108,1.0206900000000001
2760496678,15,15,mean_p,12,0.46642445768905066,0.0078321989892388092,mean_p|train_n=12|p=15,314,559,-1.59108,1.0206900000000001
1653193600,15,15,mean_p,12,0.23460867327573226,0.08722405672512705,mean_p|train_n=12|p=15,315,561,-1.59108,1.0206900000000001
1951814946,15,15,mean_p,12,0.23975125406202785,0.082682807640250169,mean_p|train_n=12|p=15,316,562,-1.59108,1.0206900000000001
3987695004,15,15,mean_p,12,0.37323301177916901,0.020638827501103935,mean_p|train_n=12|p=15,317,563,-1.59108,1.0206900000000001
1119509086,15,15,mean_p,12,0.28406293699665119,0.052158852657008946,mean_p|train_n=12|p=15,318,564,-1.59108,1.0206900000000001
3909639438,15,15,mean_p,12,0.21853129124686524,0.10309388244204308,mean_p|train_n=12|p=15,319,566,-1.59108,1.0206900000000001
2980395783,15,15,mean_p,12,0.18296017241408566,0.14922875006743713,mean_p|train_n=12|p=15,320,568,-1.59108,1.0206900000000001
3977436406,15,15,mean_p,12,0.31938995353917343,0.036125232849018238,mean_p|train_n=12|p=15,321,569,-1.59108,1.0206900000000001
135494505,15,15,mean_p,12,0.28335653058840921,0.052543351668476651,mean_p|train_n=12|p=15,322,570,-1.59108,1.0206900000000001
818773329,15,15,mean_p,12,0.69493225588230989,0.00072789408522893771,mean_p|train_n=12|p=15,323,571,-1.59108,1.0206900000000001
1860807923,15,15,mean_p,12,0.29500102525243871,0.046551924487477865,mean_p|train_n=12|p=15,324,575,-1.59108,1.0206900000000001
587992429,15,15,mean_p,12,0.46098281833798005,0.0082881034448459515,mean_p|train_n=12|p=15,325,577,-1.59108,1.0206900000000001
3430447747,15,15,mean_p,12,0.23214979215416306,0.089482732212549917,mean_p|train_n=12|p=15,326,580,-1.59108,1.0206900000000001
1430577898,15,15,mean_p,12,0.22142916715383595,0.10003401072211224,mean_p|train_n=12|p=15,327,581,-1.59108,1.0206900000000001
969708477,15,15,mean_p,12,0.42914895277443776,0.011539829417723527,mean_p|train_n=12|p=15,328,582,-1.59108,1.0206900000000001
3012228489,15,15,mean_p,12,0.48746560099182173,0.0062932282526698986,mean_p|train_n=12|p=15,329,583,-1.59108,1.0206900000000001
1110610059,15,15,mean_p,12,0.24998378072525723,0.074337979628436121,mean_p|train_n=12|p=15,330,584,-1.59108,1.0206900000000001
2449582340,15,15,mean_p,12,0.44854420998364547,0.0094323753835949611,mean_p|train_n=12|p=15,331,585,-1.59108,1.0206900000000001
2109070709,15,15,mean_p,12,0.25027268873909564,0.074115015523862723,mean_p|train_n=12|p=15,332,586,-1.59108,1.0206900000000001
3939085467,15,15,mean_p,12,0.22590102671875412,0.095489412994647804,mean_p|train_n=12|p=15,333,588,-1.59108,1.0206900000000001
4140113326,15,15,mean_p,12,0.41266883972252716,0.013696654933774519,mean_p|train_n=12|p=15,334,590,-1.59108,1.0206900000000001
2081229828,15,15,mean_p,12,0.20038475947469056,0.12450094585765803,mean_p|train_n=12|p=15,335,591,-1.59108,1.0206900000000001
2771211295,15,15,mean_p,12,0.31311207996805568,0.038561869349395192,mean_p|train_n=12|p=15,336,592,-1.59108,1.0206900000000001
3800859207,15,15,mean_p,12,0.21456723112270837,0.10743169062898464,mean_p|train_n=12|p=15,337,594,-1.59108,1.0206900000000001
2726471884,15,15,mean_p,12,0.42589700746356068,0.011936675436009247,mean_p|train_n=12|p=15,338,596,-1.59108,1.0206900000000001
2273424673,15,15,mean_p,12,0.41567242417878081,0.01327553338712017,mean_p|train_n=12|p=15,339,597,-1.59108,1.0206900000000001
1919465923,15,15,mean_p,12,0.39948905131165241,0.015708227744839608,mean_p|train_n=12|p=15,340,598,-1.59108,1.0206900000000001
2910924580,15,15,mean_p,12,0.37859517379784091,0.019519668916739549,mean_p|train_n=12|p=15,341,599,-1.59108,1.0206900000000001
3345811249,15,15,mean_p,12,0.45292703578059013,0.0090121963614692071,mean_p|train_n=12|p=15,342,601,-1.59108,1.0206900000000001
3011639940,15,15,mean_p,12,0.26518960792018736,0.063467238480925031,mean_p|train_n=12|p=15,343,606,-1.59108,1.0206900000000001
1971551187,15,15,mean_p,12,0.34717250446721482,0.027062002964639842,mean_p|train_n=12|p=15,344,607,-1.59108,1.0206900000000001
1101130537,15,15,mean_p,12,0.37220721658358225,0.020860126996585709,mean_p|train_n=12|p=15,345,608,-1.59108,1.0206900000000001
2497414195,15,15,mean_p,12,0.4666117958065501,0.0078169583320154314,mean_p|train_n=12|p=15,346,609,-1.59108,1.0206900000000001
4065043017,15,15,mean_p,12,0.37124602113121047,0.021069643046631996,mean_p|train_n=12|p=15,347,610,-1.59108,1.0206900000000001
1261630336,15,15,mean_p,12,0.50154875038938485,0.005436028533675588,mean_p|train_n=12|p=15,348,613,-1.59108,1.0206900000000001
2054326850,15,15,mean_p,12,0.23005963940335575,0.09144863264517275,mean_p|train_n=12|p=15,349,614,-1.59108,1.0206900000000001
3897237430,15,15,mean_p,12,0.23473584355465979,0.087108803910143709,mean_p|train_n=12|p=15,350,618,-1.59108,1.0206900000000001
2778362337,15,15,mean_p,12,0.31286184427694663,0.03866232841584602,mean_p|train_n=12|p=15,351,619,-1.59108,1.0206900000000001
1649201765,15,15,mean_p,12,0.45624253466953729,0.0087068222115792467,mean_p|train_n=12|p=15,352,620,-1.59108,1.0206900000000001
1523608600,15,15,mean_p,12,0.55796680153074663,0.003023631368924036,mean_p|train_n=12|p=15,353,621,-1.59108,1.0206900000000001
2082971359,15,15,mean_p,12,0.38308904149001061,0.018628616944965103,mean_p|train_n=12|p=15,354,622,-1.59108,1.0206900000000001
4042576828,15,15,mean_p,12,0.28446371545283483,0.051941960132159667,mean_p|train_n=12|p=15,355,625,-1.59108,1.0206900000000001
4221984764,15,15,mean_p,12,0.60992269786924802,0.0017616701415827446,mean_p|train_n=12|p=15,356,627,-1.59108,1.0206900000000001
2049359490,15,15,mean_p,12,0.30552683983433748,0.04172620149642705,mean_p|train_n=12|p=15,357,628,-1.59108,1.0206900000000001
3984231434,15,15,mean_p,12,0.44718853576743739,0.0095662682586519776,mean_p|train_n=12|p=15,358,630,-1.59108,1.0206900000000001
4246336119,15,15,mean_p,12,0.30851712839065099,0.040448866202437997,mean_p|train_n=12|p=15,359,631,-1.59108,1.0206900000000001
42882380,15,15,mean_p,12,0.25828857021359597,0.06818846159867753,mean_p|train_n=12|p=15,360,634,-1.59108,1.0206900000000001
1940304667,15,15,mean_p,12,0.44900110638729984,0.0093876736467191253,mean_p|train_n=12|p=15,361,636,-1.59108,1.0206900000000001
3828228739,15,15,mean_p,12,0.4632815184180944,0.0080923656470704083,mean_p|train_n=12|p=15,362,637,-1.59108,1.0206900000000001
1243220819,15,15,mean_p,12,0.26507206472440881,0.063544850543237691,mean_p|train_n=12|p=15,363,638,-1.59108,1.0206900000000001
1727055974,15,15,mean_p,12,0.19337768028419744,0.13390992479502051,mean_p|train_n=12|p=15,364,639,-1.59108,1.0206900000000001
1428262951,15,15,mean_p,12,0.30600724155556225,0.041518305578340624,mean_p|train_n=12|p=15,365,641,-1.59108,1.0206900000000001
1151345845,15,15,mean_p,12,0.17727573953217168,0.15831434682806683,mean_p|train_n=12|p=15,366,650,-1.59108,1.0206900000000001
1152618331,15,15,mean_p,12,0.27025838243108358,0.060209054134450164,mean_p|train_n=12|p=15,367,651,-1.59108,1.0206900000000001
2245769722,15,15,mean_p,12,0.34005755423848794,0.029139838389638049,mean_p|train_n=12|p=15,368,652,-1.59108,1.0206900000000001
278584991,15,15,mean_p,12,0.35516149623709597,0.024904971260990689,mean_p|train_n=12|p=15,369,656,-1.59108,1.0206900000000001
2819346752,15,15,mean_p,12,0.18135973804301891,0.15173269885626312,mean_p|train_n=12|p=15,370,658,-1.59108,1.0206900000000001
3888883163,15,15,mean_p,12,0.44454506191317722,0.0098328412841695041,mean_p|train_n=12|p=15,371,659,-1.59108,1.0206900000000001
2633289746,15,15,mean_p,12,0.24116851163905192,0.081473366118509444,mean_p|train_n=12|p=15,372,661,-1.59108,1.0206900000000001
3613967877,15,15,mean_p,12,0.21311795435254777,0.10906277579681525,mean_p|train_n=12|p=15,373,662,-1.59108,1.0206900000000001
210051334,15,15,mean_p,12,0.30634618961872301,0.041372247873802226,mean_p|train_n=12|p=15,374,664,-1.59108,1.0206900000000001
3917727021,15,15,mean_p,12,0.48091045880898337,0.0067370985470308247,mean_p|train_n=12|p=15,375,665,-1.59108,1.0206900000000001
961472200,15,15,mean_p,12,0.27045449488270934,0.060086411632732352,mean_p|train_n=12|p=15,376,668,-1.59108,1.0206900000000001
1313386596,15,15,mean_p,12,0.28897891123760494,0.049559874055154204,mean_p|train_n=12|p=15,377,669,-1.59108,1.0206900000000001
289375755,15,15,mean_p,12,0.26132483572378906,0.066069464607677972,mean_p|train_n=12|p=15,378,670,-1.59108,1.0206900000000001
3197941569,15,15,mean_p,12,0.3422458436286045,0.028484331251458526,mean_p|train_n=12|p=15,379,671,-1.59108,1.0206900000000001
754949399,15,15,mean_p,12,0.36904271099703362,0.021557883201569081,mean_p|train_n=12|p=15,380,673,-1.59108,1.0206900000000001
3062236717,15,15,mean_p,12,0.21275542403673312,0.10947464218113317,mean_p|train_n=12|p=15,381,674,-1.59108,1.0206900000000001
2752871637,15,15,mean_p,12,0.39494352649760561,0.016468433064545502,mean_p|train_n=12|p=15,382,675,-1.59108,1.0206900000000001
2417848959,15,15,mean_p,12,0.39220520909103052,0.016944041798993559,mean_p|train_n=12|p=15,383,676,-1.59108,1.0206900000000001
2582568022,15,15,mean_p,12,0.26257750513343825,0.065214537936033073,mean_p|train_n=12|p=15,384,678,-1.59108,1.0206900000000001
2505789484,15,15,mean_p,12,0.22338477961537867,0.098020567237957712,mean_p|train_n=12|p=15,385,679,-1.59108,1.0206900000000001
3340406075,15,15,mean_p,12,0.30882588408861422,0.040319225565863447,mean_p|train_n=12|p=15,386,680,-1.59108,1.0206900000000001
2499150434,15,15,mean_p,12,0.30773482851989831,0.040779208166353907,mean_p|train_n=12|p=15,387,681,-1.59108,1.0206900000000001
3744979627,15,15,mean_p,12,0.29992745333688015,0.04422752130115265,mean_p|train_n=12|p=15,388,682,-1.59108,1.0206900000000001
1174754596,15,15,mean_p,12,0.27573430120497233,0.056876854141152525,mean_p|train_n=12|p=15,389,686,-1.59108,1.0206900000000001
3305583671,15,15,mean_p,12,0.19966133063318639,0.12544092781429947,mean_p|train_n=12|p=15,390,691,-1.59108,1.0206900000000001
3522267464,15,15,mean_p,12,0.26663400539536286,0.062521227730476636,mean_p|train_n=12|p=15,391,692,-1.59108,1.0206900000000001
1630552327,15,15,mean_p,12,0.51870884564084219,0.0045477457501757416,mean_p|train_n=12|p=15,392,694,-1.59108,1.0206900000000001
3684068531,15,15,mean_p,12,0.24445061953647204,0.078740010055018586,mean_p|train_n=12|p=15,393,696,-1.59108,1.0206900000000001
318062389,15,15,mean_p,12,0.17145773672718209,0.16818651585884908,mean_p|train_n=12|p=15,394,699,-1.59108,1.0206900000000001
926129184,15,15,mean_p,12,0.33723647853492317,0.030007206359686955,mean_p|train_n=12|p=15,395,700,-1.59108,1.0206900000000001
3328223607,15,15,mean_p,12,0.31735948652140011,0.036895986544089612,mean_p|train_n=12|p=15,396,703,-1.59108,1.0206900000000001
1161797101,15,15,mean_p,12,0.35561808272915324,0.024787021956318645,mean_p|train_n=12|p=15,397,704,-1.59108,1.0206900000000001
1333042010,15,15,mean_p,12,0.21340822347742747,0.10873412179291259,mean_p|train_n=12|p=15,398,707,-1.59108,1.0206900000000001
2248506808,15,15,mean_p,12,0.60140478982155088,0.0019248051895431244,mean_p|train_n=12|p=15,399,708,-1.59108,1.0206900000000001
1442191031,15,15,mean_p,12,0.41046405790253376,0.014014257610361045,mean_p|train_n=12|p=15,400,709,-1.59108,1.0206900000000001
3683440412,15,15,mean_p,12,0.44159034056667046,0.010139602397351873,mean_p|train_n=12|p=15,401,710,-1.59108,1.0206900000000001
4255038494,15,15,mean_p,12,0.41173467363539346,0.013830334838979436,mean_p|train_n=12|p=15,402,714,-1.59108,1.0206900000000001
2411253630,15,15,mean_p,12,0.31754318196925813,0.036825585423207088,mean_p|train_n=12|p=15,403,718,-1.59108,1.0206900000000001
2875170197,15,15,mean_p,12,0.37136770083826948,0.021043004080648742,mean_p|train_n=12|p=15,404,720,-1.59108,1.0206900000000001
505824657,15,15,mean_p,12,0.43825162958955688,0.010497761643148806,mean_p|train_n=12|p=15,405,721,-1.59108,1.0206900000000001
4075441226,15,15,mean_p,12,0.25956598612920545,0.067288800227378515,mean_p|train_n=12|p=15,406,726,-1.59108,1.0206900000000001
2271571168,15,15,mean_p,12,0.34599384405299877,0.027395682186325997,mean_p|train_n=12|p=15,407,727,-1.59108,1.0206900000000001
3194666017,15,15,mean_p,12,0.24223773323262562,0.080572649182061057,mean_p|train_n=12|p=15,408,730,-1.59108,1.0206900000000001
1720387464,15,15,mean_p,12,0.26919192290782173,0.060880379255132344,mean_p|train_n=12|p=15,409,733,-1.59108,1.0206900000000001
1338813000,15,15,mean_p,12,0.25038388560278152,0.074029377934368368,mean_p|train_n=12|p=15,410,734,-1.59108,1.0206900000000001
3803521169,15,15,mean_p,12,0.24583572441105966,0.077614183700728478,mean_p|train_n=12|p=15,411,736,-1.59108,1.0206900000000001
3392132610,15,15,mean_p,12,0.31608862497900436,0.037386743541021471,mean_p|train_n=12|p=15,412,737,-1.59108,1.0206900000000001
2480031572,15,15,mean_p,12,0.43364239212269651,0.011013097616719423,mean_p|train_n=12|p=15,413,739,-1.59108,1.0206900000000001
823418189,15,15,mean_p,12,0.32057195906962938,0.03568398665401603,mean_p|train_n=12|p=15,414,740,-1.59108,1.0206900000000001
1648537908,15,15,mean_p,12,0.33438700941370469,0.030909515674182046,mean_p|train_n=12|p=15,415,741,-1.59108,1.0206900000000001
1882944740,15,15,mean_p,12,0.31293816493401749,0.038631661187512496,mean_p|train_n=12|p=15,416,742,-1.59108,1.0206900000000001
2006731110,15,15,mean_p,12,0.27657787189544814,0.056380181073240457,mean_p|train_n=12|p=15,417,743,-1.59108,1.0206900000000001
274529943,15,15,mean_p,12,0.36963867458898886,0.02142471585794661,mean_p|train_n=12|p=15,418,746,-1.59108,1.0206900000000001
1787045702,15,15,mean_p,12,0.37316730124504549,0.020652932891265265,mean_p|train_n=12|p=15,419,748,-1.59108,1.0206900000000001
1806250889,15,15,mean_p,12,0.33633668212518336,0.030289252147121963,mean_p|train_n=12|p=15,420,749,-1.59108,1.0206900000000001
4139138201,15,15,mean_p,12,0.29603352039992031,0.046054859269736931,mean_p|train_n=12|p=15,421,750,-1.59108,1.0206900000000001
4157788149,15,15,mean_p,12,0.33155338101453169,0.031833713786388697,mean_p|train_n=12|p=15,422,751,-1.59108,1.0206900000000001
1048515817,15,15,mean_p,12,0.58000677013010304,0.0024044096788808232,mean_p|train_n=12|p=15,423,753,-1.59108,1.0206900000000001
758188497,15,15,mean_p,12,0.23972927223474361,0.082701706924484503,mean_p|train_n=12|p=15,424,755,-1.59108,1.0206900000000001
379941043,15,15,mean_p,12,0.35556242449908859,0.024801370113651557,mean_p|train_n=12|p=15,425,756,-1.59108,1.0206900000000001
1333159276,15,15,mean_p,12,0.27943392189604566,0.054730588191972698,mean_p|train_n=12|p=15,426,760,-1.59108,1.0206900000000001
626588902,15,15,mean_p,12,0.361942296816262,0.023209601261243065,mean_p|train_n=12|p=15,427,761,-1.59108,1.0206900000000001
2039460896,15,15,mean_p,12,0.38005008683712671,0.019226616335795213,mean_p|train_n=12|p=15,428,764,-1.59108,1.0206900000000001
729142388,15,15,mean_p,12,0.4885101396717057,0.0062252517864564774,mean_p|train_n=12|p=15,429,765,-1.59108,1.0206900000000001
511041286,15,15,mean_p,12,0.52035941250584061,0.0044703664455620845,mean_p|train_n=12|p=15,430,767,-1.59108,1.0206900000000001
2344675337,15,15,mean_p,12,0.4748090383556845,0.007178332296314394,mean_p|train_n=12|p=15,431,768,-1.59108,1.0206900000000001
2821519318,15,15,mean_p,12,0.45985194809945756,0.0083861292353902151,mean_p|train_n=12|p=15,432,769,-1.59108,1.0206900000000001
633228841,15,15,mean_p,12,0.23579470465854749,0.086155065349584461,mean_p|train_n=12|p=15,433,771,-1.59108,1.0206900000000001
2162833362,15,15,mean_p,12,0.20391659846878005,0.12001203741130068,mean_p|train_n=12|p=15,434,772,-1.59108,1.0206900000000001
3618527142,15,15,mean_p,12,0.3374673592797075,0.029935259997642058,mean_p|train_n=12|p=15,435,774,-1.59108,1.0206900000000001
1367521839,15,15,mean_p,12,0.65373095296768791,0.0011171477391409216,mean_p|train_n=12|p=15,436,775,-1.59108,1.0206900000000001
2713321018,15,15,mean_p,12,0.36493727428180472,0.022498004980304898,mean_p|train_n=12|p=15,437,776,-1.59108,1.0206900000000001
1783479337,15,15,mean_p,12,0.33349844379260829,0.031196399528927027,mean_p|train_n=12|p=15,438,779,-1.59108,1.0206900000000001
375197046,15,15,mean_p,12,0.32294679725055209,0.034813677779656077,mean_p|train_n=12|p=15,439,780,-1.59108,1.0206900000000001
1577856058,15,15,mean_p,12,0.22887982563473058,0.0925773204025679,mean_p|train_n=12|p=15,440,781,-1.59108,1.0206900000000001
1716748637,15,15,mean_p,12,0.39184142301099445,0.01700825161111278,mean_p|train_n=12|p=15,441,783,-1.59108,1.0206900000000001
801799453,15,15,mean_p,12,0.57685098253165945,0.0024846102266567294,mean_p|train_n=12|p=15,442,785,-1.59108,1.0206900000000001
1974263561,15,15,mean_p,12,0.32725597901024817,0.033288330209158133,mean_p|train_n=12|p=15,443,786,-1.59108,1.0206900000000001
2811737789,15,15,mean_p,12,0.4822259577887163,0.0066455790792082636,mean_p|train_n=12|p=15,444,788,-1.59108,1.0206900000000001
3197009624,15,15,mean_p,12,0.3570408270348927,0.024423056872972922,mean_p|train_n=12|p=15,445,789,-1.59108,1.0206900000000001
2684041481,15,15,mean_p,12,0.34031012966354962,0.029063415257938346,mean_p|train_n=12|p=15,446,791,-1.59108,1.0206900000000001
2929188014,15,15,mean_p,12,0.32645554288654427,0.033566521691744594,mean_p|train_n=12|p=15,447,792,-1.59108,1.0206900000000001
1426457984,15,15,mean_p,12,0.2316547436463999,0.089944498129878189,mean_p|train_n=12|p=15,448,793,-1.59108,1.0206900000000001
1434440637,15,15,mean_p,12,0.33692442856169058,0.030104721297512908,mean_p|train_n=12|p=15,449,798,-1.59108,1.0206900000000001
3094832025,15,15,mean_p,12,0.28706883816804218,0.050553942875508316,mean_p|train_n=12|p=15,450,803,-1.59108,1.0206900000000001
1727618903,15,15,mean_p,12,0.29530558597618867,0.046404747190416533,mean_p|train_n=12|p=15,451,804,-1.59108,1.0206900000000001
2185670690,15,15,mean_p,12,0.40845497896682481,0.014310077697298702,mean_p|train_n=12|p=15,452,805,-1.59108,1.0206900000000001
391486686,15,15,mean_p,12,0.5459344850981086,0.0034265743907920666,mean_p|train_n=12|p=15,453,809,-1.59108,1.0206900000000001
610731668,15,15,mean_p,12,0.11905549575434522,0.29000859509437277,mean_p|train_n=12|p=15,454,810,-1.59108,1.0206900000000001
2342704068,15,15,mean_p,12,0.26559123083231195,0.063202767293842582,mean_p|train_n=12|p=15,455,811,-1.59108,1.0206900000000001
3046594011,15,15,mean_p,12,0.33973319632846366,0.029238275956192616,mean_p|train_n=12|p=15,456,812,-1.59108,1.0206900000000001
566027522,15,15,mean_p,12,0.40611091452693621,0.014663123668303003,mean_p|train_n=12|p=15,457,814,-1.59108,1.0206900000000001
2984122321,15,15,mean_p,12,0.18395813391303883,0.14768835601276403,mean_p|train_n=12|p=15,458,816,-1.59108,1.0206900000000001
2425246643,15,15,mean_p,12,0.45038424649034137,0.0092536375200201193,mean_p|train_n=12|p=15,459,820,-1.59108,1.0206900000000001
3390305765,15,15,mean_p,12,0.1940893867473458,0.13292268068950569,mean_p|train_n=12|p=15,460,822,-1.59108,1.0206900000000001
1021660503,15,15,mean_p,12,0.27797752622835953,0.055565649774313206,mean_p|train_n=12|p=15,461,823,-1.59108,1.0206900000000001
4259417192,15,15,mean_p,12,0.36705454537430454,0.022008152005185393,mean_p|train_n=12|p=15,462,825,-1.59108,1.0206900000000001
2299554308,15,15,mean_p,12,0.30728043394385846,0.040972322695370961,mean_p|train_n=12|p=15,463,826,-1.59108,1.0206900000000001
889032027,15,15,mean_p,12,0.5760836112135489,0.0025045130283794141,mean_p|train_n=12|p=15,464,830,-1.59108,1.0206900000000001
3874827487,15,15,mean_p,12,0.23700547717470499,0.085077287219501141,mean_p|train_n=12|p=15,465,832,-1.59108,1.0206900000000001
3512531822,15,15,mean_p,12,0.28637937331326074,0.050917641315668401,mean_p|train_n=12|p=15,466,833,-1.59108,1.0206900000000001
1772299032,15,15,mean_p,12,0.21287244301202024,0.10934152859754613,mean_p|train_n=12|p=15,467,834,-1.59108,1.0206900000000001
608040979,15,15,mean_p,12,0.49479898463982191,0.0058312271191725768,mean_p|train_n=12|p=15,468,835,-1.59108,1.0206900000000001
1821390468,15,15,mean_p,12,0.33295608464225235,0.031372813606692342,mean_p|train_n=12|p=15,469,836,-1.59108,1.0206900000000001
3861060531,15,15,mean_p,12,0.32207668954369678,0.035130055276571114,mean_p|train_n=12|p=15,470,838,-1.59108,1.0206900000000001
961091100,15,15,mean_p,12,0.27546698410392406,0.057035154791345417,mean_p|train_n=12|p=15,471,839,-1.59108,1.0206900000000001
566710710,15,15,mean_p,12,0.34587083702483029,0.027430741750352882,mean_p|train_n=12|p=15,472,841,-1.59108,1.0206900000000001
933212766,15,15,mean_p,12,0.2077399092777106,0.11533492569493398,mean_p|train_n=12|p=15,473,842,-1.59108,1.0206900000000001
1094530259,15,15,mean_p,12,0.29331816399207533,0.047373613823404659,mean_p|train_n=12|p=15,474,844,-1.59108,1.0206900000000001
345940009,15,15,mean_p,12,0.28409188329263935,0.052143157256684738,mean_p|train_n=12|p=15,475,846,-1.59108,1.0206900000000001
1441337519,15,15,mean_p,12,0.22297714311534686,0.098436887599229667,mean_p|train_n=12|p=15,476,848,-1.59108,1.0206900000000001
3401062389,15,15,mean_p,12,0.16756616401895538,0.17513114036144672,mean_p|train_n=12|p=15,477,851,-1.59108,1.0206900000000001
1856332832,15,15,mean_p,12,0.23507430131057322,0.086802805393817961,mean_p|train_n=12|p=15,478,852,-1.59108,1.0206900000000001
3460132717,15,15,mean_p,12,0.42436831220241827,0.012127914658605819,mean_p|train_n=12|p=15,479,854,-1.59108,1.0206900000000001
3858000812,15,15,mean_p,12,0.245153225616911,0.078166899028437889,mean_p|train_n=12|p=15,480,855,-1.59108,1.0206900000000001
2333360891,15,15,mean_p,12,0.26667845273984192,0.062492341578570344,mean_p|train_n=12|p=15,481,856,-1.59108,1.0206900000000001
2386081482,15,15,mean_p,12,0.41373604803641367,0.013545517097806895,mean_p|train_n=12|p=15,482,857,-1.59108,1.0206900000000001
3546668110,15,15,mean_p,12,0.28902051647145566,0.04953844016741478,mean_p|train_n=12|p=15,483,858,-1.59108,1.0206900000000001
3061201274,15,15,mean_p,12,0.25077631615657175,0.073727939979660137,mean_p|train_n=12|p=15,484,859,-1.59108,1.0206900000000001
3082082647,15,15,mean_p,12,0.29902569565411719,0.044644138009293323,mean_p|train_n=12|p=15,485,860,-1.59108,1.0206900000000001
2897936082,15,15,mean_p,12,0.2250002116369777,0.096387964492445716,mean_p|train_n=12|p=15,486,862,-1.59108,1.0206900000000001
1796742694,15,15,mean_p,12,0.19228112922948917,0.13544537736630932,mean_p|train_n=12|p=15,487,864,-1.59108,1.0206900000000001
3824666615,15,15,mean_p,12,0.35710027536362077,0.024407965728401274,mean_p|train_n=12|p=15,488,866,-1.59108,1.0206900000000001
2112188796,15,15,mean_p,12,0.23029845349150807,0.091221847390115907,mean_p|train_n=12|p=15,489,867,-1.59108,1.0206900000000001
3276427044,15,15,mean_p,12,0.21411597337706703,0.10793692514667698,mean_p|train_n=12|p=15,490,869,-1.59108,1.0206900000000001
119185408,15,15,mean_p,12,0.33695414558550613,0.030095421156100165,mean_p|train_n=12|p=15,491,870,-1.59108,1.0206900000000001
1772245628,15,15,mean_p,12,0.35523900150087295,0.024884909964807363,mean_p|train_n=12|p=15,492,872,-1.59108,1.0206900000000001
1384562886,15,15,mean_p,12,0.29061089644818827,0.048726032049922437,mean_p|train_n=12|p=15,493,873,-1.59108,1.0206900000000001
1839398011,15,15,mean_p,12,0.32178123021293575,0.035238139050324191,mean_p|train_n=12|p=15,494,875,-1.59108,1.0206900000000001
2664149187,15,15,mean_p,12,0.54665252497926964,0.003401088176920395,mean_p|train_n=12|p=15,495,876,-1.59108,1.0206900000000001
4156416162,15,15,mean_p,12,0.19233010619600352,0.13537642292904853,mean_p|train_n=12|p=15,496,880,-1.59108,1.0206900000000001
334445039,15,15,mean_p,12,0.2061050745869154,0.11731211221245789,mean_p|train_n=12|p=15,497,884,-1.59108,1.0206900000000001
4243362034,15,15,mean_p,12,0.21515974622031084,0.10677189185868474,mean_p|train_n=12|p=15,498,886,-1.59108,1.0206900000000001
2027831255,15,15,mean_p,12,0.41545544707238641,0.01330551621414474,mean_p|train_n=12|p=15,499,888,-1.59108,1.0206900000000001
