seed,n,p,objective,train_n,X,p_succ,angle_id,eval_index,trial,delta_gamma,delta_beta
3627110316,18,5,mean_p,12,0.40850245536637364,0.0061166430548336252,mean_p|train_n=12|p=5,0,3,-1.6801600000000001,1.1049500000000001
3197998038,18,5,mean_p,12,0.50758718400192659,0.0017767183166189436,mean_p|train_n=12|p=5,1,6,-1.6801600000000001,1.1049500000000001
1020102574,18,5,mean_p,12,0.58095427812583489,0.0007113380681699798,mean_p|train_n=12|p=5,2,9,-1.6801600000000001,1.1049500000000001
2941104716,18,5,mean_p,12,0.44816137985541155,0.0037292343149672382,mean_p|train_n=12|p=5,3,10,-1.6801600000000001,1.1049500000000001
2501045419,18,5,mean_p,12,0.55884788343267155,0.00093726075651422624,mean_p|train_n=12|p=5,4,11,-1.6801600000000001,1.1049500000000001
241467348,18,5,mean_p,12,0.51317556892767024,0.0016570579352297658,mean_p|train_n=12|p=5,5,12,-1.6801600000000001,1.1049500000000001
680881898,18,5,mean_p,12,0.40380366700310466,0.0064859516924750445,mean_p|train_n=12|p=5,6,13,-1.6801600000000001,1.1049500000000001
2981847873,18,5,mean_p,12,0.4860043766704667,0.0023257652792855465,mean_p|train_n=12|p=5,7,14,-1.6801600000000001,1.1049500000000001
466076857,18,5,mean_p,12,0.46279378389270776,0.0031069438626875629,mean_p|train_n=12|p=5,8,16,-1.6801600000000001,1.1049500000000001
644160158,18,5,mean_p,12,0.51939356084541544,0.0015333639738367814,mean_p|train_n=12|p=5,9,18,-1.6801600000000001,1.1049500000000001
1831377500,18,5,mean_p,12,0.52644993061530621,0.0014041387801320183,mean_p|train_n=12|p=5,10,19,-1.6801600000000001,1.1049500000000001
1770305610,18,5,mean_p,12,0.40590038281681529,0.0063184793631008238,mean_p|train_n=12|p=5,11,22,-1.6801600000000001,1.1049500000000001
225094119,18,5,mean_p,12,0.3487239214027712,0.012895123627463508,mean_p|train_n=12|p=5,12,23,-1.6801600000000001,1.1049500000000001
2361622846,18,5,mean_p,12,0.44901555965983408,0.003689701768636428,mean_p|train_n=12|p=5,13,24,-1.6801600000000001,1.1049500000000001
1416145220,18,5,mean_p,12,0.44001903464128495,0.0041279962527073083,mean_p|train_n=12|p=5,14,25,-1.6801600000000001,1.1049500000000001
2510632357,18,5,mean_p,12,0.40984095424021549,0.0060153434373278053,mean_p|train_n=12|p=5,15,26,-1.6801600000000001,1.1049500000000001
3370397755,18,5,mean_p,12,0.55550808569714871,0.00097714105487959496,mean_p|train_n=12|p=5,16,28,-1.6801600000000001,1.1049500000000001
3092647006,18,5,mean_p,12,0.49143624773022776,0.00217336702027562,mean_p|train_n=12|p=5,17,29,-1.6801600000000001,1.1049500000000001
300954526,18,5,mean_p,12,0.55075062872604841,0.001036897270389896,mean_p|train_n=12|p=5,18,31,-1.6801600000000001,1.1049500000000001
1244660046,18,5,mean_p,12,0.39370311590683532,0.0073570540903285103,mean_p|train_n=12|p=5,19,33,-1.6801600000000001,1.1049500000000001
972792630,18,5,mean_p,12,0.44884786657802589,0.0036974296203806253,mean_p|train_n=12|p=5,20,34,-1.6801600000000001,1.1049500000000001
2717490007,18,5,mean_p,12,0.40683741882012786,0.0062450397119461556,mean_p|train_n=12|p=5,21,36,-1.6801600000000001,1.1049500000000001
2569119593,18,5,mean_p,12,0.52676363494066269,0.0013986537518087725,mean_p|train_n=12|p=5,22,40,-1.6801600000000001,1.1049500000000001
1286563188,18,5,mean_p,12,0.49169853276186765,0.0021662664351544698,mean_p|train_n=12|p=5,23,41,-1.6801600000000001,1.1049500000000001
1148205734,18,5,mean_p,12,0.54361490339369856,0.0011334462861335847,mean_p|train_n=12|p=5,24,42,-1.6801600000000001,1.1049500000000001
163506772,18,5,mean_p,12,0.51651868223016562,0.0015893622731133071,mean_p|train_n=12|p=5,25,43,-1.6801600000000001,1.1049500000000001
1542176237,18,5,mean_p,12,0.46906648141257445,0.002873058998900726,mean_p|train_n=12|p=5,26,44,-1.6801600000000001,1.1049500000000001
2027626009,18,5,mean_p,12,0.43522917407557238,0.0043822116095508182,mean_p|train_n=12|p=5,27,45,-1.6801600000000001,1.1049500000000001
2129732466,18,5,mean_p,12,0.60676139320836842,0.00051551246131003431,mean_p|train_n=12|p=5,28,46,-1.6801600000000001,1.1049500000000001
141776789,18,5,mean_p,12,0.55342090116908793,0.0010029210654545198,mean_p|train_n=12|p=5,29,50,-1.6801600000000001,1.1049500000000001
3450765893,18,5,mean_p,12,0.49681891617480439,0.0020322019732570995,mean_p|train_n=12|p=5,30,51,-1.6801600000000001,1.1049500000000001
2456468640,18,5,mean_p,12,0.53542383055846077,0.0012554071533764409,mean_p|train_n=12|p=5,31,52,-1.6801600000000001,1.1049500000000001
254182582,18,5,mean_p,12,0.54914608737310533,0.0010578644009564834,mean_p|train_n=12|p=5,32,56,-1.6801600000000001,1.1049500000000001
283815888,18,5,mean_p,12,0.48911135585290899,0.0022373328126567369,mean_p|train_n=12|p=5,33,58,-1.6801600000000001,1.1049500000000001
1409211460,18,5,mean_p,12,0.46709839203790871,0.0029444807219703938,mean_p|train_n=12|p=5,34,60,-1.6801600000000001,1.1049500000000001
1036176996,18,5,mean_p,12,0.58639228301581836,0.00066467601059585189,mean_p|train_n=12|p=5,35,61,-1.6801600000000001,1.1049500000000001
3384507739,18,5,mean_p,12,0.44221742044636692,0.0040163102456082034,mean_p|train_n=12|p=5,36,62,-1.6801600000000001,1.1049500000000001
2783230527,18,5,mean_p,12,0.63627346321574518,0.00035671948987975918,mean_p|train_n=12|p=5,37,63,-1.6801600000000001,1.1049500000000001
50547712,18,5,mean_p,12,0.54939378612388212,0.0010546001700303242,mean_p|train_n=12|p=5,38,64,-1.6801600000000001,1.1049500000000001
2210814370,18,5,mean_p,12,0.61195427244659284,0.00048317153887975371,mean_p|train_n=12|p=5,39,65,-1.6801600000000001,1.1049500000000001
1012288003,18,5,mean_p,12,0.518059615340702,0.0015590975616396289,mean_p|train_n=12|p=5,40,66,-1.6801600000000001,1.1049500000000001
2629638873,18,5,mean_p,12,0.46289349369500765,0.0031030810903299889,mean_p|train_n=12|p=5,41,67,-1.6801600000000001,1.1049500000000001
3289310125,18,5,mean_p,12,0.37527795573374256,0.0092585167163277467,mean_p|train_n=12|p=5,42,68,-1.6801600000000001,1.1049500000000001
1333676220,18,5,mean_p,12,0.46809912703572909,0.0029079450306475768,mean_p|train_n=12|p=5,43,72,-1.6801600000000001,1.1049500000000001
4221058747,18,5,mean_p,12,0.46696216317727135,0.0029494896516978966,mean_p|train_n=12|p=5,44,73,-1.6801600000000001,1.1049500000000001
546446445,18,5,mean_p,12,0.56939516250289435,0.00082169298746691711,mean_p|train_n=12|p=5,45,75,-1.6801600000000001,1.1049500000000001
2649369435,18,5,mean_p,12,0.70154812391868915,0.00015799141305230014,mean_p|train_n=12|p=5,46,80,-1.6801600000000001,1.1049500000000001
3112530948,18,5,mean_p,12,0.57104061190074373,0.00080499586094989642,mean_p|train_n=12|p=5,47,81,-1.6801600000000001,1.1049500000000001
1159329832,18,5,mean_p,12,0.60767064690337402,0.00050969730860571079,mean_p|train_n=12|p=5,48,82,-1.6801600000000001,1.1049500000000001
1171720015,18,5,mean_p,12,0.63236213373921446,0.00037455925557245453,mean_p|train_n=12|p=5,49,85,-1.6801600000000001,1.1049500000000001
605347342,18,5,mean_p,12,0.49104468842000742,0.0021840106526360404,mean_p|train_n=12|p=5,50,86,-1.6801600000000001,1.1049500000000001
3255864796,18,5,mean_p,12,0.55209343820009971,0.0010196700527697945,mean_p|train_n=12|p=5,51,87,-1.6801600000000001,1.1049500000000001
4293058722,18,5,mean_p,12,0.59484478901695081,0.00059814952659174522,mean_p|train_n=12|p=5,52,90,-1.6801600000000001,1.1049500000000001
2837756564,18,5,mean_p,12,0.41577078955302077,0.0055863659049137857,mean_p|train_n=12|p=5,53,91,-1.6801600000000001,1.1049500000000001
1439657372,18,5,mean_p,12,0.46946811833262431,0.0028586978743037126,mean_p|train_n=12|p=5,54,93,-1.6801600000000001,1.1049500000000001
2740443590,18,5,mean_p,12,0.45958725214044249,0.0032337625460045591,mean_p|train_n=12|p=5,55,95,-1.6801600000000001,1.1049500000000001
151132379,18,5,mean_p,12,0.52721264665741707,0.0013908401742278274,mean_p|train_n=12|p=5,56,96,-1.6801600000000001,1.1049500000000001
2177736390,18,5,mean_p,12,0.49880396036781577,0.001982489188258997,mean_p|train_n=12|p=5,57,97,-1.6801600000000001,1.1049500000000001
4114541119,18,5,mean_p,12,0.45817599950734778,0.0032912059189258219,mean_p|train_n=12|p=5,58,99,-1.6801600000000001,1.1049500000000001
4013511444,18,5,mean_p,12,0.44238344017926223,0.0040079995913427612,mean_p|train_n=12|p=5,59,100,-1.6801600000000001,1.1049500000000001
2103208001,18,5,mean_p,12,0.43936729056225521,0.0041617002415294388,mean_p|train_n=12|p=5,60,101,-1.6801600000000001,1.1049500000000001
3582720655,18,5,mean_p,12,0.48819301785828995,0.0022631151040298832,mean_p|train_n=12|p=5,61,102,-1.6801600000000001,1.1049500000000001
1311947949,18,5,mean_p,12,0.45622897238803728,0.0033721361392666169,mean_p|train_n=12|p=5,62,105,-1.6801600000000001,1.1049500000000001
2223717486,18,5,mean_p,12,0.5478797007909928,0.0010747116800209761,mean_p|train_n=12|p=5,63,106,-1.6801600000000001,1.1049500000000001
2211350822,18,5,mean_p,12,0.47876911166982627,0.0025454844891589518,mean_p|train_n=12|p=5,64,109,-1.6801600000000001,1.1049500000000001
2020252393,18,5,mean_p,12,0.50705914664542673,0.0017884622228539265,mean_p|train_n=12|p=5,65,112,-1.6801600000000001,1.1049500000000001
3193815834,18,5,mean_p,12,0.51311105439683657,0.001658392279826264,mean_p|train_n=12|p=5,66,113,-1.6801600000000001,1.1049500000000001
2832027396,18,5,mean_p,12,0.57965890972467204,0.00072292801771804195,mean_p|train_n=12|p=5,67,114,-1.6801600000000001,1.1049500000000001
2230350789,18,5,mean_p,12,0.48595240128070905,0.0023272739776746577,mean_p|train_n=12|p=5,68,119,-1.6801600000000001,1.1049500000000001
3392388408,18,5,mean_p,12,0.38647083807941629,0.0080517880669316103,mean_p|train_n=12|p=5,69,121,-1.6801600000000001,1.1049500000000001
916192104,18,5,mean_p,12,0.41946718241578629,0.0053345811512294939,mean_p|train_n=12|p=5,70,123,-1.6801600000000001,1.1049500000000001
131726267,18,5,mean_p,12,0.55844777143847868,0.00094195131366953436,mean_p|train_n=12|p=5,71,125,-1.6801600000000001,1.1049500000000001
3251506082,18,5,mean_p,12,0.59201350844631195,0.00061965672897703553,mean_p|train_n=12|p=5,72,126,-1.6801600000000001,1.1049500000000001
3700905871,18,5,mean_p,12,0.419947609757441,0.0053027006566152089,mean_p|train_n=12|p=5,73,130,-1.6801600000000001,1.1049500000000001
4087756695,18,5,mean_p,12,0.41292894881780579,0.0057879931158107646,mean_p|train_n=12|p=5,74,131,-1.6801600000000001,1.1049500000000001
3294930578,18,5,mean_p,12,0.39252419535435207,0.0074660686194552746,mean_p|train_n=12|p=5,75,133,-1.6801600000000001,1.1049500000000001
3744348765,18,5,mean_p,12,0.46109107452405024,0.0031736542042355449,mean_p|train_n=12|p=5,76,135,-1.6801600000000001,1.1049500000000001
650677027,18,5,mean_p,12,0.55945935393520729,0.00093013750423944213,mean_p|train_n=12|p=5,77,136,-1.6801600000000001,1.1049500000000001
2841466457,18,5,mean_p,12,0.43887027904480697,0.0041875872847601586,mean_p|train_n=12|p=5,78,138,-1.6801600000000001,1.1049500000000001
2211384684,18,5,mean_p,12,0.41288284394243635,0.0057913235261102935,mean_p|train_n=12|p=5,79,140,-1.6801600000000001,1.1049500000000001
4289909065,18,5,mean_p,12,0.50424781265910468,0.0018523075484497972,mean_p|train_n=12|p=5,80,142,-1.6801600000000001,1.1049500000000001
1398185746,18,5,mean_p,12,0.61202703564743743,0.00048273309502676277,mean_p|train_n=12|p=5,81,144,-1.6801600000000001,1.1049500000000001
1144930976,18,5,mean_p,12,0.52207357730574588,0.0014829396565467067,mean_p|train_n=12|p=5,82,146,-1.6801600000000001,1.1049500000000001
3289785751,18,5,mean_p,12,0.51388332246115542,0.0016424898786052355,mean_p|train_n=12|p=5,83,149,-1.6801600000000001,1.1049500000000001
1007759704,18,5,mean_p,12,0.40459018443105199,0.0064226156561960693,mean_p|train_n=12|p=5,84,150,-1.6801600000000001,1.1049500000000001
972366349,18,5,mean_p,12,0.38737581996111758,0.0079613855228219382,mean_p|train_n=12|p=5,85,151,-1.6801600000000001,1.1049500000000001
1261133211,18,5,mean_p,12,0.48319578548820918,0.0024087090602282063,mean_p|train_n=12|p=5,86,154,-1.6801600000000001,1.1049500000000001
2748071014,18,5,mean_p,12,0.49566402609409288,0.0020616962772529901,mean_p|train_n=12|p=5,87,155,-1.6801600000000001,1.1049500000000001
428334855,18,5,mean_p,12,0.48152142810771142,0.0024595571516518831,mean_p|train_n=12|p=5,88,156,-1.6801600000000001,1.1049500000000001
1614210863,18,5,mean_p,12,0.55522507563509937,0.0009805974555418468,mean_p|train_n=12|p=5,89,157,-1.6801600000000001,1.1049500000000001
2910389230,18,5,mean_p,12,0.48292174474321237,0.0024169587974223732,mean_p|train_n=12|p=5,90,158,-1.6801600000000001,1.1049500000000001
3943107692,18,5,mean_p,12,0.41024144500863319,0.0059853610425715572,mean_p|train_n=12|p=5,91,162,-1.6801600000000001,1.1049500000000001
4097812978,18,5,mean_p,12,0.56673005996284909,0.00084947488848818452,mean_p|train_n=12|p=5,92,164,-1.6801600000000001,1.1049500000000001
2185769600,18,5,mean_p,12,0.68292011284186527,0.00019932882425093088,mean_p|train_n=12|p=5,93,165,-1.6801600000000001,1.1049500000000001
114255948,18,5,mean_p,12,0.52156193456793021,0.0014924364102591272,mean_p|train_n=12|p=5,94,166,-1.6801600000000001,1.1049500000000001
4283419317,18,5,mean_p,12,0.56875760846875378,0.0008282552408561335,mean_p|train_n=12|p=5,95,167,-1.6801600000000001,1.1049500000000001
587785147,18,5,mean_p,12,0.48207209522800309,0.0024427167293104182,mean_p|train_n=12|p=5,96,169,-1.6801600000000001,1.1049500000000001
2289524361,18,5,mean_p,12,0.51284069166767676,0.0016639958491198995,mean_p|train_n=12|p=5,97,172,-1.6801600000000001,1.1049500000000001
803040002,18,5,mean_p,12,0.43216837901166066,0.0045527980367040368,mean_p|train_n=12|p=5,98,173,-1.6801600000000001,1.1049500000000001
287988184,18,5,mean_p,12,0.53450381774539624,0.0012699005904170523,mean_p|train_n=12|p=5,99,175,-1.6801600000000001,1.1049500000000001
3316414631,18,5,mean_p,12,0.5195480965364252,0.0015304103620782065,mean_p|train_n=12|p=5,100,176,-1.6801600000000001,1.1049500000000001
1956682522,18,5,mean_p,12,0.58856384211786139,0.00064690919609229928,mean_p|train_n=12|p=5,101,180,-1.6801600000000001,1.1049500000000001
2408749036,18,5,mean_p,12,0.51039681459018615,0.0017155148591530692,mean_p|train_n=12|p=5,102,181,-1.6801600000000001,1.1049500000000001
171495494,18,5,mean_p,12,0.48307572530661513,0.0024123198867548705,mean_p|train_n=12|p=5,103,185,-1.6801600000000001,1.1049500000000001
2810042559,18,5,mean_p,12,0.50107708192738198,0.0019270537468777528,mean_p|train_n=12|p=5,104,186,-1.6801600000000001,1.1049500000000001
3565429934,18,5,mean_p,12,0.49818538291435632,0.0019978487863272576,mean_p|train_n=12|p=5,105,187,-1.6801600000000001,1.1049500000000001
765751903,18,5,mean_p,12,0.52614091254508144,0.001409562901001515,mean_p|train_n=12|p=5,106,188,-1.6801600000000001,1.1049500000000001
3593367730,18,5,mean_p,12,0.59045690657343997,0.00063180881303511968,mean_p|train_n=12|p=5,107,189,-1.6801600000000001,1.1049500000000001
2531232856,18,5,mean_p,12,0.50079276699649045,0.0019339017188593302,mean_p|train_n=12|p=5,108,192,-1.6801600000000001,1.1049500000000001
2528160178,18,5,mean_p,12,0.50288707388346898,0.001884023492845274,mean_p|train_n=12|p=5,109,194,-1.6801600000000001,1.1049500000000001
1742070969,18,5,mean_p,12,0.49677634092364048,0.0020332817585464909,mean_p|train_n=12|p=5,110,195,-1.6801600000000001,1.1049500000000001
801985854,18,5,mean_p,12,0.46258783079265353,0.0031149377460633395,mean_p|train_n=12|p=5,111,196,-1.6801600000000001,1.1049500000000001
2698471071,18,5,mean_p,12,0.42249316486521638,0.0051369332138753712,mean_p|train_n=12|p=5,112,197,-1.6801600000000001,1.1049500000000001
1899513327,18,5,mean_p,12,0.51080945108299636,0.0017067055344131684,mean_p|train_n=12|p=5,113,199,-1.6801600000000001,1.1049500000000001
816235111,18,5,mean_p,12,0.56802942248109423,0.00083581449283822589,mean_p|train_n=12|p=5,114,200,-1.6801600000000001,1.1049500000000001
327646452,18,5,mean_p,12,0.36970695266660542,0.0099249452009716986,mean_p|train_n=12|p=5,115,205,-1.6801600000000001,1.1049500000000001
2922595730,18,5,mean_p,12,0.5045559936301125,0.0018451989791112625,mean_p|train_n=12|p=5,116,207,-1.6801600000000001,1.1049500000000001
1342494010,18,5,mean_p,12,0.40055013953127228,0.0067546535420174563,mean_p|train_n=12|p=5,117,208,-1.6801600000000001,1.1049500000000001
1957588882,18,5,mean_p,12,0.49223293105059363,0.0021518708981318494,mean_p|train_n=12|p=5,118,210,-1.6801600000000001,1.1049500000000001
1749963110,18,5,mean_p,12,0.47027107352962211,0.0028302018723443041,mean_p|train_n=12|p=5,119,211,-1.6801600000000001,1.1049500000000001
15874055,18,5,mean_p,12,0.58715383220016526,0.00065839044563201796,mean_p|train_n=12|p=5,120,214,-1.6801600000000001,1.1049500000000001
3277494016,18,5,mean_p,12,0.45333460082525551,0.0034961363947919864,mean_p|train_n=12|p=5,121,215,-1.6801600000000001,1.1049500000000001
1103977377,18,5,mean_p,12,0.48140077589783814,0.0024632623979834378,mean_p|train_n=12|p=5,122,216,-1.6801600000000001,1.1049500000000001
2263917423,18,5,mean_p,12,0.55966830347351393,0.00092771580302098507,mean_p|train_n=12|p=5,123,219,-1.6801600000000001,1.1049500000000001
1619973019,18,5,mean_p,12,0.50813117499357352,0.0017647002316870347,mean_p|train_n=12|p=5,124,220,-1.6801600000000001,1.1049500000000001
38059144,18,5,mean_p,12,0.5177748436473455,0.0015646468823937827,mean_p|train_n=12|p=5,125,221,-1.6801600000000001,1.1049500000000001
791210426,18,5,mean_p,12,0.53597429347108139,0.0012468146417240445,mean_p|train_n=12|p=5,126,224,-1.6801600000000001,1.1049500000000001
2045595380,18,5,mean_p,12,0.43550926787825073,0.0043669241196806772,mean_p|train_n=12|p=5,127,226,-1.6801600000000001,1.1049500000000001
1435186347,18,5,mean_p,12,0.50930238356604851,0.001739100589498798,mean_p|train_n=12|p=5,128,227,-1.6801600000000001,1.1049500000000001
4162399997,18,5,mean_p,12,0.49006361106828134,0.0022109084478805444,mean_p|train_n=12|p=5,129,229,-1.6801600000000001,1.1049500000000001
1937580783,18,5,mean_p,12,0.58426543663587382,0.00068254989875410647,mean_p|train_n=12|p=5,130,230,-1.6801600000000001,1.1049500000000001
1583672022,18,5,mean_p,12,0.53007493550526641,0.0013420472310116118,mean_p|train_n=12|p=5,131,233,-1.6801600000000001,1.1049500000000001
1035455557,18,5,mean_p,12,0.45336804227578154,0.0034946779807352919,mean_p|train_n=12|p=5,132,235,-1.6801600000000001,1.1049500000000001
3645745742,18,5,mean_p,12,0.51843716155726616,0.0015517706845214873,mean_p|train_n=12|p=5,133,236,-1.6801600000000001,1.1049500000000001
3730513968,18,5,mean_p,12,0.52321843439177373,0.0014619079415960563,mean_p|train_n=12|p=5,134,237,-1.6801600000000001,1.1049500000000001
3922560467,18,5,mean_p,12,0.54325350206203238,0.0011385686232832091,mean_p|train_n=12|p=5,135,238,-1.6801600000000001,1.1049500000000001
4017920734,18,5,mean_p,12,0.51001977766505091,0.0017236039223879995,mean_p|train_n=12|p=5,136,239,-1.6801600000000001,1.1049500000000001
1430692270,18,5,mean_p,12,0.54017015571923477,0.0011832225736577964,mean_p|train_n=12|p=5,137,240,-1.6801600000000001,1.1049500000000001
1977045147,18,5,mean_p,12,0.64425232387011688,0.0003229186017470599,mean_p|train_n=12|p=5,138,242,-1.6801600000000001,1.1049500000000001
1187614896,18,5,mean_p,12,0.48970531036699427,0.0022208142005106582,mean_p|train_n=12|p=5,139,244,-1.6801600000000001,1.1049500000000001
766876837,18,5,mean_p,12,0.44850085528346362,0.0037134724872360651,mean_p|train_n=12|p=5,140,246,-1.6801600000000001,1.1049500000000001
731886204,18,5,mean_p,12,0.55094374021784553,0.0010344019935823357,mean_p|train_n=12|p=5,141,248,-1.6801600000000001,1.1049500000000001
3854694554,18,5,mean_p,12,0.53960430517495406,0.001191605585786622,mean_p|train_n=12|p=5,142,249,-1.6801600000000001,1.1049500000000001
1596199572,18,5,mean_p,12,0.50554847667246472,0.0018224910182452541,mean_p|train_n=12|p=5,143,251,-1.6801600000000001,1.1049500000000001
2208851614,18,5,mean_p,12,0.5785728717682479,0.00073279044284147311,mean_p|train_n=12|p=5,144,252,-1.6801600000000001,1.1049500000000001
2426454650,18,5,mean_p,12,0.49348691399336708,0.002118465791794282,mean_p|train_n=12|p=5,145,253,-1.6801600000000001,1.1049500000000001
1316897064,18,5,mean_p,12,0.42945563813464172,0.0047095290493528556,mean_p|train_n=12|p=5,146,254,-1.6801600000000001,1.1049500000000001
1115505054,18,5,mean_p,12,0.48016179595914465,0.0025016361242413514,mean_p|train_n=12|p=5,147,256,-1.6801600000000001,1.1049500000000001
5536492,18,5,mean_p,12,0.5126745470557319,0.0016674487703795613,mean_p|train_n=12|p=5,148,262,-1.6801600000000001,1.1049500000000001
628418932,18,5,mean_p,12,0.45582142898749889,0.0033893263635705771,mean_p|train_n=12|p=5,149,263,-1.6801600000000001,1.1049500000000001
26739635,18,5,mean_p,12,0.57329280541557714,0.00078269047177307899,mean_p|train_n=12|p=5,150,266,-1.6801600000000001,1.1049500000000001
3413609406,18,5,mean_p,12,0.45015563436125272,0.0036375898059360402,mean_p|train_n=12|p=5,151,267,-1.6801600000000001,1.1049500000000001
705489275,18,5,mean_p,12,0.57079831120666169,0.00080743312675334478,mean_p|train_n=12|p=5,152,270,-1.6801600000000001,1.1049500000000001
178942195,18,5,mean_p,12,0.57784058616967571,0.00073951623938704248,mean_p|train_n=12|p=5,153,272,-1.6801600000000001,1.1049500000000001
1001966295,18,5,mean_p,12,0.45856673109878382,0.0032752002665437201,mean_p|train_n=12|p=5,154,273,-1.6801600000000001,1.1049500000000001
1514298569,18,5,mean_p,12,0.42485211715144539,0.004987947139013774,mean_p|train_n=12|p=5,155,274,-1.6801600000000001,1.1049500000000001
460876163,18,5,mean_p,12,0.43105454839286644,0.0046165093659766392,mean_p|train_n=12|p=5,156,275,-1.6801600000000001,1.1049500000000001
2318539903,18,5,mean_p,12,0.37212476690506507,0.0096300179044034161,mean_p|train_n=12|p=5,157,277,-1.6801600000000001,1.1049500000000001
622809311,18,5,mean_p,12,0.49566719097155459,0.0020616148685233069,mean_p|train_n=12|p=5,158,278,-1.6801600000000001,1.1049500000000001
2866164823,18,5,mean_p,12,0.54551751483160149,0.0011068571319701314,mean_p|train_n=12|p=5,159,279,-1.6801600000000001,1.1049500000000001
3797388260,18,5,mean_p,12,0.45350738103499943,0.0034886078280246518,mean_p|train_n=12|p=5,160,281,-1.6801600000000001,1.1049500000000001
1766898670,18,5,mean_p,12,0.57549678063931697,0.00076146109522981693,mean_p|train_n=12|p=5,161,283,-1.6801600000000001,1.1049500000000001
1604790600,18,5,mean_p,12,0.59233159001403957,0.00061720243740691718,mean_p|train_n=12|p=5,162,285,-1.6801600000000001,1.1049500000000001
479086731,18,5,mean_p,12,0.45136418989748428,0.0035831510598212648,mean_p|train_n=12|p=5,163,286,-1.6801600000000001,1.1049500000000001
2313792221,18,5,mean_p,12,0.57810515197503243,0.00073707919853024007,mean_p|train_n=12|p=5,164,289,-1.6801600000000001,1.1049500000000001
357670865,18,5,mean_p,12,0.41886166279004061,0.0053750357655420692,mean_p|train_n=12|p=5,165,290,-1.6801600000000001,1.1049500000000001
4032138940,18,5,mean_p,12,0.52892379588074578,0.001361461285788736,mean_p|train_n=12|p=5,166,293,-1.6801600000000001,1.1049500000000001
3971700723,18,5,mean_p,12,0.57522786910744494,0.00076402017527076808,mean_p|train_n=12|p=5,167,294,-1.6801600000000001,1.1049500000000001
2398846688,18,5,mean_p,12,0.51084448199117738,0.001705959750425153,mean_p|train_n=12|p=5,168,295,-1.6801600000000001,1.1049500000000001
563543180,18,5,mean_p,12,0.45549198348627684,0.00340328644012226,mean_p|train_n=12|p=5,169,296,-1.6801600000000001,1.1049500000000001
1233411431,18,5,mean_p,12,0.51523135394415431,0.001615095992805038,mean_p|train_n=12|p=5,170,298,-1.6801600000000001,1.1049500000000001
3687015241,18,5,mean_p,12,0.3857856394071289,0.0081209177434707052,mean_p|train_n=12|p=5,171,299,-1.6801600000000001,1.1049500000000001
709118332,18,5,mean_p,12,0.40573351140862574,0.0063316481159381485,mean_p|train_n=12|p=5,172,300,-1.6801600000000001,1.1049500000000001
383168662,18,5,mean_p,12,0.4400182089267714,0.0041280387801644752,mean_p|train_n=12|p=5,173,301,-1.6801600000000001,1.1049500000000001
987927774,18,5,mean_p,12,0.42321028123434795,0.0050911769971578417,mean_p|train_n=12|p=5,174,302,-1.6801600000000001,1.1049500000000001
3035692477,18,5,mean_p,12,0.39941592343997229,0.0068509196403269291,mean_p|train_n=12|p=5,175,304,-1.6801600000000001,1.1049500000000001
4269076176,18,5,mean_p,12,0.4403411897558423,0.0041114374177197684,mean_p|train_n=12|p=5,176,305,-1.6801600000000001,1.1049500000000001
3661380471,18,5,mean_p,12,0.46450647924396077,0.0030412568365872491,mean_p|train_n=12|p=5,177,306,-1.6801600000000001,1.1049500000000001
522135609,18,5,mean_p,12,0.5002859112793856,0.0019461701957075393,mean_p|train_n=12|p=5,178,307,-1.6801600000000001,1.1049500000000001
3628035376,18,5,mean_p,12,0.59116842982801776,0.00062622479950632268,mean_p|train_n=12|p=5,179,308,-1.6801600000000001,1.1049500000000001
2009608799,18,5,mean_p,12,0.45743422295595881,0.0033218070405473983,mean_p|train_n=12|p=5,180,309,-1.6801600000000001,1.1049500000000001
1121903872,18,5,mean_p,12,0.65406132467254896,0.00028572128908470524,mean_p|train_n=12|p=5,181,313,-1.6801600000000001,1.1049500000000001
3128772587,18,5,mean_p,12,0.36646344024583705,0.010334827189122334,mean_p|train_n=12|p=5,182,314,-1.6801600000000001,1.1049500000000001
2016483275,18,5,mean_p,12,0.51062040920021845,0.0017107357368673299,mean_p|train_n=12|p=5,183,318,-1.6801600000000001,1.1049500000000001
172940573,18,5,mean_p,12,0.55229992659901084,0.001017046474804563,mean_p|train_n=12|p=5,184,319,-1.6801600000000001,1.1049500000000001
199120996,18,5,mean_p,12,0.603075893924512,0.00053977055887280206,mean_p|train_n=12|p=5,185,320,-1.6801600000000001,1.1049500000000001
985491417,18,5,mean_p,12,0.45157451512954006,0.0035737606454379631,mean_p|train_n=12|p=5,186,321,-1.6801600000000001,1.1049500000000001
2118196914,18,5,mean_p,12,0.5361836371970955,0.0012435623255095739,mean_p|train_n=12|p=5,187,324,-1.6801600000000001,1.1049500000000001
3709899138,18,5,mean_p,12,0.47357090354551296,0.0027160462014686111,mean_p|train_n=12|p=5,188,325,-1.6801600000000001,1.1049500000000001
4242292717,18,5,mean_p,12,0.48758650325476349,0.002280305667788409,mean_p|train_n=12|p=5,189,326,-1.6801600000000001,1.1049500000000001
3210347786,18,5,mean_p,12,0.55846537750278957,0.0009417444229512116,mean_p|train_n=12|p=5,190,327,-1.6801600000000001,1.1049500000000001
554982947,18,5,mean_p,12,0.41556874595942689,0.0056004659315985689,mean_p|train_n=12|p=5,191,328,-1.6801600000000001,1.1049500000000001
1487483084,18,5,mean_p,12,0.35107124306358195,0.012522944446926752,mean_p|train_n=12|p=5,192,329,-1.6801600000000001,1.1049500000000001
2416455159,18,5,mean_p,12,0.48145205524813239,0.002461686920374143,mean_p|train_n=12|p=5,193,331,-1.6801600000000001,1.1049500000000001
3278315769,18,5,mean_p,12,0.57737664134690758,0.00074380932522727307,mean_p|train_n=12|p=5,194,332,-1.6801600000000001,1.1049500000000001
3596851960,18,5,mean_p,12,0.42084247409308806,0.0052438257672490374,mean_p|train_n=12|p=5,195,335,-1.6801600000000001,1.1049500000000001
3599966297,18,5,mean_p,12,0.47802386200194458,0.0025692633398186845,mean_p|train_n=12|p=5,196,336,-1.6801600000000001,1.1049500000000001
1198339854,18,5,mean_p,12,0.59516360732811435,0.00059577494275210585,mean_p|train_n=12|p=5,197,337,-1.6801600000000001,1.1049500000000001
1938814886,18,5,mean_p,12,0.44534076601351952,0.0038628094080899915,mean_p|train_n=12|p=5,198,339,-1.6801600000000001,1.1049500000000001
3238324275,18,5,mean_p,12,0.50504908750930333,0.0018338818689354998,mean_p|train_n=12|p=5,199,346,-1.6801600000000001,1.1049500000000001
1037854311,18,5,mean_p,12,0.47295552602547741,0.0027369798552535273,mean_p|train_n=12|p=5,200,348,-1.6801600000000001,1.1049500000000001
2846002818,18,5,mean_p,12,0.48331501864153803,0.0024051284557756064,mean_p|train_n=12|p=5,201,350,-1.6801600000000001,1.1049500000000001
5824266,18,5,mean_p,12,0.38144133480593351,0.0085732383792648872,mean_p|train_n=12|p=5,202,351,-1.6801600000000001,1.1049500000000001
1499579340,18,5,mean_p,12,0.51831976142513003,0.0015540453220618756,mean_p|train_n=12|p=5,203,353,-1.6801600000000001,1.1049500000000001
2570860482,18,5,mean_p,12,0.4948380884072191,0.0020830517674984873,mean_p|train_n=12|p=5,204,354,-1.6801600000000001,1.1049500000000001
205733348,18,5,mean_p,12,0.53063232057323662,0.0013327466117721662,mean_p|train_n=12|p=5,205,355,-1.6801600000000001,1.1049500000000001
3374199836,18,5,mean_p,12,0.59528634840015071,0.00059486327285334197,mean_p|train_n=12|p=5,206,357,-1.6801600000000001,1.1049500000000001
881845209,18,5,mean_p,12,0.60459735873154252,0.00052962085125172022,mean_p|train_n=12|p=5,207,359,-1.6801600000000001,1.1049500000000001
3651216846,18,5,mean_p,12,0.43796109393257082,0.0042353599763249056,mean_p|train_n=12|p=5,208,360,-1.6801600000000001,1.1049500000000001
563770760,18,5,mean_p,12,0.51907389458601572,0.0015394917990707239,mean_p|train_n=12|p=5,209,362,-1.6801600000000001,1.1049500000000001
3225484450,18,5,mean_p,12,0.46106975098236169,0.0031744986556806998,mean_p|train_n=12|p=5,210,365,-1.6801600000000001,1.1049500000000001
3713033466,18,5,mean_p,12,0.45734986878175854,0.0033253049414687296,mean_p|train_n=12|p=5,211,366,-1.6801600000000001,1.1049500000000001
1243990911,18,5,mean_p,12,0.58366446681748851,0.00068768695405745854,mean_p|train_n=12|p=5,212,369,-1.6801600000000001,1.1049500000000001
1716570165,18,5,mean_p,12,0.44381624188365659,0.0039369869510316813,mean_p|train_n=12|p=5,213,371,-1.6801600000000001,1.1049500000000001
4265240670,18,5,mean_p,12,0.44774217183559945,0.003748790469622921,mean_p|train_n=12|p=5,214,372,-1.6801600000000001,1.1049500000000001
3649708031,18,5,mean_p,12,0.46877931910957849,0.0028833711239471776,mean_p|train_n=12|p=5,215,375,-1.6801600000000001,1.1049500000000001
4020124779,18,5,mean_p,12,0.47743029566069833,0.0025883612117217651,mean_p|train_n=12|p=5,216,376,-1.6801600000000001,1.1049500000000001
837562590,18,5,mean_p,12,0.50243878821203258,0.0018945905542424595,mean_p|train_n=12|p=5,217,377,-1.6801600000000001,1.1049500000000001
1297410257,18,5,mean_p,12,0.46480084469139776,0.00303010771570528,mean_p|train_n=12|p=5,218,380,-1.6801600000000001,1.1049500000000001
744249509,18,5,mean_p,12,0.47935495702950071,0.0025269463913560695,mean_p|train_n=12|p=5,219,381,-1.6801600000000001,1.1049500000000001
2502625480,18,5,mean_p,12,0.56541230372169626,0.00086355670372977977,mean_p|train_n=12|p=5,220,382,-1.6801600000000001,1.1049500000000001
877467632,18,5,mean_p,12,0.50755350897751295,0.0017774649642696356,mean_p|train_n=12|p=5,221,384,-1.6801600000000001,1.1049500000000001
2088561664,18,5,mean_p,12,0.52658652636003611,0.0014017478045091466,mean_p|train_n=12|p=5,222,385,-1.6801600000000001,1.1049500000000001
2012026888,18,5,mean_p,12,0.51708248121534317,0.0015782214169394427,mean_p|train_n=12|p=5,223,386,-1.6801600000000001,1.1049500000000001
773649814,18,5,mean_p,12,0.49061567318008109,0.0021957322898277253,mean_p|train_n=12|p=5,224,388,-1.6801600000000001,1.1049500000000001
1712848324,18,5,mean_p,12,0.44408180085061971,0.0039239641729542423,mean_p|train_n=12|p=5,225,389,-1.6801600000000001,1.1049500000000001
1884751700,18,5,mean_p,12,0.60686094095797016,0.00051487258076382113,mean_p|train_n=12|p=5,226,391,-1.6801600000000001,1.1049500000000001
866425102,18,5,mean_p,12,0.43702751987115218,0.0042849813554403302,mean_p|train_n=12|p=5,227,392,-1.6801600000000001,1.1049500000000001
3561712143,18,5,mean_p,12,0.42219319569770825,0.005156194773718141,mean_p|train_n=12|p=5,228,394,-1.6801600000000001,1.1049500000000001
2966507066,18,5,mean_p,12,0.46421532059889625,0.0030523248536555667,mean_p|train_n=12|p=5,229,395,-1.6801600000000001,1.1049500000000001
2856881042,18,5,mean_p,12,0.46016968587055224,0.0032103485469643983,mean_p|train_n=12|p=5,230,396,-1.6801600000000001,1.1049500000000001
3039536155,18,5,mean_p,12,0.58959246270622601,0.00063865998013355187,mean_p|train_n=12|p=5,231,397,-1.6801600000000001,1.1049500000000001
1656050685,18,5,mean_p,12,0.47734120189926038,0.0025912400120618314,mean_p|train_n=12|p=5,232,398,-1.6801600000000001,1.1049500000000001
1034728259,18,5,mean_p,12,0.49018134953801468,0.0022076630483728755,mean_p|train_n=12|p=5,233,399,-1.6801600000000001,1.1049500000000001
2832053854,18,5,mean_p,12,0.37341484024043869,0.0094762559145039338,mean_p|train_n=12|p=5,234,400,-1.6801600000000001,1.1049500000000001
2404613167,18,5,mean_p,12,0.54669813974913095,0.0010906723529693991,mean_p|train_n=12|p=5,235,401,-1.6801600000000001,1.1049500000000001
2755127794,18,5,mean_p,12,0.44097635555381787,0.0040789841034484268,mean_p|train_n=12|p=5,236,402,-1.6801600000000001,1.1049500000000001
166081147,18,5,mean_p,12,0.40964276349963852,0.0060302363216873647,mean_p|train_n=12|p=5,237,403,-1.6801600000000001,1.1049500000000001
2984680703,18,5,mean_p,12,0.43695534603749908,0.0042888416658693742,mean_p|train_n=12|p=5,238,406,-1.6801600000000001,1.1049500000000001
1546718843,18,5,mean_p,12,0.49986872405505278,0.0019563266132510983,mean_p|train_n=12|p=5,239,408,-1.6801600000000001,1.1049500000000001
2544485950,18,5,mean_p,12,0.44714829310476212,0.0037766707332728263,mean_p|train_n=12|p=5,240,412,-1.6801600000000001,1.1049500000000001
1616673133,18,5,mean_p,12,0.46784775131377604,0.002917079613356687,mean_p|train_n=12|p=5,241,413,-1.6801600000000001,1.1049500000000001
2021782094,18,5,mean_p,12,0.58536836605279707,0.00067322175165546714,mean_p|train_n=12|p=5,242,415,-1.6801600000000001,1.1049500000000001
50196448,18,5,mean_p,12,0.4524035428368573,0.0035369860122191946,mean_p|train_n=12|p=5,243,416,-1.6801600000000001,1.1049500000000001
4025069837,18,5,mean_p,12,0.48551849730158886,0.0023399072310300475,mean_p|train_n=12|p=5,244,417,-1.6801600000000001,1.1049500000000001
2918733354,18,5,mean_p,12,0.52074467792745738,0.0015077320733916863,mean_p|train_n=12|p=5,245,418,-1.6801600000000001,1.1049500000000001
1765606601,18,5,mean_p,12,0.43412387013477288,0.0044430630744751055,mean_p|train_n=12|p=5,246,419,-1.6801600000000001,1.1049500000000001
2529827374,18,5,mean_p,12,0.61190362828680356,0.00048347693667454586,mean_p|train_n=12|p=5,247,424,-1.6801600000000001,1.1049500000000001
2270965576,18,5,mean_p,12,0.53547569136706097,0.0012545951060297918,mean_p|train_n=12|p=5,248,426,-1.6801600000000001,1.1049500000000001
894440362,18,5,mean_p,12,0.45310663466282425,0.0035060944490953351,mean_p|train_n=12|p=5,249,427,-1.6801600000000001,1.1049500000000001
3668678131,18,5,mean_p,12,0.42517294776744102,0.0049680208379939599,mean_p|train_n=12|p=5,250,428,-1.6801600000000001,1.1049500000000001
1859527656,18,5,mean_p,12,0.54420494110797357,0.0011251328399241158,mean_p|train_n=12|p=5,251,431,-1.6801600000000001,1.1049500000000001
4148683315,18,5,mean_p,12,0.5330494193034071,0.0012931545765090377,mean_p|train_n=12|p=5,252,433,-1.6801600000000001,1.1049500000000001
1201177783,18,5,mean_p,12,0.47789811055123049,0.0025732975667971218,mean_p|train_n=12|p=5,253,434,-1.6801600000000001,1.1049500000000001
745656657,18,5,mean_p,12,0.38587088129954145,0.0081122854690613873,mean_p|train_n=12|p=5,254,436,-1.6801600000000001,1.1049500000000001
3129457661,18,5,mean_p,12,0.54021525345795796,0.0011825569986549651,mean_p|train_n=12|p=5,255,437,-1.6801600000000001,1.1049500000000001
3676080782,18,5,mean_p,12,0.58347764041101036,0.0006892917997229224,mean_p|train_n=12|p=5,256,440,-1.6801600000000001,1.1049500000000001
1388562287,18,5,mean_p,12,0.42567243344397088,0.0049371568618303855,mean_p|train_n=12|p=5,257,443,-1.6801600000000001,1.1049500000000001
2047487881,18,5,mean_p,12,0.51361630907304046,0.0016479708472537996,mean_p|train_n=12|p=5,258,446,-1.6801600000000001,1.1049500000000001
2041548005,18,5,mean_p,12,0.42459475053928514,0.0050039895440228861,mean_p|train_n=12|p=5,259,448,-1.6801600000000001,1.1049500000000001
208828152,18,5,mean_p,12,0.48914095731957169,0.0022365066575497643,mean_p|train_n=12|p=5,260,449,-1.6801600000000001,1.1049500000000001
3091039359,18,5,mean_p,12,0.47926916116752,0.0025296527964455561,mean_p|train_n=12|p=5,261,450,-1.6801600000000001,1.1049500000000001
2301022361,18,5,mean_p,12,0.44537486182405811,0.0038611665127631948,mean_p|train_n=12|p=5,262,454,-1.6801600000000001,1.1049500000000001
31954780,18,5,mean_p,12,0.57989679261681193,0.00072078556175971117,mean_p|train_n=12|p=5,263,455,-1.6801600000000001,1.1049500000000001
3099173383,18,5,mean_p,12,0.50829241758277888,0.0017611536342511003,mean_p|train_n=12|p=5,264,456,-1.6801600000000001,1.1049500000000001
1327793556,18,5,mean_p,12,0.48526954926529065,0.0023471863690243408,mean_p|train_n=12|p=5,265,457,-1.6801600000000001,1.1049500000000001
610427837,18,5,mean_p,12,0.61489595254173168,0.00046575951226129404,mean_p|train_n=12|p=5,266,458,-1.6801600000000001,1.1049500000000001
1844496330,18,5,mean_p,12,0.58848884793244416,0.00064751477686607827,mean_p|train_n=12|p=5,267,459,-1.6801600000000001,1.1049500000000001
3625617012,18,5,mean_p,12,0.49258845119406991,0.0021423469823389162,mean_p|train_n=12|p=5,268,460,-1.6801600000000001,1.1049500000000001
3720046817,18,5,mean_p,12,0.58370275671004224,0.00068735850413338369,mean_p|train_n=12|p=5,269,461,-1.6801600000000001,1.1049500000000001
2041755736,18,5,mean_p,12,0.41172421026229472,0.0058756501619656619,mean_p|train_n=12|p=5,270,462,-1.6801600000000001,1.1049500000000001
4220313670,18,5,mean_p,12,0.50645505488978437,0.0018019928623040952,mean_p|train_n=12|p=5,271,463,-1.6801600000000001,1.1049500000000001
3560316124,18,5,mean_p,12,0.57940922717403642,0.00072518359570740009,mean_p|train_n=12|p=5,272,467,-1.6801600000000001,1.1049500000000001
640621342,18,5,mean_p,12,0.45410690533191139,0.0034626102048311833,mean_p|train_n=12|p=5,273,468,-1.6801600000000001,1.1049500000000001
3801620013,18,5,mean_p,12,0.47102317846159064,0.0028037681846409561,mean_p|train_n=12|p=5,274,470,-1.6801600000000001,1.1049500000000001
1643297426,18,5,mean_p,12,0.60838325722090747,0.00050518568158306257,mean_p|train_n=12|p=5,275,471,-1.6801600000000001,1.1049500000000001
2202394461,18,5,mean_p,12,0.5284741220106608,0.0013691211270929779,mean_p|train_n=12|p=5,276,473,-1.6801600000000001,1.1049500000000001
4095094716,18,5,mean_p,12,0.56672495273232704,0.00084952901970740521,mean_p|train_n=12|p=5,277,476,-1.6801600000000001,1.1049500000000001
998916348,18,5,mean_p,12,0.46962458893009124,0.0028531224860774392,mean_p|train_n=12|p=5,278,477,-1.6801600000000001,1.1049500000000001
2158108620,18,5,mean_p,12,0.48827158869587095,0.0022608976575839582,mean_p|train_n=12|p=5,279,478,-1.6801600000000001,1.1049500000000001
3076763004,18,5,mean_p,12,0.56445347180501804,0.00087394948129562483,mean_p|train_n=12|p=5,280,481,-1.6801600000000001,1.1049500000000001
265500331,18,5,mean_p,12,0.53955611645801838,0.0011923222346597127,mean_p|train_n=12|p=5,281,491,-1.6801600000000001,1.1049500000000001
700509222,18,5,mean_p,12,0.50901039115084623,0.0017454478389286191,mean_p|train_n=12|p=5,282,494,-1.6801600000000001,1.1049500000000001
3273964790,18,5,mean_p,12,0.43425273403467685,0.0044359253030711223,mean_p|train_n=12|p=5,283,495,-1.6801600000000001,1.1049500000000001
1740608343,18,5,mean_p,12,0.42131469965789864,0.0052130210692275317,mean_p|train_n=12|p=5,284,497,-1.6801600000000001,1.1049500000000001
321388832,18,5,mean_p,12,0.49122037448220962,0.002179228602410173,mean_p|train_n=12|p=5,285,498,-1.6801600000000001,1.1049500000000001
2803478300,18,5,mean_p,12,0.51183042413309854,0.0016851028517475776,mean_p|train_n=12|p=5,286,499,-1.6801600000000001,1.1049500000000001
2427915797,18,5,mean_p,12,0.47269392708096952,0.0027459276186036002,mean_p|train_n=12|p=5,287,505,-1.6801600000000001,1.1049500000000001
901322896,18,5,mean_p,12,0.56384651191643198,0.00088059287120270853,mean_p|train_n=12|p=5,288,508,-1.6801600000000001,1.1049500000000001
168005188,18,5,mean_p,12,0.51219764300048665,0.0016773999412569537,mean_p|train_n=12|p=5,289,509,-1.6801600000000001,1.1049500000000001
2080333643,18,5,mean_p,12,0.56010113410627804,0.00092271938480586893,mean_p|train_n=12|p=5,290,510,-1.6801600000000001,1.1049500000000001
2123695939,18,5,mean_p,12,0.49607694312113321,0.0020511021003328878,mean_p|train_n=12|p=5,291,511,-1.6801600000000001,1.1049500000000001
3505526004,18,5,mean_p,12,0.55343890849070954,0.0010026957634502781,mean_p|train_n=12|p=5,292,513,-1.6801600000000001,1.1049500000000001
2179775,18,5,mean_p,12,0.43909152092794473,0.0041760439864576889,mean_p|train_n=12|p=5,293,514,-1.6801600000000001,1.1049500000000001
1617353836,18,5,mean_p,12,0.51903723761340981,0.0015401960562100394,mean_p|train_n=12|p=5,294,515,-1.6801600000000001,1.1049500000000001
3050697648,18,5,mean_p,12,0.47595632256897935,0.0026364021980600986,mean_p|train_n=12|p=5,295,520,-1.6801600000000001,1.1049500000000001
963895534,18,5,mean_p,12,0.40304219018514165,0.0065478662882559931,mean_p|train_n=12|p=5,296,521,-1.6801600000000001,1.1049500000000001
143855292,18,5,mean_p,12,0.56317605363524548,0.00088798999027307269,mean_p|train_n=12|p=5,297,523,-1.6801600000000001,1.1049500000000001
2193315666,18,5,mean_p,12,0.6488363279243109,0.00030496812829184744,mean_p|train_n=12|p=5,298,524,-1.6801600000000001,1.1049500000000001
2348593045,18,5,mean_p,12,0.45668578252193259,0.0033529714509159536,mean_p|train_n=12|p=5,299,526,-1.6801600000000001,1.1049500000000001
1565733948,18,5,mean_p,12,0.5812234062856213,0.00070895353030956559,mean_p|train_n=12|p=5,300,528,-1.6801600000000001,1.1049500000000001
2697210686,18,5,mean_p,12,0.5066706013583836,0.0017971532775285166,mean_p|train_n=12|p=5,301,529,-1.6801600000000001,1.1049500000000001
2668538086,18,5,mean_p,12,0.40616938870582675,0.0062973082486787084,mean_p|train_n=12|p=5,302,530,-1.6801600000000001,1.1049500000000001
200296362,18,5,mean_p,12,0.57240691042852498,0.00079138953718727685,mean_p|train_n=12|p=5,303,533,-1.6801600000000001,1.1049500000000001
853046947,18,5,mean_p,12,0.44646204708575726,0.0038091456076145142,mean_p|train_n=12|p=5,304,535,-1.6801600000000001,1.1049500000000001
680865918,18,5,mean_p,12,0.49196093866466128,0.0021591857920829306,mean_p|train_n=12|p=5,305,537,-1.6801600000000001,1.1049500000000001
1734214740,18,5,mean_p,12,0.45068613906165517,0.003613592392221027,mean_p|train_n=12|p=5,306,539,-1.6801600000000001,1.1049500000000001
2587712885,18,5,mean_p,12,0.65341130068128161,0.00028804794538919812,mean_p|train_n=12|p=5,307,540,-1.6801600000000001,1.1049500000000001
252958137,18,5,mean_p,12,0.43252852232044936,0.0045323864699479575,mean_p|train_n=12|p=5,308,541,-1.6801600000000001,1.1049500000000001
3667422858,18,5,mean_p,12,0.44255823424911395,0.0039992682925396213,mean_p|train_n=12|p=5,309,542,-1.6801600000000001,1.1049500000000001
3791657073,18,5,mean_p,12,0.47689387494276186,0.0026057425219589117,mean_p|train_n=12|p=5,310,543,-1.6801600000000001,1.1049500000000001
1534697533,18,5,mean_p,12,0.36901068965891404,0.010011539068228386,mean_p|train_n=12|p=5,311,544,-1.6801600000000001,1.1049500000000001
3093260664,18,5,mean_p,12,0.47975908441492504,0.0025142372021370514,mean_p|train_n=12|p=5,312,545,-1.6801600000000001,1.1049500000000001
4002790006,18,5,mean_p,12,0.6758285811987832,0.00021776889747762997,mean_p|train_n=12|p=5,313,546,-1.6801600000000001,1.1049500000000001
3662364816,18,5,mean_p,12,0.48800793190493102,0.0022683472471343035,mean_p|train_n=12|p=5,314,547,-1.6801600000000001,1.1049500000000001
619261901,18,5,mean_p,12,0.56046458389585641,0.00091854466126443707,mean_p|train_n=12|p=5,315,548,-1.6801600000000001,1.1049500000000001
420956218,18,5,mean_p,12,0.52637591963050245,0.0014054359734844129,mean_p|train_n=12|p=5,316,551,-1.6801600000000001,1.1049500000000001
2566643114,18,5,mean_p,12,0.50357876777219213,0.0018678342856664524,mean_p|train_n=12|p=5,317,553,-1.6801600000000001,1.1049500000000001
345936098,18,5,mean_p,12,0.44468704797335246,0.0038944441298558253,mean_p|train_n=12|p=5,318,554,-1.6801600000000001,1.1049500000000001
3876774881,18,5,mean_p,12,0.55862181100279962,0.00093990815085956859,mean_p|train_n=12|p=5,319,556,-1.6801600000000001,1.1049500000000001
3740156809,18,5,mean_p,12,0.53622285489825461,0.0012429539924644142,mean_p|train_n=12|p=5,320,558,-1.6801600000000001,1.1049500000000001
813503452,18,5,mean_p,12,0.45479448310843462,0.0034330326750775593,mean_p|train_n=12|p=5,321,559,-1.6801600000000001,1.1049500000000001
1078245420,18,5,mean_p,12,0.46511872459250192,0.0030181138780841542,mean_p|train_n=12|p=5,322,560,-1.6801600000000001,1.1049500000000001
3251095506,18,5,mean_p,12,0.55371537228465528,0.00099924308121722709,mean_p|train_n=12|p=5,323,561,-1.6801600000000001,1.1049500000000001
3294799752,18,5,mean_p,12,0.57484247445679726,0.00076770276240871449,mean_p|train_n=12|p=5,324,564,-1.6801600000000001,1.1049500000000001
1745368934,18,5,mean_p,12,0.57633772209109091,0.00075351351171561631,mean_p|train_n=12|p=5,325,565,-1.6801600000000001,1.1049500000000001
2500688530,18,5,mean_p,12,0.61311249250147482,0.00047623957583062173,mean_p|train_n=12|p=5,326,567,-1.6801600000000001,1.1049500000000001
384449966,18,5,mean_p,12,0.54820096034329646,0.0010704125963599089,mean_p|train_n=12|p=5,327,569,-1.6801600000000001,1.1049500000000001
688756831,18,5,mean_p,12,0.52277646617918516,0.0014699915820367679,mean_p|train_n=12|p=5,328,570,-1.6801600000000001,1.1049500000000001
1910261874,18,5,mean_p,12,0.50510360578914149,0.0018326348766375114,mean_p|train_n=12|p=5,329,571,-1.6801600000000001,1.1049500000000001
1619461963,18,5,mean_p,12,0.50489739591715577,0.0018373559653814071,mean_p|train_n=12|p=5,330,573,-1.6801600000000001,1.1049500000000001
1545700062,18,5,mean_p,12,0.40723056454547568,0.0062144819160372868,mean_p|train_n=12|p=5,331,574,-1.6801600000000001,1.1049500000000001
2340083302,18,5,mean_p,12,0.56134663142491803,0.00090849149841121561,mean_p|train_n=12|p=5,332,577,-1.6801600000000001,1.1049500000000001
2415940634,18,5,mean_p,12,0.41117314700469865,0.0059161869361580698,mean_p|train_n=12|p=5,333,578,-1.6801600000000001,1.1049500000000001
2605478849,18,5,mean_p,12,0.44551021059093376,0.0038546516667393787,mean_p|train_n=12|p=5,334,580,-1.6801600000000001,1.1049500000000001
709097820,18,5,mean_p,12,0.55416544852726657,0.00099364761345683943,mean_p|train_n=12|p=5,335,581,-1.6801600000000001,1.1049500000000001
3866847494,18,5,mean_p,12,0.49108917321026269,0.0021827988169149715,mean_p|train_n=12|p=5,336,582,-1.6801600000000001,1.1049500000000001
558738068,18,5,mean_p,12,0.57059786692190662,0.00080945494158499859,mean_p|train_n=12|p=5,337,583,-1.6801600000000001,1.1049500000000001
2749026346,18,5,mean_p,12,0.53602352461277292,0.0012460490338461257,mean_p|train_n=12|p=5,338,584,-1.6801600000000001,1.1049500000000001
239163499,18,5,mean_p,12,0.43198170728000557,0.00456341403279542,mean_p|train_n=12|p=5,339,585,-1.6801600000000001,1.1049500000000001
647182635,18,5,mean_p,12,0.51161149548107998,0.0016897119955132534,mean_p|train_n=12|p=5,340,586,-1.6801600000000001,1.1049500000000001
3729497021,18,5,mean_p,12,0.59427856009342683,0.00060239019924310916,mean_p|train_n=12|p=5,341,587,-1.6801600000000001,1.1049500000000001
1875050571,18,5,mean_p,12,0.42305719824916194,0.0051009102474979763,mean_p|train_n=12|p=5,342,588,-1.6801600000000001,1.1049500000000001
3159193456,18,5,mean_p,12,0.46341322411638841,0.0030830242785038217,mean_p|train_n=12|p=5,343,591,-1.6801600000000001,1.1049500000000001
1255496617,18,5,mean_p,12,0.54722226716841693,0.0010835633299277085,mean_p|train_n=12|p=5,344,592,-1.6801600000000001,1.1049500000000001
2245605182,18,5,mean_p,12,0.42673470448760126,0.0048721535573686223,mean_p|train_n=12|p=5,345,593,-1.6801600000000001,1.1049500000000001
3420359995,18,5,mean_p,12,0.43496175687845506,0.0043968571482440096,mean_p|train_n=12|p=5,346,594,-1.6801600000000001,1.1049500000000001
2337357590,18,5,mean_p,12,0.59447693532281931,0.0006009010920403977,mean_p|train_n=12|p=5,347,595,-1.6801600000000001,1.1049500000000001
4228294322,18,5,mean_p,12,0.5506006763104917,0.0010388390211704013,mean_p|train_n=12|p=5,348,596,-1.6801600000000001,1.1049500000000001
2453845812,18,5,mean_p,12,0.44342033006944087,0.0039564824105651191,mean_p|train_n=12|p=5,349,598,-1.6801600000000001,1.1049500000000001
3394729294,18,5,mean_p,12,0.46162642105888591,0.0031525269540034384,mean_p|train_n=12|p=5,350,600,-1.6801600000000001,1.1049500000000001
859094758,18,5,mean_p,12,0.40175880382141282,0.0066535570112207865,mean_p|train_n=12|p=5,351,601,-1.6801600000000001,1.1049500000000001
2610773261,18,5,mean_p,12,0.49696782452270544,0.0020284298966026428,mean_p|train_n=12|p=5,352,603,-1.6801600000000001,1.1049500000000001
4274128496,18,5,mean_p,12,0.41294346095772516,0.0057869452199802458,mean_p|train_n=12|p=5,353,604,-1.6801600000000001,1.1049500000000001
1895392178,18,5,mean_p,12,0.51799683606949642,0.0015603192420929873,mean_p|train_n=12|p=5,354,607,-1.6801600000000001,1.1049500000000001
4260995451,18,5,mean_p,12,0.48955955775265192,0.0022248564348610281,mean_p|train_n=12|p=5,355,609,-1.6801600000000001,1.1049500000000001
2267019255,18,5,mean_p,12,0.49073717203691797,0.0021924063038430987,mean_p|train_n=12|p=5,356,611,-1.6801600000000001,1.1049500000000001
1709941098,18,5,mean_p,12,0.56194070375849536,0.0009017826241406985,mean_p|train_n=12|p=5,357,612,-1.6801600000000001,1.1049500000000001
2322578687,18,5,mean_p,12,0.50996726358889477,0.0017247335972170915,mean_p|train_n=12|p=5,358,613,-1.6801600000000001,1.1049500000000001
2697863905,18,5,mean_p,12,0.50422966319723495,0.0018527270407446234,mean_p|train_n=12|p=5,359,614,-1.6801600000000001,1.1049500000000001
1792258649,18,5,mean_p,12,0.43853712545792339,0.0042050298054854733,mean_p|train_n=12|p=5,360,615,-1.6801600000000001,1.1049500000000001
3984350111,18,5,mean_p,12,0.58859924668106389,0.00064662349979308802,mean_p|train_n=12|p=5,361,617,-1.6801600000000001,1.1049500000000001
2454697974,18,5,mean_p,12,0.42313864028546005,0.0050957297240683888,mean_p|train_n=12|p=5,362,621,-1.6801600000000001,1.1049500000000001
438898913,18,5,mean_p,12,0.49852081296769868,0.0019895051743681045,mean_p|train_n=12|p=5,363,622,-1.6801600000000001,1.1049500000000001
1437241863,18,5,mean_p,12,0.53122434493852611,0.0013229385731447236,mean_p|train_n=12|p=5,364,625,-1.6801600000000001,1.1049500000000001
3280037041,18,5,mean_p,12,0.5483266741967685,0.0010687349834175976,mean_p|train_n=12|p=5,365,626,-1.6801600000000001,1.1049500000000001
635683610,18,5,mean_p,12,0.39318112552777001,0.0074051246738591637,mean_p|train_n=12|p=5,366,630,-1.6801600000000001,1.1049500000000001
2307345658,18,5,mean_p,12,0.62180911273986761,0.00042727009652262019,mean_p|train_n=12|p=5,367,631,-1.6801600000000001,1.1049500000000001
2354958524,18,5,mean_p,12,0.5220649742917467,0.0014830988390693973,mean_p|train_n=12|p=5,368,632,-1.6801600000000001,1.1049500000000001
429720003,18,5,mean_p,12,0.53938311279359352,0.0011948986490075033,mean_p|train_n=12|p=5,369,633,-1.6801600000000001,1.1049500000000001
2481552105,18,5,mean_p,12,0.58254467024969503,0.00069736227203924051,mean_p|train_n=12|p=5,370,634,-1.6801600000000001,1.1049500000000001
3307746167,18,5,mean_p,12,0.54858422795142181,0.0010653062139895529,mean_p|train_n=12|p=5,371,635,-1.6801600000000001,1.1049500000000001
3911882341,18,5,mean_p,12,0.43252214341214251,0.0045327472051646849,mean_p|train_n=12|p=5,372,637,-1.6801600000000001,1.1049500000000001
1553206979,18,5,mean_p,12,0.56086003028068721,0.00091402386513425593,mean_p|train_n=12|p=5,373,638,-1.6801600000000001,1.1049500000000001
2194055609,18,5,mean_p,12,0.43863844787158723,0.004199717315913354,mean_p|train_n=12|p=5,374,639,-1.6801600000000001,1.1049500000000001
2294636669,18,5,mean_p,12,0.40755616536550399,0.0061892873696920122,mean_p|train_n=12|p=5,375,640,-1.6801600000000001,1.1049500000000001
2478595565,18,5,mean_p,12,0.43891880529121252,0.0041850526985151744,mean_p|train_n=12|p=5,376,642,-1.6801600000000001,1.1049500000000001
1791744416,18,5,mean_p,12,0.4794226466267224,0.002524813186576351,mean_p|train_n=12|p=5,377,643,-1.6801600000000001,1.1049500000000001
4196206772,18,5,mean_p,12,0.49566439298329307,0.0020616868397612008,mean_p|train_n=12|p=5,378,644,-1.6801600000000001,1.1049500000000001
1591546733,18,5,mean_p,12,0.45994056154678198,0.0032195391129207556,mean_p|train_n=12|p=5,379,646,-1.6801600000000001,1.1049500000000001
3648436965,18,5,mean_p,12,0.37747894538830423,0.0090077280227262423,mean_p|train_n=12|p=5,380,647,-1.6801600000000001,1.1049500000000001
3300940978,18,5,mean_p,12,0.45898755558481308,0.0032580489603519624,mean_p|train_n=12|p=5,381,648,-1.6801600000000001,1.1049500000000001
4221131710,18,5,mean_p,12,0.42734115594847588,0.0048354276126948634,mean_p|train_n=12|p=5,382,649,-1.6801600000000001,1.1049500000000001
3637087733,18,5,mean_p,12,0.4423638631822584,0.0040089786861551863,mean_p|train_n=12|p=5,383,651,-1.6801600000000001,1.1049500000000001
3009411260,18,5,mean_p,12,0.40470088520100284,0.0064137510252937806,mean_p|train_n=12|p=5,384,652,-1.6801600000000001,1.1049500000000001
598196176,18,5,mean_p,12,0.37530504770887707,0.0092553877084820442,mean_p|train_n=12|p=5,385,655,-1.6801600000000001,1.1049500000000001
2675625373,18,5,mean_p,12,0.50316154695470772,0.0018775826809968527,mean_p|train_n=12|p=5,386,657,-1.6801600000000001,1.1049500000000001
4252550335,18,5,mean_p,12,0.36940672280302539,0.0099621924009179897,mean_p|train_n=12|p=5,387,658,-1.6801600000000001,1.1049500000000001
3190192817,18,5,mean_p,12,0.51971295581406918,0.0015272657094055162,mean_p|train_n=12|p=5,388,659,-1.6801600000000001,1.1049500000000001
1493406675,18,5,mean_p,12,0.5925188360482071,0.00061576221015112388,mean_p|train_n=12|p=5,389,661,-1.6801600000000001,1.1049500000000001
2857457150,18,5,mean_p,12,0.57992494905394509,0.00072053239571143461,mean_p|train_n=12|p=5,390,665,-1.6801600000000001,1.1049500000000001
1468871626,18,5,mean_p,12,0.56638681489859355,0.00085312060661529127,mean_p|train_n=12|p=5,391,666,-1.6801600000000001,1.1049500000000001
3384989441,18,5,mean_p,12,0.49823901174859081,0.0019965124565374378,mean_p|train_n=12|p=5,392,671,-1.6801600000000001,1.1049500000000001
3721678430,18,5,mean_p,12,0.53635268564128336,0.0012409422199824126,mean_p|train_n=12|p=5,393,672,-1.6801600000000001,1.1049500000000001
4130799095,18,5,mean_p,12,0.54885916073701491,0.0010616582184003465,mean_p|train_n=12|p=5,394,675,-1.6801600000000001,1.1049500000000001
471688557,18,5,mean_p,12,0.44873490420839446,0.0037026444215925757,mean_p|train_n=12|p=5,395,676,-1.6801600000000001,1.1049500000000001
3082623256,18,5,mean_p,12,0.43783827476462672,0.0042418550972043194,mean_p|train_n=12|p=5,396,679,-1.6801600000000001,1.1049500000000001
2829993631,18,5,mean_p,12,0.50132945986085009,0.0019209953238696949,mean_p|train_n=12|p=5,397,680,-1.6801600000000001,1.1049500000000001
1299801600,18,5,mean_p,12,0.47674424280902755,0.0026106117463867771,mean_p|train_n=12|p=5,398,682,-1.6801600000000001,1.1049500000000001
1487154001,18,5,mean_p,12,0.49204240894574436,0.0021569921463667797,mean_p|train_n=12|p=5,399,684,-1.6801600000000001,1.1049500000000001
291005860,18,5,mean_p,12,0.39482869864699599,0.0072544573880976449,mean_p|train_n=12|p=5,400,688,-1.6801600000000001,1.1049500000000001
3250012585,18,5,mean_p,12,0.61387443583214363,0.00047173365614953353,mean_p|train_n=12|p=5,401,689,-1.6801600000000001,1.1049500000000001
2153574629,18,5,mean_p,12,0.49202561796926658,0.0021574440730406852,mean_p|train_n=12|p=5,402,690,-1.6801600000000001,1.1049500000000001
630091242,18,5,mean_p,12,0.51279571244311928,0.0016649299290379946,mean_p|train_n=12|p=5,403,691,-1.6801600000000001,1.1049500000000001
1388400972,18,5,mean_p,12,0.51331567395887645,0.0016541638596873599,mean_p|train_n=12|p=5,404,692,-1.6801600000000001,1.1049500000000001
1738581444,18,5,mean_p,12,0.46331909831581275,0.003086647030722838,mean_p|train_n=12|p=5,405,694,-1.6801600000000001,1.1049500000000001
1834743712,18,5,mean_p,12,0.50127991363010682,0.0019221831944755911,mean_p|train_n=12|p=5,406,695,-1.6801600000000001,1.1049500000000001
841071557,18,5,mean_p,12,0.41139697884311666,0.0058996880192148096,mean_p|train_n=12|p=5,407,696,-1.6801600000000001,1.1049500000000001
1519261113,18,5,mean_p,12,0.46244778911719941,0.0031203850812794188,mean_p|train_n=12|p=5,408,697,-1.6801600000000001,1.1049500000000001
3421055488,18,5,mean_p,12,0.51800881951557476,0.0015600859711255473,mean_p|train_n=12|p=5,409,698,-1.6801600000000001,1.1049500000000001
698286894,18,5,mean_p,12,0.48658366888419913,0.0023090161194739816,mean_p|train_n=12|p=5,410,699,-1.6801600000000001,1.1049500000000001
3752181183,18,5,mean_p,12,0.54661387345045431,0.0010918196464061486,mean_p|train_n=12|p=5,411,701,-1.6801600000000001,1.1049500000000001
2795780550,18,5,mean_p,12,0.47943771743603808,0.0025243384825005297,mean_p|train_n=12|p=5,412,702,-1.6801600000000001,1.1049500000000001
3273801344,18,5,mean_p,12,0.54543373258574823,0.0011080147586840768,mean_p|train_n=12|p=5,413,703,-1.6801600000000001,1.1049500000000001
2541628982,18,5,mean_p,12,0.42909470355064322,0.0047307850805908816,mean_p|train_n=12|p=5,414,706,-1.6801600000000001,1.1049500000000001
3258669478,18,5,mean_p,12,0.52582171920912335,0.0014151876262145885,mean_p|train_n=12|p=5,415,707,-1.6801600000000001,1.1049500000000001
3879730565,18,5,mean_p,12,0.48594303736230149,0.0023275458897346569,mean_p|train_n=12|p=5,416,708,-1.6801600000000001,1.1049500000000001
3743094465,18,5,mean_p,12,0.58382389232550724,0.00068632043810449043,mean_p|train_n=12|p=5,417,709,-1.6801600000000001,1.1049500000000001
2097223582,18,5,mean_p,12,0.56897448953721952,0.00082601705397413513,mean_p|train_n=12|p=5,418,710,-1.6801600000000001,1.1049500000000001
3569079802,18,5,mean_p,12,0.56368543298197804,0.00088236440058125031,mean_p|train_n=12|p=5,419,712,-1.6801600000000001,1.1049500000000001
529977650,18,5,mean_p,12,0.38655516682086877,0.0080433209126952402,mean_p|train_n=12|p=5,420,714,-1.6801600000000001,1.1049500000000001
2383976871,18,5,mean_p,12,0.52943078376868291,0.0013528765288479412,mean_p|train_n=12|p=5,421,715,-1.6801600000000001,1.1049500000000001
2827161312,18,5,mean_p,12,0.51639011550711167,0.0015919137862530298,mean_p|train_n=12|p=5,422,716,-1.6801600000000001,1.1049500000000001
4282038819,18,5,mean_p,12,0.48406128066405252,0.002382838596478806,mean_p|train_n=12|p=5,423,717,-1.6801600000000001,1.1049500000000001
196198615,18,5,mean_p,12,0.39068816533211526,0.0076390715733135328,mean_p|train_n=12|p=5,424,721,-1.6801600000000001,1.1049500000000001
1197259946,18,5,mean_p,12,0.43691926736859166,0.0042907726834879095,mean_p|train_n=12|p=5,425,722,-1.6801600000000001,1.1049500000000001
146574613,18,5,mean_p,12,0.5998280247450376,0.00056209264375813863,mean_p|train_n=12|p=5,426,723,-1.6801600000000001,1.1049500000000001
778578436,18,5,mean_p,12,0.39722829648034702,0.0070404856459503964,mean_p|train_n=12|p=5,427,724,-1.6801600000000001,1.1049500000000001
1868238678,18,5,mean_p,12,0.47632492706759016,0.0026243053563993874,mean_p|train_n=12|p=5,428,727,-1.6801600000000001,1.1049500000000001
2413316703,18,5,mean_p,12,0.49218853192145823,0.0021530632623229249,mean_p|train_n=12|p=5,429,729,-1.6801600000000001,1.1049500000000001
2246287589,18,5,mean_p,12,0.47986189682927427,0.0025110141208747718,mean_p|train_n=12|p=5,430,730,-1.6801600000000001,1.1049500000000001
1686060111,18,5,mean_p,12,0.54890369494909563,0.0010610684848775056,mean_p|train_n=12|p=5,431,731,-1.6801600000000001,1.1049500000000001
1680022753,18,5,mean_p,12,0.36515503267286264,0.010504923104991647,mean_p|train_n=12|p=5,432,735,-1.6801600000000001,1.1049500000000001
3244045172,18,5,mean_p,12,0.4210426530681628,0.0052307453241862327,mean_p|train_n=12|p=5,433,736,-1.6801600000000001,1.1049500000000001
3099098709,18,5,mean_p,12,0.46766492657106806,0.0029237411839559782,mean_p|train_n=12|p=5,434,738,-1.6801600000000001,1.1049500000000001
2350930334,18,5,mean_p,12,0.52023606197450978,0.0015173302961325576,mean_p|train_n=12|p=5,435,741,-1.6801600000000001,1.1049500000000001
611330700,18,5,mean_p,12,0.47848335569165734,0.0025545760440697941,mean_p|train_n=12|p=5,436,743,-1.6801600000000001,1.1049500000000001
2409697338,18,5,mean_p,12,0.52088315149105158,0.0015051294345898374,mean_p|train_n=12|p=5,437,744,-1.6801600000000001,1.1049500000000001
3321165698,18,5,mean_p,12,0.48943100726316946,0.0022284276993672675,mean_p|train_n=12|p=5,438,746,-1.6801600000000001,1.1049500000000001
2693076396,18,5,mean_p,12,0.50054360500473771,0.0019399230065996948,mean_p|train_n=12|p=5,439,750,-1.6801600000000001,1.1049500000000001
478694745,18,5,mean_p,12,0.54610705503714674,0.0010987455283963505,mean_p|train_n=12|p=5,440,751,-1.6801600000000001,1.1049500000000001
1896004555,18,5,mean_p,12,0.51714501340799202,0.0015769905810523303,mean_p|train_n=12|p=5,441,752,-1.6801600000000001,1.1049500000000001
347033466,18,5,mean_p,12,0.43807095493761661,0.004229558557056287,mean_p|train_n=12|p=5,442,753,-1.6801600000000001,1.1049500000000001
202393249,18,5,mean_p,12,0.43632171268520809,0.0043228820006979071,mean_p|train_n=12|p=5,443,754,-1.6801600000000001,1.1049500000000001
974384947,18,5,mean_p,12,0.48233373535552793,0.0024347557450711392,mean_p|train_n=12|p=5,444,756,-1.6801600000000001,1.1049500000000001
644164763,18,5,mean_p,12,0.46638085617899222,0.0029709593659252389,mean_p|train_n=12|p=5,445,757,-1.6801600000000001,1.1049500000000001
4081447541,18,5,mean_p,12,0.53068690733548096,0.0013318392405385394,mean_p|train_n=12|p=5,446,758,-1.6801600000000001,1.1049500000000001
3583953334,18,5,mean_p,12,0.50789682107860756,0.0017698676807523183,mean_p|train_n=12|p=5,447,759,-1.6801600000000001,1.1049500000000001
2580487983,18,5,mean_p,12,0.44221282120671496,0.0040165407205530936,mean_p|train_n=12|p=5,448,761,-1.6801600000000001,1.1049500000000001
2427234487,18,5,mean_p,12,0.51791368597518284,0.0015619388111554749,mean_p|train_n=12|p=5,449,762,-1.6801600000000001,1.1049500000000001
951595470,18,5,mean_p,12,0.54739361209401627,0.0010812493511283745,mean_p|train_n=12|p=5,450,764,-1.6801600000000001,1.1049500000000001
3685215979,18,5,mean_p,12,0.63400673779989858,0.00036695193355897049,mean_p|train_n=12|p=5,451,767,-1.6801600000000001,1.1049500000000001
194974996,18,5,mean_p,12,0.56927210470752521,0.00082295554191550617,mean_p|train_n=12|p=5,452,769,-1.6801600000000001,1.1049500000000001
2237084666,18,5,mean_p,12,0.5332010477998419,0.0012907104791711609,mean_p|train_n=12|p=5,453,770,-1.6801600000000001,1.1049500000000001
3383493280,18,5,mean_p,12,0.52421544790853369,0.0014438353406591728,mean_p|train_n=12|p=5,454,771,-1.6801600000000001,1.1049500000000001
1458737404,18,5,mean_p,12,0.4768947883211655,0.0026057128273417598,mean_p|train_n=12|p=5,455,773,-1.6801600000000001,1.1049500000000001
3283414983,18,5,mean_p,12,0.51750375552430872,0.0015699479025283712,mean_p|train_n=12|p=5,456,774,-1.6801600000000001,1.1049500000000001
139817681,18,5,mean_p,12,0.59183836170794668,0.00062101231098708363,mean_p|train_n=12|p=5,457,775,-1.6801600000000001,1.1049500000000001
2761970255,18,5,mean_p,12,0.54817521396833413,0.0010707564986144145,mean_p|train_n=12|p=5,458,777,-1.6801600000000001,1.1049500000000001
1737219950,18,5,mean_p,12,0.48970730257730666,0.0022207590003961867,mean_p|train_n=12|p=5,459,779,-1.6801600000000001,1.1049500000000001
3239695959,18,5,mean_p,12,0.4948062545252056,0.0020838792786994115,mean_p|train_n=12|p=5,460,782,-1.6801600000000001,1.1049500000000001
3086326594,18,5,mean_p,12,0.48186461430022054,0.0024490483005448673,mean_p|train_n=12|p=5,461,783,-1.6801600000000001,1.1049500000000001
519587730,18,5,mean_p,12,0.57471662298570381,0.00076890915976312322,mean_p|train_n=12|p=5,462,784,-1.6801600000000001,1.1049500000000001
1059169494,18,5,mean_p,12,0.61643599260227933,0.00045689558845629289,mean_p|train_n=12|p=5,463,786,-1.6801600000000001,1.1049500000000001
2792961913,18,5,mean_p,12,0.46691620822003455,0.0029511812674460564,mean_p|train_n=12|p=5,464,787,-1.6801600000000001,1.1049500000000001
1798304497,18,5,mean_p,12,0.46025234552013955,0.0032070393715870242,mean_p|train_n=12|p=5,465,789,-1.6801600000000001,1.1049500000000001
209434737,18,5,mean_p,12,0.4658349822643168,0.0029912626727955738,mean_p|train_n=12|p=5,466,790,-1.6801600000000001,1.1049500000000001
1256999079,18,5,mean_p,12,0.48459486437897503,0.0023670279241470756,mean_p|train_n=12|p=5,467,793,-1.6801600000000001,1.1049500000000001
3141854275,18,5,mean_p,12,0.59087655303248543,0.00062850944495021141,mean_p|train_n=12|p=5,468,795,-1.6801600000000001,1.1049500000000001
2133729830,18,5,mean_p,12,0.52046618698941116,0.0015129800021802336,mean_p|train_n=12|p=5,469,796,-1.6801600000000001,1.1049500000000001
2236678842,18,5,mean_p,12,0.47958760779262832,0.0025196220544158872,mean_p|train_n=12|p=5,470,797,-1.6801600000000001,1.1049500000000001
72152444,18,5,mean_p,12,0.41220676433805853,0.0058403811599566898,mean_p|train_n=12|p=5,471,798,-1.6801600000000001,1.1049500000000001
712089319,18,5,mean_p,12,0.54754061468430237,0.0010792680494631551,mean_p|train_n=12|p=5,472,799,-1.6801600000000001,1.1049500000000001
1338760443,18,5,mean_p,12,0.47158333623746074,0.0027842412665848582,mean_p|train_n=12|p=5,473,801,-1.6801600000000001,1.1049500000000001
1903664002,18,5,mean_p,12,0.47843324329075237,0.0025561737534571488,mean_p|train_n=12|p=5,474,802,-1.6801600000000001,1.1049500000000001
952851268,18,5,mean_p,12,0.48094289247857358,0.0024773749215815082,mean_p|train_n=12|p=5,475,806,-1.6801600000000001,1.1049500000000001
3376044216,18,5,mean_p,12,0.62049230340804629,0.00043434785660207369,mean_p|train_n=12|p=5,476,808,-1.6801600000000001,1.1049500000000001
1265312669,18,5,mean_p,12,0.51811987387716041,0.0015579258342239672,mean_p|train_n=12|p=5,477,809,-1.6801600000000001,1.1049500000000001
2843389558,18,5,mean_p,12,0.49759868663264556,0.0020125267025424597,mean_p|train_n=12|p=5,478,810,-1.6801600000000001,1.1049500000000001
3314301950,18,5,mean_p,12,0.45510244760561946,0.0034198670202624649,mean_p|train_n=12|p=5,479,812,-1.6801600000000001,1.1049500000000001
2918252526,18,5,mean_p,12,0.43880778815349286,0.004190853523107759,mean_p|train_n=12|p=5,480,813,-1.6801600000000001,1.1049500000000001
2091921948,18,5,mean_p,12,0.52015902236844902,0.001518789449314999,mean_p|train_n=12|p=5,481,816,-1.6801600000000001,1.1049500000000001
2783188960,18,5,mean_p,12,0.52082777269631331,0.0015061697507849383,mean_p|train_n=12|p=5,482,818,-1.6801600000000001,1.1049500000000001
616621612,18,5,mean_p,12,0.58171127223780483,0.00070465128514073984,mean_p|train_n=12|p=5,483,820,-1.6801600000000001,1.1049500000000001
1423676682,18,5,mean_p,12,0.57833795013694667,0.00073494142789298203,mean_p|train_n=12|p=5,484,821,-1.6801600000000001,1.1049500000000001
1580973008,18,5,mean_p,12,0.47003289578548924,0.0028386247793393479,mean_p|train_n=12|p=5,485,822,-1.6801600000000001,1.1049500000000001
2434590639,18,5,mean_p,12,0.43790199901726123,0.0042384838863937851,mean_p|train_n=12|p=5,486,825,-1.6801600000000001,1.1049500000000001
1852759264,18,5,mean_p,12,0.4428618167904132,0.0039841489442776924,mean_p|train_n=12|p=5,487,827,-1.6801600000000001,1.1049500000000001
2839628640,18,5,mean_p,12,0.5394968468675444,0.0011932042662151641,mean_p|train_n=12|p=5,488,831,-1.6801600000000001,1.1049500000000001
648555916,18,5,mean_p,12,0.40855656227078024,0.0061125152684973422,mean_p|train_n=12|p=5,489,833,-1.6801600000000001,1.1049500000000001
2807258379,18,5,mean_p,12,0.48809463150995175,0.0022658948559155399,mean_p|train_n=12|p=5,490,835,-1.6801600000000001,1.1049500000000001
716701438,18,5,mean_p,12,0.59332711255879766,0.00060958371148224109,mean_p|train_n=12|p=5,491,838,-1.6801600000000001,1.1049500000000001
4213569280,18,5,mean_p,12,0.57867582889745861,0.00073184973388620682,mean_p|train_n=12|p=5,492,842,-1.6801600000000001,1.1049500000000001
1588891262,18,5,mean_p,12,0.50810072644668702,0.0017653707613209738,mean_p|train_n=12|p=5,493,843,-1.6801600000000001,1.1049500000000001
922921509,18,5,mean_p,12,0.53326971453512118,0.0012896051613344177,mean_p|train_n=12|p=5,494,844,-1.6801600000000001,1.1049500000000001
3350351730,18,5,mean_p,12,0.52489715334276743,0.0014316070212274858,mean_p|train_n=12|p=5,495,845,-1.6801600000000001,1.1049500000000001
1588550597,18,5,mean_p,12,0.51450081102125766,0.0016298844471532162,mean_p|train_n=12|p=5,496,849,-1.6801600000000001,1.1049500000000001
2709964685,18,5,mean_p,12,0.5164987746551376,0.001589757087676129,mean_p|train_n=12|p=5,497,850,-1.6801600000000001,1.1049500000000001
2482716303,18,5,mean_p,12,0.5765060629440838,0.00075193254570557987,mean_p|train_n=12|p=5,498,851,-1.6801600000000001,1.1049500000000001
288078492,18,5,mean_p,12,0.51130896033785178,0.0016961020769241308,mean_p|train_n=12|p=5,499,852,-1.6801600000000001,1.1049500000000001
3627110316,18,10,mean_p,12,0.2979742221876216,0.024289287831720824,mean_p|train_n=12|p=10,0,3,-1.61155,1.08521
3197998038,18,10,mean_p,12,0.34722726239808382,0.013138180274380191,mean_p|train_n=12|p=10,1,6,-1.61155,1.08521
1020102574,18,10,mean_p,12,0.49197138543850755,0.0021589043805640374,mean_p|train_n=12|p=10,2,9,-1.61155,1.08521
2941104716,18,10,mean_p,12,0.32411678112338521,0.017529126780714721,mean_p|train_n=12|p=10,3,10,-1.61155,1.08521
2501045419,18,10,mean_p,12,0.488860433341199,0.0022443481438440896,mean_p|train_n=12|p=10,4,11,-1.61155,1.08521
241467348,18,10,mean_p,12,0.36674721731974969,0.010298300535215287,mean_p|train_n=12|p=10,5,12,-1.61155,1.08521
680881898,18,10,mean_p,12,0.28219426786724944,0.029574614597530403,mean_p|train_n=12|p=10,6,13,-1.61155,1.08521
2981847873,18,10,mean_p,12,0.3988268879256035,0.0069014538122268414,mean_p|train_n=12|p=10,7,14,-1.61155,1.08521
466076857,18,10,mean_p,12,0.38650142945707888,0.0080487154638677842,mean_p|train_n=12|p=10,8,16,-1.61155,1.08521
644160158,18,10,mean_p,12,0.46499316492424519,0.0030228456518001179,mean_p|train_n=12|p=10,9,18,-1.61155,1.08521
1831377500,18,10,mean_p,12,0.39198432520549287,0.0075165280950649322,mean_p|train_n=12|p=10,10,19,-1.61155,1.08521
1770305610,18,10,mean_p,12,0.31723014134803457,0.01910186690187619,mean_p|train_n=12|p=10,11,22,-1.61155,1.08521
225094119,18,10,mean_p,12,0.2279162542193636,0.058213897604993667,mean_p|train_n=12|p=10,12,23,-1.61155,1.08521
2361622846,18,10,mean_p,12,0.30162142794447,0.023208776770646186,mean_p|train_n=12|p=10,13,24,-1.61155,1.08521
1416145220,18,10,mean_p,12,0.33258267388538582,0.015772026721660826,mean_p|train_n=12|p=10,14,25,-1.61155,1.08521
2510632357,18,10,mean_p,12,0.2860765152057258,0.028176236350339289,mean_p|train_n=12|p=10,15,26,-1.61155,1.08521
3370397755,18,10,mean_p,12,0.5367784845412944,0.0012343671410853867,mean_p|train_n=12|p=10,16,28,-1.61155,1.08521
3092647006,18,10,mean_p,12,0.41929595686219284,0.0053459897117375116,mean_p|train_n=12|p=10,17,29,-1.61155,1.08521
300954526,18,10,mean_p,12,0.52935301657281364,0.0013541898268307278,mean_p|train_n=12|p=10,18,31,-1.61155,1.08521
1244660046,18,10,mean_p,12,0.26210038919892376,0.038001310829248444,mean_p|train_n=12|p=10,19,33,-1.61155,1.08521
972792630,18,10,mean_p,12,0.34345362842697574,0.013771549359376349,mean_p|train_n=12|p=10,20,34,-1.61155,1.08521
2717490007,18,10,mean_p,12,0.28888695034813761,0.027205363097370962,mean_p|train_n=12|p=10,21,36,-1.61155,1.08521
2569119593,18,10,mean_p,12,0.48132583877077234,0.0024655665372405036,mean_p|train_n=12|p=10,22,40,-1.61155,1.08521
1286563188,18,10,mean_p,12,0.39189142760094775,0.0075252451839764979,mean_p|train_n=12|p=10,23,41,-1.61155,1.08521
1148205734,18,10,mean_p,12,0.43339941168846924,0.0044834051424486364,mean_p|train_n=12|p=10,24,42,-1.61155,1.08521
163506772,18,10,mean_p,12,0.42042681650996561,0.0052710909581459298,mean_p|train_n=12|p=10,25,43,-1.61155,1.08521
1542176237,18,10,mean_p,12,0.39549247019501915,0.0071946266393526342,mean_p|train_n=12|p=10,26,44,-1.61155,1.08521
2027626009,18,10,mean_p,12,0.28488680059847205,0.028597594100803637,mean_p|train_n=12|p=10,27,45,-1.61155,1.08521
2129732466,18,10,mean_p,12,0.50964360122117491,0.0017317125358605136,mean_p|train_n=12|p=10,28,46,-1.61155,1.08521
141776789,18,10,mean_p,12,0.49558297357084818,0.0020637822508349887,mean_p|train_n=12|p=10,29,50,-1.61155,1.08521
3450765893,18,10,mean_p,12,0.43908469867209304,0.0041763994618290428,mean_p|train_n=12|p=10,30,51,-1.61155,1.08521
2456468640,18,10,mean_p,12,0.43142676361177523,0.0045951200068552319,mean_p|train_n=12|p=10,31,52,-1.61155,1.08521
254182582,18,10,mean_p,12,0.48665757390896869,0.0023068879868740457,mean_p|train_n=12|p=10,32,56,-1.61155,1.08521
283815888,18,10,mean_p,12,0.40613205244916567,0.0063002424158226109,mean_p|train_n=12|p=10,33,58,-1.61155,1.08521
1409211460,18,10,mean_p,12,0.33641153905713111,0.01503628834490587,mean_p|train_n=12|p=10,34,60,-1.61155,1.08521
1036176996,18,10,mean_p,12,0.48155201757370858,0.0024586186308397989,mean_p|train_n=12|p=10,35,61,-1.61155,1.08521
3384507739,18,10,mean_p,12,0.32100143567147837,0.018223882467105192,mean_p|train_n=12|p=10,36,62,-1.61155,1.08521
2783230527,18,10,mean_p,12,0.43593870691375797,0.0043435888844185495,mean_p|train_n=12|p=10,37,63,-1.61155,1.08521
50547712,18,10,mean_p,12,0.41523763242416317,0.0056236503627633428,mean_p|train_n=12|p=10,38,64,-1.61155,1.08521
2210814370,18,10,mean_p,12,0.51820104344081352,0.0015563488837107751,mean_p|train_n=12|p=10,39,65,-1.61155,1.08521
1012288003,18,10,mean_p,12,0.43077483330239519,0.0046326487006775425,mean_p|train_n=12|p=10,40,66,-1.61155,1.08521
2629638873,18,10,mean_p,12,0.40863527382563725,0.0061065153799764339,mean_p|train_n=12|p=10,41,67,-1.61155,1.08521
3289310125,18,10,mean_p,12,0.24107619770352601,0.049399095667111523,mean_p|train_n=12|p=10,42,68,-1.61155,1.08521
1333676220,18,10,mean_p,12,0.34129234888732168,0.014147958671434849,mean_p|train_n=12|p=10,43,72,-1.61155,1.08521
4221058747,18,10,mean_p,12,0.35745248777057842,0.011564568284492456,mean_p|train_n=12|p=10,44,73,-1.61155,1.08521
546446445,18,10,mean_p,12,0.49005517929381193,0.0022111410483308014,mean_p|train_n=12|p=10,45,75,-1.61155,1.08521
2649369435,18,10,mean_p,12,0.61501567967736614,0.00046506428313366084,mean_p|train_n=12|p=10,46,80,-1.61155,1.08521
3112530948,18,10,mean_p,12,0.51630949754146793,0.0015935158056821278,mean_p|train_n=12|p=10,47,81,-1.61155,1.08521
1159329832,18,10,mean_p,12,0.5036979843673739,0.0018650580899903749,mean_p|train_n=12|p=10,48,82,-1.61155,1.08521
1171720015,18,10,mean_p,12,0.59474052175387448,0.00059892816930215984,mean_p|train_n=12|p=10,49,85,-1.61155,1.08521
605347342,18,10,mean_p,12,0.371153742036751,0.0097473964807416012,mean_p|train_n=12|p=10,50,86,-1.61155,1.08521
3255864796,18,10,mean_p,12,0.36251671940531216,0.0108564711730024,mean_p|train_n=12|p=10,51,87,-1.61155,1.08521
4293058722,18,10,mean_p,12,0.57340273159477806,0.00078161773946560601,mean_p|train_n=12|p=10,52,90,-1.61155,1.08521
2837756564,18,10,mean_p,12,0.29352149459204829,0.025676868894358523,mean_p|train_n=12|p=10,53,91,-1.61155,1.08521
1439657372,18,10,mean_p,12,0.37496434241627152,0.0092948148100716541,mean_p|train_n=12|p=10,54,93,-1.61155,1.08521
2740443590,18,10,mean_p,12,0.29770820119212815,0.024370039143098224,mean_p|train_n=12|p=10,55,95,-1.61155,1.08521
151132379,18,10,mean_p,12,0.42432865220211835,0.0050206304762577302,mean_p|train_n=12|p=10,56,96,-1.61155,1.08521
2177736390,18,10,mean_p,12,0.46783687437745564,0.0029174755104408182,mean_p|train_n=12|p=10,57,97,-1.61155,1.08521
4114541119,18,10,mean_p,12,0.31810290394235363,0.018894992144601164,mean_p|train_n=12|p=10,58,99,-1.61155,1.08521
4013511444,18,10,mean_p,12,0.3437606664481469,0.013718894149970871,mean_p|train_n=12|p=10,59,100,-1.61155,1.08521
2103208001,18,10,mean_p,12,0.35178418979056897,0.012412044492828119,mean_p|train_n=12|p=10,60,101,-1.61155,1.08521
3582720655,18,10,mean_p,12,0.33962801018975769,0.014444817798044799,mean_p|train_n=12|p=10,61,102,-1.61155,1.08521
1311947949,18,10,mean_p,12,0.28906998923020333,0.027143304773725875,mean_p|train_n=12|p=10,62,105,-1.61155,1.08521
2223717486,18,10,mean_p,12,0.44491771435779282,0.0038832522519254126,mean_p|train_n=12|p=10,63,106,-1.61155,1.08521
2211350822,18,10,mean_p,12,0.38533941461736981,0.008166256152435632,mean_p|train_n=12|p=10,64,109,-1.61155,1.08521
2020252393,18,10,mean_p,12,0.38418025576815468,0.0082852181310034932,mean_p|train_n=12|p=10,65,112,-1.61155,1.08521
3193815834,18,10,mean_p,12,0.43547689439827786,0.0043686883314273681,mean_p|train_n=12|p=10,66,113,-1.61155,1.08521
2832027396,18,10,mean_p,12,0.48223455982085017,0.002437770323845494,mean_p|train_n=12|p=10,67,114,-1.61155,1.08521
2230350789,18,10,mean_p,12,0.36897363925892207,0.010016168120628395,mean_p|train_n=12|p=10,68,119,-1.61155,1.08521
3392388408,18,10,mean_p,12,0.26228658853232018,0.037913130787731106,mean_p|train_n=12|p=10,69,121,-1.61155,1.08521
916192104,18,10,mean_p,12,0.29984585612259324,0.023728662439371967,mean_p|train_n=12|p=10,70,123,-1.61155,1.08521
131726267,18,10,mean_p,12,0.44054961228926975,0.0041007598638745559,mean_p|train_n=12|p=10,71,125,-1.61155,1.08521
3251506082,18,10,mean_p,12,0.51324162366768178,0.0016556928470735409,mean_p|train_n=12|p=10,72,126,-1.61155,1.08521
3700905871,18,10,mean_p,12,0.26864625408123988,0.035021081000217724,mean_p|train_n=12|p=10,73,130,-1.61155,1.08521
4087756695,18,10,mean_p,12,0.33470190900133184,0.015360464329390689,mean_p|train_n=12|p=10,74,131,-1.61155,1.08521
3294930578,18,10,mean_p,12,0.28038214043280363,0.03025089155138664,mean_p|train_n=12|p=10,75,133,-1.61155,1.08521
3744348765,18,10,mean_p,12,0.37829174504580315,0.0089168421231714812,mean_p|train_n=12|p=10,76,135,-1.61155,1.08521
650677027,18,10,mean_p,12,0.4276064232519996,0.0048194505075758939,mean_p|train_n=12|p=10,77,136,-1.61155,1.08521
2841466457,18,10,mean_p,12,0.34897470488856203,0.012854838647878949,mean_p|train_n=12|p=10,78,138,-1.61155,1.08521
2211384684,18,10,mean_p,12,0.24373952931834739,0.047784564230484272,mean_p|train_n=12|p=10,79,140,-1.61155,1.08521
4289909065,18,10,mean_p,12,0.40807729565663603,0.0061491754161451771,mean_p|train_n=12|p=10,80,142,-1.61155,1.08521
1398185746,18,10,mean_p,12,0.47457985773282513,0.002682069915388633,mean_p|train_n=12|p=10,81,144,-1.61155,1.08521
1144930976,18,10,mean_p,12,0.44192405903976256,0.0040310375490881459,mean_p|train_n=12|p=10,82,146,-1.61155,1.08521
3289785751,18,10,mean_p,12,0.36251221982494153,0.010857080668994039,mean_p|train_n=12|p=10,83,149,-1.61155,1.08521
1007759704,18,10,mean_p,12,0.289954063513232,0.026845551563516055,mean_p|train_n=12|p=10,84,150,-1.61155,1.08521
972366349,18,10,mean_p,12,0.28155759073674752,0.029810478990107272,mean_p|train_n=12|p=10,85,151,-1.61155,1.08521
1261133211,18,10,mean_p,12,0.35098295306536964,0.012536746864160871,mean_p|train_n=12|p=10,86,154,-1.61155,1.08521
2748071014,18,10,mean_p,12,0.41115813423550612,0.0059172951953354157,mean_p|train_n=12|p=10,87,155,-1.61155,1.08521
428334855,18,10,mean_p,12,0.35434013798826747,0.012022473164706815,mean_p|train_n=12|p=10,88,156,-1.61155,1.08521
1614210863,18,10,mean_p,12,0.43588540347515792,0.0043464785416277721,mean_p|train_n=12|p=10,89,157,-1.61155,1.08521
2910389230,18,10,mean_p,12,0.35902952354027939,0.011339246425878042,mean_p|train_n=12|p=10,90,158,-1.61155,1.08521
3943107692,18,10,mean_p,12,0.29634547599793609,0.024787926950077817,mean_p|train_n=12|p=10,91,162,-1.61155,1.08521
4097812978,18,10,mean_p,12,0.48768624284813428,0.0022774697839819356,mean_p|train_n=12|p=10,92,164,-1.61155,1.08521
2185769600,18,10,mean_p,12,0.58752322193869566,0.00065536307272010788,mean_p|train_n=12|p=10,93,165,-1.61155,1.08521
114255948,18,10,mean_p,12,0.37836453552716798,0.0089087476900207435,mean_p|train_n=12|p=10,94,166,-1.61155,1.08521
4283419317,18,10,mean_p,12,0.45737550403023314,0.0033242415393428819,mean_p|train_n=12|p=10,95,167,-1.61155,1.08521
587785147,18,10,mean_p,12,0.31389664859855798,0.019913081820018424,mean_p|train_n=12|p=10,96,169,-1.61155,1.08521
2289524361,18,10,mean_p,12,0.41187981673528984,0.0058642539624662923,mean_p|train_n=12|p=10,97,172,-1.61155,1.08521
803040002,18,10,mean_p,12,0.2963087034796642,0.024799302206011169,mean_p|train_n=12|p=10,98,173,-1.61155,1.08521
287988184,18,10,mean_p,12,0.4837039113030287,0.0023934868523311555,mean_p|train_n=12|p=10,99,175,-1.61155,1.08521
3316414631,18,10,mean_p,12,0.43127602334296866,0.0046037703347436981,mean_p|train_n=12|p=10,100,176,-1.61155,1.08521
1956682522,18,10,mean_p,12,0.45797331884851933,0.003299539171808169,mean_p|train_n=12|p=10,101,180,-1.61155,1.08521
2408749036,18,10,mean_p,12,0.39506861738968957,0.0072327744947062057,mean_p|train_n=12|p=10,102,181,-1.61155,1.08521
171495494,18,10,mean_p,12,0.35376184708080394,0.012109530593162346,mean_p|train_n=12|p=10,103,185,-1.61155,1.08521
2810042559,18,10,mean_p,12,0.37225160543914843,0.0096147902616230876,mean_p|train_n=12|p=10,104,186,-1.61155,1.08521
3565429934,18,10,mean_p,12,0.41608587254835411,0.0055644480047308187,mean_p|train_n=12|p=10,105,187,-1.61155,1.08521
765751903,18,10,mean_p,12,0.4170173701143961,0.0055001525096124784,mean_p|train_n=12|p=10,106,188,-1.61155,1.08521
3593367730,18,10,mean_p,12,0.49248512212564477,0.0021451106783305584,mean_p|train_n=12|p=10,107,189,-1.61155,1.08521
2531232856,18,10,mean_p,12,0.4303115021626292,0.0046595067655095489,mean_p|train_n=12|p=10,108,192,-1.61155,1.08521
2528160178,18,10,mean_p,12,0.32099205204528042,0.018226016175147117,mean_p|train_n=12|p=10,109,194,-1.61155,1.08521
1742070969,18,10,mean_p,12,0.41355910419683362,0.0057426650197712264,mean_p|train_n=12|p=10,110,195,-1.61155,1.08521
801985854,18,10,mean_p,12,0.33319817817407976,0.015651370407685997,mean_p|train_n=12|p=10,111,196,-1.61155,1.08521
2698471071,18,10,mean_p,12,0.29995530716679075,0.023696281112929825,mean_p|train_n=12|p=10,112,197,-1.61155,1.08521
1899513327,18,10,mean_p,12,0.42000556988742943,0.0052988674042865596,mean_p|train_n=12|p=10,113,199,-1.61155,1.08521
816235111,18,10,mean_p,12,0.49579239833808025,0.002058396793173906,mean_p|train_n=12|p=10,114,200,-1.61155,1.08521
327646452,18,10,mean_p,12,0.24954565327286396,0.044445409852396922,mean_p|train_n=12|p=10,115,205,-1.61155,1.08521
2922595730,18,10,mean_p,12,0.40395966892199847,0.0064733398356008626,mean_p|train_n=12|p=10,116,207,-1.61155,1.08521
1342494010,18,10,mean_p,12,0.2925787720993287,0.025980663803651813,mean_p|train_n=12|p=10,117,208,-1.61155,1.08521
1957588882,18,10,mean_p,12,0.34081029988253625,0.014233305933723586,mean_p|train_n=12|p=10,118,210,-1.61155,1.08521
1749963110,18,10,mean_p,12,0.39688173347593575,0.0070709942301896743,mean_p|train_n=12|p=10,119,211,-1.61155,1.08521
15874055,18,10,mean_p,12,0.49141729583069377,0.00217388098715213,mean_p|train_n=12|p=10,120,214,-1.61155,1.08521
3277494016,18,10,mean_p,12,0.35016499850738891,0.012665343599744949,mean_p|train_n=12|p=10,121,215,-1.61155,1.08521
1103977377,18,10,mean_p,12,0.40341926739779971,0.0065171331540043401,mean_p|train_n=12|p=10,122,216,-1.61155,1.08521
2263917423,18,10,mean_p,12,0.4643297730140139,0.0030479692973247488,mean_p|train_n=12|p=10,123,219,-1.61155,1.08521
1619973019,18,10,mean_p,12,0.38875040822048762,0.0078260099077368146,mean_p|train_n=12|p=10,124,220,-1.61155,1.08521
38059144,18,10,mean_p,12,0.40167082302124135,0.0066608646680027025,mean_p|train_n=12|p=10,125,221,-1.61155,1.08521
791210426,18,10,mean_p,12,0.42919681138600396,0.0047247620697372051,mean_p|train_n=12|p=10,126,224,-1.61155,1.08521
2045595380,18,10,mean_p,12,0.34448818175548934,0.013594931839422293,mean_p|train_n=12|p=10,127,226,-1.61155,1.08521
1435186347,18,10,mean_p,12,0.39846941148817439,0.0069323037884231938,mean_p|train_n=12|p=10,128,227,-1.61155,1.08521
4162399997,18,10,mean_p,12,0.41891455264134603,0.0053714900133048872,mean_p|train_n=12|p=10,129,229,-1.61155,1.08521
1937580783,18,10,mean_p,12,0.49784035714222052,0.0020064675946039625,mean_p|train_n=12|p=10,130,230,-1.61155,1.08521
1583672022,18,10,mean_p,12,0.4192910364290886,0.0053463179148893151,mean_p|train_n=12|p=10,131,233,-1.61155,1.08521
1035455557,18,10,mean_p,12,0.33581885695586555,0.015147889104045858,mean_p|train_n=12|p=10,132,235,-1.61155,1.08521
3645745742,18,10,mean_p,12,0.39639633671723579,0.0071139469882253847,mean_p|train_n=12|p=10,133,236,-1.61155,1.08521
3730513968,18,10,mean_p,12,0.37936974956872871,0.0087977145499687475,mean_p|train_n=12|p=10,134,237,-1.61155,1.08521
3922560467,18,10,mean_p,12,0.47758952763264606,0.0025832240671065233,mean_p|train_n=12|p=10,135,238,-1.61155,1.08521
4017920734,18,10,mean_p,12,0.38275827200747375,0.0084335227861891682,mean_p|train_n=12|p=10,136,239,-1.61155,1.08521
1430692270,18,10,mean_p,12,0.40682382398578293,0.0062460990728062417,mean_p|train_n=12|p=10,137,240,-1.61155,1.08521
1977045147,18,10,mean_p,12,0.50005011763061169,0.0019519040925019074,mean_p|train_n=12|p=10,138,242,-1.61155,1.08521
1187614896,18,10,mean_p,12,0.43060325172461861,0.0046425767273516154,mean_p|train_n=12|p=10,139,244,-1.61155,1.08521
766876837,18,10,mean_p,12,0.34431644259486677,0.013624093329224186,mean_p|train_n=12|p=10,140,246,-1.61155,1.08521
731886204,18,10,mean_p,12,0.49462635702306085,0.0020885618364004503,mean_p|train_n=12|p=10,141,248,-1.61155,1.08521
3854694554,18,10,mean_p,12,0.47160766998239212,0.0027833960892177435,mean_p|train_n=12|p=10,142,249,-1.61155,1.08521
1596199572,18,10,mean_p,12,0.38974662501787177,0.0077293389558279225,mean_p|train_n=12|p=10,143,251,-1.61155,1.08521
2208851614,18,10,mean_p,12,0.5248374036367951,0.0014326746479767483,mean_p|train_n=12|p=10,144,252,-1.61155,1.08521
2426454650,18,10,mean_p,12,0.4018520538324426,0.0066458204471675419,mean_p|train_n=12|p=10,145,253,-1.61155,1.08521
1316897064,18,10,mean_p,12,0.30521081737552042,0.022192335094747665,mean_p|train_n=12|p=10,146,254,-1.61155,1.08521
1115505054,18,10,mean_p,12,0.40687295893589126,0.006242271140570502,mean_p|train_n=12|p=10,147,256,-1.61155,1.08521
5536492,18,10,mean_p,12,0.4497054532077851,0.0036580787337814409,mean_p|train_n=12|p=10,148,262,-1.61155,1.08521
628418932,18,10,mean_p,12,0.31129553454719078,0.020569925488521278,mean_p|train_n=12|p=10,149,263,-1.61155,1.08521
26739635,18,10,mean_p,12,0.47986025442387237,0.0025110655763905315,mean_p|train_n=12|p=10,150,266,-1.61155,1.08521
3413609406,18,10,mean_p,12,0.34524742144245163,0.013466758251777816,mean_p|train_n=12|p=10,151,267,-1.61155,1.08521
705489275,18,10,mean_p,12,0.43917727171646415,0.0041715784992295626,mean_p|train_n=12|p=10,152,270,-1.61155,1.08521
178942195,18,10,mean_p,12,0.44963507465174107,0.0036612922615381219,mean_p|train_n=12|p=10,153,272,-1.61155,1.08521
1001966295,18,10,mean_p,12,0.34389831702210233,0.013695353295702442,mean_p|train_n=12|p=10,154,273,-1.61155,1.08521
1514298569,18,10,mean_p,12,0.28939990780128333,0.027031805016949833,mean_p|train_n=12|p=10,155,274,-1.61155,1.08521
460876163,18,10,mean_p,12,0.32804721563730976,0.016690258602482005,mean_p|train_n=12|p=10,156,275,-1.61155,1.08521
2318539903,18,10,mean_p,12,0.24043339899989347,0.049796868058241558,mean_p|train_n=12|p=10,157,277,-1.61155,1.08521
622809311,18,10,mean_p,12,0.42429800587367844,0.0050225505491118686,mean_p|train_n=12|p=10,158,278,-1.61155,1.08521
2866164823,18,10,mean_p,12,0.4752531690024609,0.0026596331090445241,mean_p|train_n=12|p=10,159,279,-1.61155,1.08521
3797388260,18,10,mean_p,12,0.3418410282160429,0.014051437035330582,mean_p|train_n=12|p=10,160,281,-1.61155,1.08521
1766898670,18,10,mean_p,12,0.4785338928087674,0.0025529658050224952,mean_p|train_n=12|p=10,161,283,-1.61155,1.08521
1604790600,18,10,mean_p,12,0.45516041081372371,0.0034173947122795182,mean_p|train_n=12|p=10,162,285,-1.61155,1.08521
479086731,18,10,mean_p,12,0.36284107634674212,0.010812625032414938,mean_p|train_n=12|p=10,163,286,-1.61155,1.08521
2313792221,18,10,mean_p,12,0.45216441086632653,0.0035475546006394059,mean_p|train_n=12|p=10,164,289,-1.61155,1.08521
357670865,18,10,mean_p,12,0.30827038199440915,0.021361149937112342,mean_p|train_n=12|p=10,165,290,-1.61155,1.08521
4032138940,18,10,mean_p,12,0.48056254796167824,0.0024891590570468459,mean_p|train_n=12|p=10,166,293,-1.61155,1.08521
3971700723,18,10,mean_p,12,0.44435969181266688,0.0039103827661512488,mean_p|train_n=12|p=10,167,294,-1.61155,1.08521
2398846688,18,10,mean_p,12,0.35635084589674659,0.011724618362469177,mean_p|train_n=12|p=10,168,295,-1.61155,1.08521
563543180,18,10,mean_p,12,0.33573381167569916,0.015163970758654154,mean_p|train_n=12|p=10,169,296,-1.61155,1.08521
1233411431,18,10,mean_p,12,0.41329539214894584,0.005761590899867686,mean_p|train_n=12|p=10,170,298,-1.61155,1.08521
3687015241,18,10,mean_p,12,0.23584215944545306,0.052732679999569987,mean_p|train_n=12|p=10,171,299,-1.61155,1.08521
709118332,18,10,mean_p,12,0.2931461513159504,0.025797396345716567,mean_p|train_n=12|p=10,172,300,-1.61155,1.08521
383168662,18,10,mean_p,12,0.33559945647130524,0.015189411481911609,mean_p|train_n=12|p=10,173,301,-1.61155,1.08521
987927774,18,10,mean_p,12,0.32093685857719817,0.018238571470798753,mean_p|train_n=12|p=10,174,302,-1.61155,1.08521
3035692477,18,10,mean_p,12,0.27368131302594095,0.032888713034724654,mean_p|train_n=12|p=10,175,304,-1.61155,1.08521
4269076176,18,10,mean_p,12,0.30810659479021191,0.021404846410076568,mean_p|train_n=12|p=10,176,305,-1.61155,1.08521
3661380471,18,10,mean_p,12,0.38625452547549421,0.008073548037703231,mean_p|train_n=12|p=10,177,306,-1.61155,1.08521
522135609,18,10,mean_p,12,0.38816349987640825,0.0078835273687664058,mean_p|train_n=12|p=10,178,307,-1.61155,1.08521
3628035376,18,10,mean_p,12,0.55167566313245109,0.0010249988906261111,mean_p|train_n=12|p=10,179,308,-1.61155,1.08521
2009608799,18,10,mean_p,12,0.3766515126990127,0.0091012017525639987,mean_p|train_n=12|p=10,180,309,-1.61155,1.08521
1121903872,18,10,mean_p,12,0.59466257297891356,0.00059951093395413477,mean_p|train_n=12|p=10,181,313,-1.61155,1.08521
3128772587,18,10,mean_p,12,0.24137131294041891,0.049217540214718594,mean_p|train_n=12|p=10,182,314,-1.61155,1.08521
2016483275,18,10,mean_p,12,0.41719927799537521,0.0054876835141027926,mean_p|train_n=12|p=10,183,318,-1.61155,1.08521
172940573,18,10,mean_p,12,0.43333101527212253,0.0044872327254450164,mean_p|train_n=12|p=10,184,319,-1.61155,1.08521
199120996,18,10,mean_p,12,0.51864576892235559,0.0015477371099013033,mean_p|train_n=12|p=10,185,320,-1.61155,1.08521
985491417,18,10,mean_p,12,0.36265353018277369,0.010837955634139588,mean_p|train_n=12|p=10,186,321,-1.61155,1.08521
2118196914,18,10,mean_p,12,0.44246116075987929,0.0040041149482630345,mean_p|train_n=12|p=10,187,324,-1.61155,1.08521
3709899138,18,10,mean_p,12,0.38024049152380424,0.0087026539908687944,mean_p|train_n=12|p=10,188,325,-1.61155,1.08521
4242292717,18,10,mean_p,12,0.3770495819970538,0.0090561120510807593,mean_p|train_n=12|p=10,189,326,-1.61155,1.08521
3210347786,18,10,mean_p,12,0.46758163707460532,0.0029267810384855956,mean_p|train_n=12|p=10,190,327,-1.61155,1.08521
554982947,18,10,mean_p,12,0.32759544089051496,0.016784601136644081,mean_p|train_n=12|p=10,191,328,-1.61155,1.08521
1487483084,18,10,mean_p,12,0.23977699783325424,0.050206363357791529,mean_p|train_n=12|p=10,192,329,-1.61155,1.08521
2416455159,18,10,mean_p,12,0.32213938170537365,0.017966972364195814,mean_p|train_n=12|p=10,193,331,-1.61155,1.08521
3278315769,18,10,mean_p,12,0.40667020256517705,0.0062580823299832082,mean_p|train_n=12|p=10,194,332,-1.61155,1.08521
3596851960,18,10,mean_p,12,0.30936713179930575,0.021070839829076992,mean_p|train_n=12|p=10,195,335,-1.61155,1.08521
3599966297,18,10,mean_p,12,0.39245211166385474,0.0074727863451359853,mean_p|train_n=12|p=10,196,336,-1.61155,1.08521
1198339854,18,10,mean_p,12,0.51154880647553103,0.0016910341185925322,mean_p|train_n=12|p=10,197,337,-1.61155,1.08521
1938814886,18,10,mean_p,12,0.30099830425591456,0.023389916528640423,mean_p|train_n=12|p=10,198,339,-1.61155,1.08521
3238324275,18,10,mean_p,12,0.40745831619240475,0.0061968480504421917,mean_p|train_n=12|p=10,199,346,-1.61155,1.08521
1037854311,18,10,mean_p,12,0.3453927673155831,0.013442359364894102,mean_p|train_n=12|p=10,200,348,-1.61155,1.08521
2846002818,18,10,mean_p,12,0.33795499156026354,0.014749502995109463,mean_p|train_n=12|p=10,201,350,-1.61155,1.08521
5824266,18,10,mean_p,12,0.25234304206882613,0.042920932860412736,mean_p|train_n=12|p=10,202,351,-1.61155,1.08521
1499579340,18,10,mean_p,12,0.46250821325302688,0.0031180335383480585,mean_p|train_n=12|p=10,203,353,-1.61155,1.08521
2570860482,18,10,mean_p,12,0.36553157830467392,0.010455686432660196,mean_p|train_n=12|p=10,204,354,-1.61155,1.08521
205733348,18,10,mean_p,12,0.45370733875251584,0.0034799152887615816,mean_p|train_n=12|p=10,205,355,-1.61155,1.08521
3374199836,18,10,mean_p,12,0.44948340022103728,0.0036682274094671373,mean_p|train_n=12|p=10,206,357,-1.61155,1.08521
881845209,18,10,mean_p,12,0.53706764676827745,0.0012299218449678742,mean_p|train_n=12|p=10,207,359,-1.61155,1.08521
3651216846,18,10,mean_p,12,0.32746718958514376,0.016811480457987447,mean_p|train_n=12|p=10,208,360,-1.61155,1.08521
563770760,18,10,mean_p,12,0.42015232597244428,0.0052891739270510049,mean_p|train_n=12|p=10,209,362,-1.61155,1.08521
3225484450,18,10,mean_p,12,0.38627033414262574,0.0080719557746217058,mean_p|train_n=12|p=10,210,365,-1.61155,1.08521
3713033466,18,10,mean_p,12,0.33569735450616434,0.01517086986164686,mean_p|train_n=12|p=10,211,366,-1.61155,1.08521
1243990911,18,10,mean_p,12,0.44030282434330398,0.004113405917946086,mean_p|train_n=12|p=10,212,369,-1.61155,1.08521
1716570165,18,10,mean_p,12,0.35369536712803901,0.012119578974347747,mean_p|train_n=12|p=10,213,371,-1.61155,1.08521
4265240670,18,10,mean_p,12,0.33400924495242318,0.015493786667949776,mean_p|train_n=12|p=10,214,372,-1.61155,1.08521
3649708031,18,10,mean_p,12,0.35886987240507401,0.011361855708384652,mean_p|train_n=12|p=10,215,375,-1.61155,1.08521
4020124779,18,10,mean_p,12,0.36899061443729475,0.010014046987491752,mean_p|train_n=12|p=10,216,376,-1.61155,1.08521
837562590,18,10,mean_p,12,0.38141537206162707,0.0085760159415328528,mean_p|train_n=12|p=10,217,377,-1.61155,1.08521
1297410257,18,10,mean_p,12,0.36765185643440179,0.010182718514408691,mean_p|train_n=12|p=10,218,380,-1.61155,1.08521
744249509,18,10,mean_p,12,0.36806615446393043,0.0101302193234555,mean_p|train_n=12|p=10,219,381,-1.61155,1.08521
2502625480,18,10,mean_p,12,0.50280085329252211,0.0018860513104588768,mean_p|train_n=12|p=10,220,382,-1.61155,1.08521
877467632,18,10,mean_p,12,0.43013293158397148,0.0046698995448033092,mean_p|train_n=12|p=10,221,384,-1.61155,1.08521
2088561664,18,10,mean_p,12,0.47644558961802769,0.0026203575307230088,mean_p|train_n=12|p=10,222,385,-1.61155,1.08521
2012026888,18,10,mean_p,12,0.42837927469467463,0.0047732018286135982,mean_p|train_n=12|p=10,223,386,-1.61155,1.08521
773649814,18,10,mean_p,12,0.32979057100865244,0.016331144634987325,mean_p|train_n=12|p=10,224,388,-1.61155,1.08521
1712848324,18,10,mean_p,12,0.33016423337854028,0.016255185152672786,mean_p|train_n=12|p=10,225,389,-1.61155,1.08521
1884751700,18,10,mean_p,12,0.5850463314872294,0.00067593213902932534,mean_p|train_n=12|p=10,226,391,-1.61155,1.08521
866425102,18,10,mean_p,12,0.31776792578054458,0.018974127223420005,mean_p|train_n=12|p=10,227,392,-1.61155,1.08521
3561712143,18,10,mean_p,12,0.32356172651713416,0.01765094117778258,mean_p|train_n=12|p=10,228,394,-1.61155,1.08521
2966507066,18,10,mean_p,12,0.33186279225161042,0.015914324584484031,mean_p|train_n=12|p=10,229,395,-1.61155,1.08521
2856881042,18,10,mean_p,12,0.31983704537583235,0.018490565825718855,mean_p|train_n=12|p=10,230,396,-1.61155,1.08521
3039536155,18,10,mean_p,12,0.49582923558959968,0.0020574509601271138,mean_p|train_n=12|p=10,231,397,-1.61155,1.08521
1656050685,18,10,mean_p,12,0.37230205937245464,0.0096087396939362676,mean_p|train_n=12|p=10,232,398,-1.61155,1.08521
1034728259,18,10,mean_p,12,0.40412097495002042,0.0064603249599732198,mean_p|train_n=12|p=10,233,399,-1.61155,1.08521
2832053854,18,10,mean_p,12,0.24033892755885519,0.049855597586021851,mean_p|train_n=12|p=10,234,400,-1.61155,1.08521
2404613167,18,10,mean_p,12,0.44500202294212532,0.0038791696506102849,mean_p|train_n=12|p=10,235,401,-1.61155,1.08521
2755127794,18,10,mean_p,12,0.34609548040960436,0.0133250185593661,mean_p|train_n=12|p=10,236,402,-1.61155,1.08521
166081147,18,10,mean_p,12,0.29591117135320494,0.024922609034018908,mean_p|train_n=12|p=10,237,403,-1.61155,1.08521
2984680703,18,10,mean_p,12,0.33030083772015262,0.016227503988964016,mean_p|train_n=12|p=10,238,406,-1.61155,1.08521
1546718843,18,10,mean_p,12,0.3343617940270891,0.015425784882338367,mean_p|train_n=12|p=10,239,408,-1.61155,1.08521
2544485950,18,10,mean_p,12,0.35932800926499736,0.011297096453167815,mean_p|train_n=12|p=10,240,412,-1.61155,1.08521
1616673133,18,10,mean_p,12,0.39943582383165155,0.0068492188352271936,mean_p|train_n=12|p=10,241,413,-1.61155,1.08521
2021782094,18,10,mean_p,12,0.50328731096161283,0.0018746388510534264,mean_p|train_n=12|p=10,242,415,-1.61155,1.08521
50196448,18,10,mean_p,12,0.35394096905389266,0.01208249792333916,mean_p|train_n=12|p=10,243,416,-1.61155,1.08521
4025069837,18,10,mean_p,12,0.41049424042780058,0.0059665127155754567,mean_p|train_n=12|p=10,244,417,-1.61155,1.08521
2918733354,18,10,mean_p,12,0.41520455733816714,0.0056259715323535887,mean_p|train_n=12|p=10,245,418,-1.61155,1.08521
1765606601,18,10,mean_p,12,0.31626382906174216,0.019333559368649472,mean_p|train_n=12|p=10,246,419,-1.61155,1.08521
2529827374,18,10,mean_p,12,0.60591595109933905,0.00052097901418652151,mean_p|train_n=12|p=10,247,424,-1.61155,1.08521
2270965576,18,10,mean_p,12,0.42573842262256922,0.0049330936558022957,mean_p|train_n=12|p=10,248,426,-1.61155,1.08521
894440362,18,10,mean_p,12,0.3563727119629756,0.011721420144191742,mean_p|train_n=12|p=10,249,427,-1.61155,1.08521
3668678131,18,10,mean_p,12,0.34032145020434251,0.014320383079040367,mean_p|train_n=12|p=10,250,428,-1.61155,1.08521
1859527656,18,10,mean_p,12,0.45839799547827043,0.0032821026618847686,mean_p|train_n=12|p=10,251,431,-1.61155,1.08521
4148683315,18,10,mean_p,12,0.44100752107944513,0.0040773983341629563,mean_p|train_n=12|p=10,252,433,-1.61155,1.08521
1201177783,18,10,mean_p,12,0.39320738721777881,0.0074026987237592098,mean_p|train_n=12|p=10,253,434,-1.61155,1.08521
745656657,18,10,mean_p,12,0.28043686300641141,0.030230244672553103,mean_p|train_n=12|p=10,254,436,-1.61155,1.08521
3129457661,18,10,mean_p,12,0.47364256990155212,0.0027136187179319007,mean_p|train_n=12|p=10,255,437,-1.61155,1.08521
3676080782,18,10,mean_p,12,0.49473909207742423,0.0020856262228149507,mean_p|train_n=12|p=10,256,440,-1.61155,1.08521
1388562287,18,10,mean_p,12,0.29381396271443655,0.02558334417092481,mean_p|train_n=12|p=10,257,443,-1.61155,1.08521
2047487881,18,10,mean_p,12,0.3764016497524969,0.0091296185863516417,mean_p|train_n=12|p=10,258,446,-1.61155,1.08521
2041548005,18,10,mean_p,12,0.32475144542494844,0.017390870784187839,mean_p|train_n=12|p=10,259,448,-1.61155,1.08521
208828152,18,10,mean_p,12,0.33612839112744503,0.015089501541951019,mean_p|train_n=12|p=10,260,449,-1.61155,1.08521
3091039359,18,10,mean_p,12,0.37765980467519811,0.0089874248391924819,mean_p|train_n=12|p=10,261,450,-1.61155,1.08521
2301022361,18,10,mean_p,12,0.28475703105506389,0.028643933656836328,mean_p|train_n=12|p=10,262,454,-1.61155,1.08521
31954780,18,10,mean_p,12,0.54882905830254347,0.001062057028244675,mean_p|train_n=12|p=10,263,455,-1.61155,1.08521
3099173383,18,10,mean_p,12,0.48234982953569205,0.0024342668916922253,mean_p|train_n=12|p=10,264,456,-1.61155,1.08521
1327793556,18,10,mean_p,12,0.38756159286055669,0.0079429538068874518,mean_p|train_n=12|p=10,265,457,-1.61155,1.08521
610427837,18,10,mean_p,12,0.58766621695858978,0.00065419488270199004,mean_p|train_n=12|p=10,266,458,-1.61155,1.08521
1844496330,18,10,mean_p,12,0.43189136348707508,0.004568560757611812,mean_p|train_n=12|p=10,267,459,-1.61155,1.08521
3625617012,18,10,mean_p,12,0.40806356848044167,0.00615022867046162,mean_p|train_n=12|p=10,268,460,-1.61155,1.08521
3720046817,18,10,mean_p,12,0.51114556964922842,0.0016995632235665176,mean_p|train_n=12|p=10,269,461,-1.61155,1.08521
2041755736,18,10,mean_p,12,0.31022668125402619,0.020846077247965826,mean_p|train_n=12|p=10,270,462,-1.61155,1.08521
4220313670,18,10,mean_p,12,0.38670940903853451,0.0080278570207380964,mean_p|train_n=12|p=10,271,463,-1.61155,1.08521
3560316124,18,10,mean_p,12,0.47707750492596418,0.0025997793730769105,mean_p|train_n=12|p=10,272,467,-1.61155,1.08521
640621342,18,10,mean_p,12,0.32719601013334165,0.016868456937348505,mean_p|train_n=12|p=10,273,468,-1.61155,1.08521
3801620013,18,10,mean_p,12,0.34651351387895268,0.013255700759488035,mean_p|train_n=12|p=10,274,470,-1.61155,1.08521
1643297426,18,10,mean_p,12,0.54329044553632033,0.0011380439429000593,mean_p|train_n=12|p=10,275,471,-1.61155,1.08521
2202394461,18,10,mean_p,12,0.43543317889970878,0.0043710717642020626,mean_p|train_n=12|p=10,276,473,-1.61155,1.08521
4095094716,18,10,mean_p,12,0.38523011280735509,0.0081774002390827341,mean_p|train_n=12|p=10,277,476,-1.61155,1.08521
998916348,18,10,mean_p,12,0.35939828382900985,0.01128719560081946,mean_p|train_n=12|p=10,278,477,-1.61155,1.08521
2158108620,18,10,mean_p,12,0.37022085036460922,0.0098615127909210988,mean_p|train_n=12|p=10,279,478,-1.61155,1.08521
3076763004,18,10,mean_p,12,0.487632320050287,0.0022790025261564114,mean_p|train_n=12|p=10,280,481,-1.61155,1.08521
265500331,18,10,mean_p,12,0.41925750700261877,0.0053485549341044745,mean_p|train_n=12|p=10,281,491,-1.61155,1.08521
700509222,18,10,mean_p,12,0.3577686529194794,0.011519039601101851,mean_p|train_n=12|p=10,282,494,-1.61155,1.08521
3273964790,18,10,mean_p,12,0.3157022449827962,0.019469499266955209,mean_p|train_n=12|p=10,283,495,-1.61155,1.08521
1740608343,18,10,mean_p,12,0.31899403197247467,0.018686075656446949,mean_p|train_n=12|p=10,284,497,-1.61155,1.08521
321388832,18,10,mean_p,12,0.44221903560683162,0.0040162293105806433,mean_p|train_n=12|p=10,285,498,-1.61155,1.08521
2803478300,18,10,mean_p,12,0.39643363361593442,0.0071106373519481377,mean_p|train_n=12|p=10,286,499,-1.61155,1.08521
2427915797,18,10,mean_p,12,0.3387496648400411,0.01460398632186685,mean_p|train_n=12|p=10,287,505,-1.61155,1.08521
901322896,18,10,mean_p,12,0.39787169791046012,0.0069841944308594575,mean_p|train_n=12|p=10,288,508,-1.61155,1.08521
168005188,18,10,mean_p,12,0.45291503576323194,0.0035144858367463353,mean_p|train_n=12|p=10,289,509,-1.61155,1.08521
2080333643,18,10,mean_p,12,0.43842818675531303,0.0042107491258130195,mean_p|train_n=12|p=10,290,510,-1.61155,1.08521
2123695939,18,10,mean_p,12,0.40078900514789129,0.0067345530034648689,mean_p|train_n=12|p=10,291,511,-1.61155,1.08521
3505526004,18,10,mean_p,12,0.45236259154264957,0.0035387936436862052,mean_p|train_n=12|p=10,292,513,-1.61155,1.08521
2179775,18,10,mean_p,12,0.32419193977252203,0.017512696930474664,mean_p|train_n=12|p=10,293,514,-1.61155,1.08521
1617353836,18,10,mean_p,12,0.41130206907826139,0.0059066783072537227,mean_p|train_n=12|p=10,294,515,-1.61155,1.08521
3050697648,18,10,mean_p,12,0.35279757429983821,0.012256098969635681,mean_p|train_n=12|p=10,295,520,-1.61155,1.08521
963895534,18,10,mean_p,12,0.25552329658992828,0.041251221819375961,mean_p|train_n=12|p=10,296,521,-1.61155,1.08521
143855292,18,10,mean_p,12,0.49712133474293707,0.0020245485767866503,mean_p|train_n=12|p=10,297,523,-1.61155,1.08521
2193315666,18,10,mean_p,12,0.58282812698377728,0.00069490034341055491,mean_p|train_n=12|p=10,298,524,-1.61155,1.08521
2348593045,18,10,mean_p,12,0.35146953570948253,0.012460867825454334,mean_p|train_n=12|p=10,299,526,-1.61155,1.08521
1565733948,18,10,mean_p,12,0.54486267455848647,0.0011159374333219766,mean_p|train_n=12|p=10,300,528,-1.61155,1.08521
2697210686,18,10,mean_p,12,0.37429919258591582,0.009372271959276696,mean_p|train_n=12|p=10,301,529,-1.61155,1.08521
2668538086,18,10,mean_p,12,0.30278426456162139,0.022874487615851018,mean_p|train_n=12|p=10,302,530,-1.61155,1.08521
200296362,18,10,mean_p,12,0.50842729231340744,0.0017581924840370641,mean_p|train_n=12|p=10,303,533,-1.61155,1.08521
853046947,18,10,mean_p,12,0.30535487709435255,0.022152482803809395,mean_p|train_n=12|p=10,304,535,-1.61155,1.08521
680865918,18,10,mean_p,12,0.33948884107874427,0.014469921050208693,mean_p|train_n=12|p=10,305,537,-1.61155,1.08521
1734214740,18,10,mean_p,12,0.34888961124738022,0.012868493665523086,mean_p|train_n=12|p=10,306,539,-1.61155,1.08521
2587712885,18,10,mean_p,12,0.52970166923241202,0.0013483118720091388,mean_p|train_n=12|p=10,307,540,-1.61155,1.08521
252958137,18,10,mean_p,12,0.31826328075421745,0.018857221723560583,mean_p|train_n=12|p=10,308,541,-1.61155,1.08521
3667422858,18,10,mean_p,12,0.31786605576752774,0.018950910780417426,mean_p|train_n=12|p=10,309,542,-1.61155,1.08521
3791657073,18,10,mean_p,12,0.379212227919005,0.008815022073191868,mean_p|train_n=12|p=10,310,543,-1.61155,1.08521
1534697533,18,10,mean_p,12,0.24353439485306547,0.047907020242788603,mean_p|train_n=12|p=10,311,544,-1.61155,1.08521
3093260664,18,10,mean_p,12,0.34765282670762843,0.013068606442631303,mean_p|train_n=12|p=10,312,545,-1.61155,1.08521
4002790006,18,10,mean_p,12,0.60985190512894738,0.00049601305313244615,mean_p|train_n=12|p=10,313,546,-1.61155,1.08521
3662364816,18,10,mean_p,12,0.38439476753508811,0.0082630733192640068,mean_p|train_n=12|p=10,314,547,-1.61155,1.08521
619261901,18,10,mean_p,12,0.49523457439699864,0.0020727727375795739,mean_p|train_n=12|p=10,315,548,-1.61155,1.08521
420956218,18,10,mean_p,12,0.4374798255165897,0.0042608681986905156,mean_p|train_n=12|p=10,316,551,-1.61155,1.08521
2566643114,18,10,mean_p,12,0.40380018293400805,0.0064862336397325674,mean_p|train_n=12|p=10,317,553,-1.61155,1.08521
345936098,18,10,mean_p,12,0.30213419821630416,0.023060768984092556,mean_p|train_n=12|p=10,318,554,-1.61155,1.08521
3876774881,18,10,mean_p,12,0.42286418793682518,0.0051132086636249737,mean_p|train_n=12|p=10,319,556,-1.61155,1.08521
3740156809,18,10,mean_p,12,0.43871936056119964,0.0041954797597531877,mean_p|train_n=12|p=10,320,558,-1.61155,1.08521
813503452,18,10,mean_p,12,0.35942266797045341,0.011283762192741102,mean_p|train_n=12|p=10,321,559,-1.61155,1.08521
1078245420,18,10,mean_p,12,0.35595560310891755,0.011782578831976471,mean_p|train_n=12|p=10,322,560,-1.61155,1.08521
3251095506,18,10,mean_p,12,0.45242609309694615,0.0035359910152212267,mean_p|train_n=12|p=10,323,561,-1.61155,1.08521
3294799752,18,10,mean_p,12,0.4426056823269755,0.0039969014542500592,mean_p|train_n=12|p=10,324,564,-1.61155,1.08521
1745368934,18,10,mean_p,12,0.49857221714527061,0.0019882296105436484,mean_p|train_n=12|p=10,325,565,-1.61155,1.08521
2500688530,18,10,mean_p,12,0.53912302101916088,0.0011987824816113177,mean_p|train_n=12|p=10,326,567,-1.61155,1.08521
384449966,18,10,mean_p,12,0.46704231264495555,0.0029465416457406476,mean_p|train_n=12|p=10,327,569,-1.61155,1.08521
688756831,18,10,mean_p,12,0.43604410719093095,0.0043378806354658715,mean_p|train_n=12|p=10,328,570,-1.61155,1.08521
1910261874,18,10,mean_p,12,0.36536697343739061,0.010477181520522173,mean_p|train_n=12|p=10,329,571,-1.61155,1.08521
1619461963,18,10,mean_p,12,0.39877328939503492,0.0069060705654005097,mean_p|train_n=12|p=10,330,573,-1.61155,1.08521
1545700062,18,10,mean_p,12,0.28575562027910517,0.028289271491170415,mean_p|train_n=12|p=10,331,574,-1.61155,1.08521
2340083302,18,10,mean_p,12,0.42370316373090794,0.005059964760579635,mean_p|train_n=12|p=10,332,577,-1.61155,1.08521
2415940634,18,10,mean_p,12,0.29464130022183893,0.025320620961650837,mean_p|train_n=12|p=10,333,578,-1.61155,1.08521
2605478849,18,10,mean_p,12,0.32502235966704779,0.017332187101781707,mean_p|train_n=12|p=10,334,580,-1.61155,1.08521
709097820,18,10,mean_p,12,0.50572658943618165,0.0018184454834660952,mean_p|train_n=12|p=10,335,581,-1.61155,1.08521
3866847494,18,10,mean_p,12,0.39442465751807571,0.0072911200161138575,mean_p|train_n=12|p=10,336,582,-1.61155,1.08521
558738068,18,10,mean_p,12,0.47212853895183687,0.0027653662832193035,mean_p|train_n=12|p=10,337,583,-1.61155,1.08521
2749026346,18,10,mean_p,12,0.3859994776424589,0.0080992801367547867,mean_p|train_n=12|p=10,338,584,-1.61155,1.08521
239163499,18,10,mean_p,12,0.31261056705037993,0.020235184214175833,mean_p|train_n=12|p=10,339,585,-1.61155,1.08521
647182635,18,10,mean_p,12,0.50641691838772618,0.0018028504829255569,mean_p|train_n=12|p=10,340,586,-1.61155,1.08521
3729497021,18,10,mean_p,12,0.40065942519521425,0.0067454497204880405,mean_p|train_n=12|p=10,341,587,-1.61155,1.08521
1875050571,18,10,mean_p,12,0.29415140811930929,0.025475859906626899,mean_p|train_n=12|p=10,342,588,-1.61155,1.08521
3159193456,18,10,mean_p,12,0.33218635975969901,0.01585020735543919,mean_p|train_n=12|p=10,343,591,-1.61155,1.08521
1255496617,18,10,mean_p,12,0.4375701716704431,0.004256067980412905,mean_p|train_n=12|p=10,344,592,-1.61155,1.08521
2245605182,18,10,mean_p,12,0.30318822675611856,0.022759488081794212,mean_p|train_n=12|p=10,345,593,-1.61155,1.08521
3420359995,18,10,mean_p,12,0.33343594528178999,0.01560500884195096,mean_p|train_n=12|p=10,346,594,-1.61155,1.08521
2337357590,18,10,mean_p,12,0.46815523176875762,0.0029059101840936425,mean_p|train_n=12|p=10,347,595,-1.61155,1.08521
4228294322,18,10,mean_p,12,0.4160705426316666,0.0055655123961946638,mean_p|train_n=12|p=10,348,596,-1.61155,1.08521
2453845812,18,10,mean_p,12,0.36950574599613745,0.0099498919349207925,mean_p|train_n=12|p=10,349,598,-1.61155,1.08521
3394729294,18,10,mean_p,12,0.34094791231286303,0.014208889139710273,mean_p|train_n=12|p=10,350,600,-1.61155,1.08521
859094758,18,10,mean_p,12,0.28389144700190877,0.028954952773396121,mean_p|train_n=12|p=10,351,601,-1.61155,1.08521
2610773261,18,10,mean_p,12,0.40399424896966296,0.0064705475600254471,mean_p|train_n=12|p=10,352,603,-1.61155,1.08521
4274128496,18,10,mean_p,12,0.30022566068139933,0.023616485700365238,mean_p|train_n=12|p=10,353,604,-1.61155,1.08521
1895392178,18,10,mean_p,12,0.43481629266992994,0.0044048442760102023,mean_p|train_n=12|p=10,354,607,-1.61155,1.08521
4260995451,18,10,mean_p,12,0.39076104318701071,0.00763212874069051,mean_p|train_n=12|p=10,355,609,-1.61155,1.08521
2267019255,18,10,mean_p,12,0.36023162991696184,0.011170446481003351,mean_p|train_n=12|p=10,356,611,-1.61155,1.08521
1709941098,18,10,mean_p,12,0.46701926909886737,0.0029473889166481727,mean_p|train_n=12|p=10,357,612,-1.61155,1.08521
2322578687,18,10,mean_p,12,0.40038199265205049,0.0067688390695358905,mean_p|train_n=12|p=10,358,613,-1.61155,1.08521
2697863905,18,10,mean_p,12,0.45383800837542476,0.0034742465387557894,mean_p|train_n=12|p=10,359,614,-1.61155,1.08521
1792258649,18,10,mean_p,12,0.31695630730193036,0.019167240641036976,mean_p|train_n=12|p=10,360,615,-1.61155,1.08521
3984350111,18,10,mean_p,12,0.51018991669376867,0.0017199489969797457,mean_p|train_n=12|p=10,361,617,-1.61155,1.08521
2454697974,18,10,mean_p,12,0.30868855446228854,0.021249990694028286,mean_p|train_n=12|p=10,362,621,-1.61155,1.08521
438898913,18,10,mean_p,12,0.40688745576550017,0.0062411421914901257,mean_p|train_n=12|p=10,363,622,-1.61155,1.08521
1437241863,18,10,mean_p,12,0.46386247856068585,0.0030657916823680145,mean_p|train_n=12|p=10,364,625,-1.61155,1.08521
3280037041,18,10,mean_p,12,0.52572055579794907,0.0014169749760377885,mean_p|train_n=12|p=10,365,626,-1.61155,1.08521
635683610,18,10,mean_p,12,0.31968415465825217,0.018525871423916224,mean_p|train_n=12|p=10,366,630,-1.61155,1.08521
2307345658,18,10,mean_p,12,0.5447247041968365,0.0011178600710813472,mean_p|train_n=12|p=10,367,631,-1.61155,1.08521
2354958524,18,10,mean_p,12,0.45853433966711954,0.003276524162118947,mean_p|train_n=12|p=10,368,632,-1.61155,1.08521
429720003,18,10,mean_p,12,0.4565266768060392,0.003359634066179641,mean_p|train_n=12|p=10,369,633,-1.61155,1.08521
2481552105,18,10,mean_p,12,0.46742196701049754,0.0029326174292247298,mean_p|train_n=12|p=10,370,634,-1.61155,1.08521
3307746167,18,10,mean_p,12,0.4778632398782538,0.0025744173727761002,mean_p|train_n=12|p=10,371,635,-1.61155,1.08521
3911882341,18,10,mean_p,12,0.32086870697920855,0.018254086388746864,mean_p|train_n=12|p=10,372,637,-1.61155,1.08521
1553206979,18,10,mean_p,12,0.52326868887230626,0.0014609916016191664,mean_p|train_n=12|p=10,373,638,-1.61155,1.08521
2194055609,18,10,mean_p,12,0.34259598707955047,0.013919702933661855,mean_p|train_n=12|p=10,374,639,-1.61155,1.08521
2294636669,18,10,mean_p,12,0.33346056365283366,0.015600216424928103,mean_p|train_n=12|p=10,375,640,-1.61155,1.08521
2478595565,18,10,mean_p,12,0.33841604412710047,0.014664901647742042,mean_p|train_n=12|p=10,376,642,-1.61155,1.08521
1791744416,18,10,mean_p,12,0.40420403216633682,0.0064536337494118948,mean_p|train_n=12|p=10,377,643,-1.61155,1.08521
4196206772,18,10,mean_p,12,0.40643591071381752,0.0062764025775085552,mean_p|train_n=12|p=10,378,644,-1.61155,1.08521
1591546733,18,10,mean_p,12,0.34582758525983481,0.013369631067688582,mean_p|train_n=12|p=10,379,646,-1.61155,1.08521
3648436965,18,10,mean_p,12,0.25481059309215709,0.04161966965509685,mean_p|train_n=12|p=10,380,647,-1.61155,1.08521
3300940978,18,10,mean_p,12,0.34951252190808102,0.012768869452734134,mean_p|train_n=12|p=10,381,648,-1.61155,1.08521
4221131710,18,10,mean_p,12,0.3269625217504406,0.016917668973786566,mean_p|train_n=12|p=10,382,649,-1.61155,1.08521
3637087733,18,10,mean_p,12,0.32591563092482168,0.017140091761726026,mean_p|train_n=12|p=10,383,651,-1.61155,1.08521
3009411260,18,10,mean_p,12,0.29301073008058676,0.025841020553967725,mean_p|train_n=12|p=10,384,652,-1.61155,1.08521
598196176,18,10,mean_p,12,0.21405886620378561,0.069201178061436219,mean_p|train_n=12|p=10,385,655,-1.61155,1.08521
2675625373,18,10,mean_p,12,0.41841529588718895,0.0054050537272560132,mean_p|train_n=12|p=10,386,657,-1.61155,1.08521
4252550335,18,10,mean_p,12,0.25661584210734395,0.040692728884221825,mean_p|train_n=12|p=10,387,658,-1.61155,1.08521
3190192817,18,10,mean_p,12,0.43133067450393392,0.0046006322623946497,mean_p|train_n=12|p=10,388,659,-1.61155,1.08521
1493406675,18,10,mean_p,12,0.50708654707105982,0.0017878509138206987,mean_p|train_n=12|p=10,389,661,-1.61155,1.08521
2857457150,18,10,mean_p,12,0.47516154025603602,0.0026626753927583621,mean_p|train_n=12|p=10,390,665,-1.61155,1.08521
1468871626,18,10,mean_p,12,0.45354565979276629,0.0034869420993988011,mean_p|train_n=12|p=10,391,666,-1.61155,1.08521
3384989441,18,10,mean_p,12,0.38638530476242006,0.0080603852736453631,mean_p|train_n=12|p=10,392,671,-1.61155,1.08521
3721678430,18,10,mean_p,12,0.44506248535486659,0.0038762444314162626,mean_p|train_n=12|p=10,393,672,-1.61155,1.08521
4130799095,18,10,mean_p,12,0.42534024272971882,0.004957661999311325,mean_p|train_n=12|p=10,394,675,-1.61155,1.08521
471688557,18,10,mean_p,12,0.35616272727881915,0.011752169416891872,mean_p|train_n=12|p=10,395,676,-1.61155,1.08521
3082623256,18,10,mean_p,12,0.30470765430477897,0.022332092118773642,mean_p|train_n=12|p=10,396,679,-1.61155,1.08521
2829993631,18,10,mean_p,12,0.34653912483180821,0.013251465724435422,mean_p|train_n=12|p=10,397,680,-1.61155,1.08521
1299801600,18,10,mean_p,12,0.35949650867344024,0.011273371424111864,mean_p|train_n=12|p=10,398,682,-1.61155,1.08521
1487154001,18,10,mean_p,12,0.40067002601902213,0.006744557607685735,mean_p|train_n=12|p=10,399,684,-1.61155,1.08521
291005860,18,10,mean_p,12,0.2500234634899674,0.044181238061819179,mean_p|train_n=12|p=10,400,688,-1.61155,1.08521
3250012585,18,10,mean_p,12,0.51684580717876993,0.0015828886328071044,mean_p|train_n=12|p=10,401,689,-1.61155,1.08521
2153574629,18,10,mean_p,12,0.39687202136476479,0.0070718511070341512,mean_p|train_n=12|p=10,402,690,-1.61155,1.08521
630091242,18,10,mean_p,12,0.45559195065781793,0.0033990443190044591,mean_p|train_n=12|p=10,403,691,-1.61155,1.08521
1388400972,18,10,mean_p,12,0.37067175621571147,0.0098061897139952777,mean_p|train_n=12|p=10,404,692,-1.61155,1.08521
1738581444,18,10,mean_p,12,0.32785913538288536,0.016729470142137534,mean_p|train_n=12|p=10,405,694,-1.61155,1.08521
1834743712,18,10,mean_p,12,0.36879916510605049,0.01003799559331117,mean_p|train_n=12|p=10,406,695,-1.61155,1.08521
841071557,18,10,mean_p,12,0.27162083597271591,0.033745172820126491,mean_p|train_n=12|p=10,407,696,-1.61155,1.08521
1519261113,18,10,mean_p,12,0.34934060066873385,0.012796288086489933,mean_p|train_n=12|p=10,408,697,-1.61155,1.08521
3421055488,18,10,mean_p,12,0.44195938527651674,0.0040292612484157577,mean_p|train_n=12|p=10,409,698,-1.61155,1.08521
698286894,18,10,mean_p,12,0.35580600238331661,0.011804591738633793,mean_p|train_n=12|p=10,410,699,-1.61155,1.08521
3752181183,18,10,mean_p,12,0.43806558919120075,0.0042298417208287836,mean_p|train_n=12|p=10,411,701,-1.61155,1.08521
2795780550,18,10,mean_p,12,0.38463014289504244,0.0082388427827555129,mean_p|train_n=12|p=10,412,702,-1.61155,1.08521
3273801344,18,10,mean_p,12,0.42143782728623491,0.0052050188689372031,mean_p|train_n=12|p=10,413,703,-1.61155,1.08521
2541628982,18,10,mean_p,12,0.29765446847454063,0.02438638239909648,mean_p|train_n=12|p=10,414,706,-1.61155,1.08521
3258669478,18,10,mean_p,12,0.41855643851141577,0.0053955438736396147,mean_p|train_n=12|p=10,415,707,-1.61155,1.08521
3879730565,18,10,mean_p,12,0.39167872548598398,0.0075452422750146159,mean_p|train_n=12|p=10,416,708,-1.61155,1.08521
3743094465,18,10,mean_p,12,0.48242626772419483,0.0024319464563610379,mean_p|train_n=12|p=10,417,709,-1.61155,1.08521
2097223582,18,10,mean_p,12,0.45996653160308326,0.0032184960891532958,mean_p|train_n=12|p=10,418,710,-1.61155,1.08521
3569079802,18,10,mean_p,12,0.4318764877603935,0.0045694087576355303,mean_p|train_n=12|p=10,419,712,-1.61155,1.08521
529977650,18,10,mean_p,12,0.27555978518981755,0.032126861650346221,mean_p|train_n=12|p=10,420,714,-1.61155,1.08521
2383976871,18,10,mean_p,12,0.43065563216082892,0.0046395436445818101,mean_p|train_n=12|p=10,421,715,-1.61155,1.08521
2827161312,18,10,mean_p,12,0.40413324670758494,0.0064593358926589477,mean_p|train_n=12|p=10,422,716,-1.61155,1.08521
4282038819,18,10,mean_p,12,0.35047141759707345,0.01261701537382231,mean_p|train_n=12|p=10,423,717,-1.61155,1.08521
196198615,18,10,mean_p,12,0.25315794907488121,0.042486753436740993,mean_p|train_n=12|p=10,424,721,-1.61155,1.08521
1197259946,18,10,mean_p,12,0.33174197902551333,0.015938331038537704,mean_p|train_n=12|p=10,425,722,-1.61155,1.08521
146574613,18,10,mean_p,12,0.5722739208273091,0.00079270375185111442,mean_p|train_n=12|p=10,426,723,-1.61155,1.08521
778578436,18,10,mean_p,12,0.31194190104540431,0.020404706667541555,mean_p|train_n=12|p=10,427,724,-1.61155,1.08521
1868238678,18,10,mean_p,12,0.35999018110149394,0.011204147877065241,mean_p|train_n=12|p=10,428,727,-1.61155,1.08521
2413316703,18,10,mean_p,12,0.37881641820504086,0.0088586616585428317,mean_p|train_n=12|p=10,429,729,-1.61155,1.08521
2246287589,18,10,mean_p,12,0.3879329376785472,0.0079062381175978649,mean_p|train_n=12|p=10,430,730,-1.61155,1.08521
1686060111,18,10,mean_p,12,0.44817524421843491,0.0037285892848430082,mean_p|train_n=12|p=10,431,731,-1.61155,1.08521
1680022753,18,10,mean_p,12,0.24187214357231268,0.048910954033794474,mean_p|train_n=12|p=10,432,735,-1.61155,1.08521
3244045172,18,10,mean_p,12,0.3035393466832137,0.022660001387192766,mean_p|train_n=12|p=10,433,736,-1.61155,1.08521
3099098709,18,10,mean_p,12,0.34942518365754383,0.012782791129488734,mean_p|train_n=12|p=10,434,738,-1.61155,1.08521
2350930334,18,10,mean_p,12,0.41821460368130858,0.0054186047580041712,mean_p|train_n=12|p=10,435,741,-1.61155,1.08521
611330700,18,10,mean_p,12,0.34989251738567351,0.012708474626314905,mean_p|train_n=12|p=10,436,743,-1.61155,1.08521
2409697338,18,10,mean_p,12,0.40732315488839288,0.0062073069845368662,mean_p|train_n=12|p=10,437,744,-1.61155,1.08521
3321165698,18,10,mean_p,12,0.38126161085070309,0.008592484173797663,mean_p|train_n=12|p=10,438,746,-1.61155,1.08521
2693076396,18,10,mean_p,12,0.40691598947265922,0.0062389207087675709,mean_p|train_n=12|p=10,439,750,-1.61155,1.08521
478694745,18,10,mean_p,12,0.4585576180585727,0.0032755726786610193,mean_p|train_n=12|p=10,440,751,-1.61155,1.08521
1896004555,18,10,mean_p,12,0.43811062794426181,0.0042274655020460294,mean_p|train_n=12|p=10,441,752,-1.61155,1.08521
347033466,18,10,mean_p,12,0.30588307834739387,0.022006973907192907,mean_p|train_n=12|p=10,442,753,-1.61155,1.08521
202393249,18,10,mean_p,12,0.35637329886039437,0.011721334314251793,mean_p|train_n=12|p=10,443,754,-1.61155,1.08521
974384947,18,10,mean_p,12,0.39726705188210665,0.0070370821296703526,mean_p|train_n=12|p=10,444,756,-1.61155,1.08521
644164763,18,10,mean_p,12,0.36354710492108638,0.010717796294849789,mean_p|train_n=12|p=10,445,757,-1.61155,1.08521
4081447541,18,10,mean_p,12,0.43606146728697265,0.0043369411703581863,mean_p|train_n=12|p=10,446,758,-1.61155,1.08521
3583953334,18,10,mean_p,12,0.33558539985804703,0.015192075625900173,mean_p|train_n=12|p=10,447,759,-1.61155,1.08521
2580487983,18,10,mean_p,12,0.35510039784073993,0.011908973202086929,mean_p|train_n=12|p=10,448,761,-1.61155,1.08521
2427234487,18,10,mean_p,12,0.40870859295555806,0.0061009318339847376,mean_p|train_n=12|p=10,449,762,-1.61155,1.08521
951595470,18,10,mean_p,12,0.49158751332083156,0.0021692691195676654,mean_p|train_n=12|p=10,450,764,-1.61155,1.08521
3685215979,18,10,mean_p,12,0.49261923634896487,0.0021415242743421099,mean_p|train_n=12|p=10,451,767,-1.61155,1.08521
194974996,18,10,mean_p,12,0.45851228915549819,0.0032774257119861836,mean_p|train_n=12|p=10,452,769,-1.61155,1.08521
2237084666,18,10,mean_p,12,0.42261600310318803,0.0051290663306378477,mean_p|train_n=12|p=10,453,770,-1.61155,1.08521
3383493280,18,10,mean_p,12,0.43352342577389547,0.0044764734222769833,mean_p|train_n=12|p=10,454,771,-1.61155,1.08521
1458737404,18,10,mean_p,12,0.3670367268886211,0.010261169049476361,mean_p|train_n=12|p=10,455,773,-1.61155,1.08521
3283414983,18,10,mean_p,12,0.39975305543468997,0.0068221632911608984,mean_p|train_n=12|p=10,456,774,-1.61155,1.08521
139817681,18,10,mean_p,12,0.47233187829112883,0.0027583594585083625,mean_p|train_n=12|p=10,457,775,-1.61155,1.08521
2761970255,18,10,mean_p,12,0.45963972962607347,0.0032316459550135604,mean_p|train_n=12|p=10,458,777,-1.61155,1.08521
1737219950,18,10,mean_p,12,0.34653571927472465,0.013252028790397536,mean_p|train_n=12|p=10,459,779,-1.61155,1.08521
3239695959,18,10,mean_p,12,0.34971706311860573,0.012736324983328483,mean_p|train_n=12|p=10,460,782,-1.61155,1.08521
3086326594,18,10,mean_p,12,0.41756106076722432,0.0054629688275825219,mean_p|train_n=12|p=10,461,783,-1.61155,1.08521
519587730,18,10,mean_p,12,0.57782745332862084,0.00073963742189895113,mean_p|train_n=12|p=10,462,784,-1.61155,1.08521
1059169494,18,10,mean_p,12,0.51743901445757368,0.0015712165427339592,mean_p|train_n=12|p=10,463,786,-1.61155,1.08521
2792961913,18,10,mean_p,12,0.36384896848226589,0.010677506358371634,mean_p|train_n=12|p=10,464,787,-1.61155,1.08521
1798304497,18,10,mean_p,12,0.30006067269529541,0.023665150241562287,mean_p|train_n=12|p=10,465,789,-1.61155,1.08521
209434737,18,10,mean_p,12,0.33756837482114155,0.014820821770317613,mean_p|train_n=12|p=10,466,790,-1.61155,1.08521
1256999079,18,10,mean_p,12,0.36698473565386946,0.010267827386995668,mean_p|train_n=12|p=10,467,793,-1.61155,1.08521
3141854275,18,10,mean_p,12,0.57466766689903659,0.00076937895903315956,mean_p|train_n=12|p=10,468,795,-1.61155,1.08521
2133729830,18,10,mean_p,12,0.40099618624757843,0.0067171671631355628,mean_p|train_n=12|p=10,469,796,-1.61155,1.08521
2236678842,18,10,mean_p,12,0.37886232871714481,0.008853588787292286,mean_p|train_n=12|p=10,470,797,-1.61155,1.08521
72152444,18,10,mean_p,12,0.25812290925814507,0.039934726222110598,mean_p|train_n=12|p=10,471,798,-1.61155,1.08521
712089319,18,10,mean_p,12,0.42796272488106296,0.0047980734297082845,mean_p|train_n=12|p=10,472,799,-1.61155,1.08521
1338760443,18,10,mean_p,12,0.39199391050196147,0.0075156292293155104,mean_p|train_n=12|p=10,473,801,-1.61155,1.08521
1903664002,18,10,mean_p,12,0.36755930333084524,0.010194483826896203,mean_p|train_n=12|p=10,474,802,-1.61155,1.08521
952851268,18,10,mean_p,12,0.39184137380304329,0.0075299461950340254,mean_p|train_n=12|p=10,475,806,-1.61155,1.08521
3376044216,18,10,mean_p,12,0.51005512986918944,0.0017228438478904149,mean_p|train_n=12|p=10,476,808,-1.61155,1.08521
1265312669,18,10,mean_p,12,0.41891662274819208,0.00537135128026839,mean_p|train_n=12|p=10,477,809,-1.61155,1.08521
2843389558,18,10,mean_p,12,0.34735204224283434,0.013117742217410718,mean_p|train_n=12|p=10,478,810,-1.61155,1.08521
3314301950,18,10,mean_p,12,0.37675722907627462,0.009089205306733527,mean_p|train_n=12|p=10,479,812,-1.61155,1.08521
2918252526,18,10,mean_p,12,0.30543090970372599,0.022131478209732408,mean_p|train_n=12|p=10,480,813,-1.61155,1.08521
2091921948,18,10,mean_p,12,0.4536653428770332,0.0034817391301240216,mean_p|train_n=12|p=10,481,816,-1.61155,1.08521
2783188960,18,10,mean_p,12,0.3864002019215001,0.0080588872562288531,mean_p|train_n=12|p=10,482,818,-1.61155,1.08521
616621612,18,10,mean_p,12,0.49657718080428265,0.0020383404430992947,mean_p|train_n=12|p=10,483,820,-1.61155,1.08521
1423676682,18,10,mean_p,12,0.50882624443977598,0.001749462674896981,mean_p|train_n=12|p=10,484,821,-1.61155,1.08521
1580973008,18,10,mean_p,12,0.33453050959476516,0.015393347680847514,mean_p|train_n=12|p=10,485,822,-1.61155,1.08521
2434590639,18,10,mean_p,12,0.32693511713673851,0.016923454414164013,mean_p|train_n=12|p=10,486,825,-1.61155,1.08521
1852759264,18,10,mean_p,12,0.33652068827844234,0.015015825614988453,mean_p|train_n=12|p=10,487,827,-1.61155,1.08521
2839628640,18,10,mean_p,12,0.40398417431991834,0.0064713609451984401,mean_p|train_n=12|p=10,488,831,-1.61155,1.08521
648555916,18,10,mean_p,12,0.25695321446864988,0.040521801923781742,mean_p|train_n=12|p=10,489,833,-1.61155,1.08521
2807258379,18,10,mean_p,12,0.35612543217519327,0.011757639184490756,mean_p|train_n=12|p=10,490,835,-1.61155,1.08521
716701438,18,10,mean_p,12,0.52590661726594756,0.0014136893918732236,mean_p|train_n=12|p=10,491,838,-1.61155,1.08521
4213569280,18,10,mean_p,12,0.50829063919292794,0.001761192711771533,mean_p|train_n=12|p=10,492,842,-1.61155,1.08521
1588891262,18,10,mean_p,12,0.39842215018060406,0.0069363927152174308,mean_p|train_n=12|p=10,493,843,-1.61155,1.08521
922921509,18,10,mean_p,12,0.43287123786682963,0.0045130476251519494,mean_p|train_n=12|p=10,494,844,-1.61155,1.08521
3350351730,18,10,mean_p,12,0.38521159615757949,0.0081792896473039077,mean_p|train_n=12|p=10,495,845,-1.61155,1.08521
1588550597,18,10,mean_p,12,0.38978818042855418,0.0077253325465051819,mean_p|train_n=12|p=10,496,849,-1.61155,1.08521
2709964685,18,10,mean_p,12,0.40922903715743841,0.0060614443873062956,mean_p|train_n=12|p=10,497,850,-1.61155,1.08521
2482716303,18,10,mean_p,12,0.55897097208848578,0.00093582247800667092,mean_p|train_n=12|p=10,498,851,-1.61155,1.08521
288078492,18,10,mean_p,12,0.40151069508939491,0.0066741854454537373,mean_p|train_n=12|p=10,499,852,-1.61155,1.08521
3627110316,18,20,mean_p,12,0.20986403308253465,0.072919445678406941,mean_p|train_n=12|p=20,0,3,-1.55047,0.95916000000000001
3197998038,18,20,mean_p,12,0.21293494169748634,0.070178408909814624,mean_p|train_n=12|p=20,1,6,-1.55047,0.95916000000000001
1020102574,18,20,mean_p,12,0.42961439680613889,0.0047002097587793938,mean_p|train_n=12|p=20,2,9,-1.55047,0.95916000000000001
2941104716,18,20,mean_p,12,0.20815959780953397,0.074486730026838741,mean_p|train_n=12|p=20,3,10,-1.55047,0.95916000000000001
2501045419,18,20,mean_p,12,0.44080397715030067,0.0040877662349623443,mean_p|train_n=12|p=20,4,11,-1.55047,0.95916000000000001
241467348,18,20,mean_p,12,0.24085546158784479,0.049535330615512269,mean_p|train_n=12|p=20,5,12,-1.55047,0.95916000000000001
680881898,18,20,mean_p,12,0.18561779332582309,0.098678508504618789,mean_p|train_n=12|p=20,6,13,-1.55047,0.95916000000000001
2981847873,18,20,mean_p,12,0.30831654330207248,0.021348850771762889,mean_p|train_n=12|p=20,7,14,-1.55047,0.95916000000000001
466076857,18,20,mean_p,12,0.28541783673177323,0.028408745569865966,mean_p|train_n=12|p=20,8,16,-1.55047,0.95916000000000001
644160158,18,20,mean_p,12,0.38917275292477782,0.0077848796274393945,mean_p|train_n=12|p=20,9,18,-1.55047,0.95916000000000001
1831377500,18,20,mean_p,12,0.28251545209922807,0.029456337300285133,mean_p|train_n=12|p=20,10,19,-1.55047,0.95916000000000001
1770305610,18,20,mean_p,12,0.22194603565659671,0.062715739174171323,mean_p|train_n=12|p=20,11,22,-1.55047,0.95916000000000001
225094119,18,20,mean_p,12,0.12736120787701014,0.20412124596014339,mean_p|train_n=12|p=20,12,23,-1.55047,0.95916000000000001
2361622846,18,20,mean_p,12,0.15456269248036916,0.14537705953028079,mean_p|train_n=12|p=20,13,24,-1.55047,0.95916000000000001
1416145220,18,20,mean_p,12,0.2648566227952403,0.036716714773800063,mean_p|train_n=12|p=20,14,25,-1.55047,0.95916000000000001
2510632357,18,20,mean_p,12,0.18235328953931512,0.10278066439652039,mean_p|train_n=12|p=20,15,26,-1.55047,0.95916000000000001
3370397755,18,20,mean_p,12,0.46558161162722178,0.0030007336639598574,mean_p|train_n=12|p=20,16,28,-1.55047,0.95916000000000001
3092647006,18,20,mean_p,12,0.33485271065755007,0.01533159079670178,mean_p|train_n=12|p=20,17,29,-1.55047,0.95916000000000001
300954526,18,20,mean_p,12,0.45925683767582448,0.0032471211363991333,mean_p|train_n=12|p=20,18,31,-1.55047,0.95916000000000001
1244660046,18,20,mean_p,12,0.1499594836588288,0.15397086553033718,mean_p|train_n=12|p=20,19,33,-1.55047,0.95916000000000001
972792630,18,20,mean_p,12,0.22273892237116991,0.062098378048485864,mean_p|train_n=12|p=20,20,34,-1.55047,0.95916000000000001
2717490007,18,20,mean_p,12,0.17861267288723007,0.10769117150215969,mean_p|train_n=12|p=20,21,36,-1.55047,0.95916000000000001
2569119593,18,20,mean_p,12,0.4344515548499106,0.0044249351056757239,mean_p|train_n=12|p=20,22,40,-1.55047,0.95916000000000001
1286563188,18,20,mean_p,12,0.29854408464135462,0.024117204108150419,mean_p|train_n=12|p=20,23,41,-1.55047,0.95916000000000001
1148205734,18,20,mean_p,12,0.35239001792107882,0.012318579192265536,mean_p|train_n=12|p=20,24,42,-1.55047,0.95916000000000001
163506772,18,20,mean_p,12,0.34211863825791428,0.014002852061184644,mean_p|train_n=12|p=20,25,43,-1.55047,0.95916000000000001
1542176237,18,20,mean_p,12,0.31115371249214296,0.020606355453162938,mean_p|train_n=12|p=20,26,44,-1.55047,0.95916000000000001
2027626009,18,20,mean_p,12,0.16893855527848584,0.12150655111358612,mean_p|train_n=12|p=20,27,45,-1.55047,0.95916000000000001
2129732466,18,20,mean_p,12,0.34650866861468588,0.013256502126118098,mean_p|train_n=12|p=20,28,46,-1.55047,0.95916000000000001
141776789,18,20,mean_p,12,0.44921479231415379,0.0036805414603841191,mean_p|train_n=12|p=20,29,50,-1.55047,0.95916000000000001
3450765893,18,20,mean_p,12,0.36801339356041773,0.010136890032365248,mean_p|train_n=12|p=20,30,51,-1.55047,0.95916000000000001
2456468640,18,20,mean_p,12,0.33839498571362397,0.014668755187319114,mean_p|train_n=12|p=20,31,52,-1.55047,0.95916000000000001
254182582,18,20,mean_p,12,0.43177014772873279,0.0045754753232174986,mean_p|train_n=12|p=20,32,56,-1.55047,0.95916000000000001
283815888,18,20,mean_p,12,0.33083643557771419,0.016119425752221486,mean_p|train_n=12|p=20,33,58,-1.55047,0.95916000000000001
1409211460,18,20,mean_p,12,0.24329549352530858,0.04805002915317827,mean_p|train_n=12|p=20,34,60,-1.55047,0.95916000000000001
1036176996,18,20,mean_p,12,0.41188128637069338,0.0058641464357557507,mean_p|train_n=12|p=20,35,61,-1.55047,0.95916000000000001
3384507739,18,20,mean_p,12,0.2154838332503641,0.067981735428293819,mean_p|train_n=12|p=20,36,62,-1.55047,0.95916000000000001
2783230527,18,20,mean_p,12,0.34676769176813943,0.013213729696174511,mean_p|train_n=12|p=20,37,63,-1.55047,0.95916000000000001
50547712,18,20,mean_p,12,0.3328285506311992,0.015723716731309137,mean_p|train_n=12|p=20,38,64,-1.55047,0.95916000000000001
2210814370,18,20,mean_p,12,0.45237803772370694,0.0035381117251767828,mean_p|train_n=12|p=20,39,65,-1.55047,0.95916000000000001
1012288003,18,20,mean_p,12,0.35515764887203594,0.011900469647593283,mean_p|train_n=12|p=20,40,66,-1.55047,0.95916000000000001
2629638873,18,20,mean_p,12,0.3721215072131942,0.0096304095655054423,mean_p|train_n=12|p=20,41,67,-1.55047,0.95916000000000001
3289310125,18,20,mean_p,12,0.14600297860901398,0.16176219512050083,mean_p|train_n=12|p=20,42,68,-1.55047,0.95916000000000001
1333676220,18,20,mean_p,12,0.23901545052517698,0.050685675564366442,mean_p|train_n=12|p=20,43,72,-1.55047,0.95916000000000001
4221058747,18,20,mean_p,12,0.26942258610938236,0.034683503555202749,mean_p|train_n=12|p=20,44,73,-1.55047,0.95916000000000001
546446445,18,20,mean_p,12,0.38268263651201828,0.0084414850686128119,mean_p|train_n=12|p=20,45,75,-1.55047,0.95916000000000001
2649369435,18,20,mean_p,12,0.51430862268192523,0.0016337973819403502,mean_p|train_n=12|p=20,46,80,-1.55047,0.95916000000000001
3112530948,18,20,mean_p,12,0.44458966592444504,0.0038991787616778051,mean_p|train_n=12|p=20,47,81,-1.55047,0.95916000000000001
1159329832,18,20,mean_p,12,0.45332988233481925,0.0034963422217220061,mean_p|train_n=12|p=20,48,82,-1.55047,0.95916000000000001
1171720015,18,20,mean_p,12,0.52739625456994288,0.0013876576681810214,mean_p|train_n=12|p=20,49,85,-1.55047,0.95916000000000001
605347342,18,20,mean_p,12,0.28188726627520772,0.029688112988124925,mean_p|train_n=12|p=20,50,86,-1.55047,0.95916000000000001
3255864796,18,20,mean_p,12,0.26424715251873043,0.03699697829748879,mean_p|train_n=12|p=20,51,87,-1.55047,0.95916000000000001
4293058722,18,20,mean_p,12,0.42410873017208683,0.0050344254514635657,mean_p|train_n=12|p=20,52,90,-1.55047,0.95916000000000001
2837756564,18,20,mean_p,12,0.21808979287181574,0.065806948186640873,mean_p|train_n=12|p=20,53,91,-1.55047,0.95916000000000001
1439657372,18,20,mean_p,12,0.29705738914041374,0.024568728314277824,mean_p|train_n=12|p=20,54,93,-1.55047,0.95916000000000001
2740443590,18,20,mean_p,12,0.18507563147020722,0.099348268483048133,mean_p|train_n=12|p=20,55,95,-1.55047,0.95916000000000001
151132379,18,20,mean_p,12,0.33420554912498929,0.015455885435134211,mean_p|train_n=12|p=20,56,96,-1.55047,0.95916000000000001
2177736390,18,20,mean_p,12,0.39835652673771521,0.0069420742864364227,mean_p|train_n=12|p=20,57,97,-1.55047,0.95916000000000001
4114541119,18,20,mean_p,12,0.23100259663162659,0.056014853965789507,mean_p|train_n=12|p=20,58,99,-1.55047,0.95916000000000001
4013511444,18,20,mean_p,12,0.24945677321470713,0.044494723830043242,mean_p|train_n=12|p=20,59,100,-1.55047,0.95916000000000001
2103208001,18,20,mean_p,12,0.28355624875863467,0.0290763003255229,mean_p|train_n=12|p=20,60,101,-1.55047,0.95916000000000001
3582720655,18,20,mean_p,12,0.24106011448531606,0.049409009315087515,mean_p|train_n=12|p=20,61,102,-1.55047,0.95916000000000001
1311947949,18,20,mean_p,12,0.16201168444523817,0.13247478398188298,mean_p|train_n=12|p=20,62,105,-1.55047,0.95916000000000001
2223717486,18,20,mean_p,12,0.3386210248853232,0.014627444475657531,mean_p|train_n=12|p=20,63,106,-1.55047,0.95916000000000001
2211350822,18,20,mean_p,12,0.33368220561463074,0.015557135975473986,mean_p|train_n=12|p=20,64,109,-1.55047,0.95916000000000001
2020252393,18,20,mean_p,12,0.2878793855064759,0.027549521297855897,mean_p|train_n=12|p=20,65,112,-1.55047,0.95916000000000001
3193815834,18,20,mean_p,12,0.34950845802370317,0.012769516897562909,mean_p|train_n=12|p=20,66,113,-1.55047,0.95916000000000001
2832027396,18,20,mean_p,12,0.43829002456568589,0.0042180138798199344,mean_p|train_n=12|p=20,67,114,-1.55047,0.95916000000000001
2230350789,18,20,mean_p,12,0.24408329068028081,0.047580055596519344,mean_p|train_n=12|p=20,68,119,-1.55047,0.95916000000000001
3392388408,18,20,mean_p,12,0.17513662910703784,0.11246442920155672,mean_p|train_n=12|p=20,69,121,-1.55047,0.95916000000000001
916192104,18,20,mean_p,12,0.19583415059561335,0.086869002958918168,mean_p|train_n=12|p=20,70,123,-1.55047,0.95916000000000001
131726267,18,20,mean_p,12,0.39311824635524995,0.0074109364319184679,mean_p|train_n=12|p=20,71,125,-1.55047,0.95916000000000001
3251506082,18,20,mean_p,12,0.39152088284327002,0.0075601161185147167,mean_p|train_n=12|p=20,72,126,-1.55047,0.95916000000000001
3700905871,18,20,mean_p,12,0.16620126372924954,0.12572794507402049,mean_p|train_n=12|p=20,73,130,-1.55047,0.95916000000000001
4087756695,18,20,mean_p,12,0.2536555502716783,0.042223795980274988,mean_p|train_n=12|p=20,74,131,-1.55047,0.95916000000000001
3294930578,18,20,mean_p,12,0.20098059040108474,0.081466422906110836,mean_p|train_n=12|p=20,75,133,-1.55047,0.95916000000000001
3744348765,18,20,mean_p,12,0.29199107400449936,0.026171867241993656,mean_p|train_n=12|p=20,76,135,-1.55047,0.95916000000000001
650677027,18,20,mean_p,12,0.2701984086014334,0.034349398477140802,mean_p|train_n=12|p=20,77,136,-1.55047,0.95916000000000001
2841466457,18,20,mean_p,12,0.25988307312786429,0.039067281622185715,mean_p|train_n=12|p=20,78,138,-1.55047,0.95916000000000001
2211384684,18,20,mean_p,12,0.15967694868461441,0.13639048663800862,mean_p|train_n=12|p=20,79,140,-1.55047,0.95916000000000001
4289909065,18,20,mean_p,12,0.28968803848340269,0.026934802695082471,mean_p|train_n=12|p=20,80,142,-1.55047,0.95916000000000001
1398185746,18,20,mean_p,12,0.37850576745659459,0.0088930633973267424,mean_p|train_n=12|p=20,81,144,-1.55047,0.95916000000000001
1144930976,18,20,mean_p,12,0.37702427241946551,0.0090589722301407556,mean_p|train_n=12|p=20,82,146,-1.55047,0.95916000000000001
3289785751,18,20,mean_p,12,0.25688128205911426,0.04055818557020674,mean_p|train_n=12|p=20,83,149,-1.55047,0.95916000000000001
1007759704,18,20,mean_p,12,0.18860786679702127,0.095065020057626681,mean_p|train_n=12|p=20,84,150,-1.55047,0.95916000000000001
972366349,18,20,mean_p,12,0.22047823119615559,0.06387485133404916,mean_p|train_n=12|p=20,85,151,-1.55047,0.95916000000000001
1261133211,18,20,mean_p,12,0.26103305678913052,0.03851074860013836,mean_p|train_n=12|p=20,86,154,-1.55047,0.95916000000000001
2748071014,18,20,mean_p,12,0.32322053118413258,0.017726240945080522,mean_p|train_n=12|p=20,87,155,-1.55047,0.95916000000000001
428334855,18,20,mean_p,12,0.25259623559318206,0.042785559277437796,mean_p|train_n=12|p=20,88,156,-1.55047,0.95916000000000001
1614210863,18,20,mean_p,12,0.32704891092690086,0.016899444130925301,mean_p|train_n=12|p=20,89,157,-1.55047,0.95916000000000001
2910389230,18,20,mean_p,12,0.30276769040476148,0.022879218318926857,mean_p|train_n=12|p=20,90,158,-1.55047,0.95916000000000001
3943107692,18,20,mean_p,12,0.20140105775274597,0.081040167174816116,mean_p|train_n=12|p=20,91,162,-1.55047,0.95916000000000001
4097812978,18,20,mean_p,12,0.39801481856456444,0.0069717341192077663,mean_p|train_n=12|p=20,92,164,-1.55047,0.95916000000000001
2185769600,18,20,mean_p,12,0.45078478096634966,0.0036091478057622929,mean_p|train_n=12|p=20,93,165,-1.55047,0.95916000000000001
114255948,18,20,mean_p,12,0.25542241620509587,0.04130317532456039,mean_p|train_n=12|p=20,94,166,-1.55047,0.95916000000000001
4283419317,18,20,mean_p,12,0.37314409434532325,0.0095083208490626108,mean_p|train_n=12|p=20,95,167,-1.55047,0.95916000000000001
587785147,18,20,mean_p,12,0.19627829374930153,0.086388956769067549,mean_p|train_n=12|p=20,96,169,-1.55047,0.95916000000000001
2289524361,18,20,mean_p,12,0.30777920632028705,0.021492457835834582,mean_p|train_n=12|p=20,97,172,-1.55047,0.95916000000000001
803040002,18,20,mean_p,12,0.19488682934250243,0.087901833711978558,mean_p|train_n=12|p=20,98,173,-1.55047,0.95916000000000001
287988184,18,20,mean_p,12,0.36025230269553332,0.011167565692705269,mean_p|train_n=12|p=20,99,175,-1.55047,0.95916000000000001
3316414631,18,20,mean_p,12,0.37650090381738549,0.0091183198461174224,mean_p|train_n=12|p=20,100,176,-1.55047,0.95916000000000001
1956682522,18,20,mean_p,12,0.36203548384657691,0.010921851759056857,mean_p|train_n=12|p=20,101,180,-1.55047,0.95916000000000001
2408749036,18,20,mean_p,12,0.30802107154107072,0.021427698503989553,mean_p|train_n=12|p=20,102,181,-1.55047,0.95916000000000001
171495494,18,20,mean_p,12,0.27873913733260491,0.030877409432830787,mean_p|train_n=12|p=20,103,185,-1.55047,0.95916000000000001
2810042559,18,20,mean_p,12,0.26994237936870569,0.034459299186085653,mean_p|train_n=12|p=20,104,186,-1.55047,0.95916000000000001
3565429934,18,20,mean_p,12,0.3273069833045556,0.016845117483018951,mean_p|train_n=12|p=20,105,187,-1.55047,0.95916000000000001
765751903,18,20,mean_p,12,0.3393746992536103,0.014490542453608753,mean_p|train_n=12|p=20,106,188,-1.55047,0.95916000000000001
3593367730,18,20,mean_p,12,0.39176511098640221,0.0075371143818160572,mean_p|train_n=12|p=20,107,189,-1.55047,0.95916000000000001
2531232856,18,20,mean_p,12,0.3698098379137445,0.009912213088255413,mean_p|train_n=12|p=20,108,192,-1.55047,0.95916000000000001
2528160178,18,20,mean_p,12,0.21323108834705382,0.069919583915432654,mean_p|train_n=12|p=20,109,194,-1.55047,0.95916000000000001
1742070969,18,20,mean_p,12,0.30622675849667558,0.021912810545780398,mean_p|train_n=12|p=20,110,195,-1.55047,0.95916000000000001
801985854,18,20,mean_p,12,0.22848227949441002,0.057804233553821562,mean_p|train_n=12|p=20,111,196,-1.55047,0.95916000000000001
2698471071,18,20,mean_p,12,0.2027591257850577,0.079678579400571589,mean_p|train_n=12|p=20,112,197,-1.55047,0.95916000000000001
1899513327,18,20,mean_p,12,0.36476144605298305,0.010556635891336345,mean_p|train_n=12|p=20,113,199,-1.55047,0.95916000000000001
816235111,18,20,mean_p,12,0.45599908461314143,0.0033818220824979165,mean_p|train_n=12|p=20,114,200,-1.55047,0.95916000000000001
327646452,18,20,mean_p,12,0.1539054174451403,0.14657413887174434,mean_p|train_n=12|p=20,115,205,-1.55047,0.95916000000000001
2922595730,18,20,mean_p,12,0.3092338749953249,0.021105901312242731,mean_p|train_n=12|p=20,116,207,-1.55047,0.95916000000000001
1342494010,18,20,mean_p,12,0.19558508469630015,0.087139368933543029,mean_p|train_n=12|p=20,117,208,-1.55047,0.95916000000000001
1957588882,18,20,mean_p,12,0.22587343410050392,0.059716697224675749,mean_p|train_n=12|p=20,118,210,-1.55047,0.95916000000000001
1749963110,18,20,mean_p,12,0.29274501697331817,0.025926831105467292,mean_p|train_n=12|p=20,119,211,-1.55047,0.95916000000000001
15874055,18,20,mean_p,12,0.43506880550628685,0.0043909885897807635,mean_p|train_n=12|p=20,120,214,-1.55047,0.95916000000000001
3277494016,18,20,mean_p,12,0.26515021132644612,0.036582467430369511,mean_p|train_n=12|p=20,121,215,-1.55047,0.95916000000000001
1103977377,18,20,mean_p,12,0.29639976075155555,0.024771143973786519,mean_p|train_n=12|p=20,122,216,-1.55047,0.95916000000000001
2263917423,18,20,mean_p,12,0.39724150082190879,0.0070393258500754084,mean_p|train_n=12|p=20,123,219,-1.55047,0.95916000000000001
1619973019,18,20,mean_p,12,0.29923037983702544,0.023911578191401908,mean_p|train_n=12|p=20,124,220,-1.55047,0.95916000000000001
38059144,18,20,mean_p,12,0.32786122457520644,0.016729034075447832,mean_p|train_n=12|p=20,125,221,-1.55047,0.95916000000000001
791210426,18,20,mean_p,12,0.35222520330187512,0.012343936370374483,mean_p|train_n=12|p=20,126,224,-1.55047,0.95916000000000001
2045595380,18,20,mean_p,12,0.25614650485555379,0.040931714624778091,mean_p|train_n=12|p=20,127,226,-1.55047,0.95916000000000001
1435186347,18,20,mean_p,12,0.31902197128599519,0.018679563030918899,mean_p|train_n=12|p=20,128,227,-1.55047,0.95916000000000001
4162399997,18,20,mean_p,12,0.35328760249582308,0.012181394884243232,mean_p|train_n=12|p=20,129,229,-1.55047,0.95916000000000001
1937580783,18,20,mean_p,12,0.37908086165404387,0.0088294818362879227,mean_p|train_n=12|p=20,130,230,-1.55047,0.95916000000000001
1583672022,18,20,mean_p,12,0.32512623775194111,0.017309738263791313,mean_p|train_n=12|p=20,131,233,-1.55047,0.95916000000000001
1035455557,18,20,mean_p,12,0.22940958710873879,0.057139310279698,mean_p|train_n=12|p=20,132,235,-1.55047,0.95916000000000001
3645745742,18,20,mean_p,12,0.30984736558002424,0.020944966973534724,mean_p|train_n=12|p=20,133,236,-1.55047,0.95916000000000001
3730513968,18,20,mean_p,12,0.30085499411668454,0.023431775820760649,mean_p|train_n=12|p=20,134,237,-1.55047,0.95916000000000001
3922560467,18,20,mean_p,12,0.373634170799373,0.0094503594902107732,mean_p|train_n=12|p=20,135,238,-1.55047,0.95916000000000001
4017920734,18,20,mean_p,12,0.27038128079156099,0.034271115125292184,mean_p|train_n=12|p=20,136,239,-1.55047,0.95916000000000001
1430692270,18,20,mean_p,12,0.32745789842240414,0.016813429401113758,mean_p|train_n=12|p=20,137,240,-1.55047,0.95916000000000001
1977045147,18,20,mean_p,12,0.41995179775367436,0.0053024235862905514,mean_p|train_n=12|p=20,138,242,-1.55047,0.95916000000000001
1187614896,18,20,mean_p,12,0.33517062805391878,0.015270897819846002,mean_p|train_n=12|p=20,139,244,-1.55047,0.95916000000000001
766876837,18,20,mean_p,12,0.25164928330663294,0.043294059739433802,mean_p|train_n=12|p=20,140,246,-1.55047,0.95916000000000001
731886204,18,20,mean_p,12,0.44246389185586815,0.0040039785106641516,mean_p|train_n=12|p=20,141,248,-1.55047,0.95916000000000001
3854694554,18,20,mean_p,12,0.39208499349588116,0.0075070932399486784,mean_p|train_n=12|p=20,142,249,-1.55047,0.95916000000000001
1596199572,18,20,mean_p,12,0.30927069408489455,0.021096207933863412,mean_p|train_n=12|p=20,143,251,-1.55047,0.95916000000000001
2208851614,18,20,mean_p,12,0.43774627067364064,0.0042467271302073575,mean_p|train_n=12|p=20,144,252,-1.55047,0.95916000000000001
2426454650,18,20,mean_p,12,0.33719204669717123,0.014890573808065993,mean_p|train_n=12|p=20,145,253,-1.55047,0.95916000000000001
1316897064,18,20,mean_p,12,0.19015774958105378,0.093244375026694915,mean_p|train_n=12|p=20,146,254,-1.55047,0.95916000000000001
1115505054,18,20,mean_p,12,0.32278471620109322,0.017822890096824875,mean_p|train_n=12|p=20,147,256,-1.55047,0.95916000000000001
5536492,18,20,mean_p,12,0.37905181359048018,0.0088326824191195374,mean_p|train_n=12|p=20,148,262,-1.55047,0.95916000000000001
628418932,18,20,mean_p,12,0.22065089864022583,0.063737393147486984,mean_p|train_n=12|p=20,149,263,-1.55047,0.95916000000000001
26739635,18,20,mean_p,12,0.36691718639963539,0.010276484639923186,mean_p|train_n=12|p=20,150,266,-1.55047,0.95916000000000001
3413609406,18,20,mean_p,12,0.27121131652848812,0.033918032665858973,mean_p|train_n=12|p=20,151,267,-1.55047,0.95916000000000001
705489275,18,20,mean_p,12,0.3536477892340989,0.012126775446029074,mean_p|train_n=12|p=20,152,270,-1.55047,0.95916000000000001
178942195,18,20,mean_p,12,0.33415227585098328,0.015466161943585048,mean_p|train_n=12|p=20,153,272,-1.55047,0.95916000000000001
1001966295,18,20,mean_p,12,0.2660180243664626,0.036188511072232844,mean_p|train_n=12|p=20,154,273,-1.55047,0.95916000000000001
1514298569,18,20,mean_p,12,0.18095938703576706,0.10458378060057,mean_p|train_n=12|p=20,155,274,-1.55047,0.95916000000000001
460876163,18,20,mean_p,12,0.22355540164715404,0.061468997663054886,mean_p|train_n=12|p=20,156,275,-1.55047,0.95916000000000001
2318539903,18,20,mean_p,12,0.13971769899632294,0.17495810662958414,mean_p|train_n=12|p=20,157,277,-1.55047,0.95916000000000001
622809311,18,20,mean_p,12,0.31855199276245411,0.018789417217381581,mean_p|train_n=12|p=20,158,278,-1.55047,0.95916000000000001
2866164823,18,20,mean_p,12,0.37958320422916431,0.0087743156577834557,mean_p|train_n=12|p=20,159,279,-1.55047,0.95916000000000001
3797388260,18,20,mean_p,12,0.22353044467450131,0.0614881408225431,mean_p|train_n=12|p=20,160,281,-1.55047,0.95916000000000001
1766898670,18,20,mean_p,12,0.40786026907400497,0.0061658484985487464,mean_p|train_n=12|p=20,161,283,-1.55047,0.95916000000000001
1604790600,18,20,mean_p,12,0.34962873845082337,0.012750368097547801,mean_p|train_n=12|p=20,162,285,-1.55047,0.95916000000000001
479086731,18,20,mean_p,12,0.28459256289181911,0.028702771688072462,mean_p|train_n=12|p=20,163,286,-1.55047,0.95916000000000001
2313792221,18,20,mean_p,12,0.35728009681271095,0.011589468838577605,mean_p|train_n=12|p=20,164,289,-1.55047,0.95916000000000001
357670865,18,20,mean_p,12,0.23594782103835238,0.052663208171147322,mean_p|train_n=12|p=20,165,290,-1.55047,0.95916000000000001
4032138940,18,20,mean_p,12,0.43253910923861533,0.0045317878298901087,mean_p|train_n=12|p=20,166,293,-1.55047,0.95916000000000001
3971700723,18,20,mean_p,12,0.37279219043759015,0.0095501596890913889,mean_p|train_n=12|p=20,167,294,-1.55047,0.95916000000000001
2398846688,18,20,mean_p,12,0.25538713154958648,0.041321362400820412,mean_p|train_n=12|p=20,168,295,-1.55047,0.95916000000000001
563543180,18,20,mean_p,12,0.25273244143071666,0.042712911566543048,mean_p|train_n=12|p=20,169,296,-1.55047,0.95916000000000001
1233411431,18,20,mean_p,12,0.29421574528991967,0.025455418325687082,mean_p|train_n=12|p=20,170,298,-1.55047,0.95916000000000001
3687015241,18,20,mean_p,12,0.14589497079504973,0.16198032885228147,mean_p|train_n=12|p=20,171,299,-1.55047,0.95916000000000001
709118332,18,20,mean_p,12,0.20253607005949764,0.079900632777596931,mean_p|train_n=12|p=20,172,300,-1.55047,0.95916000000000001
383168662,18,20,mean_p,12,0.25952936484982714,0.039240070198770599,mean_p|train_n=12|p=20,173,301,-1.55047,0.95916000000000001
987927774,18,20,mean_p,12,0.22546419930036965,0.060022383192387625,mean_p|train_n=12|p=20,174,302,-1.55047,0.95916000000000001
3035692477,18,20,mean_p,12,0.17391861202074552,0.1141865778940421,mean_p|train_n=12|p=20,175,304,-1.55047,0.95916000000000001
4269076176,18,20,mean_p,12,0.21371138858304636,0.069501841101165474,mean_p|train_n=12|p=20,176,305,-1.55047,0.95916000000000001
3661380471,18,20,mean_p,12,0.30776761032433919,0.021495567571836242,mean_p|train_n=12|p=20,177,306,-1.55047,0.95916000000000001
522135609,18,20,mean_p,12,0.32057923053305998,0.018320133800882342,mean_p|train_n=12|p=20,178,307,-1.55047,0.95916000000000001
3628035376,18,20,mean_p,12,0.51141868119397449,0.0016937817888372333,mean_p|train_n=12|p=20,179,308,-1.55047,0.95916000000000001
2009608799,18,20,mean_p,12,0.29618497615453809,0.024837614513086144,mean_p|train_n=12|p=20,180,309,-1.55047,0.95916000000000001
1121903872,18,20,mean_p,12,0.54683551378502693,0.0010888045769377394,mean_p|train_n=12|p=20,181,313,-1.55047,0.95916000000000001
3128772587,18,20,mean_p,12,0.14533968420089927,0.16310644379455208,mean_p|train_n=12|p=20,182,314,-1.55047,0.95916000000000001
2016483275,18,20,mean_p,12,0.31054673329104893,0.020763001150769528,mean_p|train_n=12|p=20,183,318,-1.55047,0.95916000000000001
172940573,18,20,mean_p,12,0.33960283922062723,0.014449354896129361,mean_p|train_n=12|p=20,184,319,-1.55047,0.95916000000000001
199120996,18,20,mean_p,12,0.47430078296282246,0.0026914249402208447,mean_p|train_n=12|p=20,185,320,-1.55047,0.95916000000000001
985491417,18,20,mean_p,12,0.25874742642806764,0.039624768704837339,mean_p|train_n=12|p=20,186,321,-1.55047,0.95916000000000001
2118196914,18,20,mean_p,12,0.35603245551581947,0.011771286397052742,mean_p|train_n=12|p=20,187,324,-1.55047,0.95916000000000001
3709899138,18,20,mean_p,12,0.29786813044941052,0.02432146010694778,mean_p|train_n=12|p=20,188,325,-1.55047,0.95916000000000001
4242292717,18,20,mean_p,12,0.27171355618248749,0.03370615770898263,mean_p|train_n=12|p=20,189,326,-1.55047,0.95916000000000001
3210347786,18,20,mean_p,12,0.38974618595944022,0.0077293812970930433,mean_p|train_n=12|p=20,190,327,-1.55047,0.95916000000000001
554982947,18,20,mean_p,12,0.22852370458079191,0.057774365370443566,mean_p|train_n=12|p=20,191,328,-1.55047,0.95916000000000001
1487483084,18,20,mean_p,12,0.16030891100808392,0.13531930726616698,mean_p|train_n=12|p=20,192,329,-1.55047,0.95916000000000001
2416455159,18,20,mean_p,12,0.2351052384509609,0.053219756062631796,mean_p|train_n=12|p=20,193,331,-1.55047,0.95916000000000001
3278315769,18,20,mean_p,12,0.29569925150475579,0.024988592842711637,mean_p|train_n=12|p=20,194,332,-1.55047,0.95916000000000001
3596851960,18,20,mean_p,12,0.22994587845504308,0.056758260599732088,mean_p|train_n=12|p=20,195,335,-1.55047,0.95916000000000001
3599966297,18,20,mean_p,12,0.27458682393854422,0.032519235897207122,mean_p|train_n=12|p=20,196,336,-1.55047,0.95916000000000001
1198339854,18,20,mean_p,12,0.42376122470532451,0.0050563006169827493,mean_p|train_n=12|p=20,197,337,-1.55047,0.95916000000000001
1938814886,18,20,mean_p,12,0.2093570666428318,0.073382140637871851,mean_p|train_n=12|p=20,198,339,-1.55047,0.95916000000000001
3238324275,18,20,mean_p,12,0.34982132740573674,0.012719767465665114,mean_p|train_n=12|p=20,199,346,-1.55047,0.95916000000000001
1037854311,18,20,mean_p,12,0.24526318988928797,0.046884751036921475,mean_p|train_n=12|p=20,200,348,-1.55047,0.95916000000000001
2846002818,18,20,mean_p,12,0.2208251335220936,0.063598986992294063,mean_p|train_n=12|p=20,201,350,-1.55047,0.95916000000000001
5824266,18,20,mean_p,12,0.15601892338710319,0.14275957127585229,mean_p|train_n=12|p=20,202,351,-1.55047,0.95916000000000001
1499579340,18,20,mean_p,12,0.40310344810911281,0.0065428637077178291,mean_p|train_n=12|p=20,203,353,-1.55047,0.95916000000000001
2570860482,18,20,mean_p,12,0.26777444191873184,0.035404094915413034,mean_p|train_n=12|p=20,204,354,-1.55047,0.95916000000000001
205733348,18,20,mean_p,12,0.38873213655015154,0.0078277942005010037,mean_p|train_n=12|p=20,205,355,-1.55047,0.95916000000000001
3374199836,18,20,mean_p,12,0.35394277215905445,0.012082226109936737,mean_p|train_n=12|p=20,206,357,-1.55047,0.95916000000000001
881845209,18,20,mean_p,12,0.53247892401960306,0.0013023919181953858,mean_p|train_n=12|p=20,207,359,-1.55047,0.95916000000000001
3651216846,18,20,mean_p,12,0.21762321621763539,0.066191148236335359,mean_p|train_n=12|p=20,208,360,-1.55047,0.95916000000000001
563770760,18,20,mean_p,12,0.35217426729149831,0.012351783567683242,mean_p|train_n=12|p=20,209,362,-1.55047,0.95916000000000001
3225484450,18,20,mean_p,12,0.31975114181277409,0.018510394427988991,mean_p|train_n=12|p=20,210,365,-1.55047,0.95916000000000001
3713033466,18,20,mean_p,12,0.26094771523458876,0.038551775784249447,mean_p|train_n=12|p=20,211,366,-1.55047,0.95916000000000001
1243990911,18,20,mean_p,12,0.35562858953253312,0.011830750354489024,mean_p|train_n=12|p=20,212,369,-1.55047,0.95916000000000001
1716570165,18,20,mean_p,12,0.2729019309602832,0.033210085394070395,mean_p|train_n=12|p=20,213,371,-1.55047,0.95916000000000001
4265240670,18,20,mean_p,12,0.2434762046568873,0.047941814262815255,mean_p|train_n=12|p=20,214,372,-1.55047,0.95916000000000001
3649708031,18,20,mean_p,12,0.26246289783315041,0.037829823066237445,mean_p|train_n=12|p=20,215,375,-1.55047,0.95916000000000001
4020124779,18,20,mean_p,12,0.26160694867058026,0.038235986955193042,mean_p|train_n=12|p=20,216,376,-1.55047,0.95916000000000001
837562590,18,20,mean_p,12,0.28428602099500405,0.028812758955524452,mean_p|train_n=12|p=20,217,377,-1.55047,0.95916000000000001
1297410257,18,20,mean_p,12,0.23686427310858871,0.052064473393797543,mean_p|train_n=12|p=20,218,380,-1.55047,0.95916000000000001
744249509,18,20,mean_p,12,0.26873578460927977,0.034981982858212003,mean_p|train_n=12|p=20,219,381,-1.55047,0.95916000000000001
2502625480,18,20,mean_p,12,0.40864046347393068,0.0061061199994387376,mean_p|train_n=12|p=20,220,382,-1.55047,0.95916000000000001
877467632,18,20,mean_p,12,0.3293490358031127,0.016421359211748518,mean_p|train_n=12|p=20,221,384,-1.55047,0.95916000000000001
2088561664,18,20,mean_p,12,0.43597760794525642,0.0043414812154214206,mean_p|train_n=12|p=20,222,385,-1.55047,0.95916000000000001
2012026888,18,20,mean_p,12,0.35688256628335835,0.011647093640813188,mean_p|train_n=12|p=20,223,386,-1.55047,0.95916000000000001
773649814,18,20,mean_p,12,0.2035146051113369,0.07893106951027222,mean_p|train_n=12|p=20,224,388,-1.55047,0.95916000000000001
1712848324,18,20,mean_p,12,0.24159320758552283,0.049081469815532686,mean_p|train_n=12|p=20,225,389,-1.55047,0.95916000000000001
1884751700,18,20,mean_p,12,0.47051814643769646,0.0028214908065935023,mean_p|train_n=12|p=20,226,391,-1.55047,0.95916000000000001
866425102,18,20,mean_p,12,0.22794649329699762,0.058191938670632569,mean_p|train_n=12|p=20,227,392,-1.55047,0.95916000000000001
3561712143,18,20,mean_p,12,0.24360921802627949,0.047862317872947244,mean_p|train_n=12|p=20,228,394,-1.55047,0.95916000000000001
2966507066,18,20,mean_p,12,0.23040184912674289,0.056436280380796178,mean_p|train_n=12|p=20,229,395,-1.55047,0.95916000000000001
2856881042,18,20,mean_p,12,0.2103719829384102,0.07245877908457854,mean_p|train_n=12|p=20,230,396,-1.55047,0.95916000000000001
3039536155,18,20,mean_p,12,0.37883191943191941,0.0088569485291859294,mean_p|train_n=12|p=20,231,397,-1.55047,0.95916000000000001
1656050685,18,20,mean_p,12,0.29560848513687543,0.025016907457514639,mean_p|train_n=12|p=20,232,398,-1.55047,0.95916000000000001
1034728259,18,20,mean_p,12,0.33054926813586616,0.016177283427293028,mean_p|train_n=12|p=20,233,399,-1.55047,0.95916000000000001
2832053854,18,20,mean_p,12,0.13502450700531787,0.18550871552609571,mean_p|train_n=12|p=20,234,400,-1.55047,0.95916000000000001
2404613167,18,20,mean_p,12,0.3771504086308512,0.0090447268191099894,mean_p|train_n=12|p=20,235,401,-1.55047,0.95916000000000001
2755127794,18,20,mean_p,12,0.27133555545290811,0.033865497543289623,mean_p|train_n=12|p=20,236,402,-1.55047,0.95916000000000001
166081147,18,20,mean_p,12,0.20622242189500065,0.076308966937082265,mean_p|train_n=12|p=20,237,403,-1.55047,0.95916000000000001
2984680703,18,20,mean_p,12,0.23485623516017062,0.053385352398983316,mean_p|train_n=12|p=20,238,406,-1.55047,0.95916000000000001
1546718843,18,20,mean_p,12,0.23416400353928774,0.053848424168816036,mean_p|train_n=12|p=20,239,408,-1.55047,0.95916000000000001
2544485950,18,20,mean_p,12,0.28168664717946329,0.029762517020590289,mean_p|train_n=12|p=20,240,412,-1.55047,0.95916000000000001
1616673133,18,20,mean_p,12,0.30936767773896895,0.021070696305588981,mean_p|train_n=12|p=20,241,413,-1.55047,0.95916000000000001
2021782094,18,20,mean_p,12,0.44374656723419909,0.0039404108860597743,mean_p|train_n=12|p=20,242,415,-1.55047,0.95916000000000001
50196448,18,20,mean_p,12,0.25843240302839982,0.039780817810257121,mean_p|train_n=12|p=20,243,416,-1.55047,0.95916000000000001
4025069837,18,20,mean_p,12,0.32050378127866797,0.018337387649691752,mean_p|train_n=12|p=20,244,417,-1.55047,0.95916000000000001
2918733354,18,20,mean_p,12,0.32801035537857559,0.016697936092836582,mean_p|train_n=12|p=20,245,418,-1.55047,0.95916000000000001
1765606601,18,20,mean_p,12,0.22992623380979482,0.056772173717400037,mean_p|train_n=12|p=20,246,419,-1.55047,0.95916000000000001
2529827374,18,20,mean_p,12,0.51045048275296423,0.0017143665368889761,mean_p|train_n=12|p=20,247,424,-1.55047,0.95916000000000001
2270965576,18,20,mean_p,12,0.32128192587267751,0.018160218035820522,mean_p|train_n=12|p=20,248,426,-1.55047,0.95916000000000001
894440362,18,20,mean_p,12,0.26308854515800284,0.037535673695756416,mean_p|train_n=12|p=20,249,427,-1.55047,0.95916000000000001
3668678131,18,20,mean_p,12,0.26510666546832534,0.036602348319199507,mean_p|train_n=12|p=20,250,428,-1.55047,0.95916000000000001
1859527656,18,20,mean_p,12,0.38633842189959217,0.0080651015029761536,mean_p|train_n=12|p=20,251,431,-1.55047,0.95916000000000001
4148683315,18,20,mean_p,12,0.37822544345541537,0.0089242213800840384,mean_p|train_n=12|p=20,252,433,-1.55047,0.95916000000000001
1201177783,18,20,mean_p,12,0.31436273577386847,0.019797619187918811,mean_p|train_n=12|p=20,253,434,-1.55047,0.95916000000000001
745656657,18,20,mean_p,12,0.18332840405858913,0.10153779401132278,mean_p|train_n=12|p=20,254,436,-1.55047,0.95916000000000001
3129457661,18,20,mean_p,12,0.41079709823576116,0.0059440098904012147,mean_p|train_n=12|p=20,255,437,-1.55047,0.95916000000000001
3676080782,18,20,mean_p,12,0.43570821830067918,0.004356097831618274,mean_p|train_n=12|p=20,256,440,-1.55047,0.95916000000000001
1388562287,18,20,mean_p,12,0.2104888005053728,0.072353247931632239,mean_p|train_n=12|p=20,257,443,-1.55047,0.95916000000000001
2047487881,18,20,mean_p,12,0.2703063708334621,0.034303160748598328,mean_p|train_n=12|p=20,258,446,-1.55047,0.95916000000000001
2041548005,18,20,mean_p,12,0.23368860025293831,0.054168771991638429,mean_p|train_n=12|p=20,259,448,-1.55047,0.95916000000000001
208828152,18,20,mean_p,12,0.24288468102797156,0.048296944876276983,mean_p|train_n=12|p=20,260,449,-1.55047,0.95916000000000001
3091039359,18,20,mean_p,12,0.27293614720055592,0.033195910900616993,mean_p|train_n=12|p=20,261,450,-1.55047,0.95916000000000001
2301022361,18,20,mean_p,12,0.17751214020776918,0.10918007332807937,mean_p|train_n=12|p=20,262,454,-1.55047,0.95916000000000001
31954780,18,20,mean_p,12,0.4708187617039431,0.0028109281431036854,mean_p|train_n=12|p=20,263,455,-1.55047,0.95916000000000001
3099173383,18,20,mean_p,12,0.43309768263889625,0.0045003150330692344,mean_p|train_n=12|p=20,264,456,-1.55047,0.95916000000000001
1327793556,18,20,mean_p,12,0.30632918337069442,0.021884825628892962,mean_p|train_n=12|p=20,265,457,-1.55047,0.95916000000000001
610427837,18,20,mean_p,12,0.50944845317811593,0.0017359340357623629,mean_p|train_n=12|p=20,266,458,-1.55047,0.95916000000000001
1844496330,18,20,mean_p,12,0.38442981776678453,0.0082594605892382152,mean_p|train_n=12|p=20,267,459,-1.55047,0.95916000000000001
3625617012,18,20,mean_p,12,0.32865331354983407,0.016564521695723519,mean_p|train_n=12|p=20,268,460,-1.55047,0.95916000000000001
3720046817,18,20,mean_p,12,0.43951740033399622,0.0041539132249030688,mean_p|train_n=12|p=20,269,461,-1.55047,0.95916000000000001
2041755736,18,20,mean_p,12,0.22037575400091847,0.063956572163667527,mean_p|train_n=12|p=20,270,462,-1.55047,0.95916000000000001
4220313670,18,20,mean_p,12,0.29275211617528185,0.025924534757473347,mean_p|train_n=12|p=20,271,463,-1.55047,0.95916000000000001
3560316124,18,20,mean_p,12,0.40475763661775255,0.0064092112639219708,mean_p|train_n=12|p=20,272,467,-1.55047,0.95916000000000001
640621342,18,20,mean_p,12,0.2603518916434428,0.03883943301506855,mean_p|train_n=12|p=20,273,468,-1.55047,0.95916000000000001
3801620013,18,20,mean_p,12,0.24096753745527477,0.049466112219288039,mean_p|train_n=12|p=20,274,470,-1.55047,0.95916000000000001
1643297426,18,20,mean_p,12,0.51137509139854787,0.0016947032103718292,mean_p|train_n=12|p=20,275,471,-1.55047,0.95916000000000001
2202394461,18,20,mean_p,12,0.40198383052281678,0.0066349028215927051,mean_p|train_n=12|p=20,276,473,-1.55047,0.95916000000000001
4095094716,18,20,mean_p,12,0.31406050729020207,0.019872412953777265,mean_p|train_n=12|p=20,277,476,-1.55047,0.95916000000000001
998916348,18,20,mean_p,12,0.27418978233312902,0.032680727689229333,mean_p|train_n=12|p=20,278,477,-1.55047,0.95916000000000001
2158108620,18,20,mean_p,12,0.29778489288099536,0.024346731694630787,mean_p|train_n=12|p=20,279,478,-1.55047,0.95916000000000001
3076763004,18,20,mean_p,12,0.42534615750801202,0.0049572961541408745,mean_p|train_n=12|p=20,280,481,-1.55047,0.95916000000000001
265500331,18,20,mean_p,12,0.31556822625933756,0.019502081539239258,mean_p|train_n=12|p=20,281,491,-1.55047,0.95916000000000001
700509222,18,20,mean_p,12,0.24869194455400356,0.044921346972964696,mean_p|train_n=12|p=20,282,494,-1.55047,0.95916000000000001
3273964790,18,20,mean_p,12,0.21665741417121687,0.066993574709814471,mean_p|train_n=12|p=20,283,495,-1.55047,0.95916000000000001
1740608343,18,20,mean_p,12,0.22225765609281151,0.062472375108444417,mean_p|train_n=12|p=20,284,497,-1.55047,0.95916000000000001
321388832,18,20,mean_p,12,0.37105433508158875,0.0097594933424943187,mean_p|train_n=12|p=20,285,498,-1.55047,0.95916000000000001
2803478300,18,20,mean_p,12,0.31213915152336952,0.020354551915108716,mean_p|train_n=12|p=20,286,499,-1.55047,0.95916000000000001
2427915797,18,20,mean_p,12,0.25906251457356499,0.039469299852992371,mean_p|train_n=12|p=20,287,505,-1.55047,0.95916000000000001
901322896,18,20,mean_p,12,0.27823971451549201,0.031070411062711301,mean_p|train_n=12|p=20,288,508,-1.55047,0.95916000000000001
168005188,18,20,mean_p,12,0.36345235017566391,0.010730474599263518,mean_p|train_n=12|p=20,289,509,-1.55047,0.95916000000000001
2080333643,18,20,mean_p,12,0.34489245216248354,0.013526532464154117,mean_p|train_n=12|p=20,290,510,-1.55047,0.95916000000000001
2123695939,18,20,mean_p,12,0.32271111034215971,0.017839265345865794,mean_p|train_n=12|p=20,291,511,-1.55047,0.95916000000000001
3505526004,18,20,mean_p,12,0.33365533584660906,0.015562352296729467,mean_p|train_n=12|p=20,292,513,-1.55047,0.95916000000000001
2179775,18,20,mean_p,12,0.24199172216552592,0.048838036224975803,mean_p|train_n=12|p=20,293,514,-1.55047,0.95916000000000001
1617353836,18,20,mean_p,12,0.34631696045458138,0.0132882479793269,mean_p|train_n=12|p=20,294,515,-1.55047,0.95916000000000001
3050697648,18,20,mean_p,12,0.25397761131823271,0.042054470942060031,mean_p|train_n=12|p=20,295,520,-1.55047,0.95916000000000001
963895534,18,20,mean_p,12,0.13849869957796007,0.17763938755730535,mean_p|train_n=12|p=20,296,521,-1.55047,0.95916000000000001
143855292,18,20,mean_p,12,0.35085818098262089,0.012556278487151634,mean_p|train_n=12|p=20,297,523,-1.55047,0.95916000000000001
2193315666,18,20,mean_p,12,0.49953770512838946,0.0019644229634258269,mean_p|train_n=12|p=20,298,524,-1.55047,0.95916000000000001
2348593045,18,20,mean_p,12,0.27482307329417577,0.032423523316748581,mean_p|train_n=12|p=20,299,526,-1.55047,0.95916000000000001
1565733948,18,20,mean_p,12,0.49932075012673965,0.0019697476071901211,mean_p|train_n=12|p=20,300,528,-1.55047,0.95916000000000001
2697210686,18,20,mean_p,12,0.25771388973831094,0.040139041728165355,mean_p|train_n=12|p=20,301,529,-1.55047,0.95916000000000001
2668538086,18,20,mean_p,12,0.21271999392571025,0.070366867923076212,mean_p|train_n=12|p=20,302,530,-1.55047,0.95916000000000001
200296362,18,20,mean_p,12,0.41588305219596555,0.0055785467738527234,mean_p|train_n=12|p=20,303,533,-1.55047,0.95916000000000001
853046947,18,20,mean_p,12,0.22772365722417109,0.058353951777768559,mean_p|train_n=12|p=20,304,535,-1.55047,0.95916000000000001
680865918,18,20,mean_p,12,0.24240484725387346,0.048586952280972789,mean_p|train_n=12|p=20,305,537,-1.55047,0.95916000000000001
1734214740,18,20,mean_p,12,0.2734165046666881,0.032997554447645849,mean_p|train_n=12|p=20,306,539,-1.55047,0.95916000000000001
2587712885,18,20,mean_p,12,0.49810843054106901,0.0019997678575814238,mean_p|train_n=12|p=20,307,540,-1.55047,0.95916000000000001
252958137,18,20,mean_p,12,0.24346214066302765,0.047950227423874295,mean_p|train_n=12|p=20,308,541,-1.55047,0.95916000000000001
3667422858,18,20,mean_p,12,0.23825734621842154,0.051167365638864301,mean_p|train_n=12|p=20,309,542,-1.55047,0.95916000000000001
3791657073,18,20,mean_p,12,0.27841975180436462,0.031000697102974095,mean_p|train_n=12|p=20,310,543,-1.55047,0.95916000000000001
1534697533,18,20,mean_p,12,0.14050997458272532,0.17323717510741163,mean_p|train_n=12|p=20,311,544,-1.55047,0.95916000000000001
3093260664,18,20,mean_p,12,0.22454549596386572,0.060714338249581348,mean_p|train_n=12|p=20,312,545,-1.55047,0.95916000000000001
4002790006,18,20,mean_p,12,0.53989330853645667,0.0011873166391981782,mean_p|train_n=12|p=20,313,546,-1.55047,0.95916000000000001
3662364816,18,20,mean_p,12,0.30757365993717112,0.021547646627865399,mean_p|train_n=12|p=20,314,547,-1.55047,0.95916000000000001
619261901,18,20,mean_p,12,0.43753270924429788,0.0042580577551923479,mean_p|train_n=12|p=20,315,548,-1.55047,0.95916000000000001
420956218,18,20,mean_p,12,0.38665491513912453,0.0080333170268377177,mean_p|train_n=12|p=20,316,551,-1.55047,0.95916000000000001
2566643114,18,20,mean_p,12,0.33858759245066972,0.014633547217648689,mean_p|train_n=12|p=20,317,553,-1.55047,0.95916000000000001
345936098,18,20,mean_p,12,0.20301743331707064,0.079422203628266019,mean_p|train_n=12|p=20,318,554,-1.55047,0.95916000000000001
3876774881,18,20,mean_p,12,0.3469878106884135,0.013177490001216693,mean_p|train_n=12|p=20,319,556,-1.55047,0.95916000000000001
3740156809,18,20,mean_p,12,0.35975595773687979,0.011236937901667438,mean_p|train_n=12|p=20,320,558,-1.55047,0.95916000000000001
813503452,18,20,mean_p,12,0.28526840425514227,0.028461760712419362,mean_p|train_n=12|p=20,321,559,-1.55047,0.95916000000000001
1078245420,18,20,mean_p,12,0.27579827133730517,0.032031409995073645,mean_p|train_n=12|p=20,322,560,-1.55047,0.95916000000000001
3251095506,18,20,mean_p,12,0.34515423306836124,0.013482424870042179,mean_p|train_n=12|p=20,323,561,-1.55047,0.95916000000000001
3294799752,18,20,mean_p,12,0.34711910370022642,0.013155921666591148,mean_p|train_n=12|p=20,324,564,-1.55047,0.95916000000000001
1745368934,18,20,mean_p,12,0.39385065275319031,0.0073435239358404462,mean_p|train_n=12|p=20,325,565,-1.55047,0.95916000000000001
2500688530,18,20,mean_p,12,0.47065312095543199,0.0028167433308003581,mean_p|train_n=12|p=20,326,567,-1.55047,0.95916000000000001
384449966,18,20,mean_p,12,0.39194640913215356,0.0075200847467456009,mean_p|train_n=12|p=20,327,569,-1.55047,0.95916000000000001
688756831,18,20,mean_p,12,0.34207591645098551,0.014010317920978066,mean_p|train_n=12|p=20,328,570,-1.55047,0.95916000000000001
1910261874,18,20,mean_p,12,0.27606452758017946,0.031925178654615471,mean_p|train_n=12|p=20,329,571,-1.55047,0.95916000000000001
1619461963,18,20,mean_p,12,0.29764432033744098,0.024389470270218337,mean_p|train_n=12|p=20,330,573,-1.55047,0.95916000000000001
1545700062,18,20,mean_p,12,0.17805261699874067,0.10844631182541549,mean_p|train_n=12|p=20,331,574,-1.55047,0.95916000000000001
2340083302,18,20,mean_p,12,0.32226166591196848,0.017939581106280102,mean_p|train_n=12|p=20,332,577,-1.55047,0.95916000000000001
2415940634,18,20,mean_p,12,0.20179959791836954,0.0806381995405481,mean_p|train_n=12|p=20,333,578,-1.55047,0.95916000000000001
2605478849,18,20,mean_p,12,0.24472856876985716,0.047198530798979621,mean_p|train_n=12|p=20,334,580,-1.55047,0.95916000000000001
709097820,18,20,mean_p,12,0.40829442114488779,0.0061325398518300807,mean_p|train_n=12|p=20,335,581,-1.55047,0.95916000000000001
3866847494,18,20,mean_p,12,0.26179186932488457,0.038147870952262283,mean_p|train_n=12|p=20,336,582,-1.55047,0.95916000000000001
558738068,18,20,mean_p,12,0.42381952030437325,0.0050526243360371967,mean_p|train_n=12|p=20,337,583,-1.55047,0.95916000000000001
2749026346,18,20,mean_p,12,0.30832455309446594,0.021346717373059175,mean_p|train_n=12|p=20,338,584,-1.55047,0.95916000000000001
239163499,18,20,mean_p,12,0.22130705908749917,0.063217725346974354,mean_p|train_n=12|p=20,339,585,-1.55047,0.95916000000000001
647182635,18,20,mean_p,12,0.43777872601472129,0.004245007834522801,mean_p|train_n=12|p=20,340,586,-1.55047,0.95916000000000001
3729497021,18,20,mean_p,12,0.24134179815354725,0.049235667696964233,mean_p|train_n=12|p=20,341,587,-1.55047,0.95916000000000001
1875050571,18,20,mean_p,12,0.20463658752472719,0.077833844253416468,mean_p|train_n=12|p=20,342,588,-1.55047,0.95916000000000001
3159193456,18,20,mean_p,12,0.24784697209023607,0.045397432043004296,mean_p|train_n=12|p=20,343,591,-1.55047,0.95916000000000001
1255496617,18,20,mean_p,12,0.37302530119641347,0.0095224239648435387,mean_p|train_n=12|p=20,344,592,-1.55047,0.95916000000000001
2245605182,18,20,mean_p,12,0.19862106861022338,0.083900357312683096,mean_p|train_n=12|p=20,345,593,-1.55047,0.95916000000000001
3420359995,18,20,mean_p,12,0.24992678792657394,0.044234561053320388,mean_p|train_n=12|p=20,346,594,-1.55047,0.95916000000000001
2337357590,18,20,mean_p,12,0.39576611468046274,0.0071701048723125443,mean_p|train_n=12|p=20,347,595,-1.55047,0.95916000000000001
4228294322,18,20,mean_p,12,0.30966539050857328,0.020992575271731762,mean_p|train_n=12|p=20,348,596,-1.55047,0.95916000000000001
2453845812,18,20,mean_p,12,0.28141350316020003,0.029864118387223988,mean_p|train_n=12|p=20,349,598,-1.55047,0.95916000000000001
3394729294,18,20,mean_p,12,0.23234607815820096,0.055083750156394946,mean_p|train_n=12|p=20,350,600,-1.55047,0.95916000000000001
859094758,18,20,mean_p,12,0.17846815185340045,0.10788552874633578,mean_p|train_n=12|p=20,351,601,-1.55047,0.95916000000000001
2610773261,18,20,mean_p,12,0.28490283826149132,0.028591872400606091,mean_p|train_n=12|p=20,352,603,-1.55047,0.95916000000000001
4274128496,18,20,mean_p,12,0.21609412169237044,0.067466064116281879,mean_p|train_n=12|p=20,353,604,-1.55047,0.95916000000000001
1895392178,18,20,mean_p,12,0.3507552958804242,0.012572406845794568,mean_p|train_n=12|p=20,354,607,-1.55047,0.95916000000000001
4260995451,18,20,mean_p,12,0.32797760312918262,0.01670476090386443,mean_p|train_n=12|p=20,355,609,-1.55047,0.95916000000000001
2267019255,18,20,mean_p,12,0.25190257960077589,0.043157453968432707,mean_p|train_n=12|p=20,356,611,-1.55047,0.95916000000000001
1709941098,18,20,mean_p,12,0.40956332172073773,0.0060362162572733646,mean_p|train_n=12|p=20,357,612,-1.55047,0.95916000000000001
2322578687,18,20,mean_p,12,0.30831171071525421,0.021350138028654098,mean_p|train_n=12|p=20,358,613,-1.55047,0.95916000000000001
2697863905,18,20,mean_p,12,0.37913784186695804,0.0088232069929744458,mean_p|train_n=12|p=20,359,614,-1.55047,0.95916000000000001
1792258649,18,20,mean_p,12,0.23682950167924988,0.052087065472811535,mean_p|train_n=12|p=20,360,615,-1.55047,0.95916000000000001
3984350111,18,20,mean_p,12,0.38377155627059861,0.0083275740164082054,mean_p|train_n=12|p=20,361,617,-1.55047,0.95916000000000001
2454697974,18,20,mean_p,12,0.21576812942476009,0.067741027041978596,mean_p|train_n=12|p=20,362,621,-1.55047,0.95916000000000001
438898913,18,20,mean_p,12,0.31841652775988311,0.018821200990261178,mean_p|train_n=12|p=20,363,622,-1.55047,0.95916000000000001
1437241863,18,20,mean_p,12,0.38504637679983073,0.0081961676940084001,mean_p|train_n=12|p=20,364,625,-1.55047,0.95916000000000001
3280037041,18,20,mean_p,12,0.46045700559648572,0.0031988607327934596,mean_p|train_n=12|p=20,365,626,-1.55047,0.95916000000000001
635683610,18,20,mean_p,12,0.23984848247596716,0.050161604826709859,mean_p|train_n=12|p=20,366,630,-1.55047,0.95916000000000001
2307345658,18,20,mean_p,12,0.47053680130248932,0.002820834180448247,mean_p|train_n=12|p=20,367,631,-1.55047,0.95916000000000001
2354958524,18,20,mean_p,12,0.39220353421930471,0.0074959985229162591,mean_p|train_n=12|p=20,368,632,-1.55047,0.95916000000000001
429720003,18,20,mean_p,12,0.35666409375133351,0.011678884657049011,mean_p|train_n=12|p=20,369,633,-1.55047,0.95916000000000001
2481552105,18,20,mean_p,12,0.33156723493547169,0.015973118025985542,mean_p|train_n=12|p=20,370,634,-1.55047,0.95916000000000001
3307746167,18,20,mean_p,12,0.39737294459176736,0.0070277909729219747,mean_p|train_n=12|p=20,371,635,-1.55047,0.95916000000000001
3911882341,18,20,mean_p,12,0.23360236144603805,0.054227087405350101,mean_p|train_n=12|p=20,372,637,-1.55047,0.95916000000000001
1553206979,18,20,mean_p,12,0.4855897475596484,0.0023378280609091195,mean_p|train_n=12|p=20,373,638,-1.55047,0.95916000000000001
2194055609,18,20,mean_p,12,0.26910233182227461,0.034822365685600001,mean_p|train_n=12|p=20,374,639,-1.55047,0.95916000000000001
2294636669,18,20,mean_p,12,0.22923355387681627,0.057264943540307187,mean_p|train_n=12|p=20,375,640,-1.55047,0.95916000000000001
2478595565,18,20,mean_p,12,0.24580964879400297,0.046566179167416066,mean_p|train_n=12|p=20,376,642,-1.55047,0.95916000000000001
1791744416,18,20,mean_p,12,0.28315117103827309,0.029223624289772154,mean_p|train_n=12|p=20,377,643,-1.55047,0.95916000000000001
4196206772,18,20,mean_p,12,0.31078969654840588,0.020700156168382809,mean_p|train_n=12|p=20,378,644,-1.55047,0.95916000000000001
1591546733,18,20,mean_p,12,0.26000144416522908,0.039009626758006795,mean_p|train_n=12|p=20,379,646,-1.55047,0.95916000000000001
3648436965,18,20,mean_p,12,0.17138390949343871,0.11785538866631545,mean_p|train_n=12|p=20,380,647,-1.55047,0.95916000000000001
3300940978,18,20,mean_p,12,0.24702120261505497,0.045867572073982898,mean_p|train_n=12|p=20,381,648,-1.55047,0.95916000000000001
4221131710,18,20,mean_p,12,0.256483753184712,0.040759846897499105,mean_p|train_n=12|p=20,382,649,-1.55047,0.95916000000000001
3637087733,18,20,mean_p,12,0.24975986850869772,0.044326779724060246,mean_p|train_n=12|p=20,383,651,-1.55047,0.95916000000000001
3009411260,18,20,mean_p,12,0.20670410748054485,0.075851738926860035,mean_p|train_n=12|p=20,384,652,-1.55047,0.95916000000000001
598196176,18,20,mean_p,12,0.1066240190768165,0.26439515712194278,mean_p|train_n=12|p=20,385,655,-1.55047,0.95916000000000001
2675625373,18,20,mean_p,12,0.33722611327816154,0.014884246111337211,mean_p|train_n=12|p=20,386,657,-1.55047,0.95916000000000001
4252550335,18,20,mean_p,12,0.1874628633882009,0.096432847480096284,mean_p|train_n=12|p=20,387,658,-1.55047,0.95916000000000001
3190192817,18,20,mean_p,12,0.37530579120228003,0.009255301853067938,mean_p|train_n=12|p=20,388,659,-1.55047,0.95916000000000001
1493406675,18,20,mean_p,12,0.44822405573499174,0.0037263192497155257,mean_p|train_n=12|p=20,389,661,-1.55047,0.95916000000000001
2857457150,18,20,mean_p,12,0.41608903596463531,0.0055642283867826433,mean_p|train_n=12|p=20,390,665,-1.55047,0.95916000000000001
1468871626,18,20,mean_p,12,0.36661324063860501,0.010315529364696849,mean_p|train_n=12|p=20,391,666,-1.55047,0.95916000000000001
3384989441,18,20,mean_p,12,0.28971828248676879,0.026924640931050941,mean_p|train_n=12|p=20,392,671,-1.55047,0.95916000000000001
3721678430,18,20,mean_p,12,0.36531812337080288,0.01048356915342373,mean_p|train_n=12|p=20,393,672,-1.55047,0.95916000000000001
4130799095,18,20,mean_p,12,0.33759091628112392,0.014816654120481096,mean_p|train_n=12|p=20,394,675,-1.55047,0.95916000000000001
471688557,18,20,mean_p,12,0.24992941133226754,0.044233113221766138,mean_p|train_n=12|p=20,395,676,-1.55047,0.95916000000000001
3082623256,18,20,mean_p,12,0.18385280334408266,0.10087562657935716,mean_p|train_n=12|p=20,396,679,-1.55047,0.95916000000000001
2829993631,18,20,mean_p,12,0.24486053640702721,0.047120881703653153,mean_p|train_n=12|p=20,397,680,-1.55047,0.95916000000000001
1299801600,18,20,mean_p,12,0.27648896196604378,0.031756565107827497,mean_p|train_n=12|p=20,398,682,-1.55047,0.95916000000000001
1487154001,18,20,mean_p,12,0.33572678200156569,0.015165300800004725,mean_p|train_n=12|p=20,399,684,-1.55047,0.95916000000000001
291005860,18,20,mean_p,12,0.15025147150908483,0.15341096553464534,mean_p|train_n=12|p=20,400,688,-1.55047,0.95916000000000001
3250012585,18,20,mean_p,12,0.40715421120551026,0.006220404862571618,mean_p|train_n=12|p=20,401,689,-1.55047,0.95916000000000001
2153574629,18,20,mean_p,12,0.30297714976352164,0.022819504951942956,mean_p|train_n=12|p=20,402,690,-1.55047,0.95916000000000001
630091242,18,20,mean_p,12,0.4005896818012849,0.0067513219215963871,mean_p|train_n=12|p=20,403,691,-1.55047,0.95916000000000001
1388400972,18,20,mean_p,12,0.24651682620191087,0.04615712349159766,mean_p|train_n=12|p=20,404,692,-1.55047,0.95916000000000001
1738581444,18,20,mean_p,12,0.22366603201738533,0.061384210760417578,mean_p|train_n=12|p=20,405,694,-1.55047,0.95916000000000001
1834743712,18,20,mean_p,12,0.28156800727827913,0.029806604966621377,mean_p|train_n=12|p=20,406,695,-1.55047,0.95916000000000001
841071557,18,20,mean_p,12,0.17358697785220872,0.11466002458983234,mean_p|train_n=12|p=20,407,696,-1.55047,0.95916000000000001
1519261113,18,20,mean_p,12,0.25497615006362806,0.041533788948918918,mean_p|train_n=12|p=20,408,697,-1.55047,0.95916000000000001
3421055488,18,20,mean_p,12,0.35094965336899181,0.012541956571388275,mean_p|train_n=12|p=20,409,698,-1.55047,0.95916000000000001
698286894,18,20,mean_p,12,0.27845335038690067,0.030987704404577533,mean_p|train_n=12|p=20,410,699,-1.55047,0.95916000000000001
3752181183,18,20,mean_p,12,0.36585079427803685,0.010414126907563768,mean_p|train_n=12|p=20,411,701,-1.55047,0.95916000000000001
2795780550,18,20,mean_p,12,0.27123556232044288,0.033907773801024409,mean_p|train_n=12|p=20,412,702,-1.55047,0.95916000000000001
3273801344,18,20,mean_p,12,0.32969575709096172,0.016350475157126881,mean_p|train_n=12|p=20,413,703,-1.55047,0.95916000000000001
2541628982,18,20,mean_p,12,0.22470685331722948,0.060592231152538853,mean_p|train_n=12|p=20,414,706,-1.55047,0.95916000000000001
3258669478,18,20,mean_p,12,0.34128509235646404,0.014149239645848249,mean_p|train_n=12|p=20,415,707,-1.55047,0.95916000000000001
3879730565,18,20,mean_p,12,0.29734826430217937,0.024479726376817074,mean_p|train_n=12|p=20,416,708,-1.55047,0.95916000000000001
3743094465,18,20,mean_p,12,0.40573102016232221,0.0063318449218561779,mean_p|train_n=12|p=20,417,709,-1.55047,0.95916000000000001
2097223582,18,20,mean_p,12,0.37186421540385162,0.0096613741990026984,mean_p|train_n=12|p=20,418,710,-1.55047,0.95916000000000001
3569079802,18,20,mean_p,12,0.35482230581588708,0.011950365016359149,mean_p|train_n=12|p=20,419,712,-1.55047,0.95916000000000001
529977650,18,20,mean_p,12,0.18621624586560998,0.097944451315123957,mean_p|train_n=12|p=20,420,714,-1.55047,0.95916000000000001
2383976871,18,20,mean_p,12,0.32548180183246495,0.017233118045339446,mean_p|train_n=12|p=20,421,715,-1.55047,0.95916000000000001
2827161312,18,20,mean_p,12,0.33787775887602645,0.014763722541506584,mean_p|train_n=12|p=20,422,716,-1.55047,0.95916000000000001
4282038819,18,20,mean_p,12,0.22133361282687891,0.063196784676601017,mean_p|train_n=12|p=20,423,717,-1.55047,0.95916000000000001
196198615,18,20,mean_p,12,0.16519108937932983,0.12732259673620086,mean_p|train_n=12|p=20,424,721,-1.55047,0.95916000000000001
1197259946,18,20,mean_p,12,0.23679515101465284,0.052109393793914882,mean_p|train_n=12|p=20,425,722,-1.55047,0.95916000000000001
146574613,18,20,mean_p,12,0.49044587325518041,0.0022003889544804358,mean_p|train_n=12|p=20,426,723,-1.55047,0.95916000000000001
778578436,18,20,mean_p,12,0.23514574610878786,0.053192865602294338,mean_p|train_n=12|p=20,427,724,-1.55047,0.95916000000000001
1868238678,18,20,mean_p,12,0.28527212458596207,0.028460439626055368,mean_p|train_n=12|p=20,428,727,-1.55047,0.95916000000000001
2413316703,18,20,mean_p,12,0.27920167013747293,0.030699733403815044,mean_p|train_n=12|p=20,429,729,-1.55047,0.95916000000000001
2246287589,18,20,mean_p,12,0.30612282981858807,0.021941242915293632,mean_p|train_n=12|p=20,430,730,-1.55047,0.95916000000000001
1686060111,18,20,mean_p,12,0.37749197243007782,0.0090062640811555614,mean_p|train_n=12|p=20,431,731,-1.55047,0.95916000000000001
1680022753,18,20,mean_p,12,0.14525156608245349,0.16328586470575826,mean_p|train_n=12|p=20,432,735,-1.55047,0.95916000000000001
3244045172,18,20,mean_p,12,0.2202706458757471,0.064040499653144151,mean_p|train_n=12|p=20,433,736,-1.55047,0.95916000000000001
3099098709,18,20,mean_p,12,0.25956649088245964,0.039221898074282183,mean_p|train_n=12|p=20,434,738,-1.55047,0.95916000000000001
2350930334,18,20,mean_p,12,0.3338723954616718,0.01552026371448159,mean_p|train_n=12|p=20,435,741,-1.55047,0.95916000000000001
611330700,18,20,mean_p,12,0.21450533818002415,0.068816766352938374,mean_p|train_n=12|p=20,436,743,-1.55047,0.95916000000000001
2409697338,18,20,mean_p,12,0.34720234902830865,0.013142264720352233,mean_p|train_n=12|p=20,437,744,-1.55047,0.95916000000000001
3321165698,18,20,mean_p,12,0.26871503069084346,0.034991042243361206,mean_p|train_n=12|p=20,438,746,-1.55047,0.95916000000000001
2693076396,18,20,mean_p,12,0.3318499466869651,0.0159168753713924,mean_p|train_n=12|p=20,439,750,-1.55047,0.95916000000000001
478694745,18,20,mean_p,12,0.38131142592223333,0.0085871453878359465,mean_p|train_n=12|p=20,440,751,-1.55047,0.95916000000000001
1896004555,18,20,mean_p,12,0.38424695631502775,0.008278326046233438,mean_p|train_n=12|p=20,441,752,-1.55047,0.95916000000000001
347033466,18,20,mean_p,12,0.19502804431198645,0.087747096736316782,mean_p|train_n=12|p=20,442,753,-1.55047,0.95916000000000001
202393249,18,20,mean_p,12,0.2461736610433872,0.046355171257798096,mean_p|train_n=12|p=20,443,754,-1.55047,0.95916000000000001
974384947,18,20,mean_p,12,0.23113610448350588,0.055921625975158491,mean_p|train_n=12|p=20,444,756,-1.55047,0.95916000000000001
644164763,18,20,mean_p,12,0.26667192383759786,0.03589446913081,mean_p|train_n=12|p=20,445,757,-1.55047,0.95916000000000001
4081447541,18,20,mean_p,12,0.366459165071648,0.010335378461944661,mean_p|train_n=12|p=20,446,758,-1.55047,0.95916000000000001
3583953334,18,20,mean_p,12,0.22471508341513793,0.060586009616586459,mean_p|train_n=12|p=20,447,759,-1.55047,0.95916000000000001
2580487983,18,20,mean_p,12,0.2531313681554932,0.042500846114702284,mean_p|train_n=12|p=20,448,761,-1.55047,0.95916000000000001
2427234487,18,20,mean_p,12,0.29813880092946182,0.02423946359279389,mean_p|train_n=12|p=20,449,762,-1.55047,0.95916000000000001
951595470,18,20,mean_p,12,0.41766217510376252,0.0054560812657951339,mean_p|train_n=12|p=20,450,764,-1.55047,0.95916000000000001
3685215979,18,20,mean_p,12,0.36744086612788174,0.010209559345733204,mean_p|train_n=12|p=20,451,767,-1.55047,0.95916000000000001
194974996,18,20,mean_p,12,0.35818407472005936,0.011459490046495052,mean_p|train_n=12|p=20,452,769,-1.55047,0.95916000000000001
2237084666,18,20,mean_p,12,0.36626905548659738,0.010359922359206134,mean_p|train_n=12|p=20,453,770,-1.55047,0.95916000000000001
3383493280,18,20,mean_p,12,0.34169845111958436,0.014076455163383843,mean_p|train_n=12|p=20,454,771,-1.55047,0.95916000000000001
1458737404,18,20,mean_p,12,0.28340428722235989,0.029131480434959778,mean_p|train_n=12|p=20,455,773,-1.55047,0.95916000000000001
3283414983,18,20,mean_p,12,0.27096621964898487,0.034021912346325192,mean_p|train_n=12|p=20,456,774,-1.55047,0.95916000000000001
139817681,18,20,mean_p,12,0.43090499580374364,0.0046251314224801639,mean_p|train_n=12|p=20,457,775,-1.55047,0.95916000000000001
2761970255,18,20,mean_p,12,0.35946781005899037,0.011277408718950005,mean_p|train_n=12|p=20,458,777,-1.55047,0.95916000000000001
1737219950,18,20,mean_p,12,0.26348180252339271,0.03735195470888026,mean_p|train_n=12|p=20,459,779,-1.55047,0.95916000000000001
3239695959,18,20,mean_p,12,0.26501670423135248,0.036643454401382891,mean_p|train_n=12|p=20,460,782,-1.55047,0.95916000000000001
3086326594,18,20,mean_p,12,0.33579401819368987,0.0151525842308832,mean_p|train_n=12|p=20,461,783,-1.55047,0.95916000000000001
519587730,18,20,mean_p,12,0.51391466776211026,0.0016418476521492078,mean_p|train_n=12|p=20,462,784,-1.55047,0.95916000000000001
1059169494,18,20,mean_p,12,0.46881374278102178,0.0028821330048018176,mean_p|train_n=12|p=20,463,786,-1.55047,0.95916000000000001
2792961913,18,20,mean_p,12,0.25318721613860701,0.042471242023225747,mean_p|train_n=12|p=20,464,787,-1.55047,0.95916000000000001
1798304497,18,20,mean_p,12,0.23090224458160924,0.056085031698367857,mean_p|train_n=12|p=20,465,789,-1.55047,0.95916000000000001
209434737,18,20,mean_p,12,0.24546345471003539,0.046767749440338548,mean_p|train_n=12|p=20,466,790,-1.55047,0.95916000000000001
1256999079,18,20,mean_p,12,0.27195865073449432,0.033603243103308283,mean_p|train_n=12|p=20,467,793,-1.55047,0.95916000000000001
3141854275,18,20,mean_p,12,0.48978238681366332,0.0022186795682302934,mean_p|train_n=12|p=20,468,795,-1.55047,0.95916000000000001
2133729830,18,20,mean_p,12,0.3113638552428204,0.020552398880323862,mean_p|train_n=12|p=20,469,796,-1.55047,0.95916000000000001
2236678842,18,20,mean_p,12,0.31052407741140226,0.020768871046752856,mean_p|train_n=12|p=20,470,797,-1.55047,0.95916000000000001
72152444,18,20,mean_p,12,0.17646500660830194,0.11061583878074439,mean_p|train_n=12|p=20,471,798,-1.55047,0.95916000000000001
712089319,18,20,mean_p,12,0.3534758545107009,0.012152817353832179,mean_p|train_n=12|p=20,472,799,-1.55047,0.95916000000000001
1338760443,18,20,mean_p,12,0.31635492669044507,0.01931159746053793,mean_p|train_n=12|p=20,473,801,-1.55047,0.95916000000000001
1903664002,18,20,mean_p,12,0.29907859240874585,0.023956904808583316,mean_p|train_n=12|p=20,474,802,-1.55047,0.95916000000000001
952851268,18,20,mean_p,12,0.33367555490647333,0.015558426937665548,mean_p|train_n=12|p=20,475,806,-1.55047,0.95916000000000001
3376044216,18,20,mean_p,12,0.37872599239796023,0.0088686617388030811,mean_p|train_n=12|p=20,476,808,-1.55047,0.95916000000000001
1265312669,18,20,mean_p,12,0.33017124105555912,0.01625376398611807,mean_p|train_n=12|p=20,477,809,-1.55047,0.95916000000000001
2843389558,18,20,mean_p,12,0.25865330347983423,0.039671328949954017,mean_p|train_n=12|p=20,478,810,-1.55047,0.95916000000000001
3314301950,18,20,mean_p,12,0.28654914671442766,0.028010574021667886,mean_p|train_n=12|p=20,479,812,-1.55047,0.95916000000000001
2918252526,18,20,mean_p,12,0.21412891153816735,0.069140727420632722,mean_p|train_n=12|p=20,480,813,-1.55047,0.95916000000000001
2091921948,18,20,mean_p,12,0.38369852876074445,0.0083351650484720114,mean_p|train_n=12|p=20,481,816,-1.55047,0.95916000000000001
2783188960,18,20,mean_p,12,0.30471824798711444,0.022329140599511233,mean_p|train_n=12|p=20,482,818,-1.55047,0.95916000000000001
616621612,18,20,mean_p,12,0.41914047551999006,0.0053563703886632674,mean_p|train_n=12|p=20,483,820,-1.55047,0.95916000000000001
1423676682,18,20,mean_p,12,0.46901959242284147,0.0028747402803736737,mean_p|train_n=12|p=20,484,821,-1.55047,0.95916000000000001
1580973008,18,20,mean_p,12,0.2361316725503006,0.052542545071926586,mean_p|train_n=12|p=20,485,822,-1.55047,0.95916000000000001
2434590639,18,20,mean_p,12,0.2167852884781275,0.066886775507012539,mean_p|train_n=12|p=20,486,825,-1.55047,0.95916000000000001
1852759264,18,20,mean_p,12,0.24879438991023259,0.044863966319380479,mean_p|train_n=12|p=20,487,827,-1.55047,0.95916000000000001
2839628640,18,20,mean_p,12,0.32718023019409431,0.01687177833904074,mean_p|train_n=12|p=20,488,831,-1.55047,0.95916000000000001
648555916,18,20,mean_p,12,0.14580142249543912,0.16216949769747621,mean_p|train_n=12|p=20,489,833,-1.55047,0.95916000000000001
2807258379,18,20,mean_p,12,0.26389280558557027,0.037160906348136805,mean_p|train_n=12|p=20,490,835,-1.55047,0.95916000000000001
716701438,18,20,mean_p,12,0.50697247029246073,0.0017903973665410286,mean_p|train_n=12|p=20,491,838,-1.55047,0.95916000000000001
4213569280,18,20,mean_p,12,0.40499760826638814,0.0063900505139935669,mean_p|train_n=12|p=20,492,842,-1.55047,0.95916000000000001
1588891262,18,20,mean_p,12,0.31627286301815249,0.01933138033820515,mean_p|train_n=12|p=20,493,843,-1.55047,0.95916000000000001
922921509,18,20,mean_p,12,0.34551475981095908,0.013421914882770503,mean_p|train_n=12|p=20,494,844,-1.55047,0.95916000000000001
3350351730,18,20,mean_p,12,0.29314513162202427,0.025797724551656957,mean_p|train_n=12|p=20,495,845,-1.55047,0.95916000000000001
1588550597,18,20,mean_p,12,0.28094246508965853,0.030040145865881485,mean_p|train_n=12|p=20,496,849,-1.55047,0.95916000000000001
2709964685,18,20,mean_p,12,0.33145536127986186,0.015995429004986506,mean_p|train_n=12|p=20,497,850,-1.55047,0.95916000000000001
2482716303,18,20,mean_p,12,0.51189654510375626,0.0016837132688099421,mean_p|train_n=12|p=20,498,851,-1.55047,0.95916000000000001
288078492,18,20,mean_p,12,0.34666534909729557,0.013230612999951298,mean_p|train_n=12|p=20,499,852,-1.55047,0.95916000000000001
3627110316,18,50,mean_p,12,0.12931624002678921,0.19920250289965363,mean_p|train_n=12|p=50,0,3,-1.3777999999999999,0.93608999999999998
3197998038,18,50,mean_p,12,0.099151230099602958,0.29023187089451152,mean_p|train_n=12|p=50,1,6,-1.3777999999999999,0.93608999999999998
1020102574,18,50,mean_p,12,0.37843971020115635,0.0089003958430903685,mean_p|train_n=12|p=50,2,9,-1.3777999999999999,0.93608999999999998
2941104716,18,50,mean_p,12,0.10676220359290825,0.26393971151352963,mean_p|train_n=12|p=50,3,10,-1.3777999999999999,0.93608999999999998
2501045419,18,50,mean_p,12,0.43697989039099627,0.0042875284894330267,mean_p|train_n=12|p=50,4,11,-1.3777999999999999,0.93608999999999998
241467348,18,50,mean_p,12,0.14673548723928503,0.1602905445894609,mean_p|train_n=12|p=50,5,12,-1.3777999999999999,0.93608999999999998
680881898,18,50,mean_p,12,0.094568300660069105,0.30731084552561905,mean_p|train_n=12|p=50,6,13,-1.3777999999999999,0.93608999999999998
2981847873,18,50,mean_p,12,0.19402179097394959,0.088855676943558393,mean_p|train_n=12|p=50,7,14,-1.3777999999999999,0.93608999999999998
466076857,18,50,mean_p,12,0.20523059500734375,0.077259132564538646,mean_p|train_n=12|p=50,8,16,-1.3777999999999999,0.93608999999999998
644160158,18,50,mean_p,12,0.32544299826003792,0.017241463282305358,mean_p|train_n=12|p=50,9,18,-1.3777999999999999,0.93608999999999998
1831377500,18,50,mean_p,12,0.19039720471182936,0.092966214071806261,mean_p|train_n=12|p=50,10,19,-1.3777999999999999,0.93608999999999998
1770305610,18,50,mean_p,12,0.13203606438709822,0.19255611452282301,mean_p|train_n=12|p=50,11,22,-1.3777999999999999,0.93608999999999998
225094119,18,50,mean_p,12,0.052191379755127082,0.52143349497775782,mean_p|train_n=12|p=50,12,23,-1.3777999999999999,0.93608999999999998
2361622846,18,50,mean_p,12,0.048451217632633249,0.54634269798476531,mean_p|train_n=12|p=50,13,24,-1.3777999999999999,0.93608999999999998
1416145220,18,50,mean_p,12,0.18661171458227493,0.097462371500409761,mean_p|train_n=12|p=50,14,25,-1.3777999999999999,0.93608999999999998
2510632357,18,50,mean_p,12,0.10072167728763941,0.28460044224849668,mean_p|train_n=12|p=50,15,26,-1.3777999999999999,0.93608999999999998
3370397755,18,50,mean_p,12,0.40035269364476295,0.0067713138942370847,mean_p|train_n=12|p=50,16,28,-1.3777999999999999,0.93608999999999998
3092647006,18,50,mean_p,12,0.27347520120401825,0.032973397993434336,mean_p|train_n=12|p=50,17,29,-1.3777999999999999,0.93608999999999998
300954526,18,50,mean_p,12,0.35999916008174782,0.011202892773715783,mean_p|train_n=12|p=50,18,31,-1.3777999999999999,0.93608999999999998
1244660046,18,50,mean_p,12,0.061073704204747142,0.466734275828248,mean_p|train_n=12|p=50,19,33,-1.3777999999999999,0.93608999999999998
972792630,18,50,mean_p,12,0.12730476766311946,0.20426503565048371,mean_p|train_n=12|p=50,20,34,-1.3777999999999999,0.93608999999999998
2717490007,18,50,mean_p,12,0.097900205665698681,0.2947975210565128,mean_p|train_n=12|p=50,21,36,-1.3777999999999999,0.93608999999999998
2569119593,18,50,mean_p,12,0.43615682902789099,0.0043317841679635666,mean_p|train_n=12|p=50,22,40,-1.3777999999999999,0.93608999999999998
1286563188,18,50,mean_p,12,0.23570373154335147,0.052823834169279389,mean_p|train_n=12|p=50,23,41,-1.3777999999999999,0.93608999999999998
1148205734,18,50,mean_p,12,0.29862933896740856,0.024091564558413978,mean_p|train_n=12|p=50,24,42,-1.3777999999999999,0.93608999999999998
163506772,18,50,mean_p,12,0.25572032191438776,0.041149941946277205,mean_p|train_n=12|p=50,25,43,-1.3777999999999999,0.93608999999999998
1542176237,18,50,mean_p,12,0.2287196794255229,0.05763327328970376,mean_p|train_n=12|p=50,26,44,-1.3777999999999999,0.93608999999999998
2027626009,18,50,mean_p,12,0.060520337552265255,0.46996783436747402,mean_p|train_n=12|p=50,27,45,-1.3777999999999999,0.93608999999999998
2129732466,18,50,mean_p,12,0.24681753339900414,0.045984274805641899,mean_p|train_n=12|p=50,28,46,-1.3777999999999999,0.93608999999999998
141776789,18,50,mean_p,12,0.4167488598639556,0.0055186095149378908,mean_p|train_n=12|p=50,29,50,-1.3777999999999999,0.93608999999999998
3450765893,18,50,mean_p,12,0.30528577749524399,0.022171589391194249,mean_p|train_n=12|p=50,30,51,-1.3777999999999999,0.93608999999999998
2456468640,18,50,mean_p,12,0.27481790679650497,0.032425613423208204,mean_p|train_n=12|p=50,31,52,-1.3777999999999999,0.93608999999999998
254182582,18,50,mean_p,12,0.36635241884062641,0.010349152654087262,mean_p|train_n=12|p=50,32,56,-1.3777999999999999,0.93608999999999998
283815888,18,50,mean_p,12,0.27244683549965071,0.03339919083389236,mean_p|train_n=12|p=50,33,58,-1.3777999999999999,0.93608999999999998
1409211460,18,50,mean_p,12,0.15923789506661629,0.13713967265528271,mean_p|train_n=12|p=50,34,60,-1.3777999999999999,0.93608999999999998
1036176996,18,50,mean_p,12,0.35045203846471623,0.012620066368370944,mean_p|train_n=12|p=50,35,61,-1.3777999999999999,0.93608999999999998
3384507739,18,50,mean_p,12,0.1355047105426804,0.18440059426409666,mean_p|train_n=12|p=50,36,62,-1.3777999999999999,0.93608999999999998
2783230527,18,50,mean_p,12,0.25268201186345096,0.042739794646185804,mean_p|train_n=12|p=50,37,63,-1.3777999999999999,0.93608999999999998
50547712,18,50,mean_p,12,0.24250373199475339,0.048527045080371457,mean_p|train_n=12|p=50,38,64,-1.3777999999999999,0.93608999999999998
2210814370,18,50,mean_p,12,0.38806031659612195,0.0078936830125090878,mean_p|train_n=12|p=50,39,65,-1.3777999999999999,0.93608999999999998
1012288003,18,50,mean_p,12,0.30156299751429361,0.023225702508671345,mean_p|train_n=12|p=50,40,66,-1.3777999999999999,0.93608999999999998
2629638873,18,50,mean_p,12,0.37944498035136465,0.008789460642264867,mean_p|train_n=12|p=50,41,67,-1.3777999999999999,0.93608999999999998
3289310125,18,50,mean_p,12,0.066213051861305966,0.43774574682650264,mean_p|train_n=12|p=50,42,68,-1.3777999999999999,0.93608999999999998
1333676220,18,50,mean_p,12,0.15256403264830742,0.14904784405615962,mean_p|train_n=12|p=50,43,72,-1.3777999999999999,0.93608999999999998
4221058747,18,50,mean_p,12,0.18536826054627253,0.098986206292560497,mean_p|train_n=12|p=50,44,73,-1.3777999999999999,0.93608999999999998
546446445,18,50,mean_p,12,0.25352496376763445,0.042292646524610435,mean_p|train_n=12|p=50,45,75,-1.3777999999999999,0.93608999999999998
2649369435,18,50,mean_p,12,0.47485151488773197,0.0026729947734947562,mean_p|train_n=12|p=50,46,80,-1.3777999999999999,0.93608999999999998
3112530948,18,50,mean_p,12,0.41356408450582643,0.0057423081956166208,mean_p|train_n=12|p=50,47,81,-1.3777999999999999,0.93608999999999998
1159329832,18,50,mean_p,12,0.41099336189994656,0.0059294725228970589,mean_p|train_n=12|p=50,48,82,-1.3777999999999999,0.93608999999999998
1171720015,18,50,mean_p,12,0.5011592620066061,0.0019250788895746817,mean_p|train_n=12|p=50,49,85,-1.3777999999999999,0.93608999999999998
605347342,18,50,mean_p,12,0.21694068166846928,0.066757221969780109,mean_p|train_n=12|p=50,50,86,-1.3777999999999999,0.93608999999999998
3255864796,18,50,mean_p,12,0.17396165935861918,0.11412526628677939,mean_p|train_n=12|p=50,51,87,-1.3777999999999999,0.93608999999999998
4293058722,18,50,mean_p,12,0.29506404323106761,0.025187421051694629,mean_p|train_n=12|p=50,52,90,-1.3777999999999999,0.93608999999999998
2837756564,18,50,mean_p,12,0.14503445470057319,0.16372877675403313,mean_p|train_n=12|p=50,53,91,-1.3777999999999999,0.93608999999999998
1439657372,18,50,mean_p,12,0.24962951603893543,0.044398929771286615,mean_p|train_n=12|p=50,54,93,-1.3777999999999999,0.93608999999999998
2740443590,18,50,mean_p,12,0.091124827363691124,0.32080156999872134,mean_p|train_n=12|p=50,55,95,-1.3777999999999999,0.93608999999999998
151132379,18,50,mean_p,12,0.23442744452218672,0.05367172245345965,mean_p|train_n=12|p=50,56,96,-1.3777999999999999,0.93608999999999998
2177736390,18,50,mean_p,12,0.33336730528234609,0.015618378651908283,mean_p|train_n=12|p=50,57,97,-1.3777999999999999,0.93608999999999998
4114541119,18,50,mean_p,12,0.14256880599757299,0.16884384480638628,mean_p|train_n=12|p=50,58,99,-1.3777999999999999,0.93608999999999998
4013511444,18,50,mean_p,12,0.15660684514964499,0.14171621922886818,mean_p|train_n=12|p=50,59,100,-1.3777999999999999,0.93608999999999998
2103208001,18,50,mean_p,12,0.20166387957260415,0.080774860698302975,mean_p|train_n=12|p=50,60,101,-1.3777999999999999,0.93608999999999998
3582720655,18,50,mean_p,12,0.16783234675422254,0.12319518354242921,mean_p|train_n=12|p=50,61,102,-1.3777999999999999,0.93608999999999998
1311947949,18,50,mean_p,12,0.075376957930075247,0.39045136393869856,mean_p|train_n=12|p=50,62,105,-1.3777999999999999,0.93608999999999998
2223717486,18,50,mean_p,12,0.23356110321995058,0.054255008766151538,mean_p|train_n=12|p=50,63,106,-1.3777999999999999,0.93608999999999998
2211350822,18,50,mean_p,12,0.28559786761556805,0.028345005963673189,mean_p|train_n=12|p=50,64,109,-1.3777999999999999,0.93608999999999998
2020252393,18,50,mean_p,12,0.18580566885447777,0.098447471336678652,mean_p|train_n=12|p=50,65,112,-1.3777999999999999,0.93608999999999998
3193815834,18,50,mean_p,12,0.2729665166216067,0.033183335066710958,mean_p|train_n=12|p=50,66,113,-1.3777999999999999,0.93608999999999998
2832027396,18,50,mean_p,12,0.37966620648415111,0.0087652337674037385,mean_p|train_n=12|p=50,67,114,-1.3777999999999999,0.93608999999999998
2230350789,18,50,mean_p,12,0.13946301581635201,0.17551493645379826,mean_p|train_n=12|p=50,68,119,-1.3777999999999999,0.93608999999999998
3392388408,18,50,mean_p,12,0.095966836112678144,0.30199507979252949,mean_p|train_n=12|p=50,69,121,-1.3777999999999999,0.93608999999999998
916192104,18,50,mean_p,12,0.097335075170198862,0.29688346449140357,mean_p|train_n=12|p=50,70,123,-1.3777999999999999,0.93608999999999998
131726267,18,50,mean_p,12,0.35275240158657595,0.012263008504191401,mean_p|train_n=12|p=50,71,125,-1.3777999999999999,0.93608999999999998
3251506082,18,50,mean_p,12,0.30281904722954484,0.022864562901883687,mean_p|train_n=12|p=50,72,126,-1.3777999999999999,0.93608999999999998
3700905871,18,50,mean_p,12,0.07616960328367757,0.38660900344659066,mean_p|train_n=12|p=50,73,130,-1.3777999999999999,0.93608999999999998
4087756695,18,50,mean_p,12,0.1721377655692452,0.11675208502573414,mean_p|train_n=12|p=50,74,131,-1.3777999999999999,0.93608999999999998
3294930578,18,50,mean_p,12,0.12973291697588496,0.19816958969048556,mean_p|train_n=12|p=50,75,133,-1.3777999999999999,0.93608999999999998
3744348765,18,50,mean_p,12,0.23453777807313983,0.053597889166039997,mean_p|train_n=12|p=50,76,135,-1.3777999999999999,0.93608999999999998
650677027,18,50,mean_p,12,0.14411284267822355,0.16562229896209593,mean_p|train_n=12|p=50,77,136,-1.3777999999999999,0.93608999999999998
2841466457,18,50,mean_p,12,0.16665940060875728,0.12501133252066882,mean_p|train_n=12|p=50,78,138,-1.3777999999999999,0.93608999999999998
2211384684,18,50,mean_p,12,0.084260168686159001,0.34948851801568265,mean_p|train_n=12|p=50,79,140,-1.3777999999999999,0.93608999999999998
4289909065,18,50,mean_p,12,0.18262542404279619,0.10243228222777208,mean_p|train_n=12|p=50,80,142,-1.3777999999999999,0.93608999999999998
1398185746,18,50,mean_p,12,0.27730877162982615,0.031433399356454783,mean_p|train_n=12|p=50,81,144,-1.3777999999999999,0.93608999999999998
1144930976,18,50,mean_p,12,0.31903728088731964,0.01867599534114953,mean_p|train_n=12|p=50,82,146,-1.3777999999999999,0.93608999999999998
3289785751,18,50,mean_p,12,0.16304434308314925,0.13077891139063477,mean_p|train_n=12|p=50,83,149,-1.3777999999999999,0.93608999999999998
1007759704,18,50,mean_p,12,0.086433028613126239,0.3401411564064854,mean_p|train_n=12|p=50,84,150,-1.3777999999999999,0.93608999999999998
972366349,18,50,mean_p,12,0.15245964046990504,0.14924210007424249,mean_p|train_n=12|p=50,85,151,-1.3777999999999999,0.93608999999999998
1261133211,18,50,mean_p,12,0.1709340853610635,0.11851868779456151,mean_p|train_n=12|p=50,86,154,-1.3777999999999999,0.93608999999999998
2748071014,18,50,mean_p,12,0.24996544846580615,0.044213229481494858,mean_p|train_n=12|p=50,87,155,-1.3777999999999999,0.93608999999999998
428334855,18,50,mean_p,12,0.17310110488895847,0.11535721235291702,mean_p|train_n=12|p=50,88,156,-1.3777999999999999,0.93608999999999998
1614210863,18,50,mean_p,12,0.25659386253627703,0.040703889638432224,mean_p|train_n=12|p=50,89,157,-1.3777999999999999,0.93608999999999998
2910389230,18,50,mean_p,12,0.24060101776585352,0.049692835665172422,mean_p|train_n=12|p=50,90,158,-1.3777999999999999,0.93608999999999998
3943107692,18,50,mean_p,12,0.12875095040694692,0.20061242848026581,mean_p|train_n=12|p=50,91,162,-1.3777999999999999,0.93608999999999998
4097812978,18,50,mean_p,12,0.29268174824660348,0.025947305351719383,mean_p|train_n=12|p=50,92,164,-1.3777999999999999,0.93608999999999998
2185769600,18,50,mean_p,12,0.32860501900969141,0.01657450572281555,mean_p|train_n=12|p=50,93,165,-1.3777999999999999,0.93608999999999998
114255948,18,50,mean_p,12,0.14764696656367093,0.15847801298051375,mean_p|train_n=12|p=50,94,166,-1.3777999999999999,0.93608999999999998
4283419317,18,50,mean_p,12,0.28420896400380147,0.028840473238335943,mean_p|train_n=12|p=50,95,167,-1.3777999999999999,0.93608999999999998
587785147,18,50,mean_p,12,0.10112182697026985,0.28318310777315253,mean_p|train_n=12|p=50,96,169,-1.3777999999999999,0.93608999999999998
2289524361,18,50,mean_p,12,0.21213113507281278,0.07088575606967451,mean_p|train_n=12|p=50,97,172,-1.3777999999999999,0.93608999999999998
803040002,18,50,mean_p,12,0.11123280837074437,0.2496206945308734,mean_p|train_n=12|p=50,98,173,-1.3777999999999999,0.93608999999999998
287988184,18,50,mean_p,12,0.26421492987356032,0.037011855206700903,mean_p|train_n=12|p=50,99,175,-1.3777999999999999,0.93608999999999998
3316414631,18,50,mean_p,12,0.31793825165834089,0.018933848190654967,mean_p|train_n=12|p=50,100,176,-1.3777999999999999,0.93608999999999998
1956682522,18,50,mean_p,12,0.24765750791446006,0.045504872975492237,mean_p|train_n=12|p=50,101,180,-1.3777999999999999,0.93608999999999998
2408749036,18,50,mean_p,12,0.24841477381153179,0.045076961188687217,mean_p|train_n=12|p=50,102,181,-1.3777999999999999,0.93608999999999998
171495494,18,50,mean_p,12,0.17824944921379296,0.10818031541856957,mean_p|train_n=12|p=50,103,185,-1.3777999999999999,0.93608999999999998
2810042559,18,50,mean_p,12,0.18301610192539619,0.10193420622435444,mean_p|train_n=12|p=50,104,186,-1.3777999999999999,0.93608999999999998
3565429934,18,50,mean_p,12,0.27282988309125661,0.033239951892621029,mean_p|train_n=12|p=50,105,187,-1.3777999999999999,0.93608999999999998
765751903,18,50,mean_p,12,0.28024323210815455,0.030303365145624338,mean_p|train_n=12|p=50,106,188,-1.3777999999999999,0.93608999999999998
3593367730,18,50,mean_p,12,0.28087268551615774,0.030066310663470163,mean_p|train_n=12|p=50,107,189,-1.3777999999999999,0.93608999999999998
2531232856,18,50,mean_p,12,0.34134374033697323,0.014138890005765872,mean_p|train_n=12|p=50,108,192,-1.3777999999999999,0.93608999999999998
2528160178,18,50,mean_p,12,0.11945836811828991,0.22527347756567659,mean_p|train_n=12|p=50,109,194,-1.3777999999999999,0.93608999999999998
1742070969,18,50,mean_p,12,0.23810835289807603,0.051262571031451994,mean_p|train_n=12|p=50,110,195,-1.3777999999999999,0.93608999999999998
801985854,18,50,mean_p,12,0.1302201352632579,0.1969686001642032,mean_p|train_n=12|p=50,111,196,-1.3777999999999999,0.93608999999999998
2698471071,18,50,mean_p,12,0.10709039360820281,0.26286116416373423,mean_p|train_n=12|p=50,112,197,-1.3777999999999999,0.93608999999999998
1899513327,18,50,mean_p,12,0.30634578193851791,0.021880293870946747,mean_p|train_n=12|p=50,113,199,-1.3777999999999999,0.93608999999999998
816235111,18,50,mean_p,12,0.43386595235437542,0.0044573836569792033,mean_p|train_n=12|p=50,114,200,-1.3777999999999999,0.93608999999999998
327646452,18,50,mean_p,12,0.077318710393493056,0.3811057321888916,mean_p|train_n=12|p=50,115,205,-1.3777999999999999,0.93608999999999998
2922595730,18,50,mean_p,12,0.2201552778979744,0.064132746293601883,mean_p|train_n=12|p=50,116,207,-1.3777999999999999,0.93608999999999998
1342494010,18,50,mean_p,12,0.11177058991834483,0.24795141807012117,mean_p|train_n=12|p=50,117,208,-1.3777999999999999,0.93608999999999998
1957588882,18,50,mean_p,12,0.10148128284735644,0.28191593042953933,mean_p|train_n=12|p=50,118,210,-1.3777999999999999,0.93608999999999998
1749963110,18,50,mean_p,12,0.19438327202075437,0.088455833760937505,mean_p|train_n=12|p=50,119,211,-1.3777999999999999,0.93608999999999998
15874055,18,50,mean_p,12,0.40733323160197377,0.0062065266284820923,mean_p|train_n=12|p=50,120,214,-1.3777999999999999,0.93608999999999998
3277494016,18,50,mean_p,12,0.19660454316020254,0.086038025284268946,mean_p|train_n=12|p=50,121,215,-1.3777999999999999,0.93608999999999998
1103977377,18,50,mean_p,12,0.21353170736014121,0.069657826470635759,mean_p|train_n=12|p=50,122,216,-1.3777999999999999,0.93608999999999998
2263917423,18,50,mean_p,12,0.34079078137962826,0.014236772528961614,mean_p|train_n=12|p=50,123,219,-1.3777999999999999,0.93608999999999998
1619973019,18,50,mean_p,12,0.19328798264916655,0.089672927795639568,mean_p|train_n=12|p=50,124,220,-1.3777999999999999,0.93608999999999998
38059144,18,50,mean_p,12,0.24456080572512695,0.047297426483404383,mean_p|train_n=12|p=50,125,221,-1.3777999999999999,0.93608999999999998
791210426,18,50,mean_p,12,0.26688446675215693,0.035799409434268271,mean_p|train_n=12|p=50,126,224,-1.3777999999999999,0.93608999999999998
2045595380,18,50,mean_p,12,0.19078693491957055,0.092515260611358896,mean_p|train_n=12|p=50,127,226,-1.3777999999999999,0.93608999999999998
1435186347,18,50,mean_p,12,0.25158524659124182,0.043328663940774878,mean_p|train_n=12|p=50,128,227,-1.3777999999999999,0.93608999999999998
4162399997,18,50,mean_p,12,0.29685353665519298,0.024631295851820077,mean_p|train_n=12|p=50,129,229,-1.3777999999999999,0.93608999999999998
1937580783,18,50,mean_p,12,0.27863602036775048,0.030917160459132235,mean_p|train_n=12|p=50,130,230,-1.3777999999999999,0.93608999999999998
1583672022,18,50,mean_p,12,0.23918751697593002,0.050576979626291901,mean_p|train_n=12|p=50,131,233,-1.3777999999999999,0.93608999999999998
1035455557,18,50,mean_p,12,0.12586883313907896,0.20795755500236943,mean_p|train_n=12|p=50,132,235,-1.3777999999999999,0.93608999999999998
3645745742,18,50,mean_p,12,0.20338033424696098,0.079063409642787394,mean_p|train_n=12|p=50,133,236,-1.3777999999999999,0.93608999999999998
3730513968,18,50,mean_p,12,0.23745773447193766,0.051680390432661684,mean_p|train_n=12|p=50,134,237,-1.3777999999999999,0.93608999999999998
3922560467,18,50,mean_p,12,0.29544752389301854,0.025067198318179437,mean_p|train_n=12|p=50,135,238,-1.3777999999999999,0.93608999999999998
4017920734,18,50,mean_p,12,0.16382305166363154,0.12951445859602698,mean_p|train_n=12|p=50,136,239,-1.3777999999999999,0.93608999999999998
1430692270,18,50,mean_p,12,0.24879043105642135,0.04486618235033514,mean_p|train_n=12|p=50,137,240,-1.3777999999999999,0.93608999999999998
1977045147,18,50,mean_p,12,0.37009067223495001,0.0098775427447495203,mean_p|train_n=12|p=50,138,242,-1.3777999999999999,0.93608999999999998
1187614896,18,50,mean_p,12,0.2546878285145957,0.041683466957214567,mean_p|train_n=12|p=50,139,244,-1.3777999999999999,0.93608999999999998
766876837,18,50,mean_p,12,0.14113897040593823,0.17188297196894251,mean_p|train_n=12|p=50,140,246,-1.3777999999999999,0.93608999999999998
731886204,18,50,mean_p,12,0.3981829543741523,0.006957124343252988,mean_p|train_n=12|p=50,141,248,-1.3777999999999999,0.93608999999999998
3854694554,18,50,mean_p,12,0.29486037337855442,0.025251506633395107,mean_p|train_n=12|p=50,142,249,-1.3777999999999999,0.93608999999999998
1596199572,18,50,mean_p,12,0.22063685512621151,0.063748561936921896,mean_p|train_n=12|p=50,143,251,-1.3777999999999999,0.93608999999999998
2208851614,18,50,mean_p,12,0.39339743374401459,0.0073851666539580564,mean_p|train_n=12|p=50,144,252,-1.3777999999999999,0.93608999999999998
2426454650,18,50,mean_p,12,0.26600497943582369,0.036194401485940692,mean_p|train_n=12|p=50,145,253,-1.3777999999999999,0.93608999999999998
1316897064,18,50,mean_p,12,0.088745019036508915,0.33046964314497929,mean_p|train_n=12|p=50,146,254,-1.3777999999999999,0.93608999999999998
1115505054,18,50,mean_p,12,0.24101387508696315,0.049437522226702987,mean_p|train_n=12|p=50,147,256,-1.3777999999999999,0.93608999999999998
5536492,18,50,mean_p,12,0.32040681349841654,0.018359586251680694,mean_p|train_n=12|p=50,148,262,-1.3777999999999999,0.93608999999999998
628418932,18,50,mean_p,12,0.13897039741504405,0.17659701303417369,mean_p|train_n=12|p=50,149,263,-1.3777999999999999,0.93608999999999998
26739635,18,50,mean_p,12,0.25346307656848993,0.042325315185797116,mean_p|train_n=12|p=50,150,266,-1.3777999999999999,0.93608999999999998
3413609406,18,50,mean_p,12,0.20414876996883591,0.078309011145391877,mean_p|train_n=12|p=50,151,267,-1.3777999999999999,0.93608999999999998
705489275,18,50,mean_p,12,0.28732816370189107,0.027739643430047894,mean_p|train_n=12|p=50,152,270,-1.3777999999999999,0.93608999999999998
178942195,18,50,mean_p,12,0.22108695854212193,0.063391567222339587,mean_p|train_n=12|p=50,153,272,-1.3777999999999999,0.93608999999999998
1001966295,18,50,mean_p,12,0.18552953780271894,0.098787226532597236,mean_p|train_n=12|p=50,154,273,-1.3777999999999999,0.93608999999999998
1514298569,18,50,mean_p,12,0.083631945810543243,0.35223861342929841,mean_p|train_n=12|p=50,155,274,-1.3777999999999999,0.93608999999999998
460876163,18,50,mean_p,12,0.12839863094181292,0.20149621488707894,mean_p|train_n=12|p=50,156,275,-1.3777999999999999,0.93608999999999998
2318539903,18,50,mean_p,12,0.061644371418610518,0.46342292336728352,mean_p|train_n=12|p=50,157,277,-1.3777999999999999,0.93608999999999998
622809311,18,50,mean_p,12,0.25659905764810842,0.040701251395981318,mean_p|train_n=12|p=50,158,278,-1.3777999999999999,0.93608999999999998
2866164823,18,50,mean_p,12,0.30139337438873626,0.023274907767711742,mean_p|train_n=12|p=50,159,279,-1.3777999999999999,0.93608999999999998
3797388260,18,50,mean_p,12,0.11804031913358864,0.22929459544460182,mean_p|train_n=12|p=50,160,281,-1.3777999999999999,0.93608999999999998
1766898670,18,50,mean_p,12,0.35234346237504732,0.012325736606427396,mean_p|train_n=12|p=50,161,283,-1.3777999999999999,0.93608999999999998
1604790600,18,50,mean_p,12,0.25522353237026602,0.041405792447381073,mean_p|train_n=12|p=50,162,285,-1.3777999999999999,0.93608999999999998
479086731,18,50,mean_p,12,0.2114727724446267,0.071470420960745268,mean_p|train_n=12|p=50,163,286,-1.3777999999999999,0.93608999999999998
2313792221,18,50,mean_p,12,0.25666677468555754,0.040666878175210003,mean_p|train_n=12|p=50,164,289,-1.3777999999999999,0.93608999999999998
357670865,18,50,mean_p,12,0.15951926321635121,0.13665908354034878,mean_p|train_n=12|p=50,165,290,-1.3777999999999999,0.93608999999999998
4032138940,18,50,mean_p,12,0.38651041229244482,0.0080478134491075888,mean_p|train_n=12|p=50,166,293,-1.3777999999999999,0.93608999999999998
3971700723,18,50,mean_p,12,0.27343837911798635,0.032988549988628622,mean_p|train_n=12|p=50,167,294,-1.3777999999999999,0.93608999999999998
2398846688,18,50,mean_p,12,0.16437869425964166,0.12861969720468222,mean_p|train_n=12|p=50,168,295,-1.3777999999999999,0.93608999999999998
563543180,18,50,mean_p,12,0.17214304412629552,0.11674439613781715,mean_p|train_n=12|p=50,169,296,-1.3777999999999999,0.93608999999999998
1233411431,18,50,mean_p,12,0.19359999540860953,0.089324520999771201,mean_p|train_n=12|p=50,170,298,-1.3777999999999999,0.93608999999999998
3687015241,18,50,mean_p,12,0.062218572535044085,0.46011477656059274,mean_p|train_n=12|p=50,171,299,-1.3777999999999999,0.93608999999999998
709118332,18,50,mean_p,12,0.10653504182788663,0.26468883519477271,mean_p|train_n=12|p=50,172,300,-1.3777999999999999,0.93608999999999998
383168662,18,50,mean_p,12,0.1702154241890729,0.11958616223203265,mean_p|train_n=12|p=50,173,301,-1.3777999999999999,0.93608999999999998
987927774,18,50,mean_p,12,0.13862060499175854,0.17736940855162525,mean_p|train_n=12|p=50,174,302,-1.3777999999999999,0.93608999999999998
3035692477,18,50,mean_p,12,0.090621265905794501,0.32282343396186469,mean_p|train_n=12|p=50,175,304,-1.3777999999999999,0.93608999999999998
4269076176,18,50,mean_p,12,0.12235948933335535,0.21726522628376468,mean_p|train_n=12|p=50,176,305,-1.3777999999999999,0.93608999999999998
3661380471,18,50,mean_p,12,0.24923169371380111,0.044619851215194108,mean_p|train_n=12|p=50,177,306,-1.3777999999999999,0.93608999999999998
522135609,18,50,mean_p,12,0.25632599113737375,0.040840155216218914,mean_p|train_n=12|p=50,178,307,-1.3777999999999999,0.93608999999999998
3628035376,18,50,mean_p,12,0.51297318570119743,0.0016612474005566623,mean_p|train_n=12|p=50,179,308,-1.3777999999999999,0.93608999999999998
2009608799,18,50,mean_p,12,0.19751828050004436,0.08506272901345413,mean_p|train_n=12|p=50,180,309,-1.3777999999999999,0.93608999999999998
1121903872,18,50,mean_p,12,0.47249854223729443,0.0027526296642431964,mean_p|train_n=12|p=50,181,313,-1.3777999999999999,0.93608999999999998
3128772587,18,50,mean_p,12,0.069283083521116381,0.421295524950002,mean_p|train_n=12|p=50,182,314,-1.3777999999999999,0.93608999999999998
2016483275,18,50,mean_p,12,0.24928849824082316,0.044588238984520648,mean_p|train_n=12|p=50,183,318,-1.3777999999999999,0.93608999999999998
172940573,18,50,mean_p,12,0.2558503929643649,0.041083215885132723,mean_p|train_n=12|p=50,184,319,-1.3777999999999999,0.93608999999999998
199120996,18,50,mean_p,12,0.43484621129248929,0.0044032003242656034,mean_p|train_n=12|p=50,185,320,-1.3777999999999999,0.93608999999999998
985491417,18,50,mean_p,12,0.17016764051857944,0.11965747837830873,mean_p|train_n=12|p=50,186,321,-1.3777999999999999,0.93608999999999998
2118196914,18,50,mean_p,12,0.25694469379743623,0.04052611000227975,mean_p|train_n=12|p=50,187,324,-1.3777999999999999,0.93608999999999998
3709899138,18,50,mean_p,12,0.21349911576307024,0.069686157465812748,mean_p|train_n=12|p=50,188,325,-1.3777999999999999,0.93608999999999998
4242292717,18,50,mean_p,12,0.17550834430149695,0.11194405377979603,mean_p|train_n=12|p=50,189,326,-1.3777999999999999,0.93608999999999998
3210347786,18,50,mean_p,12,0.33383285858669365,0.015527921558612061,mean_p|train_n=12|p=50,190,327,-1.3777999999999999,0.93608999999999998
554982947,18,50,mean_p,12,0.14867925391030865,0.15644998546030209,mean_p|train_n=12|p=50,191,328,-1.3777999999999999,0.93608999999999998
1487483084,18,50,mean_p,12,0.090832598742085296,0.32197335832618079,mean_p|train_n=12|p=50,192,329,-1.3777999999999999,0.93608999999999998
2416455159,18,50,mean_p,12,0.13587705794821181,0.18354592080934939,mean_p|train_n=12|p=50,193,331,-1.3777999999999999,0.93608999999999998
3278315769,18,50,mean_p,12,0.20154083411387302,0.080898961097813263,mean_p|train_n=12|p=50,194,332,-1.3777999999999999,0.93608999999999998
3596851960,18,50,mean_p,12,0.16114212228200703,0.13391985712284074,mean_p|train_n=12|p=50,195,335,-1.3777999999999999,0.93608999999999998
3599966297,18,50,mean_p,12,0.17832736671002067,0.10807519910646374,mean_p|train_n=12|p=50,196,336,-1.3777999999999999,0.93608999999999998
1198339854,18,50,mean_p,12,0.31932279011984482,0.018609586089284518,mean_p|train_n=12|p=50,197,337,-1.3777999999999999,0.93608999999999998
1938814886,18,50,mean_p,12,0.12522414395136761,0.20963701963755463,mean_p|train_n=12|p=50,198,339,-1.3777999999999999,0.93608999999999998
3238324275,18,50,mean_p,12,0.2884090065448609,0.02736807707066425,mean_p|train_n=12|p=50,199,346,-1.3777999999999999,0.93608999999999998
1037854311,18,50,mean_p,12,0.15215756589852428,0.14980563669616104,mean_p|train_n=12|p=50,200,348,-1.3777999999999999,0.93608999999999998
2846002818,18,50,mean_p,12,0.12314138549752617,0.21515601238107548,mean_p|train_n=12|p=50,201,350,-1.3777999999999999,0.93608999999999998
5824266,18,50,mean_p,12,0.081115470497402392,0.36347335928243296,mean_p|train_n=12|p=50,202,351,-1.3777999999999999,0.93608999999999998
1499579340,18,50,mean_p,12,0.34763520531732234,0.013071479968812111,mean_p|train_n=12|p=50,203,353,-1.3777999999999999,0.93608999999999998
2570860482,18,50,mean_p,12,0.17126684553694752,0.11802764999996922,mean_p|train_n=12|p=50,204,354,-1.3777999999999999,0.93608999999999998
205733348,18,50,mean_p,12,0.34742977165593092,0.013105026763329254,mean_p|train_n=12|p=50,205,355,-1.3777999999999999,0.93608999999999998
3374199836,18,50,mean_p,12,0.28134657243841144,0.029889067466283149,mean_p|train_n=12|p=50,206,357,-1.3777999999999999,0.93608999999999998
881845209,18,50,mean_p,12,0.55203777999460124,0.0010203783860260045,mean_p|train_n=12|p=50,207,359,-1.3777999999999999,0.93608999999999998
3651216846,18,50,mean_p,12,0.125713570216403,0.20836079271544278,mean_p|train_n=12|p=50,208,360,-1.3777999999999999,0.93608999999999998
563770760,18,50,mean_p,12,0.32946533685542045,0.016397548320095837,mean_p|train_n=12|p=50,209,362,-1.3777999999999999,0.93608999999999998
3225484450,18,50,mean_p,12,0.24038346978931965,0.049827898643970941,mean_p|train_n=12|p=50,210,365,-1.3777999999999999,0.93608999999999998
3713033466,18,50,mean_p,12,0.20051758736886036,0.081938394056475752,mean_p|train_n=12|p=50,211,366,-1.3777999999999999,0.93608999999999998
1243990911,18,50,mean_p,12,0.25612518987316107,0.040942601434470566,mean_p|train_n=12|p=50,212,369,-1.3777999999999999,0.93608999999999998
1716570165,18,50,mean_p,12,0.2012028165222513,0.081240858905814339,mean_p|train_n=12|p=50,213,371,-1.3777999999999999,0.93608999999999998
4265240670,18,50,mean_p,12,0.17203647020861404,0.11689973270723618,mean_p|train_n=12|p=50,214,372,-1.3777999999999999,0.93608999999999998
3649708031,18,50,mean_p,12,0.16260477481504482,0.13149811767104544,mean_p|train_n=12|p=50,215,375,-1.3777999999999999,0.93608999999999998
4020124779,18,50,mean_p,12,0.18845997167775461,0.095240599352949373,mean_p|train_n=12|p=50,216,376,-1.3777999999999999,0.93608999999999998
837562590,18,50,mean_p,12,0.18730820681467023,0.096619103541380605,mean_p|train_n=12|p=50,217,377,-1.3777999999999999,0.93608999999999998
1297410257,18,50,mean_p,12,0.14145873816088417,0.17119858861288065,mean_p|train_n=12|p=50,218,380,-1.3777999999999999,0.93608999999999998
744249509,18,50,mean_p,12,0.18426545432328578,0.10035760292860435,mean_p|train_n=12|p=50,219,381,-1.3777999999999999,0.93608999999999998
2502625480,18,50,mean_p,12,0.33983869108933346,0.014406898129547064,mean_p|train_n=12|p=50,220,382,-1.3777999999999999,0.93608999999999998
877467632,18,50,mean_p,12,0.23607678892077175,0.052578536625949843,mean_p|train_n=12|p=50,221,384,-1.3777999999999999,0.93608999999999998
2088561664,18,50,mean_p,12,0.40955379433362632,0.0060369338241463089,mean_p|train_n=12|p=50,222,385,-1.3777999999999999,0.93608999999999998
2012026888,18,50,mean_p,12,0.29245167305036079,0.026021895851127387,mean_p|train_n=12|p=50,223,386,-1.3777999999999999,0.93608999999999998
773649814,18,50,mean_p,12,0.083178951613463836,0.35423504959838592,mean_p|train_n=12|p=50,224,388,-1.3777999999999999,0.93608999999999998
1712848324,18,50,mean_p,12,0.14249512437316225,0.16899913428429317,mean_p|train_n=12|p=50,225,389,-1.3777999999999999,0.93608999999999998
1884751700,18,50,mean_p,12,0.46459242295796099,0.0030379974763882784,mean_p|train_n=12|p=50,226,391,-1.3777999999999999,0.93608999999999998
866425102,18,50,mean_p,12,0.13012478416430984,0.197203065705535,mean_p|train_n=12|p=50,227,392,-1.3777999999999999,0.93608999999999998
3561712143,18,50,mean_p,12,0.17252533069606865,0.1161888914293676,mean_p|train_n=12|p=50,228,394,-1.3777999999999999,0.93608999999999998
2966507066,18,50,mean_p,12,0.13441674875621074,0.18692073526671982,mean_p|train_n=12|p=50,229,395,-1.3777999999999999,0.93608999999999998
2856881042,18,50,mean_p,12,0.10861652129147768,0.25790338552125491,mean_p|train_n=12|p=50,230,396,-1.3777999999999999,0.93608999999999998
3039536155,18,50,mean_p,12,0.29666548639925178,0.024689154560175199,mean_p|train_n=12|p=50,231,397,-1.3777999999999999,0.93608999999999998
1656050685,18,50,mean_p,12,0.23059046523564103,0.056303625199329507,mean_p|train_n=12|p=50,232,398,-1.3777999999999999,0.93608999999999998
1034728259,18,50,mean_p,12,0.25522141356294803,0.041406887049467586,mean_p|train_n=12|p=50,233,399,-1.3777999999999999,0.93608999999999998
2832053854,18,50,mean_p,12,0.053867757331153995,0.51064067604958829,mean_p|train_n=12|p=50,234,400,-1.3777999999999999,0.93608999999999998
2404613167,18,50,mean_p,12,0.29555213893468796,0.025034500822135358,mean_p|train_n=12|p=50,235,401,-1.3777999999999999,0.93608999999999998
2755127794,18,50,mean_p,12,0.19144922713749746,0.091753939449193384,mean_p|train_n=12|p=50,236,402,-1.3777999999999999,0.93608999999999998
166081147,18,50,mean_p,12,0.13325507078536447,0.18964966467326333,mean_p|train_n=12|p=50,237,403,-1.3777999999999999,0.93608999999999998
2984680703,18,50,mean_p,12,0.15007758756193779,0.15374415022931739,mean_p|train_n=12|p=50,238,406,-1.3777999999999999,0.93608999999999998
1546718843,18,50,mean_p,12,0.13725433739996099,0.18041884296345345,mean_p|train_n=12|p=50,239,408,-1.3777999999999999,0.93608999999999998
2544485950,18,50,mean_p,12,0.19369049488174778,0.089223718907021576,mean_p|train_n=12|p=50,240,412,-1.3777999999999999,0.93608999999999998
1616673133,18,50,mean_p,12,0.21982905919788445,0.064394305957691328,mean_p|train_n=12|p=50,241,413,-1.3777999999999999,0.93608999999999998
2021782094,18,50,mean_p,12,0.40898217297888045,0.0060801426458387863,mean_p|train_n=12|p=50,242,415,-1.3777999999999999,0.93608999999999998
50196448,18,50,mean_p,12,0.17889937218333105,0.10730664331546837,mean_p|train_n=12|p=50,243,416,-1.3777999999999999,0.93608999999999998
4025069837,18,50,mean_p,12,0.23205436690973491,0.055284597090241042,mean_p|train_n=12|p=50,244,417,-1.3777999999999999,0.93608999999999998
2918733354,18,50,mean_p,12,0.24566880333237512,0.046648080896919561,mean_p|train_n=12|p=50,245,418,-1.3777999999999999,0.93608999999999998
1765606601,18,50,mean_p,12,0.16482523711128649,0.12790510323490253,mean_p|train_n=12|p=50,246,419,-1.3777999999999999,0.93608999999999998
2529827374,18,50,mean_p,12,0.45662092760179313,0.0033556856798260654,mean_p|train_n=12|p=50,247,424,-1.3777999999999999,0.93608999999999998
2270965576,18,50,mean_p,12,0.22374366430477771,0.061324783362427304,mean_p|train_n=12|p=50,248,426,-1.3777999999999999,0.93608999999999998
894440362,18,50,mean_p,12,0.16575445732456867,0.12643079119920275,mean_p|train_n=12|p=50,249,427,-1.3777999999999999,0.93608999999999998
3668678131,18,50,mean_p,12,0.2019451651127139,0.080491878096358091,mean_p|train_n=12|p=50,250,428,-1.3777999999999999,0.93608999999999998
1859527656,18,50,mean_p,12,0.34606773912008498,0.013329631390904805,mean_p|train_n=12|p=50,251,431,-1.3777999999999999,0.93608999999999998
4148683315,18,50,mean_p,12,0.33682196564338951,0.014959488098219145,mean_p|train_n=12|p=50,252,433,-1.3777999999999999,0.93608999999999998
1201177783,18,50,mean_p,12,0.21926688053952195,0.064847562176677795,mean_p|train_n=12|p=50,253,434,-1.3777999999999999,0.93608999999999998
745656657,18,50,mean_p,12,0.11493833985877269,0.23834278895544875,mean_p|train_n=12|p=50,254,436,-1.3777999999999999,0.93608999999999998
3129457661,18,50,mean_p,12,0.33785522182737998,0.01476787448986774,mean_p|train_n=12|p=50,255,437,-1.3777999999999999,0.93608999999999998
3676080782,18,50,mean_p,12,0.36621224778287675,0.010367267762035105,mean_p|train_n=12|p=50,256,440,-1.3777999999999999,0.93608999999999998
1388562287,18,50,mean_p,12,0.12842254755309568,0.20143609755368033,mean_p|train_n=12|p=50,257,443,-1.3777999999999999,0.93608999999999998
2047487881,18,50,mean_p,12,0.18300969685750471,0.10194235249814171,mean_p|train_n=12|p=50,258,446,-1.3777999999999999,0.93608999999999998
2041548005,18,50,mean_p,12,0.16085479036220457,0.13440081330374903,mean_p|train_n=12|p=50,259,448,-1.3777999999999999,0.93608999999999998
208828152,18,50,mean_p,12,0.17164840803383619,0.11746710037972688,mean_p|train_n=12|p=50,260,449,-1.3777999999999999,0.93608999999999998
3091039359,18,50,mean_p,12,0.16137903603431175,0.13352458925641222,mean_p|train_n=12|p=50,261,450,-1.3777999999999999,0.93608999999999998
2301022361,18,50,mean_p,12,0.083380356957421603,0.35334602262331666,mean_p|train_n=12|p=50,262,454,-1.3777999999999999,0.93608999999999998
31954780,18,50,mean_p,12,0.42670428148367495,0.0048740032665574758,mean_p|train_n=12|p=50,263,455,-1.3777999999999999,0.93608999999999998
3099173383,18,50,mean_p,12,0.41498125235934719,0.0056416678954545676,mean_p|train_n=12|p=50,264,456,-1.3777999999999999,0.93608999999999998
1327793556,18,50,mean_p,12,0.23125575482682098,0.055838206475449501,mean_p|train_n=12|p=50,265,457,-1.3777999999999999,0.93608999999999998
610427837,18,50,mean_p,12,0.45855273446432471,0.0032757722683083418,mean_p|train_n=12|p=50,266,458,-1.3777999999999999,0.93608999999999998
1844496330,18,50,mean_p,12,0.31432134967112341,0.019807844524090484,mean_p|train_n=12|p=50,267,459,-1.3777999999999999,0.93608999999999998
3625617012,18,50,mean_p,12,0.25197676497102395,0.043117526564081472,mean_p|train_n=12|p=50,268,460,-1.3777999999999999,0.93608999999999998
3720046817,18,50,mean_p,12,0.37641648039618125,0.0091279294277794541,mean_p|train_n=12|p=50,269,461,-1.3777999999999999,0.93608999999999998
2041755736,18,50,mean_p,12,0.1400466397934152,0.17424153618378044,mean_p|train_n=12|p=50,270,462,-1.3777999999999999,0.93608999999999998
4220313670,18,50,mean_p,12,0.18736548744533407,0.096550077402437484,mean_p|train_n=12|p=50,271,463,-1.3777999999999999,0.93608999999999998
3560316124,18,50,mean_p,12,0.35307307566571017,0.012214042986680934,mean_p|train_n=12|p=50,272,467,-1.3777999999999999,0.93608999999999998
640621342,18,50,mean_p,12,0.19265355161264061,0.090385557162190405,mean_p|train_n=12|p=50,273,468,-1.3777999999999999,0.93608999999999998
3801620013,18,50,mean_p,12,0.14691874345347489,0.15992447117920966,mean_p|train_n=12|p=50,274,470,-1.3777999999999999,0.93608999999999998
1643297426,18,50,mean_p,12,0.51745392761925768,0.0015709242195015216,mean_p|train_n=12|p=50,275,471,-1.3777999999999999,0.93608999999999998
2202394461,18,50,mean_p,12,0.36137008101403334,0.011012902375854963,mean_p|train_n=12|p=50,276,473,-1.3777999999999999,0.93608999999999998
4095094716,18,50,mean_p,12,0.25740741739630024,0.040292817117126858,mean_p|train_n=12|p=50,277,476,-1.3777999999999999,0.93608999999999998
998916348,18,50,mean_p,12,0.18757499554834836,0.096298029013034858,mean_p|train_n=12|p=50,278,477,-1.3777999999999999,0.93608999999999998
2158108620,18,50,mean_p,12,0.22972921200040045,0.056911901152478558,mean_p|train_n=12|p=50,279,478,-1.3777999999999999,0.93608999999999998
3076763004,18,50,mean_p,12,0.3578037545542524,0.011513995933183953,mean_p|train_n=12|p=50,280,481,-1.3777999999999999,0.93608999999999998
265500331,18,50,mean_p,12,0.22722798082620288,0.058715953045710624,mean_p|train_n=12|p=50,281,491,-1.3777999999999999,0.93608999999999998
700509222,18,50,mean_p,12,0.15043112346916512,0.15306748692631192,mean_p|train_n=12|p=50,282,494,-1.3777999999999999,0.93608999999999998
3273964790,18,50,mean_p,12,0.11697944893080708,0.23234973736888817,mean_p|train_n=12|p=50,283,495,-1.3777999999999999,0.93608999999999998
1740608343,18,50,mean_p,12,0.1529774173120424,0.14828108566776896,mean_p|train_n=12|p=50,284,497,-1.3777999999999999,0.93608999999999998
321388832,18,50,mean_p,12,0.31733472032225946,0.019076959131310446,mean_p|train_n=12|p=50,285,498,-1.3777999999999999,0.93608999999999998
2803478300,18,50,mean_p,12,0.2442850721153863,0.047460420789846858,mean_p|train_n=12|p=50,286,499,-1.3777999999999999,0.93608999999999998
2427915797,18,50,mean_p,12,0.1553096411903431,0.1440285236256959,mean_p|train_n=12|p=50,287,505,-1.3777999999999999,0.93608999999999998
901322896,18,50,mean_p,12,0.18129485592693687,0.1041469570971473,mean_p|train_n=12|p=50,288,508,-1.3777999999999999,0.93608999999999998
168005188,18,50,mean_p,12,0.2727469635021717,0.033274358366366545,mean_p|train_n=12|p=50,289,509,-1.3777999999999999,0.93608999999999998
2080333643,18,50,mean_p,12,0.25914787807803757,0.0394272854330001,mean_p|train_n=12|p=50,290,510,-1.3777999999999999,0.93608999999999998
2123695939,18,50,mean_p,12,0.24084646387035993,0.04954089183149734,mean_p|train_n=12|p=50,291,511,-1.3777999999999999,0.93608999999999998
3505526004,18,50,mean_p,12,0.27111952291382785,0.033956900452455113,mean_p|train_n=12|p=50,292,513,-1.3777999999999999,0.93608999999999998
2179775,18,50,mean_p,12,0.16206984453141371,0.13237868945217512,mean_p|train_n=12|p=50,293,514,-1.3777999999999999,0.93608999999999998
1617353836,18,50,mean_p,12,0.27921344830653844,0.03069522234546862,mean_p|train_n=12|p=50,294,515,-1.3777999999999999,0.93608999999999998
3050697648,18,50,mean_p,12,0.15020677667529608,0.15349653775325955,mean_p|train_n=12|p=50,295,520,-1.3777999999999999,0.93608999999999998
963895534,18,50,mean_p,12,0.056360692941640173,0.49500243495514201,mean_p|train_n=12|p=50,296,521,-1.3777999999999999,0.93608999999999998
143855292,18,50,mean_p,12,0.19635500447193521,0.086306314076940949,mean_p|train_n=12|p=50,297,523,-1.3777999999999999,0.93608999999999998
2193315666,18,50,mean_p,12,0.39674756176309867,0.0070828410824129422,mean_p|train_n=12|p=50,298,524,-1.3777999999999999,0.93608999999999998
2348593045,18,50,mean_p,12,0.18817664171456197,0.095577871466826225,mean_p|train_n=12|p=50,299,526,-1.3777999999999999,0.93608999999999998
1565733948,18,50,mean_p,12,0.46442423176718656,0.0030443792938104628,mean_p|train_n=12|p=50,300,528,-1.3777999999999999,0.93608999999999998
2697210686,18,50,mean_p,12,0.15683550346566977,0.14131249466449725,mean_p|train_n=12|p=50,301,529,-1.3777999999999999,0.93608999999999998
2668538086,18,50,mean_p,12,0.13390503773252718,0.1881179369553232,mean_p|train_n=12|p=50,302,530,-1.3777999999999999,0.93608999999999998
200296362,18,50,mean_p,12,0.36004424480302688,0.011196592848508165,mean_p|train_n=12|p=50,303,533,-1.3777999999999999,0.93608999999999998
853046947,18,50,mean_p,12,0.13346461285414651,0.18915449539691981,mean_p|train_n=12|p=50,304,535,-1.3777999999999999,0.93608999999999998
680865918,18,50,mean_p,12,0.15360927718921991,0.14711670832068896,mean_p|train_n=12|p=50,305,537,-1.3777999999999999,0.93608999999999998
1734214740,18,50,mean_p,12,0.20131760138181792,0.081124594672095984,mean_p|train_n=12|p=50,306,539,-1.3777999999999999,0.93608999999999998
2587712885,18,50,mean_p,12,0.50976931818924787,0.00172899842796247,mean_p|train_n=12|p=50,307,540,-1.3777999999999999,0.93608999999999998
252958137,18,50,mean_p,12,0.16635660316379158,0.12548450576032502,mean_p|train_n=12|p=50,308,541,-1.3777999999999999,0.93608999999999998
3667422858,18,50,mean_p,12,0.15122556031102252,0.15155779014770435,mean_p|train_n=12|p=50,309,542,-1.3777999999999999,0.93608999999999998
3791657073,18,50,mean_p,12,0.18127494851619194,0.10417282810004275,mean_p|train_n=12|p=50,310,543,-1.3777999999999999,0.93608999999999998
1534697533,18,50,mean_p,12,0.04948866174981905,0.53931650398159314,mean_p|train_n=12|p=50,311,544,-1.3777999999999999,0.93608999999999998
3093260664,18,50,mean_p,12,0.088492396003480675,0.33151289000544287,mean_p|train_n=12|p=50,312,545,-1.3777999999999999,0.93608999999999998
4002790006,18,50,mean_p,12,0.50276574091337944,0.0018868777419537104,mean_p|train_n=12|p=50,313,546,-1.3777999999999999,0.93608999999999998
3662364816,18,50,mean_p,12,0.22552031969522235,0.059980370561081416,mean_p|train_n=12|p=50,314,547,-1.3777999999999999,0.93608999999999998
619261901,18,50,mean_p,12,0.4029832551707821,0.0065526827802499356,mean_p|train_n=12|p=50,315,548,-1.3777999999999999,0.93608999999999998
420956218,18,50,mean_p,12,0.33685546562814206,0.014953236823991184,mean_p|train_n=12|p=50,316,551,-1.3777999999999999,0.93608999999999998
2566643114,18,50,mean_p,12,0.28075155294659221,0.030111785092914928,mean_p|train_n=12|p=50,317,553,-1.3777999999999999,0.93608999999999998
345936098,18,50,mean_p,12,0.10597695302284453,0.26653831583832666,mean_p|train_n=12|p=50,318,554,-1.3777999999999999,0.93608999999999998
3876774881,18,50,mean_p,12,0.29019188005679597,0.026766014745883589,mean_p|train_n=12|p=50,319,556,-1.3777999999999999,0.93608999999999998
3740156809,18,50,mean_p,12,0.28730333363138683,0.02774823839413236,mean_p|train_n=12|p=50,320,558,-1.3777999999999999,0.93608999999999998
813503452,18,50,mean_p,12,0.20047540517085757,0.081981528967629044,mean_p|train_n=12|p=50,321,559,-1.3777999999999999,0.93608999999999998
1078245420,18,50,mean_p,12,0.19978549941023915,0.082690248223732749,mean_p|train_n=12|p=50,322,560,-1.3777999999999999,0.93608999999999998
3251095506,18,50,mean_p,12,0.2572636958976478,0.040365133513158423,mean_p|train_n=12|p=50,323,561,-1.3777999999999999,0.93608999999999998
3294799752,18,50,mean_p,12,0.27664370161613827,0.031695314001953183,mean_p|train_n=12|p=50,324,564,-1.3777999999999999,0.93608999999999998
1745368934,18,50,mean_p,12,0.32233064547850648,0.017924148337331833,mean_p|train_n=12|p=50,325,565,-1.3777999999999999,0.93608999999999998
2500688530,18,50,mean_p,12,0.40559898380870935,0.0063422844177829438,mean_p|train_n=12|p=50,326,567,-1.3777999999999999,0.93608999999999998
384449966,18,50,mean_p,12,0.32841328876191417,0.016614201904821248,mean_p|train_n=12|p=50,327,569,-1.3777999999999999,0.93608999999999998
688756831,18,50,mean_p,12,0.28762545261475464,0.027636942975367694,mean_p|train_n=12|p=50,328,570,-1.3777999999999999,0.93608999999999998
1910261874,18,50,mean_p,12,0.17535403961759585,0.11215977666752798,mean_p|train_n=12|p=50,329,571,-1.3777999999999999,0.93608999999999998
1619461963,18,50,mean_p,12,0.19923795029735569,0.083257087120801876,mean_p|train_n=12|p=50,330,573,-1.3777999999999999,0.93608999999999998
1545700062,18,50,mean_p,12,0.092899575554950556,0.3137761580688796,mean_p|train_n=12|p=50,331,574,-1.3777999999999999,0.93608999999999998
2340083302,18,50,mean_p,12,0.222517563203987,0.062270119684259453,mean_p|train_n=12|p=50,332,577,-1.3777999999999999,0.93608999999999998
2415940634,18,50,mean_p,12,0.11238741604673762,0.24605052692458729,mean_p|train_n=12|p=50,333,578,-1.3777999999999999,0.93608999999999998
2605478849,18,50,mean_p,12,0.17471428927458682,0.11305861179895306,mean_p|train_n=12|p=50,334,580,-1.3777999999999999,0.93608999999999998
709097820,18,50,mean_p,12,0.33464700485651172,0.015370990155725463,mean_p|train_n=12|p=50,335,581,-1.3777999999999999,0.93608999999999998
3866847494,18,50,mean_p,12,0.16047044254222553,0.1350468631138316,mean_p|train_n=12|p=50,336,582,-1.3777999999999999,0.93608999999999998
558738068,18,50,mean_p,12,0.36935772529557143,0.0099682843972488198,mean_p|train_n=12|p=50,337,583,-1.3777999999999999,0.93608999999999998
2749026346,18,50,mean_p,12,0.21047343742315211,0.072367117916131651,mean_p|train_n=12|p=50,338,584,-1.3777999999999999,0.93608999999999998
239163499,18,50,mean_p,12,0.15430151273057449,0.14585156491653387,mean_p|train_n=12|p=50,339,585,-1.3777999999999999,0.93608999999999998
647182635,18,50,mean_p,12,0.36617382984224339,0.010372238266307825,mean_p|train_n=12|p=50,340,586,-1.3777999999999999,0.93608999999999998
3729497021,18,50,mean_p,12,0.11065480897215281,0.25142733958878366,mean_p|train_n=12|p=50,341,587,-1.3777999999999999,0.93608999999999998
1875050571,18,50,mean_p,12,0.10762987270153808,0.26109781531998444,mean_p|train_n=12|p=50,342,588,-1.3777999999999999,0.93608999999999998
3159193456,18,50,mean_p,12,0.16478730748411188,0.12796564668673333,mean_p|train_n=12|p=50,343,591,-1.3777999999999999,0.93608999999999998
1255496617,18,50,mean_p,12,0.28839615306471972,0.027372466396337589,mean_p|train_n=12|p=50,344,592,-1.3777999999999999,0.93608999999999998
2245605182,18,50,mean_p,12,0.11326532268847569,0.24337015978389809,mean_p|train_n=12|p=50,345,593,-1.3777999999999999,0.93608999999999998
3420359995,18,50,mean_p,12,0.17323586075991737,0.11516342502462357,mean_p|train_n=12|p=50,346,594,-1.3777999999999999,0.93608999999999998
2337357590,18,50,mean_p,12,0.33022618487846572,0.016242625608435909,mean_p|train_n=12|p=50,347,595,-1.3777999999999999,0.93608999999999998
4228294322,18,50,mean_p,12,0.20533174850179697,0.077161688663708566,mean_p|train_n=12|p=50,348,596,-1.3777999999999999,0.93608999999999998
2453845812,18,50,mean_p,12,0.20584665601156785,0.076667566153570399,mean_p|train_n=12|p=50,349,598,-1.3777999999999999,0.93608999999999998
3394729294,18,50,mean_p,12,0.15203546278163438,0.15003403018749314,mean_p|train_n=12|p=50,350,600,-1.3777999999999999,0.93608999999999998
859094758,18,50,mean_p,12,0.086946357724068696,0.33796964037970989,mean_p|train_n=12|p=50,351,601,-1.3777999999999999,0.93608999999999998
2610773261,18,50,mean_p,12,0.17003682179793891,0.11985294030780783,mean_p|train_n=12|p=50,352,603,-1.3777999999999999,0.93608999999999998
4274128496,18,50,mean_p,12,0.15274090348358946,0.14871929457274771,mean_p|train_n=12|p=50,353,604,-1.3777999999999999,0.93608999999999998
1895392178,18,50,mean_p,12,0.29089059045466437,0.02653369438941483,mean_p|train_n=12|p=50,354,607,-1.3777999999999999,0.93608999999999998
4260995451,18,50,mean_p,12,0.27462812790588748,0.032502481910425186,mean_p|train_n=12|p=50,355,609,-1.3777999999999999,0.93608999999999998
2267019255,18,50,mean_p,12,0.14403763432916139,0.16577778328467746,mean_p|train_n=12|p=50,356,611,-1.3777999999999999,0.93608999999999998
1709941098,18,50,mean_p,12,0.34697921452478225,0.013178903380186182,mean_p|train_n=12|p=50,357,612,-1.3777999999999999,0.93608999999999998
2322578687,18,50,mean_p,12,0.21274609676436579,0.070343954856968718,mean_p|train_n=12|p=50,358,613,-1.3777999999999999,0.93608999999999998
2697863905,18,50,mean_p,12,0.31805854591209481,0.01890545227546981,mean_p|train_n=12|p=50,359,614,-1.3777999999999999,0.93608999999999998
1792258649,18,50,mean_p,12,0.14456898562193798,0.1646823971054211,mean_p|train_n=12|p=50,360,615,-1.3777999999999999,0.93608999999999998
3984350111,18,50,mean_p,12,0.29055120383080418,0.026646287087121558,mean_p|train_n=12|p=50,361,617,-1.3777999999999999,0.93608999999999998
2454697974,18,50,mean_p,12,0.13924010138278492,0.17600376247063015,mean_p|train_n=12|p=50,362,621,-1.3777999999999999,0.93608999999999998
438898913,18,50,mean_p,12,0.22088892124098108,0.063548391429706724,mean_p|train_n=12|p=50,363,622,-1.3777999999999999,0.93608999999999998
1437241863,18,50,mean_p,12,0.32792903313924743,0.016714886901914597,mean_p|train_n=12|p=50,364,625,-1.3777999999999999,0.93608999999999998
3280037041,18,50,mean_p,12,0.43673018832032412,0.0043009068782803627,mean_p|train_n=12|p=50,365,626,-1.3777999999999999,0.93608999999999998
635683610,18,50,mean_p,12,0.17750746610901522,0.10918644057797769,mean_p|train_n=12|p=50,366,630,-1.3777999999999999,0.93608999999999998
2307345658,18,50,mean_p,12,0.42795553170376155,0.0047985040605293145,mean_p|train_n=12|p=50,367,631,-1.3777999999999999,0.93608999999999998
2354958524,18,50,mean_p,12,0.3537478139967225,0.012111650986457131,mean_p|train_n=12|p=50,368,632,-1.3777999999999999,0.93608999999999998
429720003,18,50,mean_p,12,0.29056309607974778,0.026642333726411855,mean_p|train_n=12|p=50,369,633,-1.3777999999999999,0.93608999999999998
2481552105,18,50,mean_p,12,0.22854162711716489,0.057761447704059436,mean_p|train_n=12|p=50,370,634,-1.3777999999999999,0.93608999999999998
3307746167,18,50,mean_p,12,0.32975176349450791,0.016339053889664043,mean_p|train_n=12|p=50,371,635,-1.3777999999999999,0.93608999999999998
3911882341,18,50,mean_p,12,0.15976107328356473,0.13624740722308235,mean_p|train_n=12|p=50,372,637,-1.3777999999999999,0.93608999999999998
1553206979,18,50,mean_p,12,0.47070671422604593,0.0028148605042592569,mean_p|train_n=12|p=50,373,638,-1.3777999999999999,0.93608999999999998
2194055609,18,50,mean_p,12,0.18121683250391524,0.10424839049058209,mean_p|train_n=12|p=50,374,639,-1.3777999999999999,0.93608999999999998
2294636669,18,50,mean_p,12,0.14457379673103193,0.16467251209079192,mean_p|train_n=12|p=50,375,640,-1.3777999999999999,0.93608999999999998
2478595565,18,50,mean_p,12,0.14202755044952495,0.16998791532084073,mean_p|train_n=12|p=50,376,642,-1.3777999999999999,0.93608999999999998
1791744416,18,50,mean_p,12,0.19229996989588924,0.090785175221369169,mean_p|train_n=12|p=50,377,643,-1.3777999999999999,0.93608999999999998
4196206772,18,50,mean_p,12,0.22551496680165256,0.05998437655440985,mean_p|train_n=12|p=50,378,644,-1.3777999999999999,0.93608999999999998
1591546733,18,50,mean_p,12,0.17882311369202583,0.10740878885486635,mean_p|train_n=12|p=50,379,646,-1.3777999999999999,0.93608999999999998
3648436965,18,50,mean_p,12,0.088118322055452711,0.33306373970547959,mean_p|train_n=12|p=50,380,647,-1.3777999999999999,0.93608999999999998
3300940978,18,50,mean_p,12,0.16488961598287252,0.12780240693632028,mean_p|train_n=12|p=50,381,648,-1.3777999999999999,0.93608999999999998
4221131710,18,50,mean_p,12,0.19575182050400983,0.086958280963555956,mean_p|train_n=12|p=50,382,649,-1.3777999999999999,0.93608999999999998
3637087733,18,50,mean_p,12,0.17914145349556465,0.10698302719871187,mean_p|train_n=12|p=50,383,651,-1.3777999999999999,0.93608999999999998
3009411260,18,50,mean_p,12,0.12377958397183736,0.21344961840315027,mean_p|train_n=12|p=50,384,652,-1.3777999999999999,0.93608999999999998
598196176,18,50,mean_p,12,0.030537774384655943,0.68317167281451441,mean_p|train_n=12|p=50,385,655,-1.3777999999999999,0.93608999999999998
2675625373,18,50,mean_p,12,0.2772552466961628,0.031454397962974751,mean_p|train_n=12|p=50,386,657,-1.3777999999999999,0.93608999999999998
4252550335,18,50,mean_p,12,0.13438082864930034,0.1870045249190386,mean_p|train_n=12|p=50,387,658,-1.3777999999999999,0.93608999999999998
3190192817,18,50,mean_p,12,0.31690573481069351,0.019179338511529136,mean_p|train_n=12|p=50,388,659,-1.3777999999999999,0.93608999999999998
1493406675,18,50,mean_p,12,0.39962642972133122,0.0068329499039696219,mean_p|train_n=12|p=50,389,661,-1.3777999999999999,0.93608999999999998
2857457150,18,50,mean_p,12,0.32587465792788817,0.017148856114532391,mean_p|train_n=12|p=50,390,665,-1.3777999999999999,0.93608999999999998
1468871626,18,50,mean_p,12,0.29916983657966179,0.023929647270904814,mean_p|train_n=12|p=50,391,666,-1.3777999999999999,0.93608999999999998
3384989441,18,50,mean_p,12,0.18973982513785292,0.093731848674462881,mean_p|train_n=12|p=50,392,671,-1.3777999999999999,0.93608999999999998
3721678430,18,50,mean_p,12,0.29318341731959391,0.025785404509050234,mean_p|train_n=12|p=50,393,672,-1.3777999999999999,0.93608999999999998
4130799095,18,50,mean_p,12,0.26122273353676062,0.038419719502624787,mean_p|train_n=12|p=50,394,675,-1.3777999999999999,0.93608999999999998
471688557,18,50,mean_p,12,0.1524784667305793,0.14920704891538616,mean_p|train_n=12|p=50,395,676,-1.3777999999999999,0.93608999999999998
3082623256,18,50,mean_p,12,0.075296099144707168,0.39084546827221534,mean_p|train_n=12|p=50,396,679,-1.3777999999999999,0.93608999999999998
2829993631,18,50,mean_p,12,0.14680604512780115,0.16014949874347567,mean_p|train_n=12|p=50,397,680,-1.3777999999999999,0.93608999999999998
1299801600,18,50,mean_p,12,0.19445198966514024,0.08838002724292697,mean_p|train_n=12|p=50,398,682,-1.3777999999999999,0.93608999999999998
1487154001,18,50,mean_p,12,0.27195727827822758,0.03360381851859183,mean_p|train_n=12|p=50,399,684,-1.3777999999999999,0.93608999999999998
291005860,18,50,mean_p,12,0.064665690417176153,0.44627892152456083,mean_p|train_n=12|p=50,400,688,-1.3777999999999999,0.93608999999999998
3250012585,18,50,mean_p,12,0.30487664849705581,0.022285054926937272,mean_p|train_n=12|p=50,401,689,-1.3777999999999999,0.93608999999999998
2153574629,18,50,mean_p,12,0.20428593090728378,0.078175114837765972,mean_p|train_n=12|p=50,402,690,-1.3777999999999999,0.93608999999999998
630091242,18,50,mean_p,12,0.37075742173088705,0.0097957142753433285,mean_p|train_n=12|p=50,403,691,-1.3777999999999999,0.93608999999999998
1388400972,18,50,mean_p,12,0.11283492918256639,0.2446805407530348,mean_p|train_n=12|p=50,404,692,-1.3777999999999999,0.93608999999999998
1738581444,18,50,mean_p,12,0.14506609996758785,0.16366414498918236,mean_p|train_n=12|p=50,405,694,-1.3777999999999999,0.93608999999999998
1834743712,18,50,mean_p,12,0.20789394839570194,0.074734019512913502,mean_p|train_n=12|p=50,406,695,-1.3777999999999999,0.93608999999999998
841071557,18,50,mean_p,12,0.075585841962167194,0.38943510506169643,mean_p|train_n=12|p=50,407,696,-1.3777999999999999,0.93608999999999998
1519261113,18,50,mean_p,12,0.16755257110869551,0.12362596778567628,mean_p|train_n=12|p=50,408,697,-1.3777999999999999,0.93608999999999998
3421055488,18,50,mean_p,12,0.23492840017831831,0.053337307055193142,mean_p|train_n=12|p=50,409,698,-1.3777999999999999,0.93608999999999998
698286894,18,50,mean_p,12,0.1933738953225525,0.089576858676360435,mean_p|train_n=12|p=50,410,699,-1.3777999999999999,0.93608999999999998
3752181183,18,50,mean_p,12,0.26445134219319127,0.036902844644981968,mean_p|train_n=12|p=50,411,701,-1.3777999999999999,0.93608999999999998
2795780550,18,50,mean_p,12,0.16417418269457296,0.12894830473853114,mean_p|train_n=12|p=50,412,702,-1.3777999999999999,0.93608999999999998
3273801344,18,50,mean_p,12,0.2709650863771691,0.034022393400342625,mean_p|train_n=12|p=50,413,703,-1.3777999999999999,0.93608999999999998
2541628982,18,50,mean_p,12,0.14536840560500444,0.16304800557969798,mean_p|train_n=12|p=50,414,706,-1.3777999999999999,0.93608999999999998
3258669478,18,50,mean_p,12,0.23996254499772152,0.050090269711319788,mean_p|train_n=12|p=50,415,707,-1.3777999999999999,0.93608999999999998
3879730565,18,50,mean_p,12,0.21403740068541213,0.069219713846802505,mean_p|train_n=12|p=50,416,708,-1.3777999999999999,0.93608999999999998
3743094465,18,50,mean_p,12,0.35738503701807733,0.011574304651705936,mean_p|train_n=12|p=50,417,709,-1.3777999999999999,0.93608999999999998
2097223582,18,50,mean_p,12,0.28992272881008307,0.0268560489401421,mean_p|train_n=12|p=50,418,710,-1.3777999999999999,0.93608999999999998
3569079802,18,50,mean_p,12,0.27787284404909607,0.031212956082060355,mean_p|train_n=12|p=50,419,712,-1.3777999999999999,0.93608999999999998
529977650,18,50,mean_p,12,0.10876393349048859,0.25742948289450679,mean_p|train_n=12|p=50,420,714,-1.3777999999999999,0.93608999999999998
2383976871,18,50,mean_p,12,0.23967720902632308,0.050268910712094272,mean_p|train_n=12|p=50,421,715,-1.3777999999999999,0.93608999999999998
2827161312,18,50,mean_p,12,0.26854455434777985,0.035065546470445824,mean_p|train_n=12|p=50,422,716,-1.3777999999999999,0.93608999999999998
4282038819,18,50,mean_p,12,0.10699102053515865,0.26318727285212962,mean_p|train_n=12|p=50,423,717,-1.3777999999999999,0.93608999999999998
196198615,18,50,mean_p,12,0.079194414922161019,0.37229045455678816,mean_p|train_n=12|p=50,424,721,-1.3777999999999999,0.93608999999999998
1197259946,18,50,mean_p,12,0.14254371780305547,0.16889670400564971,mean_p|train_n=12|p=50,425,722,-1.3777999999999999,0.93608999999999998
146574613,18,50,mean_p,12,0.42725674032197591,0.0048405230847614342,mean_p|train_n=12|p=50,426,723,-1.3777999999999999,0.93608999999999998
778578436,18,50,mean_p,12,0.16310044718702588,0.1306873993327286,mean_p|train_n=12|p=50,427,724,-1.3777999999999999,0.93608999999999998
1868238678,18,50,mean_p,12,0.23403575594993919,0.053934656013928627,mean_p|train_n=12|p=50,428,727,-1.3777999999999999,0.93608999999999998
2413316703,18,50,mean_p,12,0.17907474474118615,0.10707210642261483,mean_p|train_n=12|p=50,429,729,-1.3777999999999999,0.93608999999999998
2246287589,18,50,mean_p,12,0.25228256160671503,0.042953332940796396,mean_p|train_n=12|p=50,430,730,-1.3777999999999999,0.93608999999999998
1686060111,18,50,mean_p,12,0.29907128468097538,0.02395908920186756,mean_p|train_n=12|p=50,431,731,-1.3777999999999999,0.93608999999999998
1680022753,18,50,mean_p,12,0.066784671135108539,0.43463489722780657,mean_p|train_n=12|p=50,432,735,-1.3777999999999999,0.93608999999999998
3244045172,18,50,mean_p,12,0.14016148659147959,0.17399204371802424,mean_p|train_n=12|p=50,433,736,-1.3777999999999999,0.93608999999999998
3099098709,18,50,mean_p,12,0.19672143504847628,0.085912637242095843,mean_p|train_n=12|p=50,434,738,-1.3777999999999999,0.93608999999999998
2350930334,18,50,mean_p,12,0.27195773795238209,0.033603625794753164,mean_p|train_n=12|p=50,435,741,-1.3777999999999999,0.93608999999999998
611330700,18,50,mean_p,12,0.082935132280765309,0.35531429044596768,mean_p|train_n=12|p=50,436,743,-1.3777999999999999,0.93608999999999998
2409697338,18,50,mean_p,12,0.31902722070360245,0.018678339650344149,mean_p|train_n=12|p=50,437,744,-1.3777999999999999,0.93608999999999998
3321165698,18,50,mean_p,12,0.15396907938673207,0.14645776305783975,mean_p|train_n=12|p=50,438,746,-1.3777999999999999,0.93608999999999998
2693076396,18,50,mean_p,12,0.25718641643347939,0.040404071890493859,mean_p|train_n=12|p=50,439,750,-1.3777999999999999,0.93608999999999998
478694745,18,50,mean_p,12,0.33656950330510449,0.015006683041358434,mean_p|train_n=12|p=50,440,751,-1.3777999999999999,0.93608999999999998
1896004555,18,50,mean_p,12,0.33906841479351002,0.014546022605823231,mean_p|train_n=12|p=50,441,752,-1.3777999999999999,0.93608999999999998
347033466,18,50,mean_p,12,0.10817206530331089,0.25933751538307809,mean_p|train_n=12|p=50,442,753,-1.3777999999999999,0.93608999999999998
202393249,18,50,mean_p,12,0.1422025404149746,0.16961718752369431,mean_p|train_n=12|p=50,443,754,-1.3777999999999999,0.93608999999999998
974384947,18,50,mean_p,12,0.1036842387187325,0.2742728461333262,mean_p|train_n=12|p=50,444,756,-1.3777999999999999,0.93608999999999998
644164763,18,50,mean_p,12,0.18028620192146472,0.10546588893235899,mean_p|train_n=12|p=50,445,757,-1.3777999999999999,0.93608999999999998
4081447541,18,50,mean_p,12,0.31580419428588269,0.019444750086020264,mean_p|train_n=12|p=50,446,758,-1.3777999999999999,0.93608999999999998
3583953334,18,50,mean_p,12,0.13110879437282466,0.19479677546006266,mean_p|train_n=12|p=50,447,759,-1.3777999999999999,0.93608999999999998
2580487983,18,50,mean_p,12,0.14815573151986242,0.15747523100212796,mean_p|train_n=12|p=50,448,761,-1.3777999999999999,0.93608999999999998
2427234487,18,50,mean_p,12,0.20325112522642982,0.0791909702121876,mean_p|train_n=12|p=50,449,762,-1.3777999999999999,0.93608999999999998
951595470,18,50,mean_p,12,0.36303262301848699,0.010786815218665636,mean_p|train_n=12|p=50,450,764,-1.3777999999999999,0.93608999999999998
3685215979,18,50,mean_p,12,0.30573203489253326,0.022048485508563434,mean_p|train_n=12|p=50,451,767,-1.3777999999999999,0.93608999999999998
194974996,18,50,mean_p,12,0.28060365887071542,0.03016739933115346,mean_p|train_n=12|p=50,452,769,-1.3777999999999999,0.93608999999999998
2237084666,18,50,mean_p,12,0.29150090618592178,0.026332415701682613,mean_p|train_n=12|p=50,453,770,-1.3777999999999999,0.93608999999999998
3383493280,18,50,mean_p,12,0.28155509210214108,0.029811408333981496,mean_p|train_n=12|p=50,454,771,-1.3777999999999999,0.93608999999999998
1458737404,18,50,mean_p,12,0.20761139518894323,0.074997945579676123,mean_p|train_n=12|p=50,455,773,-1.3777999999999999,0.93608999999999998
3283414983,18,50,mean_p,12,0.17131071288326821,0.11796306907714521,mean_p|train_n=12|p=50,456,774,-1.3777999999999999,0.93608999999999998
139817681,18,50,mean_p,12,0.36883286957966777,0.010033775313907237,mean_p|train_n=12|p=50,457,775,-1.3777999999999999,0.93608999999999998
2761970255,18,50,mean_p,12,0.26501067880031215,0.036646209256854474,mean_p|train_n=12|p=50,458,777,-1.3777999999999999,0.93608999999999998
1737219950,18,50,mean_p,12,0.14215585679040835,0.16971601071542489,mean_p|train_n=12|p=50,459,779,-1.3777999999999999,0.93608999999999998
3239695959,18,50,mean_p,12,0.17909477607741744,0.10704534988187196,mean_p|train_n=12|p=50,460,782,-1.3777999999999999,0.93608999999999998
3086326594,18,50,mean_p,12,0.26185459790754989,0.038118026486557328,mean_p|train_n=12|p=50,461,783,-1.3777999999999999,0.93608999999999998
519587730,18,50,mean_p,12,0.51214330268055663,0.0016785375790510009,mean_p|train_n=12|p=50,462,784,-1.3777999999999999,0.93608999999999998
1059169494,18,50,mean_p,12,0.4243475131421629,0.00501944915379987,mean_p|train_n=12|p=50,463,786,-1.3777999999999999,0.93608999999999998
2792961913,18,50,mean_p,12,0.15800891785544857,0.13925871087625213,mean_p|train_n=12|p=50,464,787,-1.3777999999999999,0.93608999999999998
1798304497,18,50,mean_p,12,0.15671427963358656,0.14152638689410321,mean_p|train_n=12|p=50,465,789,-1.3777999999999999,0.93608999999999998
209434737,18,50,mean_p,12,0.16602681639557751,0.12600189225143571,mean_p|train_n=12|p=50,466,790,-1.3777999999999999,0.93608999999999998
1256999079,18,50,mean_p,12,0.19905637038700094,0.083445920609899984,mean_p|train_n=12|p=50,467,793,-1.3777999999999999,0.93608999999999998
3141854275,18,50,mean_p,12,0.39684091175439251,0.0070745965342425832,mean_p|train_n=12|p=50,468,795,-1.3777999999999999,0.93608999999999998
2133729830,18,50,mean_p,12,0.21736553928312666,0.066404291558057549,mean_p|train_n=12|p=50,469,796,-1.3777999999999999,0.93608999999999998
2236678842,18,50,mean_p,12,0.2499391377453383,0.044227745724503484,mean_p|train_n=12|p=50,470,797,-1.3777999999999999,0.93608999999999998
72152444,18,50,mean_p,12,0.08895977450624519,0.32958535852625626,mean_p|train_n=12|p=50,471,798,-1.3777999999999999,0.93608999999999998
712089319,18,50,mean_p,12,0.26535992894012134,0.036486871850841436,mean_p|train_n=12|p=50,472,799,-1.3777999999999999,0.93608999999999998
1338760443,18,50,mean_p,12,0.26471352646128482,0.036782325981786601,mean_p|train_n=12|p=50,473,801,-1.3777999999999999,0.93608999999999998
1903664002,18,50,mean_p,12,0.22574068663928826,0.059815684567982183,mean_p|train_n=12|p=50,474,802,-1.3777999999999999,0.93608999999999998
952851268,18,50,mean_p,12,0.28663969063995798,0.027978948768587628,mean_p|train_n=12|p=50,475,806,-1.3777999999999999,0.93608999999999998
3376044216,18,50,mean_p,12,0.24715015343890234,0.045793836252408106,mean_p|train_n=12|p=50,476,808,-1.3777999999999999,0.93608999999999998
1265312669,18,50,mean_p,12,0.24642602947474104,0.046209441705889226,mean_p|train_n=12|p=50,477,809,-1.3777999999999999,0.93608999999999998
2843389558,18,50,mean_p,12,0.14118794088263933,0.17177798570415151,mean_p|train_n=12|p=50,478,810,-1.3777999999999999,0.93608999999999998
3314301950,18,50,mean_p,12,0.21200966379482467,0.070993268748441779,mean_p|train_n=12|p=50,479,812,-1.3777999999999999,0.93608999999999998
2918252526,18,50,mean_p,12,0.12136726217979842,0.21997161566463791,mean_p|train_n=12|p=50,480,813,-1.3777999999999999,0.93608999999999998
2091921948,18,50,mean_p,12,0.297414915823137,0.024459377800696801,mean_p|train_n=12|p=50,481,816,-1.3777999999999999,0.93608999999999998
2783188960,18,50,mean_p,12,0.21655448736894362,0.067079661890427897,mean_p|train_n=12|p=50,482,818,-1.3777999999999999,0.93608999999999998
616621612,18,50,mean_p,12,0.35263529974181157,0.012280938328397131,mean_p|train_n=12|p=50,483,820,-1.3777999999999999,0.93608999999999998
1423676682,18,50,mean_p,12,0.50319292934601689,0.0018768476628702609,mean_p|train_n=12|p=50,484,821,-1.3777999999999999,0.93608999999999998
1580973008,18,50,mean_p,12,0.13389423795875749,0.18814328661255755,mean_p|train_n=12|p=50,485,822,-1.3777999999999999,0.93608999999999998
2434590639,18,50,mean_p,12,0.1222645615672211,0.21752270341387503,mean_p|train_n=12|p=50,486,825,-1.3777999999999999,0.93608999999999998
1852759264,18,50,mean_p,12,0.16281575368444215,0.13115242912524816,mean_p|train_n=12|p=50,487,827,-1.3777999999999999,0.93608999999999998
2839628640,18,50,mean_p,12,0.23493881555460211,0.053330376375981793,mean_p|train_n=12|p=50,488,831,-1.3777999999999999,0.93608999999999998
648555916,18,50,mean_p,12,0.057611312715984089,0.48733858961550935,mean_p|train_n=12|p=50,489,833,-1.3777999999999999,0.93608999999999998
2807258379,18,50,mean_p,12,0.16799125330690298,0.12295117611194797,mean_p|train_n=12|p=50,490,835,-1.3777999999999999,0.93608999999999998
716701438,18,50,mean_p,12,0.54827612096955869,0.0010694092844840196,mean_p|train_n=12|p=50,491,838,-1.3777999999999999,0.93608999999999998
4213569280,18,50,mean_p,12,0.30898068138131946,0.021172680443895128,mean_p|train_n=12|p=50,492,842,-1.3777999999999999,0.93608999999999998
1588891262,18,50,mean_p,12,0.23427291055895769,0.053775304904528039,mean_p|train_n=12|p=50,493,843,-1.3777999999999999,0.93608999999999998
922921509,18,50,mean_p,12,0.27171221195530348,0.033706723014898465,mean_p|train_n=12|p=50,494,844,-1.3777999999999999,0.93608999999999998
3350351730,18,50,mean_p,12,0.20284296053962311,0.079595281024536252,mean_p|train_n=12|p=50,495,845,-1.3777999999999999,0.93608999999999998
1588550597,18,50,mean_p,12,0.13870532255157675,0.17718202967995603,mean_p|train_n=12|p=50,496,849,-1.3777999999999999,0.93608999999999998
2709964685,18,50,mean_p,12,0.24557209768077318,0.046704398690455097,mean_p|train_n=12|p=50,497,850,-1.3777999999999999,0.93608999999999998
2482716303,18,50,mean_p,12,0.49513909288025815,0.0020752434811516221,mean_p|train_n=12|p=50,498,851,-1.3777999999999999,0.93608999999999998
288078492,18,50,mean_p,12,0.28832186296251744,0.027397849465945427,mean_p|train_n=12|p=50,499,852,-1.3777999999999999,0.93608999999999998
3899455985,19,5,mean_p,12,0.42685212264251682,0.0036190071410628988,mean_p|train_n=12|p=5,0,2,-1.6801600000000001,1.1049500000000001
456502536,19,5,mean_p,12,0.47212859858230088,0.0019935515500469621,mean_p|train_n=12|p=5,1,3,-1.6801600000000001,1.1049500000000001
1815149676,19,5,mean_p,12,0.59108381240002106,0.00041615470377748373,mean_p|train_n=12|p=5,2,4,-1.6801600000000001,1.1049500000000001
1426917134,19,5,mean_p,12,0.45893249477581183,0.0023719389603160139,mean_p|train_n=12|p=5,3,6,-1.6801600000000001,1.1049500000000001
4145365393,19,5,mean_p,12,0.50537998555057717,0.0012866008609505684,mean_p|train_n=12|p=5,4,7,-1.6801600000000001,1.1049500000000001
2346711307,19,5,mean_p,12,0.48673525902936154,0.0016446884956697072,mean_p|train_n=12|p=5,5,8,-1.6801600000000001,1.1049500000000001
2614671566,19,5,mean_p,12,0.48773325844243953,0.001623213055959012,mean_p|train_n=12|p=5,6,10,-1.6801600000000001,1.1049500000000001
1128184567,19,5,mean_p,12,0.42883839333193347,0.0035255658110569417,mean_p|train_n=12|p=5,7,13,-1.6801600000000001,1.1049500000000001
3595974323,19,5,mean_p,12,0.52339481993119674,0.0010148613961351678,mean_p|train_n=12|p=5,8,14,-1.6801600000000001,1.1049500000000001
3334711480,19,5,mean_p,12,0.52333337331048346,0.0010156829944399427,mean_p|train_n=12|p=5,9,15,-1.6801600000000001,1.1049500000000001
900092298,19,5,mean_p,12,0.54687669877218403,0.00074490430649724361,mean_p|train_n=12|p=5,10,21,-1.6801600000000001,1.1049500000000001
3530671903,19,5,mean_p,12,0.5196441404438038,0.0010662499073845985,mean_p|train_n=12|p=5,11,23,-1.6801600000000001,1.1049500000000001
1165695594,19,5,mean_p,12,0.46390732298495291,0.0022215169483186838,mean_p|train_n=12|p=5,12,24,-1.6801600000000001,1.1049500000000001
2437090505,19,5,mean_p,12,0.46502359987880182,0.0021890970067971619,mean_p|train_n=12|p=5,13,26,-1.6801600000000001,1.1049500000000001
4061383301,19,5,mean_p,12,0.49660600622666218,0.0014441996183116063,mean_p|train_n=12|p=5,14,27,-1.6801600000000001,1.1049500000000001
21127515,19,5,mean_p,12,0.58721754793935299,0.00043789317638737602,mean_p|train_n=12|p=5,15,29,-1.6801600000000001,1.1049500000000001
2842078180,19,5,mean_p,12,0.47219758733765194,0.0019917410957582459,mean_p|train_n=12|p=5,16,32,-1.6801600000000001,1.1049500000000001
2344594367,19,5,mean_p,12,0.50363394539080386,0.0013165290194968402,mean_p|train_n=12|p=5,17,33,-1.6801600000000001,1.1049500000000001
888966535,19,5,mean_p,12,0.46805535546218419,0.0021034135589198298,mean_p|train_n=12|p=5,18,35,-1.6801600000000001,1.1049500000000001
3382498583,19,5,mean_p,12,0.54115611963212795,0.00080319267185926082,mean_p|train_n=12|p=5,19,36,-1.6801600000000001,1.1049500000000001
2194750640,19,5,mean_p,12,0.48885728406831153,0.0015993613033878245,mean_p|train_n=12|p=5,20,37,-1.6801600000000001,1.1049500000000001
4045029923,19,5,mean_p,12,0.4337933976019368,0.0033028460613293981,mean_p|train_n=12|p=5,21,41,-1.6801600000000001,1.1049500000000001
2311484401,19,5,mean_p,12,0.52445666828530046,0.0010007680157467615,mean_p|train_n=12|p=5,22,45,-1.6801600000000001,1.1049500000000001
3013421356,19,5,mean_p,12,0.47370818600963566,0.0019525083937692229,mean_p|train_n=12|p=5,23,47,-1.6801600000000001,1.1049500000000001
2966929820,19,5,mean_p,12,0.50897933133498996,0.0012270355002846744,mean_p|train_n=12|p=5,24,48,-1.6801600000000001,1.1049500000000001
2425910552,19,5,mean_p,12,0.44075252788451619,0.0030135964833051662,mean_p|train_n=12|p=5,25,49,-1.6801600000000001,1.1049500000000001
3167257651,19,5,mean_p,12,0.42148952533388839,0.0038838387484417883,mean_p|train_n=12|p=5,26,50,-1.6801600000000001,1.1049500000000001
4267130373,19,5,mean_p,12,0.41339363390977651,0.0043208203266972616,mean_p|train_n=12|p=5,27,51,-1.6801600000000001,1.1049500000000001
3698117132,19,5,mean_p,12,0.42934390557839547,0.0035021723373645187,mean_p|train_n=12|p=5,28,52,-1.6801600000000001,1.1049500000000001
33923826,19,5,mean_p,12,0.56637281887091451,0.00057622362868142186,mean_p|train_n=12|p=5,29,54,-1.6801600000000001,1.1049500000000001
1978145583,19,5,mean_p,12,0.48332160467396995,0.0017203162408704429,mean_p|train_n=12|p=5,30,55,-1.6801600000000001,1.1049500000000001
1558332894,19,5,mean_p,12,0.57177542868963938,0.00053664916559193507,mean_p|train_n=12|p=5,31,57,-1.6801600000000001,1.1049500000000001
2552928706,19,5,mean_p,12,0.52764410611799983,0.00095962740810105545,mean_p|train_n=12|p=5,32,62,-1.6801600000000001,1.1049500000000001
1883348419,19,5,mean_p,12,0.54280355386484136,0.00078595398836267126,mean_p|train_n=12|p=5,33,64,-1.6801600000000001,1.1049500000000001
3999892684,19,5,mean_p,12,0.56833655491594226,0.00056151238202690589,mean_p|train_n=12|p=5,34,66,-1.6801600000000001,1.1049500000000001
472691038,19,5,mean_p,12,0.71576272641874206,8.0564745927779244e-05,mean_p|train_n=12|p=5,35,67,-1.6801600000000001,1.1049500000000001
2382959857,19,5,mean_p,12,0.53352866518583064,0.00088806651774420511,mean_p|train_n=12|p=5,36,68,-1.6801600000000001,1.1049500000000001
581447300,19,5,mean_p,12,0.53103721563857531,0.00091768897948574409,mean_p|train_n=12|p=5,37,69,-1.6801600000000001,1.1049500000000001
3627053558,19,5,mean_p,12,0.45013921319101524,0.0026631602348054298,mean_p|train_n=12|p=5,38,71,-1.6801600000000001,1.1049500000000001
1939647419,19,5,mean_p,12,0.55155077352001769,0.00070043330420418244,mean_p|train_n=12|p=5,39,72,-1.6801600000000001,1.1049500000000001
1801722968,19,5,mean_p,12,0.42031174619377465,0.0039445510447270703,mean_p|train_n=12|p=5,40,77,-1.6801600000000001,1.1049500000000001
3716714239,19,5,mean_p,12,0.47146276333467635,0.0020111097039419343,mean_p|train_n=12|p=5,41,78,-1.6801600000000001,1.1049500000000001
3625462805,19,5,mean_p,12,0.66173865232576745,0.00016411168736422821,mean_p|train_n=12|p=5,42,79,-1.6801600000000001,1.1049500000000001
1179921065,19,5,mean_p,12,0.45567140104261766,0.0024760280610742307,mean_p|train_n=12|p=5,43,80,-1.6801600000000001,1.1049500000000001
3710983912,19,5,mean_p,12,0.555178136236544,0.0006677591275353798,mean_p|train_n=12|p=5,44,81,-1.6801600000000001,1.1049500000000001
322019093,19,5,mean_p,12,0.5890895950274011,0.00042722914645786358,mean_p|train_n=12|p=5,45,83,-1.6801600000000001,1.1049500000000001
3652428328,19,5,mean_p,12,0.46401624332834368,0.0022183325583787971,mean_p|train_n=12|p=5,46,84,-1.6801600000000001,1.1049500000000001
1440248181,19,5,mean_p,12,0.46491220630902425,0.0021923108359914807,mean_p|train_n=12|p=5,47,85,-1.6801600000000001,1.1049500000000001
3968220642,19,5,mean_p,12,0.52536062745046974,0.00098892455221249943,mean_p|train_n=12|p=5,48,86,-1.6801600000000001,1.1049500000000001
1794944313,19,5,mean_p,12,0.52074897480650717,0.0010508478235082318,mean_p|train_n=12|p=5,49,88,-1.6801600000000001,1.1049500000000001
3648800595,19,5,mean_p,12,0.44341963985787064,0.0029095804301430489,mean_p|train_n=12|p=5,50,90,-1.6801600000000001,1.1049500000000001
3976230873,19,5,mean_p,12,0.56787273218245449,0.00056495285015470615,mean_p|train_n=12|p=5,51,92,-1.6801600000000001,1.1049500000000001
82753517,19,5,mean_p,12,0.49683888781614954,0.0014397770390666238,mean_p|train_n=12|p=5,52,95,-1.6801600000000001,1.1049500000000001
1715530400,19,5,mean_p,12,0.52444489066094702,0.0010009232558272705,mean_p|train_n=12|p=5,53,97,-1.6801600000000001,1.1049500000000001
1126255275,19,5,mean_p,12,0.58652838854643796,0.00044188562429013309,mean_p|train_n=12|p=5,54,99,-1.6801600000000001,1.1049500000000001
2646606760,19,5,mean_p,12,0.47332301415111894,0.0019624379192589563,mean_p|train_n=12|p=5,55,101,-1.6801600000000001,1.1049500000000001
1467839972,19,5,mean_p,12,0.50373718178944393,0.0013147402798052914,mean_p|train_n=12|p=5,56,103,-1.6801600000000001,1.1049500000000001
4262244177,19,5,mean_p,12,0.53839210599544896,0.00083296874640497571,mean_p|train_n=12|p=5,57,104,-1.6801600000000001,1.1049500000000001
3322172671,19,5,mean_p,12,0.58671843131026058,0.00044078104497855892,mean_p|train_n=12|p=5,58,105,-1.6801600000000001,1.1049500000000001
798873858,19,5,mean_p,12,0.51024248608770539,0.0012067920093706019,mean_p|train_n=12|p=5,59,106,-1.6801600000000001,1.1049500000000001
3080158410,19,5,mean_p,12,0.56301346764436899,0.00060228924381917947,mean_p|train_n=12|p=5,60,107,-1.6801600000000001,1.1049500000000001
3549986229,19,5,mean_p,12,0.42005809460900378,0.003957750007787769,mean_p|train_n=12|p=5,61,108,-1.6801600000000001,1.1049500000000001
1940459076,19,5,mean_p,12,0.45224927706940915,0.0025901722105849401,mean_p|train_n=12|p=5,62,109,-1.6801600000000001,1.1049500000000001
1073821623,19,5,mean_p,12,0.49253167057917346,0.0015238094883589948,mean_p|train_n=12|p=5,63,110,-1.6801600000000001,1.1049500000000001
1474564860,19,5,mean_p,12,0.40614269903632738,0.0047537729636300576,mean_p|train_n=12|p=5,64,113,-1.6801600000000001,1.1049500000000001
3105050036,19,5,mean_p,12,0.5817030862990995,0.00047087813712968325,mean_p|train_n=12|p=5,65,114,-1.6801600000000001,1.1049500000000001
3906219876,19,5,mean_p,12,0.53178355176659908,0.00090871311203104721,mean_p|train_n=12|p=5,66,115,-1.6801600000000001,1.1049500000000001
2034935878,19,5,mean_p,12,0.47706869585182032,0.0018679800711177926,mean_p|train_n=12|p=5,67,117,-1.6801600000000001,1.1049500000000001
4171739136,19,5,mean_p,12,0.56805888953340933,0.00056356947747349302,mean_p|train_n=12|p=5,68,118,-1.6801600000000001,1.1049500000000001
2763864336,19,5,mean_p,12,0.39045263401606217,0.0058449238884240194,mean_p|train_n=12|p=5,69,119,-1.6801600000000001,1.1049500000000001
4090006094,19,5,mean_p,12,0.37480725188327524,0.0071823029083025744,mean_p|train_n=12|p=5,70,120,-1.6801600000000001,1.1049500000000001
2975391815,19,5,mean_p,12,0.47332550353462793,0.0019623735824260647,mean_p|train_n=12|p=5,71,121,-1.6801600000000001,1.1049500000000001
3889725190,19,5,mean_p,12,0.48736027713375735,0.0016312060362221655,mean_p|train_n=12|p=5,72,122,-1.6801600000000001,1.1049500000000001
662621272,19,5,mean_p,12,0.48673538880576339,0.001644685684687645,mean_p|train_n=12|p=5,73,123,-1.6801600000000001,1.1049500000000001
1313523266,19,5,mean_p,12,0.42859751638755877,0.0035367677231359232,mean_p|train_n=12|p=5,74,126,-1.6801600000000001,1.1049500000000001
1503577618,19,5,mean_p,12,0.5620030148671521,0.00061035774883471609,mean_p|train_n=12|p=5,75,127,-1.6801600000000001,1.1049500000000001
4101413501,19,5,mean_p,12,0.50881733619919634,0.0012296561049971919,mean_p|train_n=12|p=5,76,128,-1.6801600000000001,1.1049500000000001
3594862001,19,5,mean_p,12,0.46471772282114243,0.0021979332164026692,mean_p|train_n=12|p=5,77,129,-1.6801600000000001,1.1049500000000001
4052317975,19,5,mean_p,12,0.45808310838792154,0.0023986210103490516,mean_p|train_n=12|p=5,78,130,-1.6801600000000001,1.1049500000000001
2681630686,19,5,mean_p,12,0.46687517658831029,0.0021363617060397517,mean_p|train_n=12|p=5,79,132,-1.6801600000000001,1.1049500000000001
1598113269,19,5,mean_p,12,0.36901968907623595,0.0077511490349560924,mean_p|train_n=12|p=5,80,133,-1.6801600000000001,1.1049500000000001
3533848764,19,5,mean_p,12,0.4802515605620884,0.0017912970938757608,mean_p|train_n=12|p=5,81,134,-1.6801600000000001,1.1049500000000001
3056679679,19,5,mean_p,12,0.49115776783911924,0.0015516322808000595,mean_p|train_n=12|p=5,82,135,-1.6801600000000001,1.1049500000000001
1540309357,19,5,mean_p,12,0.56987743842215333,0.00055023238299597738,mean_p|train_n=12|p=5,83,136,-1.6801600000000001,1.1049500000000001
121102701,19,5,mean_p,12,0.45340093684731864,0.0025511831685855893,mean_p|train_n=12|p=5,84,137,-1.6801600000000001,1.1049500000000001
783029900,19,5,mean_p,12,0.63344375172662881,0.00023821778004092968,mean_p|train_n=12|p=5,85,139,-1.6801600000000001,1.1049500000000001
2749529739,19,5,mean_p,12,0.43395222538369344,0.0032959446211026137,mean_p|train_n=12|p=5,86,140,-1.6801600000000001,1.1049500000000001
3785101779,19,5,mean_p,12,0.4309748807272154,0.0034277491904724077,mean_p|train_n=12|p=5,87,145,-1.6801600000000001,1.1049500000000001
585177723,19,5,mean_p,12,0.44537673583427706,0.0028355454949141822,mean_p|train_n=12|p=5,88,149,-1.6801600000000001,1.1049500000000001
821040625,19,5,mean_p,12,0.48564727532109314,0.001668424096154815,mean_p|train_n=12|p=5,89,150,-1.6801600000000001,1.1049500000000001
317289897,19,5,mean_p,12,0.52558542790738993,0.00098600109535889702,mean_p|train_n=12|p=5,90,151,-1.6801600000000001,1.1049500000000001
1987476169,19,5,mean_p,12,0.43036653721640544,0.0034553218000845398,mean_p|train_n=12|p=5,91,152,-1.6801600000000001,1.1049500000000001
3185466818,19,5,mean_p,12,0.52325238959837439,0.0010167668378457588,mean_p|train_n=12|p=5,92,154,-1.6801600000000001,1.1049500000000001
2635656265,19,5,mean_p,12,0.5548284517067007,0.00067084143331626225,mean_p|train_n=12|p=5,93,155,-1.6801600000000001,1.1049500000000001
1567289854,19,5,mean_p,12,0.48393157808448928,0.0017065519123266172,mean_p|train_n=12|p=5,94,158,-1.6801600000000001,1.1049500000000001
1482956320,19,5,mean_p,12,0.48077267552600039,0.0017790455504680615,mean_p|train_n=12|p=5,95,159,-1.6801600000000001,1.1049500000000001
148795154,19,5,mean_p,12,0.52228234492224923,0.0010298396567236044,mean_p|train_n=12|p=5,96,160,-1.6801600000000001,1.1049500000000001
2225072154,19,5,mean_p,12,0.56897530963547738,0.00055680860094770848,mean_p|train_n=12|p=5,97,161,-1.6801600000000001,1.1049500000000001
3490363055,19,5,mean_p,12,0.557913621136642,0.00064413075532489391,mean_p|train_n=12|p=5,98,164,-1.6801600000000001,1.1049500000000001
1982108277,19,5,mean_p,12,0.53365164916551,0.00088662930373917248,mean_p|train_n=12|p=5,99,170,-1.6801600000000001,1.1049500000000001
3552867896,19,5,mean_p,12,0.5708883741251406,0.0005429552402826767,mean_p|train_n=12|p=5,100,171,-1.6801600000000001,1.1049500000000001
1599249651,19,5,mean_p,12,0.49228379424507535,0.0015287920636039868,mean_p|train_n=12|p=5,101,172,-1.6801600000000001,1.1049500000000001
2640436232,19,5,mean_p,12,0.55360428926989891,0.00068174437110353394,mean_p|train_n=12|p=5,102,173,-1.6801600000000001,1.1049500000000001
454977345,19,5,mean_p,12,0.42454927336318321,0.0037304459121855604,mean_p|train_n=12|p=5,103,174,-1.6801600000000001,1.1049500000000001
2967412088,19,5,mean_p,12,0.53117455880032938,0.00091603058094635859,mean_p|train_n=12|p=5,104,177,-1.6801600000000001,1.1049500000000001
361284780,19,5,mean_p,12,0.57882057168874623,0.00048909730575708358,mean_p|train_n=12|p=5,105,178,-1.6801600000000001,1.1049500000000001
1467028404,19,5,mean_p,12,0.44749260878483155,0.0027576220080793037,mean_p|train_n=12|p=5,106,179,-1.6801600000000001,1.1049500000000001
1795137201,19,5,mean_p,12,0.48145160796078662,0.0017632092937782087,mean_p|train_n=12|p=5,107,181,-1.6801600000000001,1.1049500000000001
3316088266,19,5,mean_p,12,0.44301358280777153,0.0029251816385219742,mean_p|train_n=12|p=5,108,183,-1.6801600000000001,1.1049500000000001
1673533840,19,5,mean_p,12,0.46156482822429229,0.0022911192456531713,mean_p|train_n=12|p=5,109,186,-1.6801600000000001,1.1049500000000001
2376607913,19,5,mean_p,12,0.56609686299929596,0.00057832159821739892,mean_p|train_n=12|p=5,110,187,-1.6801600000000001,1.1049500000000001
701904080,19,5,mean_p,12,0.53035438938734103,0.00092597868279102559,mean_p|train_n=12|p=5,111,188,-1.6801600000000001,1.1049500000000001
2225921427,19,5,mean_p,12,0.49979834760365344,0.0013847405376772256,mean_p|train_n=12|p=5,112,190,-1.6801600000000001,1.1049500000000001
3983424561,19,5,mean_p,12,0.47629152044521122,0.001887197478641834,mean_p|train_n=12|p=5,113,191,-1.6801600000000001,1.1049500000000001
3615908169,19,5,mean_p,12,0.43298138591116175,0.0033383563272734447,mean_p|train_n=12|p=5,114,195,-1.6801600000000001,1.1049500000000001
643788301,19,5,mean_p,12,0.47314780443615262,0.0019669714266750959,mean_p|train_n=12|p=5,115,197,-1.6801600000000001,1.1049500000000001
1915662087,19,5,mean_p,12,0.60237033862776934,0.0003586746902473427,mean_p|train_n=12|p=5,116,199,-1.6801600000000001,1.1049500000000001
1935985423,19,5,mean_p,12,0.53303382377930875,0.00089387291171122776,mean_p|train_n=12|p=5,117,200,-1.6801600000000001,1.1049500000000001
1764274493,19,5,mean_p,12,0.47770172158769736,0.0018524717920458938,mean_p|train_n=12|p=5,118,201,-1.6801600000000001,1.1049500000000001
2725394584,19,5,mean_p,12,0.58135812914331819,0.00047302221040564871,mean_p|train_n=12|p=5,119,202,-1.6801600000000001,1.1049500000000001
1469099316,19,5,mean_p,12,0.49083225780936723,0.001558298252480411,mean_p|train_n=12|p=5,120,204,-1.6801600000000001,1.1049500000000001
2286126950,19,5,mean_p,12,0.40925563493447176,0.0045628246785712027,mean_p|train_n=12|p=5,121,205,-1.6801600000000001,1.1049500000000001
1809396000,19,5,mean_p,12,0.48598915097551726,0.0016609290145366102,mean_p|train_n=12|p=5,122,206,-1.6801600000000001,1.1049500000000001
3069215104,19,5,mean_p,12,0.52712599678270833,0.00096619771486052377,mean_p|train_n=12|p=5,123,209,-1.6801600000000001,1.1049500000000001
2191869794,19,5,mean_p,12,0.54115640631839335,0.00080318963933093156,mean_p|train_n=12|p=5,124,210,-1.6801600000000001,1.1049500000000001
1172547363,19,5,mean_p,12,0.42659278998145472,0.0036313884786523601,mean_p|train_n=12|p=5,125,213,-1.6801600000000001,1.1049500000000001
4238991878,19,5,mean_p,12,0.45762039783835434,0.0024132823623734759,mean_p|train_n=12|p=5,126,214,-1.6801600000000001,1.1049500000000001
798061334,19,5,mean_p,12,0.51563500861117506,0.0011240600587124421,mean_p|train_n=12|p=5,127,215,-1.6801600000000001,1.1049500000000001
1684019647,19,5,mean_p,12,0.6179737600473717,0.00029204909995513803,mean_p|train_n=12|p=5,128,216,-1.6801600000000001,1.1049500000000001
4197315905,19,5,mean_p,12,0.654908002875493,0.00017955929350173811,mean_p|train_n=12|p=5,129,218,-1.6801600000000001,1.1049500000000001
246596992,19,5,mean_p,12,0.46235398715047998,0.0022674308112610366,mean_p|train_n=12|p=5,130,219,-1.6801600000000001,1.1049500000000001
2330531749,19,5,mean_p,12,0.47947980227468673,0.0018095964966933851,mean_p|train_n=12|p=5,131,221,-1.6801600000000001,1.1049500000000001
2136310275,19,5,mean_p,12,0.638250939409996,0.00022360377283230399,mean_p|train_n=12|p=5,132,223,-1.6801600000000001,1.1049500000000001
2464687101,19,5,mean_p,12,0.65789325568710288,0.00017263685901037061,mean_p|train_n=12|p=5,133,225,-1.6801600000000001,1.1049500000000001
1573032912,19,5,mean_p,12,0.52844215549966544,0.00094959439867762683,mean_p|train_n=12|p=5,134,226,-1.6801600000000001,1.1049500000000001
3139578544,19,5,mean_p,12,0.47370704357027799,0.0019525377708336047,mean_p|train_n=12|p=5,135,227,-1.6801600000000001,1.1049500000000001
1545805054,19,5,mean_p,12,0.54974713914682349,0.00071727022114979986,mean_p|train_n=12|p=5,136,229,-1.6801600000000001,1.1049500000000001
3396323503,19,5,mean_p,12,0.54099870024119201,0.00080485956320022051,mean_p|train_n=12|p=5,137,230,-1.6801600000000001,1.1049500000000001
705692387,19,5,mean_p,12,0.47981454539310281,0.0018016364516590198,mean_p|train_n=12|p=5,138,232,-1.6801600000000001,1.1049500000000001
135702309,19,5,mean_p,12,0.64120549471016108,0.0002150702507484128,mean_p|train_n=12|p=5,139,233,-1.6801600000000001,1.1049500000000001
3733649643,19,5,mean_p,12,0.39921731998298987,0.0052077319944386982,mean_p|train_n=12|p=5,140,234,-1.6801600000000001,1.1049500000000001
3923976278,19,5,mean_p,12,0.54127921404170753,0.00080189164832375297,mean_p|train_n=12|p=5,141,235,-1.6801600000000001,1.1049500000000001
2610932006,19,5,mean_p,12,0.52635068857986556,0.00097611376121325478,mean_p|train_n=12|p=5,142,238,-1.6801600000000001,1.1049500000000001
1477027721,19,5,mean_p,12,0.49058251832922173,0.0015634319614631945,mean_p|train_n=12|p=5,143,239,-1.6801600000000001,1.1049500000000001
3430764461,19,5,mean_p,12,0.49485132943763754,0.0014779618449342865,mean_p|train_n=12|p=5,144,241,-1.6801600000000001,1.1049500000000001
1955704702,19,5,mean_p,12,0.49378110041801865,0.0014989407697733712,mean_p|train_n=12|p=5,145,242,-1.6801600000000001,1.1049500000000001
3085616168,19,5,mean_p,12,0.43813944030413959,0.0031191110518412391,mean_p|train_n=12|p=5,146,243,-1.6801600000000001,1.1049500000000001
2114578486,19,5,mean_p,12,0.36946416002418908,0.0077059095077602812,mean_p|train_n=12|p=5,147,244,-1.6801600000000001,1.1049500000000001
1414760318,19,5,mean_p,12,0.39274871503326808,0.0056708252483724129,mean_p|train_n=12|p=5,148,245,-1.6801600000000001,1.1049500000000001
1466929808,19,5,mean_p,12,0.43239310834359096,0.0033643206784079297,mean_p|train_n=12|p=5,149,246,-1.6801600000000001,1.1049500000000001
3383785447,19,5,mean_p,12,0.39983832364885741,0.005165314293547712,mean_p|train_n=12|p=5,150,247,-1.6801600000000001,1.1049500000000001
1322197870,19,5,mean_p,12,0.57417586955970723,0.00051994926550437046,mean_p|train_n=12|p=5,151,248,-1.6801600000000001,1.1049500000000001
2086745639,19,5,mean_p,12,0.51654603724664305,0.0011106541003819883,mean_p|train_n=12|p=5,152,249,-1.6801600000000001,1.1049500000000001
3891753293,19,5,mean_p,12,0.40739204470427781,0.0046761961116021065,mean_p|train_n=12|p=5,153,250,-1.6801600000000001,1.1049500000000001
2679798208,19,5,mean_p,12,0.45528282334790648,0.0024887315851283968,mean_p|train_n=12|p=5,154,251,-1.6801600000000001,1.1049500000000001
1124744414,19,5,mean_p,12,0.53042615221909073,0.00092510395201201537,mean_p|train_n=12|p=5,155,252,-1.6801600000000001,1.1049500000000001
1051702679,19,5,mean_p,12,0.48913407860273728,0.0015935417209587074,mean_p|train_n=12|p=5,156,253,-1.6801600000000001,1.1049500000000001
738530964,19,5,mean_p,12,0.56101233014620622,0.00061837333367483025,mean_p|train_n=12|p=5,157,254,-1.6801600000000001,1.1049500000000001
2384919861,19,5,mean_p,12,0.40527079158208712,0.0048086744045329382,mean_p|train_n=12|p=5,158,257,-1.6801600000000001,1.1049500000000001
3160478422,19,5,mean_p,12,0.43237232764933592,0.0033652415433284839,mean_p|train_n=12|p=5,159,259,-1.6801600000000001,1.1049500000000001
2919111388,19,5,mean_p,12,0.57024618023753249,0.00054756679206353974,mean_p|train_n=12|p=5,160,260,-1.6801600000000001,1.1049500000000001
3453469934,19,5,mean_p,12,0.43018351284153861,0.003463660531962556,mean_p|train_n=12|p=5,161,261,-1.6801600000000001,1.1049500000000001
1306838243,19,5,mean_p,12,0.49832021256883996,0.0014119610054851585,mean_p|train_n=12|p=5,162,262,-1.6801600000000001,1.1049500000000001
1432210907,19,5,mean_p,12,0.36893783841478089,0.0077595089418198522,mean_p|train_n=12|p=5,163,264,-1.6801600000000001,1.1049500000000001
2303272430,19,5,mean_p,12,0.66568906331296174,0.00015579189465246278,mean_p|train_n=12|p=5,164,266,-1.6801600000000001,1.1049500000000001
2276937409,19,5,mean_p,12,0.5502109931836302,0.00071290187187297046,mean_p|train_n=12|p=5,165,267,-1.6801600000000001,1.1049500000000001
2159079092,19,5,mean_p,12,0.44264772956010817,0.0029393097950209425,mean_p|train_n=12|p=5,166,268,-1.6801600000000001,1.1049500000000001
2772577163,19,5,mean_p,12,0.5193114922976596,0.0010709312974090967,mean_p|train_n=12|p=5,167,269,-1.6801600000000001,1.1049500000000001
2792026075,19,5,mean_p,12,0.49928106804375921,0.0013942062419919059,mean_p|train_n=12|p=5,168,273,-1.6801600000000001,1.1049500000000001
4025155255,19,5,mean_p,12,0.45991175074982299,0.0023415454159560799,mean_p|train_n=12|p=5,169,274,-1.6801600000000001,1.1049500000000001
4216057114,19,5,mean_p,12,0.52017985974277037,0.0010587536546709136,mean_p|train_n=12|p=5,170,276,-1.6801600000000001,1.1049500000000001
848505980,19,5,mean_p,12,0.45371450566055327,0.0025406694309671194,mean_p|train_n=12|p=5,171,282,-1.6801600000000001,1.1049500000000001
4099514906,19,5,mean_p,12,0.50698371954361565,0.0012597117172402626,mean_p|train_n=12|p=5,172,283,-1.6801600000000001,1.1049500000000001
509560491,19,5,mean_p,12,0.40897387051299,0.0045797877711498576,mean_p|train_n=12|p=5,173,287,-1.6801600000000001,1.1049500000000001
2122230350,19,5,mean_p,12,0.60294907320586688,0.00035595132920901733,mean_p|train_n=12|p=5,174,288,-1.6801600000000001,1.1049500000000001
4283629433,19,5,mean_p,12,0.50002010143937226,0.0013807023677067359,mean_p|train_n=12|p=5,175,293,-1.6801600000000001,1.1049500000000001
3358382050,19,5,mean_p,12,0.46025823970332075,0.0023308848433130215,mean_p|train_n=12|p=5,176,294,-1.6801600000000001,1.1049500000000001
1362261134,19,5,mean_p,12,0.43189958760394609,0.0033862585243671223,mean_p|train_n=12|p=5,177,295,-1.6801600000000001,1.1049500000000001
1215026457,19,5,mean_p,12,0.40956960698959999,0.0045439965889724808,mean_p|train_n=12|p=5,178,299,-1.6801600000000001,1.1049500000000001
1576688777,19,5,mean_p,12,0.62418509575174974,0.00026910991763235917,mean_p|train_n=12|p=5,179,300,-1.6801600000000001,1.1049500000000001
282537979,19,5,mean_p,12,0.55712330360581297,0.00065087008671130145,mean_p|train_n=12|p=5,180,302,-1.6801600000000001,1.1049500000000001
2297102913,19,5,mean_p,12,0.46583541905538589,0.0021658169618088735,mean_p|train_n=12|p=5,181,305,-1.6801600000000001,1.1049500000000001
1997961616,19,5,mean_p,12,0.55139912624980758,0.00070183358198467661,mean_p|train_n=12|p=5,182,308,-1.6801600000000001,1.1049500000000001
2084313846,19,5,mean_p,12,0.49540185894168332,0.0014672848401236526,mean_p|train_n=12|p=5,183,309,-1.6801600000000001,1.1049500000000001
3068739408,19,5,mean_p,12,0.47997536630111404,0.0017978246622420218,mean_p|train_n=12|p=5,184,310,-1.6801600000000001,1.1049500000000001
1712915756,19,5,mean_p,12,0.48975356284237992,0.0015805937303714568,mean_p|train_n=12|p=5,185,311,-1.6801600000000001,1.1049500000000001
1141048788,19,5,mean_p,12,0.42676277093685383,0.0036232682918349492,mean_p|train_n=12|p=5,186,312,-1.6801600000000001,1.1049500000000001
3808027860,19,5,mean_p,12,0.45302788416059236,0.0025637480432944299,mean_p|train_n=12|p=5,187,313,-1.6801600000000001,1.1049500000000001
2619807498,19,5,mean_p,12,0.44064067760737219,0.0030180389188354615,mean_p|train_n=12|p=5,188,315,-1.6801600000000001,1.1049500000000001
2805236087,19,5,mean_p,12,0.4754814387232229,0.0019074390377958428,mean_p|train_n=12|p=5,189,316,-1.6801600000000001,1.1049500000000001
1782235059,19,5,mean_p,12,0.3887647524291048,0.005976305872968846,mean_p|train_n=12|p=5,190,317,-1.6801600000000001,1.1049500000000001
1293992588,19,5,mean_p,12,0.59094520846810317,0.00041691504031029521,mean_p|train_n=12|p=5,191,318,-1.6801600000000001,1.1049500000000001
1171576222,19,5,mean_p,12,0.51394108743127642,0.0011494180607554737,mean_p|train_n=12|p=5,192,320,-1.6801600000000001,1.1049500000000001
154107070,19,5,mean_p,12,0.49961048486563658,0.0013881707853129249,mean_p|train_n=12|p=5,193,321,-1.6801600000000001,1.1049500000000001
2759333025,19,5,mean_p,12,0.67019535787024531,0.00014681512262830677,mean_p|train_n=12|p=5,194,322,-1.6801600000000001,1.1049500000000001
262491590,19,5,mean_p,12,0.48860748485722721,0.0016046315541089983,mean_p|train_n=12|p=5,195,323,-1.6801600000000001,1.1049500000000001
2735391790,19,5,mean_p,12,0.43590257433265667,0.00321236398951076,mean_p|train_n=12|p=5,196,326,-1.6801600000000001,1.1049500000000001
556360198,19,5,mean_p,12,0.47165836909275632,0.0020059355757038769,mean_p|train_n=12|p=5,197,328,-1.6801600000000001,1.1049500000000001
3088522459,19,5,mean_p,12,0.4266261809056901,0.0036297919205572605,mean_p|train_n=12|p=5,198,329,-1.6801600000000001,1.1049500000000001
1478914796,19,5,mean_p,12,0.57079134761445982,0.00054364948248241491,mean_p|train_n=12|p=5,199,330,-1.6801600000000001,1.1049500000000001
1490350621,19,5,mean_p,12,0.49457860902525397,0.0014832797439317614,mean_p|train_n=12|p=5,200,331,-1.6801600000000001,1.1049500000000001
3565318345,19,5,mean_p,12,0.51229947467370263,0.0011745387132025636,mean_p|train_n=12|p=5,201,333,-1.6801600000000001,1.1049500000000001
3722825404,19,5,mean_p,12,0.50338357257168276,0.0013208772532908324,mean_p|train_n=12|p=5,202,336,-1.6801600000000001,1.1049500000000001
2265578422,19,5,mean_p,12,0.70394396768876799,9.4133294548142402e-05,mean_p|train_n=12|p=5,203,337,-1.6801600000000001,1.1049500000000001
4157755627,19,5,mean_p,12,0.51181207537123763,0.0011821022670641685,mean_p|train_n=12|p=5,204,338,-1.6801600000000001,1.1049500000000001
3486486973,19,5,mean_p,12,0.50700562687822792,0.0012593483237661332,mean_p|train_n=12|p=5,205,339,-1.6801600000000001,1.1049500000000001
3190487508,19,5,mean_p,12,0.48452368266760404,0.0016932961473017528,mean_p|train_n=12|p=5,206,340,-1.6801600000000001,1.1049500000000001
4138085254,19,5,mean_p,12,0.54590754511689366,0.00075447286913335498,mean_p|train_n=12|p=5,207,341,-1.6801600000000001,1.1049500000000001
3767535333,19,5,mean_p,12,0.49561196425024379,0.0014632304101812803,mean_p|train_n=12|p=5,208,343,-1.6801600000000001,1.1049500000000001
1329182550,19,5,mean_p,12,0.4708640905040003,0.0020270287695704939,mean_p|train_n=12|p=5,209,346,-1.6801600000000001,1.1049500000000001
1854515918,19,5,mean_p,12,0.51122650411647397,0.0011912537093613496,mean_p|train_n=12|p=5,210,347,-1.6801600000000001,1.1049500000000001
2480082364,19,5,mean_p,12,0.51916513342103199,0.0010729975259793139,mean_p|train_n=12|p=5,211,348,-1.6801600000000001,1.1049500000000001
1544199556,19,5,mean_p,12,0.46173231618491772,0.0022860711048651975,mean_p|train_n=12|p=5,212,351,-1.6801600000000001,1.1049500000000001
678385398,19,5,mean_p,12,0.43462756593120117,0.0032667601453553801,mean_p|train_n=12|p=5,213,352,-1.6801600000000001,1.1049500000000001
2575905667,19,5,mean_p,12,0.56804849134406554,0.00056364665911025986,mean_p|train_n=12|p=5,214,353,-1.6801600000000001,1.1049500000000001
1024711273,19,5,mean_p,12,0.5313105346195075,0.00091439164524840166,mean_p|train_n=12|p=5,215,355,-1.6801600000000001,1.1049500000000001
889092362,19,5,mean_p,12,0.60665966361746093,0.00033897497528670055,mean_p|train_n=12|p=5,216,358,-1.6801600000000001,1.1049500000000001
3025506675,19,5,mean_p,12,0.39153056664586111,0.0057625346417224206,mean_p|train_n=12|p=5,217,360,-1.6801600000000001,1.1049500000000001
1969272462,19,5,mean_p,12,0.43897197999763465,0.003085098741020041,mean_p|train_n=12|p=5,218,361,-1.6801600000000001,1.1049500000000001
3779845970,19,5,mean_p,12,0.50907738864166441,0.0012254519357836756,mean_p|train_n=12|p=5,219,362,-1.6801600000000001,1.1049500000000001
3813284706,19,5,mean_p,12,0.50290654279408931,0.001329201633919117,mean_p|train_n=12|p=5,220,364,-1.6801600000000001,1.1049500000000001
249761254,19,5,mean_p,12,0.54448145492673616,0.00076877676618869646,mean_p|train_n=12|p=5,221,366,-1.6801600000000001,1.1049500000000001
4221182613,19,5,mean_p,12,0.41237827383886461,0.0043789867416637084,mean_p|train_n=12|p=5,222,367,-1.6801600000000001,1.1049500000000001
169046530,19,5,mean_p,12,0.48101193753442734,0.0017734485439119773,mean_p|train_n=12|p=5,223,370,-1.6801600000000001,1.1049500000000001
1321364566,19,5,mean_p,12,0.59615297236417364,0.0003892793737940141,mean_p|train_n=12|p=5,224,372,-1.6801600000000001,1.1049500000000001
643648839,19,5,mean_p,12,0.59527573865543071,0.00039380279345737468,mean_p|train_n=12|p=5,225,374,-1.6801600000000001,1.1049500000000001
4107186660,19,5,mean_p,12,0.51681307106268148,0.0011067550332483247,mean_p|train_n=12|p=5,226,375,-1.6801600000000001,1.1049500000000001
2624237447,19,5,mean_p,12,0.51266342623763905,0.0011689224224837862,mean_p|train_n=12|p=5,227,376,-1.6801600000000001,1.1049500000000001
1803580398,19,5,mean_p,12,0.50742816983260619,0.0012523597593373764,mean_p|train_n=12|p=5,228,381,-1.6801600000000001,1.1049500000000001
2194227826,19,5,mean_p,12,0.64628969715322027,0.00020114113206350209,mean_p|train_n=12|p=5,229,382,-1.6801600000000001,1.1049500000000001
2655095329,19,5,mean_p,12,0.50442984275501512,0.0013028014877195339,mean_p|train_n=12|p=5,230,383,-1.6801600000000001,1.1049500000000001
1083033225,19,5,mean_p,12,0.55609323241640596,0.00065975984037709658,mean_p|train_n=12|p=5,231,384,-1.6801600000000001,1.1049500000000001
4292758491,19,5,mean_p,12,0.54902748258525835,0.00072410063220870518,mean_p|train_n=12|p=5,232,385,-1.6801600000000001,1.1049500000000001
440776398,19,5,mean_p,12,0.51265763132511455,0.0011690116354970373,mean_p|train_n=12|p=5,233,386,-1.6801600000000001,1.1049500000000001
3990594524,19,5,mean_p,12,0.50490196409250776,0.0012947261355590539,mean_p|train_n=12|p=5,234,388,-1.6801600000000001,1.1049500000000001
1865444911,19,5,mean_p,12,0.508572489574728,0.0012336276295357759,mean_p|train_n=12|p=5,235,389,-1.6801600000000001,1.1049500000000001
1256384778,19,5,mean_p,12,0.48742886327770801,0.001629733289239449,mean_p|train_n=12|p=5,236,393,-1.6801600000000001,1.1049500000000001
4237077544,19,5,mean_p,12,0.50024689507267961,0.0013765846025860615,mean_p|train_n=12|p=5,237,394,-1.6801600000000001,1.1049500000000001
515745249,19,5,mean_p,12,0.51151933485520085,0.001186668461391552,mean_p|train_n=12|p=5,238,395,-1.6801600000000001,1.1049500000000001
2939484057,19,5,mean_p,12,0.47309413500708852,0.001968362203933178,mean_p|train_n=12|p=5,239,396,-1.6801600000000001,1.1049500000000001
2724875809,19,5,mean_p,12,0.44416011706389169,0.0028813442958633777,mean_p|train_n=12|p=5,240,398,-1.6801600000000001,1.1049500000000001
1615140102,19,5,mean_p,12,0.59158680741184877,0.00041340706343380202,mean_p|train_n=12|p=5,241,399,-1.6801600000000001,1.1049500000000001
1492553151,19,5,mean_p,12,0.49726551206546388,0.0014317102563323571,mean_p|train_n=12|p=5,242,400,-1.6801600000000001,1.1049500000000001
4012258166,19,5,mean_p,12,0.69009486829879751,0.00011296766469718944,mean_p|train_n=12|p=5,243,402,-1.6801600000000001,1.1049500000000001
359245209,19,5,mean_p,12,0.55111087736686759,0.00070450293142571029,mean_p|train_n=12|p=5,244,403,-1.6801600000000001,1.1049500000000001
1826525938,19,5,mean_p,12,0.46681960700581837,0.0021379257534276477,mean_p|train_n=12|p=5,245,404,-1.6801600000000001,1.1049500000000001
2904596439,19,5,mean_p,12,0.60278814316734197,0.00035670653811505174,mean_p|train_n=12|p=5,246,405,-1.6801600000000001,1.1049500000000001
3493009289,19,5,mean_p,12,0.44533752051052922,0.0028370103128151766,mean_p|train_n=12|p=5,247,406,-1.6801600000000001,1.1049500000000001
2123167026,19,5,mean_p,12,0.47766121002314649,0.0018534604032794449,mean_p|train_n=12|p=5,248,408,-1.6801600000000001,1.1049500000000001
2399291510,19,5,mean_p,12,0.42276653702668338,0.0038190666055109902,mean_p|train_n=12|p=5,249,409,-1.6801600000000001,1.1049500000000001
4160065740,19,5,mean_p,12,0.51677669471451282,0.0011072853724107328,mean_p|train_n=12|p=5,250,410,-1.6801600000000001,1.1049500000000001
2838654428,19,5,mean_p,12,0.61930877462699074,0.0002869592066124576,mean_p|train_n=12|p=5,251,416,-1.6801600000000001,1.1049500000000001
3857428929,19,5,mean_p,12,0.44285053516897838,0.0029314696420856337,mean_p|train_n=12|p=5,252,417,-1.6801600000000001,1.1049500000000001
3219418157,19,5,mean_p,12,0.62120683711707658,0.00027987497114275139,mean_p|train_n=12|p=5,253,418,-1.6801600000000001,1.1049500000000001
2281261145,19,5,mean_p,12,0.39044159766527059,0.0058457734893563517,mean_p|train_n=12|p=5,254,419,-1.6801600000000001,1.1049500000000001
1766561429,19,5,mean_p,12,0.65516794402216072,0.00017894564621738035,mean_p|train_n=12|p=5,255,421,-1.6801600000000001,1.1049500000000001
1272851152,19,5,mean_p,12,0.52056989027999967,0.0010533291801996265,mean_p|train_n=12|p=5,256,423,-1.6801600000000001,1.1049500000000001
1252019970,19,5,mean_p,12,0.54112502640532445,0.00080352163975522088,mean_p|train_n=12|p=5,257,424,-1.6801600000000001,1.1049500000000001
3645336785,19,5,mean_p,12,0.38900192936099803,0.0059576675759965055,mean_p|train_n=12|p=5,258,425,-1.6801600000000001,1.1049500000000001
3999457273,19,5,mean_p,12,0.51596877484112991,0.0011191299463040308,mean_p|train_n=12|p=5,259,426,-1.6801600000000001,1.1049500000000001
955291953,19,5,mean_p,12,0.44134426023680035,0.002990202813883703,mean_p|train_n=12|p=5,260,427,-1.6801600000000001,1.1049500000000001
1494566577,19,5,mean_p,12,0.65122703878307642,0.00018847832754900943,mean_p|train_n=12|p=5,261,428,-1.6801600000000001,1.1049500000000001
3436799734,19,5,mean_p,12,0.4918257561235439,0.0015380420193592309,mean_p|train_n=12|p=5,262,429,-1.6801600000000001,1.1049500000000001
2009838793,19,5,mean_p,12,0.57159518807972398,0.00053792454006464172,mean_p|train_n=12|p=5,263,430,-1.6801600000000001,1.1049500000000001
1628700843,19,5,mean_p,12,0.51004585864513674,0.0012099210993517181,mean_p|train_n=12|p=5,264,432,-1.6801600000000001,1.1049500000000001
3335257847,19,5,mean_p,12,0.61523928595386468,0.00030275818144095962,mean_p|train_n=12|p=5,265,433,-1.6801600000000001,1.1049500000000001
2463683379,19,5,mean_p,12,0.44572879131855964,0.0028224289218782513,mean_p|train_n=12|p=5,266,434,-1.6801600000000001,1.1049500000000001
2785673589,19,5,mean_p,12,0.48192453361196924,0.0017522615648593945,mean_p|train_n=12|p=5,267,435,-1.6801600000000001,1.1049500000000001
3482115310,19,5,mean_p,12,0.59420244142450196,0.00039940876486254995,mean_p|train_n=12|p=5,268,436,-1.6801600000000001,1.1049500000000001
115168885,19,5,mean_p,12,0.57062471316893604,0.00054484385402572735,mean_p|train_n=12|p=5,269,437,-1.6801600000000001,1.1049500000000001
666060098,19,5,mean_p,12,0.42426982683467357,0.0037442001943801938,mean_p|train_n=12|p=5,270,439,-1.6801600000000001,1.1049500000000001
3016158127,19,5,mean_p,12,0.50001067718692205,0.0013808737448875736,mean_p|train_n=12|p=5,271,440,-1.6801600000000001,1.1049500000000001
828645994,19,5,mean_p,12,0.4315950565906489,0.0033998667620203579,mean_p|train_n=12|p=5,272,441,-1.6801600000000001,1.1049500000000001
1685318284,19,5,mean_p,12,0.52942670861344043,0.00093736109410799651,mean_p|train_n=12|p=5,273,445,-1.6801600000000001,1.1049500000000001
1690088791,19,5,mean_p,12,0.48153241037293892,0.0017613339702732588,mean_p|train_n=12|p=5,274,447,-1.6801600000000001,1.1049500000000001
25965511,19,5,mean_p,12,0.50752552978785292,0.001250754999179877,mean_p|train_n=12|p=5,275,449,-1.6801600000000001,1.1049500000000001
3887894062,19,5,mean_p,12,0.48246265013669465,0.0017398873874840779,mean_p|train_n=12|p=5,276,450,-1.6801600000000001,1.1049500000000001
1714808217,19,5,mean_p,12,0.49197429435131729,0.001535036214498514,mean_p|train_n=12|p=5,277,452,-1.6801600000000001,1.1049500000000001
3507880963,19,5,mean_p,12,0.45018058966769664,0.0026617094214540721,mean_p|train_n=12|p=5,278,453,-1.6801600000000001,1.1049500000000001
4108770867,19,5,mean_p,12,0.52440914623686863,0.0010013945481566029,mean_p|train_n=12|p=5,279,454,-1.6801600000000001,1.1049500000000001
2214908256,19,5,mean_p,12,0.5564638542557937,0.00065654738962916644,mean_p|train_n=12|p=5,280,455,-1.6801600000000001,1.1049500000000001
2659500614,19,5,mean_p,12,0.50172470921091428,0.0013500518436988583,mean_p|train_n=12|p=5,281,458,-1.6801600000000001,1.1049500000000001
3244569357,19,5,mean_p,12,0.42302936942187624,0.0038058699536395709,mean_p|train_n=12|p=5,282,459,-1.6801600000000001,1.1049500000000001
71615112,19,5,mean_p,12,0.43804485825208228,0.0031229987196114001,mean_p|train_n=12|p=5,283,460,-1.6801600000000001,1.1049500000000001
2883473454,19,5,mean_p,12,0.47992596631382856,0.0017989946855512355,mean_p|train_n=12|p=5,284,461,-1.6801600000000001,1.1049500000000001
3102929634,19,5,mean_p,12,0.62285199130435631,0.0002738763223133656,mean_p|train_n=12|p=5,285,463,-1.6801600000000001,1.1049500000000001
2392521849,19,5,mean_p,12,0.50614009052266551,0.0012737856856998471,mean_p|train_n=12|p=5,286,464,-1.6801600000000001,1.1049500000000001
1214388585,19,5,mean_p,12,0.47338407500016833,0.0019608604415951134,mean_p|train_n=12|p=5,287,466,-1.6801600000000001,1.1049500000000001
3600418353,19,5,mean_p,12,0.47106216812622675,0.002021747868248742,mean_p|train_n=12|p=5,288,468,-1.6801600000000001,1.1049500000000001
367709200,19,5,mean_p,12,0.5284528432250819,0.00094946074776471967,mean_p|train_n=12|p=5,289,469,-1.6801600000000001,1.1049500000000001
3966823065,19,5,mean_p,12,0.44708042203538573,0.0027726322303586988,mean_p|train_n=12|p=5,290,470,-1.6801600000000001,1.1049500000000001
2579216625,19,5,mean_p,12,0.50657080419704603,0.0012665807033715869,mean_p|train_n=12|p=5,291,472,-1.6801600000000001,1.1049500000000001
1316697719,19,5,mean_p,12,0.53518621096254027,0.00086889049711637431,mean_p|train_n=12|p=5,292,474,-1.6801600000000001,1.1049500000000001
2837056686,19,5,mean_p,12,0.42538131664532636,0.0036897914298018508,mean_p|train_n=12|p=5,293,475,-1.6801600000000001,1.1049500000000001
3303757215,19,5,mean_p,12,0.41784569352155437,0.0040747628793536663,mean_p|train_n=12|p=5,294,477,-1.6801600000000001,1.1049500000000001
1552291330,19,5,mean_p,12,0.44367950575595749,0.0028996397575147934,mean_p|train_n=12|p=5,295,478,-1.6801600000000001,1.1049500000000001
2876884188,19,5,mean_p,12,0.57213456526192619,0.00053411693934991822,mean_p|train_n=12|p=5,296,479,-1.6801600000000001,1.1049500000000001
491547125,19,5,mean_p,12,0.52465014283994638,0.00099822128426757702,mean_p|train_n=12|p=5,297,480,-1.6801600000000001,1.1049500000000001
639879964,19,5,mean_p,12,0.43916957951093399,0.0030770806860100802,mean_p|train_n=12|p=5,298,482,-1.6801600000000001,1.1049500000000001
3234948370,19,5,mean_p,12,0.47974299642641804,0.0018033349073395752,mean_p|train_n=12|p=5,299,483,-1.6801600000000001,1.1049500000000001
1048441336,19,5,mean_p,12,0.51581129594169495,0.0011214533912354417,mean_p|train_n=12|p=5,300,484,-1.6801600000000001,1.1049500000000001
1762905824,19,5,mean_p,12,0.57214147760259948,0.00053406831869772268,mean_p|train_n=12|p=5,301,486,-1.6801600000000001,1.1049500000000001
819001009,19,5,mean_p,12,0.5175119113398402,0.001096615651025673,mean_p|train_n=12|p=5,302,487,-1.6801600000000001,1.1049500000000001
2308642557,19,5,mean_p,12,0.54246337088862351,0.00078948307218607711,mean_p|train_n=12|p=5,303,492,-1.6801600000000001,1.1049500000000001
1802448281,19,5,mean_p,12,0.47854120463281108,0.0018321039946789415,mean_p|train_n=12|p=5,304,495,-1.6801600000000001,1.1049500000000001
2806984489,19,5,mean_p,12,0.4469150355548972,0.00277867789969797,mean_p|train_n=12|p=5,305,500,-1.6801600000000001,1.1049500000000001
823297139,19,5,mean_p,12,0.5671033836261411,0.00057070614244221745,mean_p|train_n=12|p=5,306,502,-1.6801600000000001,1.1049500000000001
281003484,19,5,mean_p,12,0.51966053860592087,0.0010660196644299924,mean_p|train_n=12|p=5,307,506,-1.6801600000000001,1.1049500000000001
1592284111,19,5,mean_p,12,0.65271128992364724,0.00018482986285535619,mean_p|train_n=12|p=5,308,507,-1.6801600000000001,1.1049500000000001
2883112976,19,5,mean_p,12,0.44003803891533144,0.0030420872789471412,mean_p|train_n=12|p=5,309,508,-1.6801600000000001,1.1049500000000001
402361393,19,5,mean_p,12,0.48838024043440703,0.0016094410289323724,mean_p|train_n=12|p=5,310,510,-1.6801600000000001,1.1049500000000001
1481786985,19,5,mean_p,12,0.57917556944516502,0.00048681599147650098,mean_p|train_n=12|p=5,311,512,-1.6801600000000001,1.1049500000000001
2642250524,19,5,mean_p,12,0.44099352985929186,0.0030040466512940688,mean_p|train_n=12|p=5,312,514,-1.6801600000000001,1.1049500000000001
2312406995,19,5,mean_p,12,0.52639255842709309,0.00097557566350737004,mean_p|train_n=12|p=5,313,515,-1.6801600000000001,1.1049500000000001
377965429,19,5,mean_p,12,0.55813988276001536,0.00064221421881139825,mean_p|train_n=12|p=5,314,517,-1.6801600000000001,1.1049500000000001
2559902436,19,5,mean_p,12,0.47149198291657979,0.0020103359457465894,mean_p|train_n=12|p=5,315,519,-1.6801600000000001,1.1049500000000001
2758594630,19,5,mean_p,12,0.53742139151055301,0.00084368587078239383,mean_p|train_n=12|p=5,316,524,-1.6801600000000001,1.1049500000000001
6455790,19,5,mean_p,12,0.50089065747476358,0.0013649629508451677,mean_p|train_n=12|p=5,317,526,-1.6801600000000001,1.1049500000000001
4038508300,19,5,mean_p,12,0.42700325819524376,0.0036118109448364378,mean_p|train_n=12|p=5,318,529,-1.6801600000000001,1.1049500000000001
764797206,19,5,mean_p,12,0.50805020463870587,0.0012421422467477725,mean_p|train_n=12|p=5,319,530,-1.6801600000000001,1.1049500000000001
2087620641,19,5,mean_p,12,0.45836522357772663,0.0023897257097901981,mean_p|train_n=12|p=5,320,532,-1.6801600000000001,1.1049500000000001
1593016001,19,5,mean_p,12,0.45540624852789185,0.0024846894766073655,mean_p|train_n=12|p=5,321,534,-1.6801600000000001,1.1049500000000001
1302267387,19,5,mean_p,12,0.48301280146920006,0.0017273267984435293,mean_p|train_n=12|p=5,322,537,-1.6801600000000001,1.1049500000000001
3657627873,19,5,mean_p,12,0.47342187231735183,0.0019598846015534211,mean_p|train_n=12|p=5,323,538,-1.6801600000000001,1.1049500000000001
2583932392,19,5,mean_p,12,0.60942790171843964,0.00032683947661991432,mean_p|train_n=12|p=5,324,540,-1.6801600000000001,1.1049500000000001
2521193190,19,5,mean_p,12,0.38806502420813749,0.006031633733629721,mean_p|train_n=12|p=5,325,541,-1.6801600000000001,1.1049500000000001
2965818631,19,5,mean_p,12,0.53440557528831267,0.0008778694742678872,mean_p|train_n=12|p=5,326,542,-1.6801600000000001,1.1049500000000001
937019242,19,5,mean_p,12,0.53025882305270411,0.00092714484323994084,mean_p|train_n=12|p=5,327,543,-1.6801600000000001,1.1049500000000001
3310712688,19,5,mean_p,12,0.54370697467553708,0.00077665822098857797,mean_p|train_n=12|p=5,328,544,-1.6801600000000001,1.1049500000000001
4002362689,19,5,mean_p,12,0.53574295527115601,0.00086254290957011638,mean_p|train_n=12|p=5,329,545,-1.6801600000000001,1.1049500000000001
2547826860,19,5,mean_p,12,0.54975828385128733,0.00071716495262234088,mean_p|train_n=12|p=5,330,546,-1.6801600000000001,1.1049500000000001
3672294724,19,5,mean_p,12,0.43722016026086763,0.0031571028043254536,mean_p|train_n=12|p=5,331,548,-1.6801600000000001,1.1049500000000001
2462134357,19,5,mean_p,12,0.52785330254602603,0.00095698720187544872,mean_p|train_n=12|p=5,332,549,-1.6801600000000001,1.1049500000000001
3853798033,19,5,mean_p,12,0.4093636321116309,0.0045563395821782583,mean_p|train_n=12|p=5,333,550,-1.6801600000000001,1.1049500000000001
834744336,19,5,mean_p,12,0.50629380023147819,0.0012712097369190457,mean_p|train_n=12|p=5,334,551,-1.6801600000000001,1.1049500000000001
3296003194,19,5,mean_p,12,0.3962616589084379,0.0054144423781386508,mean_p|train_n=12|p=5,335,552,-1.6801600000000001,1.1049500000000001
3509740484,19,5,mean_p,12,0.58762700876553176,0.00043553818591527039,mean_p|train_n=12|p=5,336,553,-1.6801600000000001,1.1049500000000001
1057221722,19,5,mean_p,12,0.39018394259074468,0.0058656434401765873,mean_p|train_n=12|p=5,337,557,-1.6801600000000001,1.1049500000000001
1697404443,19,5,mean_p,12,0.5059682140296724,0.0012766722652617986,mean_p|train_n=12|p=5,338,558,-1.6801600000000001,1.1049500000000001
4021747122,19,5,mean_p,12,0.47960646612650232,0.0018065803579284106,mean_p|train_n=12|p=5,339,559,-1.6801600000000001,1.1049500000000001
1772857566,19,5,mean_p,12,0.46190982389782181,0.0022807331058450455,mean_p|train_n=12|p=5,340,562,-1.6801600000000001,1.1049500000000001
2686235861,19,5,mean_p,12,0.44678376993063368,0.0027834856701358457,mean_p|train_n=12|p=5,341,563,-1.6801600000000001,1.1049500000000001
3987766106,19,5,mean_p,12,0.47170377154177423,0.0020047365030807789,mean_p|train_n=12|p=5,342,565,-1.6801600000000001,1.1049500000000001
1195457716,19,5,mean_p,12,0.48612989449525285,0.0016578532285956888,mean_p|train_n=12|p=5,343,566,-1.6801600000000001,1.1049500000000001
1797099561,19,5,mean_p,12,0.57061148938576534,0.00054493874931533972,mean_p|train_n=12|p=5,344,567,-1.6801600000000001,1.1049500000000001
1910482748,19,5,mean_p,12,0.43875723909608794,0.0030938360392582065,mean_p|train_n=12|p=5,345,569,-1.6801600000000001,1.1049500000000001
2512038939,19,5,mean_p,12,0.47557807001536412,0.0019050131472599244,mean_p|train_n=12|p=5,346,570,-1.6801600000000001,1.1049500000000001
758270366,19,5,mean_p,12,0.54121475827979337,0.00080257263849134377,mean_p|train_n=12|p=5,347,574,-1.6801600000000001,1.1049500000000001
3532155666,19,5,mean_p,12,0.60807756148605263,0.00033270388467085844,mean_p|train_n=12|p=5,348,575,-1.6801600000000001,1.1049500000000001
2925078570,19,5,mean_p,12,0.44006451733295537,0.0030410266412974341,mean_p|train_n=12|p=5,349,576,-1.6801600000000001,1.1049500000000001
2238690666,19,5,mean_p,12,0.56350680184224133,0.00059838878833978239,mean_p|train_n=12|p=5,350,578,-1.6801600000000001,1.1049500000000001
890904550,19,5,mean_p,12,0.55899372858094343,0.000635032987618818,mean_p|train_n=12|p=5,351,580,-1.6801600000000001,1.1049500000000001
1241763396,19,5,mean_p,12,0.46163301875002227,0.0022890626173958455,mean_p|train_n=12|p=5,352,584,-1.6801600000000001,1.1049500000000001
171858843,19,5,mean_p,12,0.44079036830153184,0.0030120950298790378,mean_p|train_n=12|p=5,353,587,-1.6801600000000001,1.1049500000000001
1029459203,19,5,mean_p,12,0.46092039003616669,0.0023106469990254743,mean_p|train_n=12|p=5,354,588,-1.6801600000000001,1.1049500000000001
275524463,19,5,mean_p,12,0.61644165609903512,0.00029800177288732456,mean_p|train_n=12|p=5,355,589,-1.6801600000000001,1.1049500000000001
1997943502,19,5,mean_p,12,0.44863930214935743,0.0027162900549399663,mean_p|train_n=12|p=5,356,590,-1.6801600000000001,1.1049500000000001
1135388000,19,5,mean_p,12,0.55479728020834496,0.00067111688521190999,mean_p|train_n=12|p=5,357,595,-1.6801600000000001,1.1049500000000001
1790582021,19,5,mean_p,12,0.52498276621173812,0.00099385805769673153,mean_p|train_n=12|p=5,358,596,-1.6801600000000001,1.1049500000000001
1517659212,19,5,mean_p,12,0.53426153917767583,0.00087953630835359883,mean_p|train_n=12|p=5,359,597,-1.6801600000000001,1.1049500000000001
2545304382,19,5,mean_p,12,0.54522180674227072,0.00076131739994727535,mean_p|train_n=12|p=5,360,598,-1.6801600000000001,1.1049500000000001
1553325142,19,5,mean_p,12,0.55782573510085298,0.00064487673042745459,mean_p|train_n=12|p=5,361,599,-1.6801600000000001,1.1049500000000001
2612453594,19,5,mean_p,12,0.44955228976131817,0.0026838253277123975,mean_p|train_n=12|p=5,362,602,-1.6801600000000001,1.1049500000000001
3667112878,19,5,mean_p,12,0.46496946679570711,0.0021906582179673515,mean_p|train_n=12|p=5,363,603,-1.6801600000000001,1.1049500000000001
3570075896,19,5,mean_p,12,0.41333583330421009,0.004324110683277883,mean_p|train_n=12|p=5,364,604,-1.6801600000000001,1.1049500000000001
1671578196,19,5,mean_p,12,0.48873618758355791,0.0016019140254885228,mean_p|train_n=12|p=5,365,605,-1.6801600000000001,1.1049500000000001
3120351728,19,5,mean_p,12,0.50200348477787793,0.0013451043275349423,mean_p|train_n=12|p=5,366,607,-1.6801600000000001,1.1049500000000001
2770433246,19,5,mean_p,12,0.45508605302639443,0.0024951893103118709,mean_p|train_n=12|p=5,367,608,-1.6801600000000001,1.1049500000000001
2320561037,19,5,mean_p,12,0.515763987336606,0.0011221523245361323,mean_p|train_n=12|p=5,368,610,-1.6801600000000001,1.1049500000000001
969977079,19,5,mean_p,12,0.51684179581550616,0.0011063364279470707,mean_p|train_n=12|p=5,369,611,-1.6801600000000001,1.1049500000000001
1579957964,19,5,mean_p,12,0.53863114908400211,0.00083035056021579421,mean_p|train_n=12|p=5,370,612,-1.6801600000000001,1.1049500000000001
857495404,19,5,mean_p,12,0.4474713163576064,0.0027583954004137038,mean_p|train_n=12|p=5,371,614,-1.6801600000000001,1.1049500000000001
3938657716,19,5,mean_p,12,0.47928440833158048,0.001814259125155943,mean_p|train_n=12|p=5,372,615,-1.6801600000000001,1.1049500000000001
1671179167,19,5,mean_p,12,0.52726400048073208,0.0009644432640717696,mean_p|train_n=12|p=5,373,617,-1.6801600000000001,1.1049500000000001
2853284813,19,5,mean_p,12,0.44421595601094677,0.0028792261700131055,mean_p|train_n=12|p=5,374,618,-1.6801600000000001,1.1049500000000001
416926916,19,5,mean_p,12,0.37525792426977267,0.0071398003042298054,mean_p|train_n=12|p=5,375,619,-1.6801600000000001,1.1049500000000001
163731457,19,5,mean_p,12,0.4822219525317627,0.0017454114743086693,mean_p|train_n=12|p=5,376,620,-1.6801600000000001,1.1049500000000001
3908713882,19,5,mean_p,12,0.43043168021267758,0.0034523586816475808,mean_p|train_n=12|p=5,377,621,-1.6801600000000001,1.1049500000000001
1157162932,19,5,mean_p,12,0.4833441637591025,0.0017198052133110375,mean_p|train_n=12|p=5,378,623,-1.6801600000000001,1.1049500000000001
1257578,19,5,mean_p,12,0.51444022822118718,0.0011418870461910896,mean_p|train_n=12|p=5,379,626,-1.6801600000000001,1.1049500000000001
2000500548,19,5,mean_p,12,0.47381620785552975,0.0019497326799778332,mean_p|train_n=12|p=5,380,627,-1.6801600000000001,1.1049500000000001
2291783882,19,5,mean_p,12,0.46349621701540206,0.0022335772641496922,mean_p|train_n=12|p=5,381,629,-1.6801600000000001,1.1049500000000001
937646572,19,5,mean_p,12,0.48607878659205339,0.0016589694731952058,mean_p|train_n=12|p=5,382,630,-1.6801600000000001,1.1049500000000001
4287701487,19,5,mean_p,12,0.53519374347116644,0.00086880430605951631,mean_p|train_n=12|p=5,383,631,-1.6801600000000001,1.1049500000000001
475679048,19,5,mean_p,12,0.49794436816643273,0.0014189672474019515,mean_p|train_n=12|p=5,384,632,-1.6801600000000001,1.1049500000000001
3640550312,19,5,mean_p,12,0.48304952105655841,0.001726491683299824,mean_p|train_n=12|p=5,385,633,-1.6801600000000001,1.1049500000000001
4134403446,19,5,mean_p,12,0.5211097091931256,0.0010458672974158329,mean_p|train_n=12|p=5,386,634,-1.6801600000000001,1.1049500000000001
3862065165,19,5,mean_p,12,0.55979611266862195,0.00062835777612714797,mean_p|train_n=12|p=5,387,635,-1.6801600000000001,1.1049500000000001
2274820973,19,5,mean_p,12,0.52121179465530931,0.0010444621314085786,mean_p|train_n=12|p=5,388,636,-1.6801600000000001,1.1049500000000001
3243810251,19,5,mean_p,12,0.52490584935011664,0.00099486532552993802,mean_p|train_n=12|p=5,389,638,-1.6801600000000001,1.1049500000000001
3455890410,19,5,mean_p,12,0.48918805628799772,0.0015924093143334938,mean_p|train_n=12|p=5,390,639,-1.6801600000000001,1.1049500000000001
4107597530,19,5,mean_p,12,0.45526258874911013,0.0024893948845021267,mean_p|train_n=12|p=5,391,640,-1.6801600000000001,1.1049500000000001
4220746672,19,5,mean_p,12,0.433483026328701,0.0033163741614840674,mean_p|train_n=12|p=5,392,641,-1.6801600000000001,1.1049500000000001
3878386588,19,5,mean_p,12,0.45489952757367647,0.0025013262831030687,mean_p|train_n=12|p=5,393,642,-1.6801600000000001,1.1049500000000001
3584429545,19,5,mean_p,12,0.48954751219155679,0.0015848887257546513,mean_p|train_n=12|p=5,394,644,-1.6801600000000001,1.1049500000000001
2506412976,19,5,mean_p,12,0.51917334507285406,0.0010728814920962662,mean_p|train_n=12|p=5,395,645,-1.6801600000000001,1.1049500000000001
3841058452,19,5,mean_p,12,0.54484098551213567,0.00076514525506223637,mean_p|train_n=12|p=5,396,646,-1.6801600000000001,1.1049500000000001
1782492053,19,5,mean_p,12,0.48218880117124524,0.0017461736815215648,mean_p|train_n=12|p=5,397,647,-1.6801600000000001,1.1049500000000001
2850339733,19,5,mean_p,12,0.48542910717239518,0.001673224755894878,mean_p|train_n=12|p=5,398,648,-1.6801600000000001,1.1049500000000001
1738542484,19,5,mean_p,12,0.4841469530062118,0.0017017182320790457,mean_p|train_n=12|p=5,399,649,-1.6801600000000001,1.1049500000000001
545404562,19,5,mean_p,12,0.49713312344060978,0.0014342086652836734,mean_p|train_n=12|p=5,400,652,-1.6801600000000001,1.1049500000000001
2284437566,19,5,mean_p,12,0.56995348491522746,0.00054968159186165278,mean_p|train_n=12|p=5,401,653,-1.6801600000000001,1.1049500000000001
3782367029,19,5,mean_p,12,0.43094383434538552,0.0034291509963686843,mean_p|train_n=12|p=5,402,654,-1.6801600000000001,1.1049500000000001
1919410495,19,5,mean_p,12,0.44008240001331783,0.0030403105296109133,mean_p|train_n=12|p=5,403,655,-1.6801600000000001,1.1049500000000001
1426363515,19,5,mean_p,12,0.49676619554662588,0.0014411560586523597,mean_p|train_n=12|p=5,404,656,-1.6801600000000001,1.1049500000000001
435674890,19,5,mean_p,12,0.61817752126875936,0.00029126643860743183,mean_p|train_n=12|p=5,405,657,-1.6801600000000001,1.1049500000000001
59062719,19,5,mean_p,12,0.48423250864886702,0.001699801900201618,mean_p|train_n=12|p=5,406,658,-1.6801600000000001,1.1049500000000001
4121731310,19,5,mean_p,12,0.55198586946046591,0.00069643121103996725,mean_p|train_n=12|p=5,407,659,-1.6801600000000001,1.1049500000000001
2199113800,19,5,mean_p,12,0.6099225055582469,0.00032471741808564475,mean_p|train_n=12|p=5,408,661,-1.6801600000000001,1.1049500000000001
3434746236,19,5,mean_p,12,0.63102923387381749,0.00024591452250624255,mean_p|train_n=12|p=5,409,662,-1.6801600000000001,1.1049500000000001
254362458,19,5,mean_p,12,0.62092288138873863,0.00028092356199210366,mean_p|train_n=12|p=5,410,665,-1.6801600000000001,1.1049500000000001
1715291677,19,5,mean_p,12,0.49800776300660199,0.0014177830501159018,mean_p|train_n=12|p=5,411,666,-1.6801600000000001,1.1049500000000001
3418312493,19,5,mean_p,12,0.5439604348360233,0.00077407004340610756,mean_p|train_n=12|p=5,412,667,-1.6801600000000001,1.1049500000000001
3680860678,19,5,mean_p,12,0.46717100662380995,0.0021280545880933165,mean_p|train_n=12|p=5,413,669,-1.6801600000000001,1.1049500000000001
241307018,19,5,mean_p,12,0.49657760316377109,0.0014447399403634375,mean_p|train_n=12|p=5,414,670,-1.6801600000000001,1.1049500000000001
1124590282,19,5,mean_p,12,0.56226169225755085,0.00060828196347839333,mean_p|train_n=12|p=5,415,672,-1.6801600000000001,1.1049500000000001
1140373295,19,5,mean_p,12,0.59494692167706065,0.00039551183560728592,mean_p|train_n=12|p=5,416,673,-1.6801600000000001,1.1049500000000001
3203137792,19,5,mean_p,12,0.44530262405882748,0.0028383144432986601,mean_p|train_n=12|p=5,417,674,-1.6801600000000001,1.1049500000000001
195396707,19,5,mean_p,12,0.53324783278119348,0.00089135711813442147,mean_p|train_n=12|p=5,418,675,-1.6801600000000001,1.1049500000000001
525577615,19,5,mean_p,12,0.51659345322514738,0.0011099607591765414,mean_p|train_n=12|p=5,419,678,-1.6801600000000001,1.1049500000000001
2769014404,19,5,mean_p,12,0.47749870295973568,0.0018574313991452703,mean_p|train_n=12|p=5,420,679,-1.6801600000000001,1.1049500000000001
3972474586,19,5,mean_p,12,0.45040327407481939,0.0026539148393192645,mean_p|train_n=12|p=5,421,680,-1.6801600000000001,1.1049500000000001
3064663454,19,5,mean_p,12,0.43493619502666903,0.0032535090779651893,mean_p|train_n=12|p=5,422,682,-1.6801600000000001,1.1049500000000001
3071845076,19,5,mean_p,12,0.49733702906675742,0.0014303624143265335,mean_p|train_n=12|p=5,423,683,-1.6801600000000001,1.1049500000000001
1265690400,19,5,mean_p,12,0.55102220581085171,0.00070532612088802424,mean_p|train_n=12|p=5,424,684,-1.6801600000000001,1.1049500000000001
2207492659,19,5,mean_p,12,0.48353099214313855,0.0017155788483118942,mean_p|train_n=12|p=5,425,688,-1.6801600000000001,1.1049500000000001
3380688736,19,5,mean_p,12,0.38829046368833886,0.0060137524188316393,mean_p|train_n=12|p=5,426,691,-1.6801600000000001,1.1049500000000001
1989673470,19,5,mean_p,12,0.51079146408136489,0.0011980984542828413,mean_p|train_n=12|p=5,427,693,-1.6801600000000001,1.1049500000000001
660620138,19,5,mean_p,12,0.47486968917723721,0.0019228686151875163,mean_p|train_n=12|p=5,428,694,-1.6801600000000001,1.1049500000000001
1467313531,19,5,mean_p,12,0.5100111997225788,0.0012104734950536817,mean_p|train_n=12|p=5,429,696,-1.6801600000000001,1.1049500000000001
1169460647,19,5,mean_p,12,0.52885030533828858,0.00094450378503106757,mean_p|train_n=12|p=5,430,697,-1.6801600000000001,1.1049500000000001
4032952119,19,5,mean_p,12,0.48050755952755442,0.0017852679867950486,mean_p|train_n=12|p=5,431,699,-1.6801600000000001,1.1049500000000001
3340448731,19,5,mean_p,12,0.40468459388452505,0.0048459415406936759,mean_p|train_n=12|p=5,432,700,-1.6801600000000001,1.1049500000000001
3968856483,19,5,mean_p,12,0.53715905818144949,0.0008466057422990207,mean_p|train_n=12|p=5,433,702,-1.6801600000000001,1.1049500000000001
3790572755,19,5,mean_p,12,0.42331800531641656,0.0037914302536556275,mean_p|train_n=12|p=5,434,704,-1.6801600000000001,1.1049500000000001
1390865063,19,5,mean_p,12,0.45143246004136056,0.0026181859122655984,mean_p|train_n=12|p=5,435,705,-1.6801600000000001,1.1049500000000001
1775660888,19,5,mean_p,12,0.41909686981706873,0.004008170163215162,mean_p|train_n=12|p=5,436,707,-1.6801600000000001,1.1049500000000001
2556906557,19,5,mean_p,12,0.63886269336863533,0.00022180950749515997,mean_p|train_n=12|p=5,437,710,-1.6801600000000001,1.1049500000000001
697918314,19,5,mean_p,12,0.47597096242348763,0.0018951814709230776,mean_p|train_n=12|p=5,438,713,-1.6801600000000001,1.1049500000000001
1825356346,19,5,mean_p,12,0.58419062667362842,0.0004557019274853609,mean_p|train_n=12|p=5,439,714,-1.6801600000000001,1.1049500000000001
2951513762,19,5,mean_p,12,0.40805705404065068,0.0046354206275490278,mean_p|train_n=12|p=5,440,715,-1.6801600000000001,1.1049500000000001
2793276305,19,5,mean_p,12,0.54321084556443933,0.00078174945795615627,mean_p|train_n=12|p=5,441,716,-1.6801600000000001,1.1049500000000001
2821978480,19,5,mean_p,12,0.40527923156178164,0.004808139936543436,mean_p|train_n=12|p=5,442,717,-1.6801600000000001,1.1049500000000001
1037154061,19,5,mean_p,12,0.54532637563508357,0.00076026967250982262,mean_p|train_n=12|p=5,443,720,-1.6801600000000001,1.1049500000000001
1658447366,19,5,mean_p,12,0.43706428165261124,0.0031635906447762133,mean_p|train_n=12|p=5,444,721,-1.6801600000000001,1.1049500000000001
1119786952,19,5,mean_p,12,0.50117963524936826,0.001359778076741192,mean_p|train_n=12|p=5,445,722,-1.6801600000000001,1.1049500000000001
3323753440,19,5,mean_p,12,0.50568087304396503,0.0012815126296334696,mean_p|train_n=12|p=5,446,723,-1.6801600000000001,1.1049500000000001
3663054469,19,5,mean_p,12,0.52303042922857879,0.0010197433714390297,mean_p|train_n=12|p=5,447,727,-1.6801600000000001,1.1049500000000001
1901570752,19,5,mean_p,12,0.475631024049738,0.0019036850659530568,mean_p|train_n=12|p=5,448,729,-1.6801600000000001,1.1049500000000001
323453529,19,5,mean_p,12,0.45003729733170555,0.0026667371580434383,mean_p|train_n=12|p=5,449,731,-1.6801600000000001,1.1049500000000001
3324266031,19,5,mean_p,12,0.54695169710462732,0.00074416891823658022,mean_p|train_n=12|p=5,450,732,-1.6801600000000001,1.1049500000000001
2467761772,19,5,mean_p,12,0.55132864594930797,0.00070248533421806412,mean_p|train_n=12|p=5,451,733,-1.6801600000000001,1.1049500000000001
4088887010,19,5,mean_p,12,0.6195124189900284,0.00028619062609910732,mean_p|train_n=12|p=5,452,734,-1.6801600000000001,1.1049500000000001
1805562090,19,5,mean_p,12,0.41268473939821509,0.0043613483802572824,mean_p|train_n=12|p=5,453,736,-1.6801600000000001,1.1049500000000001
1875731227,19,5,mean_p,12,0.4627915979873205,0.0022544006346514366,mean_p|train_n=12|p=5,454,737,-1.6801600000000001,1.1049500000000001
283021298,19,5,mean_p,12,0.54812897637859903,0.0007327199151721908,mean_p|train_n=12|p=5,455,740,-1.6801600000000001,1.1049500000000001
1635391833,19,5,mean_p,12,0.43780584718385435,0.0031328445552280424,mean_p|train_n=12|p=5,456,742,-1.6801600000000001,1.1049500000000001
3399472533,19,5,mean_p,12,0.47383558790471281,0.0019492351106666201,mean_p|train_n=12|p=5,457,746,-1.6801600000000001,1.1049500000000001
3508190366,19,5,mean_p,12,0.54131934217053979,0.00080146797715708207,mean_p|train_n=12|p=5,458,747,-1.6801600000000001,1.1049500000000001
2137852323,19,5,mean_p,12,0.43299489205971164,0.0033377625758685614,mean_p|train_n=12|p=5,459,748,-1.6801600000000001,1.1049500000000001
1533836076,19,5,mean_p,12,0.56945820547809445,0.00055327873496317228,mean_p|train_n=12|p=5,460,749,-1.6801600000000001,1.1049500000000001
244157086,19,5,mean_p,12,0.61348947305463619,0.00030981615881860999,mean_p|train_n=12|p=5,461,750,-1.6801600000000001,1.1049500000000001
1222905935,19,5,mean_p,12,0.50558799329779047,0.0012830811444145369,mean_p|train_n=12|p=5,462,753,-1.6801600000000001,1.1049500000000001
2387457006,19,5,mean_p,12,0.50837403365024325,0.0012368560856182772,mean_p|train_n=12|p=5,463,754,-1.6801600000000001,1.1049500000000001
1822453552,19,5,mean_p,12,0.48163093665390566,0.0017590499964101037,mean_p|train_n=12|p=5,464,755,-1.6801600000000001,1.1049500000000001
361972927,19,5,mean_p,12,0.52531994368363677,0.00098945455692359846,mean_p|train_n=12|p=5,465,756,-1.6801600000000001,1.1049500000000001
3296078617,19,5,mean_p,12,0.41502928627786434,0.0042287399560392907,mean_p|train_n=12|p=5,466,758,-1.6801600000000001,1.1049500000000001
579251313,19,5,mean_p,12,0.55516318610331228,0.00066789061571502256,mean_p|train_n=12|p=5,467,759,-1.6801600000000001,1.1049500000000001
3098096832,19,5,mean_p,12,0.39811069245043135,0.0052841855556162885,mean_p|train_n=12|p=5,468,762,-1.6801600000000001,1.1049500000000001
4168272381,19,5,mean_p,12,0.47380971177558928,0.0019498994907417638,mean_p|train_n=12|p=5,469,764,-1.6801600000000001,1.1049500000000001
2972562085,19,5,mean_p,12,0.56583724875238195,0.0005803023025340089,mean_p|train_n=12|p=5,470,765,-1.6801600000000001,1.1049500000000001
3389248049,19,5,mean_p,12,0.53588473429634076,0.0008609338713395368,mean_p|train_n=12|p=5,471,766,-1.6801600000000001,1.1049500000000001
3074976566,19,5,mean_p,12,0.51296516414124615,0.001164286544462669,mean_p|train_n=12|p=5,472,767,-1.6801600000000001,1.1049500000000001
1049246947,19,5,mean_p,12,0.49334406379888318,0.0015075930742158479,mean_p|train_n=12|p=5,473,768,-1.6801600000000001,1.1049500000000001
2540925029,19,5,mean_p,12,0.40138973498850455,0.00506084861562531,mean_p|train_n=12|p=5,474,769,-1.6801600000000001,1.1049500000000001
3656021645,19,5,mean_p,12,0.45520329664203207,0.0024913395249412259,mean_p|train_n=12|p=5,475,770,-1.6801600000000001,1.1049500000000001
3436080939,19,5,mean_p,12,0.53573929734083692,0.00086258446288362217,mean_p|train_n=12|p=5,476,771,-1.6801600000000001,1.1049500000000001
2900517789,19,5,mean_p,12,0.44945684555482446,0.0026872009656509141,mean_p|train_n=12|p=5,477,772,-1.6801600000000001,1.1049500000000001
2467487904,19,5,mean_p,12,0.534297971704074,0.00087911440018137292,mean_p|train_n=12|p=5,478,775,-1.6801600000000001,1.1049500000000001
2804774038,19,5,mean_p,12,0.42234149784075958,0.0038405044617095736,mean_p|train_n=12|p=5,479,776,-1.6801600000000001,1.1049500000000001
666555698,19,5,mean_p,12,0.45292040761766428,0.0025673794549946165,mean_p|train_n=12|p=5,480,778,-1.6801600000000001,1.1049500000000001
521460732,19,5,mean_p,12,0.47355039870087401,0.0019565699769909131,mean_p|train_n=12|p=5,481,780,-1.6801600000000001,1.1049500000000001
1536442070,19,5,mean_p,12,0.55337334384598769,0.00068382105600690542,mean_p|train_n=12|p=5,482,781,-1.6801600000000001,1.1049500000000001
2119070860,19,5,mean_p,12,0.51870690307885092,0.0010794924298101706,mean_p|train_n=12|p=5,483,782,-1.6801600000000001,1.1049500000000001
168840707,19,5,mean_p,12,0.48579511822007843,0.0016651787333451158,mean_p|train_n=12|p=5,484,784,-1.6801600000000001,1.1049500000000001
1545608255,19,5,mean_p,12,0.46960491091664136,0.0020609235331110459,mean_p|train_n=12|p=5,485,785,-1.6801600000000001,1.1049500000000001
3149369208,19,5,mean_p,12,0.52364684137694006,0.001011498582763139,mean_p|train_n=12|p=5,486,786,-1.6801600000000001,1.1049500000000001
1625802995,19,5,mean_p,12,0.51965584137093934,0.0010660856121822368,mean_p|train_n=12|p=5,487,787,-1.6801600000000001,1.1049500000000001
640648313,19,5,mean_p,12,0.45302317692522065,0.0025639069835035749,mean_p|train_n=12|p=5,488,788,-1.6801600000000001,1.1049500000000001
3867181036,19,5,mean_p,12,0.46642259313170559,0.0021491333692011051,mean_p|train_n=12|p=5,489,790,-1.6801600000000001,1.1049500000000001
3933857000,19,5,mean_p,12,0.54693632453520991,0.00074431959317223834,mean_p|train_n=12|p=5,490,793,-1.6801600000000001,1.1049500000000001
2579258771,19,5,mean_p,12,0.49433356730288058,0.0014880742416848055,mean_p|train_n=12|p=5,491,795,-1.6801600000000001,1.1049500000000001
3170481895,19,5,mean_p,12,0.58819562073656484,0.00043228883807026219,mean_p|train_n=12|p=5,492,796,-1.6801600000000001,1.1049500000000001
3590573300,19,5,mean_p,12,0.43434041861060979,0.0032791373484456579,mean_p|train_n=12|p=5,493,797,-1.6801600000000001,1.1049500000000001
3044103388,19,5,mean_p,12,0.46590317822207244,0.0021638851042270479,mean_p|train_n=12|p=5,494,798,-1.6801600000000001,1.1049500000000001
701223791,19,5,mean_p,12,0.4885699944089914,0.0016054240230353055,mean_p|train_n=12|p=5,495,799,-1.6801600000000001,1.1049500000000001
1098262247,19,5,mean_p,12,0.46748558300844678,0.0021192564933833493,mean_p|train_n=12|p=5,496,801,-1.6801600000000001,1.1049500000000001
1118066406,19,5,mean_p,12,0.47651646399313813,0.0018816150032277923,mean_p|train_n=12|p=5,497,802,-1.6801600000000001,1.1049500000000001
3157743917,19,5,mean_p,12,0.60223365779190752,0.00035932090721399115,mean_p|train_n=12|p=5,498,803,-1.6801600000000001,1.1049500000000001
2662941384,19,5,mean_p,12,0.47919138984213955,0.0018164830171977981,mean_p|train_n=12|p=5,499,804,-1.6801600000000001,1.1049500000000001
3899455985,19,10,mean_p,12,0.29929492510679467,0.019416088812443503,mean_p|train_n=12|p=10,0,2,-1.61155,1.08521
456502536,19,10,mean_p,12,0.35463347406062179,0.0093680467634682085,mean_p|train_n=12|p=10,1,3,-1.61155,1.08521
1815149676,19,10,mean_p,12,0.47504222532855789,0.0019185043065431979,mean_p|train_n=12|p=10,2,4,-1.61155,1.08521
1426917134,19,10,mean_p,12,0.41662025501006661,0.00414105808644313,mean_p|train_n=12|p=10,3,6,-1.61155,1.08521
4145365393,19,10,mean_p,12,0.41460304188917868,0.0042525449597518028,mean_p|train_n=12|p=10,4,7,-1.61155,1.08521
2346711307,19,10,mean_p,12,0.40060442613886932,0.0051134613229431485,mean_p|train_n=12|p=10,5,8,-1.61155,1.08521
2614671566,19,10,mean_p,12,0.39613970348462918,0.0054231456536327589,mean_p|train_n=12|p=10,6,10,-1.61155,1.08521
1128184567,19,10,mean_p,12,0.35243872191857384,0.0096427762224298684,mean_p|train_n=12|p=10,7,13,-1.61155,1.08521
3595974323,19,10,mean_p,12,0.40793448979707897,0.0046429089158206626,mean_p|train_n=12|p=10,8,14,-1.61155,1.08521
3334711480,19,10,mean_p,12,0.43551046534751797,0.0032289955283752191,mean_p|train_n=12|p=10,9,15,-1.61155,1.08521
900092298,19,10,mean_p,12,0.45576949310954412,0.0024728314631137028,mean_p|train_n=12|p=10,10,21,-1.61155,1.08521
3530671903,19,10,mean_p,12,0.40121531063693922,0.0050724874218400122,mean_p|train_n=12|p=10,11,23,-1.61155,1.08521
1165695594,19,10,mean_p,12,0.36608785642917419,0.0080562866268214482,mean_p|train_n=12|p=10,12,24,-1.61155,1.08521
2437090505,19,10,mean_p,12,0.3694347941436889,0.0077088902881244994,mean_p|train_n=12|p=10,13,26,-1.61155,1.08521
4061383301,19,10,mean_p,12,0.36804753223576181,0.0078510258331456594,mean_p|train_n=12|p=10,14,27,-1.61155,1.08521
21127515,19,10,mean_p,12,0.48159110897398305,0.0017599728996213863,mean_p|train_n=12|p=10,15,29,-1.61155,1.08521
2842078180,19,10,mean_p,12,0.37518886834001114,0.0071462965673059287,mean_p|train_n=12|p=10,16,32,-1.61155,1.08521
2344594367,19,10,mean_p,12,0.40358007203062701,0.0049169473807423487,mean_p|train_n=12|p=10,17,33,-1.61155,1.08521
888966535,19,10,mean_p,12,0.37618205243319869,0.007053431440627346,mean_p|train_n=12|p=10,18,35,-1.61155,1.08521
3382498583,19,10,mean_p,12,0.42048400908339845,0.0039356123145327711,mean_p|train_n=12|p=10,19,36,-1.61155,1.08521
2194750640,19,10,mean_p,12,0.329147537158748,0.013104415296511567,mean_p|train_n=12|p=10,20,37,-1.61155,1.08521
4045029923,19,10,mean_p,12,0.29687573840426362,0.020044649073410515,mean_p|train_n=12|p=10,21,41,-1.61155,1.08521
2311484401,19,10,mean_p,12,0.44137996259597384,0.0029887971725299977,mean_p|train_n=12|p=10,22,45,-1.61155,1.08521
3013421356,19,10,mean_p,12,0.3756088504540922,0.0071068789482864794,mean_p|train_n=12|p=10,23,47,-1.61155,1.08521
2966929820,19,10,mean_p,12,0.39902270229205267,0.0052210969243995532,mean_p|train_n=12|p=10,24,48,-1.61155,1.08521
2425910552,19,10,mean_p,12,0.34496767066995515,0.010639795684101921,mean_p|train_n=12|p=10,25,49,-1.61155,1.08521
3167257651,19,10,mean_p,12,0.30286835501972681,0.018523509295946625,mean_p|train_n=12|p=10,26,50,-1.61155,1.08521
4267130373,19,10,mean_p,12,0.31692420966776175,0.015393232329666667,mean_p|train_n=12|p=10,27,51,-1.61155,1.08521
3698117132,19,10,mean_p,12,0.28073201042392865,0.024793260200698771,mean_p|train_n=12|p=10,28,52,-1.61155,1.08521
33923826,19,10,mean_p,12,0.45536935635652792,0.0024858969870850023,mean_p|train_n=12|p=10,29,54,-1.61155,1.08521
1978145583,19,10,mean_p,12,0.35061154945693557,0.0098776294267180174,mean_p|train_n=12|p=10,30,55,-1.61155,1.08521
1558332894,19,10,mean_p,12,0.45492303164163594,0.0025005521329074486,mean_p|train_n=12|p=10,31,57,-1.61155,1.08521
2552928706,19,10,mean_p,12,0.33916587824331357,0.011484630994689906,mean_p|train_n=12|p=10,32,62,-1.61155,1.08521
1883348419,19,10,mean_p,12,0.4897328951104602,0.0015810240104539577,mean_p|train_n=12|p=10,33,64,-1.61155,1.08521
3999892684,19,10,mean_p,12,0.53254984891781709,0.00089958851979540192,mean_p|train_n=12|p=10,34,66,-1.61155,1.08521
472691038,19,10,mean_p,12,0.61694081084216545,0.0002960492037573749,mean_p|train_n=12|p=10,35,67,-1.61155,1.08521
2382959857,19,10,mean_p,12,0.46788011802920676,0.0021082735094830668,mean_p|train_n=12|p=10,36,68,-1.61155,1.08521
581447300,19,10,mean_p,12,0.37488597725486167,0.0071748601763168994,mean_p|train_n=12|p=10,37,69,-1.61155,1.08521
3627053558,19,10,mean_p,12,0.35504734941604554,0.0093171236883432106,mean_p|train_n=12|p=10,38,71,-1.61155,1.08521
1939647419,19,10,mean_p,12,0.42101902136357472,0.0039079794440384872,mean_p|train_n=12|p=10,39,72,-1.61155,1.08521
1801722968,19,10,mean_p,12,0.30387059517459908,0.01828061848226456,mean_p|train_n=12|p=10,40,77,-1.61155,1.08521
3716714239,19,10,mean_p,12,0.35487911494570912,0.0093377897210015597,mean_p|train_n=12|p=10,41,78,-1.61155,1.08521
3625462805,19,10,mean_p,12,0.59155858965080077,0.00041356072321320611,mean_p|train_n=12|p=10,42,79,-1.61155,1.08521
1179921065,19,10,mean_p,12,0.33002189311102564,0.012954382256094733,mean_p|train_n=12|p=10,43,80,-1.61155,1.08521
3710983912,19,10,mean_p,12,0.40402029914112414,0.0048885228659344328,mean_p|train_n=12|p=10,44,81,-1.61155,1.08521
322019093,19,10,mean_p,12,0.53607499987603535,0.00085877927915574469,mean_p|train_n=12|p=10,45,83,-1.61155,1.08521
3652428328,19,10,mean_p,12,0.36312944060771923,0.0083763685071976662,mean_p|train_n=12|p=10,46,84,-1.61155,1.08521
1440248181,19,10,mean_p,12,0.38737146755146751,0.0060869790533278094,mean_p|train_n=12|p=10,47,85,-1.61155,1.08521
3968220642,19,10,mean_p,12,0.40986246160014134,0.004526504894119353,mean_p|train_n=12|p=10,48,86,-1.61155,1.08521
1794944313,19,10,mean_p,12,0.40823088890836445,0.0046248205738110733,mean_p|train_n=12|p=10,49,88,-1.61155,1.08521
3648800595,19,10,mean_p,12,0.31616784899396355,0.015547332333907982,mean_p|train_n=12|p=10,50,90,-1.61155,1.08521
3976230873,19,10,mean_p,12,0.4111808462645074,0.0044485902022505614,mean_p|train_n=12|p=10,51,92,-1.61155,1.08521
82753517,19,10,mean_p,12,0.43701528678001256,0.003165632618266659,mean_p|train_n=12|p=10,52,95,-1.61155,1.08521
1715530400,19,10,mean_p,12,0.38240306451830458,0.0064985869751027613,mean_p|train_n=12|p=10,53,97,-1.61155,1.08521
1126255275,19,10,mean_p,12,0.46538855075901181,0.0021786007312900365,mean_p|train_n=12|p=10,54,99,-1.61155,1.08521
2646606760,19,10,mean_p,12,0.37892082034739655,0.0068035546052967579,mean_p|train_n=12|p=10,55,101,-1.61155,1.08521
1467839972,19,10,mean_p,12,0.38389485022902148,0.0063721584012706159,mean_p|train_n=12|p=10,56,103,-1.61155,1.08521
4262244177,19,10,mean_p,12,0.4158291550335797,0.0041844277542875353,mean_p|train_n=12|p=10,57,104,-1.61155,1.08521
3322172671,19,10,mean_p,12,0.52567580004486325,0.00098482827203427888,mean_p|train_n=12|p=10,58,105,-1.61155,1.08521
798873858,19,10,mean_p,12,0.43182563934840595,0.0033895579519436772,mean_p|train_n=12|p=10,59,106,-1.61155,1.08521
3080158410,19,10,mean_p,12,0.4772296307636974,0.0018640251173676289,mean_p|train_n=12|p=10,60,107,-1.61155,1.08521
3549986229,19,10,mean_p,12,0.28306359568414796,0.024043515800078376,mean_p|train_n=12|p=10,61,108,-1.61155,1.08521
1940459076,19,10,mean_p,12,0.38096003813760548,0.0066232694887201436,mean_p|train_n=12|p=10,62,109,-1.61155,1.08521
1073821623,19,10,mean_p,12,0.40883243123596402,0.0045883266134250592,mean_p|train_n=12|p=10,63,110,-1.61155,1.08521
1474564860,19,10,mean_p,12,0.29197173738153215,0.021381946279419028,mean_p|train_n=12|p=10,64,113,-1.61155,1.08521
3105050036,19,10,mean_p,12,0.46054359716162052,0.0023221415851403296,mean_p|train_n=12|p=10,65,114,-1.61155,1.08521
3906219876,19,10,mean_p,12,0.35808331089379813,0.0089519462728711151,mean_p|train_n=12|p=10,66,115,-1.61155,1.08521
2034935878,19,10,mean_p,12,0.35658272845620503,0.0091306175734034122,mean_p|train_n=12|p=10,67,117,-1.61155,1.08521
4171739136,19,10,mean_p,12,0.52105474660524742,0.0010466246184324143,mean_p|train_n=12|p=10,68,118,-1.61155,1.08521
2763864336,19,10,mean_p,12,0.26906189836010236,0.028912234664866261,mean_p|train_n=12|p=10,69,119,-1.61155,1.08521
4090006094,19,10,mean_p,12,0.29176119100083137,0.021441317548588634,mean_p|train_n=12|p=10,70,120,-1.61155,1.08521
2975391815,19,10,mean_p,12,0.38381230363782165,0.0063790894803763456,mean_p|train_n=12|p=10,71,121,-1.61155,1.08521
3889725190,19,10,mean_p,12,0.38727383766574913,0.0060948105159699187,mean_p|train_n=12|p=10,72,122,-1.61155,1.08521
662621272,19,10,mean_p,12,0.388764200987056,0.005976349275327867,mean_p|train_n=12|p=10,73,123,-1.61155,1.08521
1313523266,19,10,mean_p,12,0.30978035869018816,0.016911790084386376,mean_p|train_n=12|p=10,74,126,-1.61155,1.08521
1503577618,19,10,mean_p,12,0.4571759485886368,0.0024274494645935801,mean_p|train_n=12|p=10,75,127,-1.61155,1.08521
4101413501,19,10,mean_p,12,0.41255840462202653,0.0043686108459990852,mean_p|train_n=12|p=10,76,128,-1.61155,1.08521
3594862001,19,10,mean_p,12,0.34492187026433208,0.010646215353458969,mean_p|train_n=12|p=10,77,129,-1.61155,1.08521
4052317975,19,10,mean_p,12,0.33831077086461131,0.011614697202991037,mean_p|train_n=12|p=10,78,130,-1.61155,1.08521
2681630686,19,10,mean_p,12,0.34816936930387621,0.010200487995747375,mean_p|train_n=12|p=10,79,132,-1.61155,1.08521
1598113269,19,10,mean_p,12,0.23847117828286457,0.043256106165169311,mean_p|train_n=12|p=10,80,133,-1.61155,1.08521
3533848764,19,10,mean_p,12,0.36621030743876831,0.0080433050871509433,mean_p|train_n=12|p=10,81,134,-1.61155,1.08521
3056679679,19,10,mean_p,12,0.44898541229346228,0.0027039368368390578,mean_p|train_n=12|p=10,82,135,-1.61155,1.08521
1540309357,19,10,mean_p,12,0.47845829867728334,0.0018341054782404077,mean_p|train_n=12|p=10,83,136,-1.61155,1.08521
121102701,19,10,mean_p,12,0.38604613753276895,0.0061941558014383799,mean_p|train_n=12|p=10,84,137,-1.61155,1.08521
783029900,19,10,mean_p,12,0.54035573645356794,0.00081170381092068747,mean_p|train_n=12|p=10,85,139,-1.61155,1.08521
2749529739,19,10,mean_p,12,0.36895312532388647,0.0077579469121934778,mean_p|train_n=12|p=10,86,140,-1.61155,1.08521
3785101779,19,10,mean_p,12,0.33133874053132006,0.012731656332060467,mean_p|train_n=12|p=10,87,145,-1.61155,1.08521
585177723,19,10,mean_p,12,0.31756915440701039,0.015263039132225095,mean_p|train_n=12|p=10,88,149,-1.61155,1.08521
821040625,19,10,mean_p,12,0.37182408459848365,0.0074700954497800755,mean_p|train_n=12|p=10,89,150,-1.61155,1.08521
317289897,19,10,mean_p,12,0.42309657392924338,0.0038025029837541087,mean_p|train_n=12|p=10,90,151,-1.61155,1.08521
1987476169,19,10,mean_p,12,0.31194844248092352,0.016435732812512635,mean_p|train_n=12|p=10,91,152,-1.61155,1.08521
3185466818,19,10,mean_p,12,0.3731870321802615,0.0073372054013237627,mean_p|train_n=12|p=10,92,154,-1.61155,1.08521
2635656265,19,10,mean_p,12,0.52523398872071891,0.00099057526295230364,mean_p|train_n=12|p=10,93,155,-1.61155,1.08521
1567289854,19,10,mean_p,12,0.36609438607745731,0.0080555938631794687,mean_p|train_n=12|p=10,94,158,-1.61155,1.08521
1482956320,19,10,mean_p,12,0.32539239559365252,0.013768779428907122,mean_p|train_n=12|p=10,95,159,-1.61155,1.08521
148795154,19,10,mean_p,12,0.42675529171279392,0.0036236252008258322,mean_p|train_n=12|p=10,96,160,-1.61155,1.08521
2225072154,19,10,mean_p,12,0.44188946352646563,0.0029688094073407468,mean_p|train_n=12|p=10,97,161,-1.61155,1.08521
3490363055,19,10,mean_p,12,0.40470675727228023,0.0048445272782900884,mean_p|train_n=12|p=10,98,164,-1.61155,1.08521
1982108277,19,10,mean_p,12,0.47129871523397809,0.0020154593634026099,mean_p|train_n=12|p=10,99,170,-1.61155,1.08521
3552867896,19,10,mean_p,12,0.56541709875142498,0.0005835221835039198,mean_p|train_n=12|p=10,100,171,-1.61155,1.08521
1599249651,19,10,mean_p,12,0.38641397895072194,0.0061642214197266398,mean_p|train_n=12|p=10,101,172,-1.61155,1.08521
2640436232,19,10,mean_p,12,0.47147344276388009,0.0020108268694805347,mean_p|train_n=12|p=10,102,173,-1.61155,1.08521
454977345,19,10,mean_p,12,0.32194076087487428,0.014409115044569831,mean_p|train_n=12|p=10,103,174,-1.61155,1.08521
2967412088,19,10,mean_p,12,0.41603871305283074,0.0041728953391421244,mean_p|train_n=12|p=10,104,177,-1.61155,1.08521
361284780,19,10,mean_p,12,0.57338219799473811,0.00052541253418112669,mean_p|train_n=12|p=10,105,178,-1.61155,1.08521
1467028404,19,10,mean_p,12,0.34776076412875012,0.0102555272981593,mean_p|train_n=12|p=10,106,179,-1.61155,1.08521
1795137201,19,10,mean_p,12,0.34877815120575539,0.010119032212876895,mean_p|train_n=12|p=10,107,181,-1.61155,1.08521
3316088266,19,10,mean_p,12,0.34174042742648031,0.01110175737274745,mean_p|train_n=12|p=10,108,183,-1.61155,1.08521
1673533840,19,10,mean_p,12,0.36447845640965465,0.0082288659020483598,mean_p|train_n=12|p=10,109,186,-1.61155,1.08521
2376607913,19,10,mean_p,12,0.47277298326555228,0.0019767050284607581,mean_p|train_n=12|p=10,110,187,-1.61155,1.08521
701904080,19,10,mean_p,12,0.37050460588297751,0.0076010397176493614,mean_p|train_n=12|p=10,111,188,-1.61155,1.08521
2225921427,19,10,mean_p,12,0.43121177454543475,0.0034170718144461696,mean_p|train_n=12|p=10,112,190,-1.61155,1.08521
3983424561,19,10,mean_p,12,0.33521551361576907,0.012097940170525174,mean_p|train_n=12|p=10,113,191,-1.61155,1.08521
3615908169,19,10,mean_p,12,0.2906929730999368,0.021745090315634846,mean_p|train_n=12|p=10,114,195,-1.61155,1.08521
643788301,19,10,mean_p,12,0.30980643301331667,0.016905983682127628,mean_p|train_n=12|p=10,115,197,-1.61155,1.08521
1915662087,19,10,mean_p,12,0.48387938229013644,0.0017077254130306216,mean_p|train_n=12|p=10,116,199,-1.61155,1.08521
1935985423,19,10,mean_p,12,0.41876680879792982,0.0040256309453938948,mean_p|train_n=12|p=10,117,200,-1.61155,1.08521
1764274493,19,10,mean_p,12,0.40204215083283157,0.0050175511501065039,mean_p|train_n=12|p=10,118,201,-1.61155,1.08521
2725394584,19,10,mean_p,12,0.48878487337512067,0.0016008872363221117,mean_p|train_n=12|p=10,119,202,-1.61155,1.08521
1469099316,19,10,mean_p,12,0.38648862972115233,0.0061581641331819705,mean_p|train_n=12|p=10,120,204,-1.61155,1.08521
2286126950,19,10,mean_p,12,0.29996878563142582,0.019244541010964324,mean_p|train_n=12|p=10,121,205,-1.61155,1.08521
1809396000,19,10,mean_p,12,0.37590837797329774,0.0070788995476502884,mean_p|train_n=12|p=10,122,206,-1.61155,1.08521
3069215104,19,10,mean_p,12,0.44468380174956129,0.0028615405508063629,mean_p|train_n=12|p=10,123,209,-1.61155,1.08521
2191869794,19,10,mean_p,12,0.37730932356880631,0.0069494901432267213,mean_p|train_n=12|p=10,124,210,-1.61155,1.08521
1172547363,19,10,mean_p,12,0.30322970648137881,0.018435566722988468,mean_p|train_n=12|p=10,125,213,-1.61155,1.08521
4238991878,19,10,mean_p,12,0.34229071780489945,0.011021591421297695,mean_p|train_n=12|p=10,126,214,-1.61155,1.08521
798061334,19,10,mean_p,12,0.40673207303133269,0.0047170173163537943,mean_p|train_n=12|p=10,127,215,-1.61155,1.08521
1684019647,19,10,mean_p,12,0.58926027186974428,0.00042626990812121132,mean_p|train_n=12|p=10,128,216,-1.61155,1.08521
4197315905,19,10,mean_p,12,0.56558242193055264,0.00058225307872878176,mean_p|train_n=12|p=10,129,218,-1.61155,1.08521
246596992,19,10,mean_p,12,0.35368766679993735,0.0094854657610951038,mean_p|train_n=12|p=10,130,219,-1.61155,1.08521
2330531749,19,10,mean_p,12,0.35860819326675419,0.0088902784904922455,mean_p|train_n=12|p=10,131,221,-1.61155,1.08521
2136310275,19,10,mean_p,12,0.55511880322302753,0.00066828112091199424,mean_p|train_n=12|p=10,132,223,-1.61155,1.08521
2464687101,19,10,mean_p,12,0.55610151207216185,0.00065968790317522921,mean_p|train_n=12|p=10,133,225,-1.61155,1.08521
1573032912,19,10,mean_p,12,0.44041677629337322,0.0030269514488851382,mean_p|train_n=12|p=10,134,226,-1.61155,1.08521
3139578544,19,10,mean_p,12,0.35218914491625258,0.009674522999800917,mean_p|train_n=12|p=10,135,227,-1.61155,1.08521
1545805054,19,10,mean_p,12,0.44010214448675772,0.0030395200583262032,mean_p|train_n=12|p=10,136,229,-1.61155,1.08521
3396323503,19,10,mean_p,12,0.39929154730638622,0.0052026436180172483,mean_p|train_n=12|p=10,137,230,-1.61155,1.08521
705692387,19,10,mean_p,12,0.42779476635557429,0.0035743569719667878,mean_p|train_n=12|p=10,138,232,-1.61155,1.08521
135702309,19,10,mean_p,12,0.46297597663881218,0.0022489330738943939,mean_p|train_n=12|p=10,139,233,-1.61155,1.08521
3733649643,19,10,mean_p,12,0.28683601275542497,0.022878174603584427,mean_p|train_n=12|p=10,140,234,-1.61155,1.08521
3923976278,19,10,mean_p,12,0.47646577587020278,0.0018828714989182135,mean_p|train_n=12|p=10,141,235,-1.61155,1.08521
2610932006,19,10,mean_p,12,0.43123186419166615,0.0034161678569584477,mean_p|train_n=12|p=10,142,238,-1.61155,1.08521
1477027721,19,10,mean_p,12,0.37556908163798725,0.0071106021312426753,mean_p|train_n=12|p=10,143,239,-1.61155,1.08521
3430764461,19,10,mean_p,12,0.40116318048580074,0.0050759711007103752,mean_p|train_n=12|p=10,144,241,-1.61155,1.08521
1955704702,19,10,mean_p,12,0.36916301007982949,0.0077365324745009498,mean_p|train_n=12|p=10,145,242,-1.61155,1.08521
3085616168,19,10,mean_p,12,0.34635902087037812,0.010446609564758354,mean_p|train_n=12|p=10,146,243,-1.61155,1.08521
2114578486,19,10,mean_p,12,0.24959069703157696,0.037363586535416535,mean_p|train_n=12|p=10,147,244,-1.61155,1.08521
1414760318,19,10,mean_p,12,0.30669944808116872,0.017612096768877025,mean_p|train_n=12|p=10,148,245,-1.61155,1.08521
1466929808,19,10,mean_p,12,0.33610095972665716,0.011957683700506054,mean_p|train_n=12|p=10,149,246,-1.61155,1.08521
3383785447,19,10,mean_p,12,0.26621405484666738,0.030017194566102225,mean_p|train_n=12|p=10,150,247,-1.61155,1.08521
1322197870,19,10,mean_p,12,0.50762747742487979,0.0012490768252979092,mean_p|train_n=12|p=10,151,248,-1.61155,1.08521
2086745639,19,10,mean_p,12,0.37541943596813881,0.0071246295454108436,mean_p|train_n=12|p=10,152,249,-1.61155,1.08521
3891753293,19,10,mean_p,12,0.2750106134090497,0.026733607563012719,mean_p|train_n=12|p=10,153,250,-1.61155,1.08521
2679798208,19,10,mean_p,12,0.33307637981037219,0.012443609040424674,mean_p|train_n=12|p=10,154,251,-1.61155,1.08521
1124744414,19,10,mean_p,12,0.42971031824625622,0.0034853130343930391,mean_p|train_n=12|p=10,155,252,-1.61155,1.08521
1051702679,19,10,mean_p,12,0.38251127495959381,0.0064893323731523194,mean_p|train_n=12|p=10,156,253,-1.61155,1.08521
738530964,19,10,mean_p,12,0.45869476625658778,0.0023793767498613769,mean_p|train_n=12|p=10,157,254,-1.61155,1.08521
2384919861,19,10,mean_p,12,0.27700674278957149,0.026039975240886689,mean_p|train_n=12|p=10,158,257,-1.61155,1.08521
3160478422,19,10,mean_p,12,0.33069351249645157,0.012840304827903083,mean_p|train_n=12|p=10,159,259,-1.61155,1.08521
2919111388,19,10,mean_p,12,0.5080598416347708,0.0012419846074407305,mean_p|train_n=12|p=10,160,260,-1.61155,1.08521
3453469934,19,10,mean_p,12,0.31290300642498348,0.016230405760000923,mean_p|train_n=12|p=10,161,261,-1.61155,1.08521
1306838243,19,10,mean_p,12,0.39871485817664415,0.0052423074943772621,mean_p|train_n=12|p=10,162,262,-1.61155,1.08521
1432210907,19,10,mean_p,12,0.24843923451779201,0.03793450556636082,mean_p|train_n=12|p=10,163,264,-1.61155,1.08521
2303272430,19,10,mean_p,12,0.57766149969586567,0.00049662052394766317,mean_p|train_n=12|p=10,164,266,-1.61155,1.08521
2276937409,19,10,mean_p,12,0.47142485857565669,0.002012113896428129,mean_p|train_n=12|p=10,165,267,-1.61155,1.08521
2159079092,19,10,mean_p,12,0.31556251516559108,0.015671772953053255,mean_p|train_n=12|p=10,166,268,-1.61155,1.08521
2772577163,19,10,mean_p,12,0.3716885104516745,0.0074834450992929203,mean_p|train_n=12|p=10,167,269,-1.61155,1.08521
2792026075,19,10,mean_p,12,0.36646883133660113,0.0080159665554133883,mean_p|train_n=12|p=10,168,273,-1.61155,1.08521
4025155255,19,10,mean_p,12,0.34934426380131922,0.010043869420934035,mean_p|train_n=12|p=10,169,274,-1.61155,1.08521
4216057114,19,10,mean_p,12,0.4051071508727645,0.004819048825071023,mean_p|train_n=12|p=10,170,276,-1.61155,1.08521
848505980,19,10,mean_p,12,0.37540258224969625,0.0071262111039916767,mean_p|train_n=12|p=10,171,282,-1.61155,1.08521
4099514906,19,10,mean_p,12,0.39313142054577732,0.0056423153251075409,mean_p|train_n=12|p=10,172,283,-1.61155,1.08521
509560491,19,10,mean_p,12,0.25915723683375658,0.032940642389138408,mean_p|train_n=12|p=10,173,287,-1.61155,1.08521
2122230350,19,10,mean_p,12,0.51942264864505439,0.0010693647011119269,mean_p|train_n=12|p=10,174,288,-1.61155,1.08521
4283629433,19,10,mean_p,12,0.4412023316957393,0.0029957972380939284,mean_p|train_n=12|p=10,175,293,-1.61155,1.08521
3358382050,19,10,mean_p,12,0.4451169174577263,0.0028452646560641641,mean_p|train_n=12|p=10,176,294,-1.61155,1.08521
1362261134,19,10,mean_p,12,0.29595658313269563,0.020288765857285722,mean_p|train_n=12|p=10,177,295,-1.61155,1.08521
1215026457,19,10,mean_p,12,0.2909930572801851,0.021659322275700776,mean_p|train_n=12|p=10,178,299,-1.61155,1.08521
1576688777,19,10,mean_p,12,0.59507132506136684,0.00039486437250618473,mean_p|train_n=12|p=10,179,300,-1.61155,1.08521
282537979,19,10,mean_p,12,0.46183868674314965,0.0022828708388960141,mean_p|train_n=12|p=10,180,302,-1.61155,1.08521
2297102913,19,10,mean_p,12,0.32739387677081744,0.013410588336146528,mean_p|train_n=12|p=10,181,305,-1.61155,1.08521
1997961616,19,10,mean_p,12,0.47323635640187045,0.0019646788593173895,mean_p|train_n=12|p=10,182,308,-1.61155,1.08521
2084313846,19,10,mean_p,12,0.34301762353904669,0.010916582951854558,mean_p|train_n=12|p=10,183,309,-1.61155,1.08521
3068739408,19,10,mean_p,12,0.39905296071437629,0.0052190167460691153,mean_p|train_n=12|p=10,184,310,-1.61155,1.08521
1712915756,19,10,mean_p,12,0.38186045614385666,0.0065451924735741573,mean_p|train_n=12|p=10,185,311,-1.61155,1.08521
1141048788,19,10,mean_p,12,0.32185542699474806,0.014425317540598228,mean_p|train_n=12|p=10,186,312,-1.61155,1.08521
3808027860,19,10,mean_p,12,0.35341628853163876,0.0095194274362970857,mean_p|train_n=12|p=10,187,313,-1.61155,1.08521
2619807498,19,10,mean_p,12,0.33694368955256948,0.011825704135957741,mean_p|train_n=12|p=10,188,315,-1.61155,1.08521
2805236087,19,10,mean_p,12,0.40913792394871434,0.004569903590547604,mean_p|train_n=12|p=10,189,316,-1.61155,1.08521
1782235059,19,10,mean_p,12,0.28686629553907295,0.022869052192761308,mean_p|train_n=12|p=10,190,317,-1.61155,1.08521
1293992588,19,10,mean_p,12,0.51693026977234624,0.0011050480931608048,mean_p|train_n=12|p=10,191,318,-1.61155,1.08521
1171576222,19,10,mean_p,12,0.38429193213853824,0.0063389222556758289,mean_p|train_n=12|p=10,192,320,-1.61155,1.08521
154107070,19,10,mean_p,12,0.37933773268836901,0.0067663010304862097,mean_p|train_n=12|p=10,193,321,-1.61155,1.08521
2759333025,19,10,mean_p,12,0.62681900849084793,0.00025993505654224586,mean_p|train_n=12|p=10,194,322,-1.61155,1.08521
262491590,19,10,mean_p,12,0.35174660244821299,0.0097310726298318398,mean_p|train_n=12|p=10,195,323,-1.61155,1.08521
2735391790,19,10,mean_p,12,0.31304164211282404,0.016200799259756406,mean_p|train_n=12|p=10,196,326,-1.61155,1.08521
556360198,19,10,mean_p,12,0.3765736798867641,0.0070171459373414005,mean_p|train_n=12|p=10,197,328,-1.61155,1.08521
3088522459,19,10,mean_p,12,0.30773838439815571,0.017372758962640705,mean_p|train_n=12|p=10,198,329,-1.61155,1.08521
1478914796,19,10,mean_p,12,0.46486301225128995,0.0021937316411687674,mean_p|train_n=12|p=10,199,330,-1.61155,1.08521
1490350621,19,10,mean_p,12,0.39834929095118865,0.005267607153467203,mean_p|train_n=12|p=10,200,331,-1.61155,1.08521
3565318345,19,10,mean_p,12,0.40891972259098336,0.0045830548609398598,mean_p|train_n=12|p=10,201,333,-1.61155,1.08521
3722825404,19,10,mean_p,12,0.44117974680350958,0.0029966884358618956,mean_p|train_n=12|p=10,202,336,-1.61155,1.08521
2265578422,19,10,mean_p,12,0.58138544576168127,0.00047285206923637776,mean_p|train_n=12|p=10,203,337,-1.61155,1.08521
4157755627,19,10,mean_p,12,0.39530750258542097,0.0054829097834928169,mean_p|train_n=12|p=10,204,338,-1.61155,1.08521
3486486973,19,10,mean_p,12,0.3703474850864199,0.0076167844450291495,mean_p|train_n=12|p=10,205,339,-1.61155,1.08521
3190487508,19,10,mean_p,12,0.36948025251534589,0.0077042765301672828,mean_p|train_n=12|p=10,206,340,-1.61155,1.08521
4138085254,19,10,mean_p,12,0.43319012503510629,0.0033291916158096927,mean_p|train_n=12|p=10,207,341,-1.61155,1.08521
3767535333,19,10,mean_p,12,0.39580947390272031,0.0054467825816882816,mean_p|train_n=12|p=10,208,343,-1.61155,1.08521
1329182550,19,10,mean_p,12,0.3227338050573022,0.014259406084877028,mean_p|train_n=12|p=10,209,346,-1.61155,1.08521
1854515918,19,10,mean_p,12,0.40347825489623945,0.0049235449916580848,mean_p|train_n=12|p=10,210,347,-1.61155,1.08521
2480082364,19,10,mean_p,12,0.42003217732762066,0.0039591011186461238,mean_p|train_n=12|p=10,211,348,-1.61155,1.08521
1544199556,19,10,mean_p,12,0.35944637229110471,0.0087926815037857649,mean_p|train_n=12|p=10,212,351,-1.61155,1.08521
678385398,19,10,mean_p,12,0.34618823271912352,0.010470132996084274,mean_p|train_n=12|p=10,213,352,-1.61155,1.08521
2575905667,19,10,mean_p,12,0.44549706257743904,0.0028310556247701704,mean_p|train_n=12|p=10,214,353,-1.61155,1.08521
1024711273,19,10,mean_p,12,0.45221218033678123,0.0025914379650104763,mean_p|train_n=12|p=10,215,355,-1.61155,1.08521
889092362,19,10,mean_p,12,0.51230565066247558,0.0011744431842020703,mean_p|train_n=12|p=10,216,358,-1.61155,1.08521
3025506675,19,10,mean_p,12,0.23696940548346507,0.044120143570687068,mean_p|train_n=12|p=10,217,360,-1.61155,1.08521
1969272462,19,10,mean_p,12,0.32366423750308093,0.014085743114063933,mean_p|train_n=12|p=10,218,361,-1.61155,1.08521
3779845970,19,10,mean_p,12,0.42284725200923939,0.0038150090950812561,mean_p|train_n=12|p=10,219,362,-1.61155,1.08521
3813284706,19,10,mean_p,12,0.40369807895033327,0.0049093117544235943,mean_p|train_n=12|p=10,220,364,-1.61155,1.08521
249761254,19,10,mean_p,12,0.37788594210692833,0.0068969159466663954,mean_p|train_n=12|p=10,221,366,-1.61155,1.08521
4221182613,19,10,mean_p,12,0.27103124798512623,0.02817200957264536,mean_p|train_n=12|p=10,222,367,-1.61155,1.08521
169046530,19,10,mean_p,12,0.38403190446202684,0.0063606671798777728,mean_p|train_n=12|p=10,223,370,-1.61155,1.08521
1321364566,19,10,mean_p,12,0.45127181692538404,0.0026237309071392391,mean_p|train_n=12|p=10,224,372,-1.61155,1.08521
643648839,19,10,mean_p,12,0.50222738187690386,0.0013411438882636056,mean_p|train_n=12|p=10,225,374,-1.61155,1.08521
4107186660,19,10,mean_p,12,0.45567673434539491,0.0024758541546553827,mean_p|train_n=12|p=10,226,375,-1.61155,1.08521
2624237447,19,10,mean_p,12,0.41715676919407013,0.0041119013990420922,mean_p|train_n=12|p=10,227,376,-1.61155,1.08521
1803580398,19,10,mean_p,12,0.40489780859279084,0.0048323532512985412,mean_p|train_n=12|p=10,228,381,-1.61155,1.08521
2194227826,19,10,mean_p,12,0.45084985334900401,0.0026383520257998315,mean_p|train_n=12|p=10,229,382,-1.61155,1.08521
2655095329,19,10,mean_p,12,0.43271134293205088,0.0033502500315607661,mean_p|train_n=12|p=10,230,383,-1.61155,1.08521
1083033225,19,10,mean_p,12,0.45805206633675821,0.0023996018090511966,mean_p|train_n=12|p=10,231,384,-1.61155,1.08521
4292758491,19,10,mean_p,12,0.42664127162659793,0.0036290706011397134,mean_p|train_n=12|p=10,232,385,-1.61155,1.08521
440776398,19,10,mean_p,12,0.41843975812483258,0.0040430075011209186,mean_p|train_n=12|p=10,233,386,-1.61155,1.08521
3990594524,19,10,mean_p,12,0.36683621097589453,0.007977276456609313,mean_p|train_n=12|p=10,234,388,-1.61155,1.08521
1865444911,19,10,mean_p,12,0.37900467554817574,0.0067960452067523268,mean_p|train_n=12|p=10,235,389,-1.61155,1.08521
1256384778,19,10,mean_p,12,0.36034518348001365,0.0086892147072522106,mean_p|train_n=12|p=10,236,393,-1.61155,1.08521
4237077544,19,10,mean_p,12,0.3646611745601534,0.0082090880871560426,mean_p|train_n=12|p=10,237,394,-1.61155,1.08521
515745249,19,10,mean_p,12,0.40567809647125608,0.0047829491444891809,mean_p|train_n=12|p=10,238,395,-1.61155,1.08521
2939484057,19,10,mean_p,12,0.38587209257015992,0.0062083699375941933,mean_p|train_n=12|p=10,239,396,-1.61155,1.08521
2724875809,19,10,mean_p,12,0.34003833068034295,0.011353427552100434,mean_p|train_n=12|p=10,240,398,-1.61155,1.08521
1615140102,19,10,mean_p,12,0.48338789681060274,0.0017188149674324334,mean_p|train_n=12|p=10,241,399,-1.61155,1.08521
1492553151,19,10,mean_p,12,0.35701545410573238,0.0090787310061788348,mean_p|train_n=12|p=10,242,400,-1.61155,1.08521
4012258166,19,10,mean_p,12,0.57528143393579956,0.0005124336210407869,mean_p|train_n=12|p=10,243,402,-1.61155,1.08521
359245209,19,10,mean_p,12,0.44641640044576042,0.0027969853090563314,mean_p|train_n=12|p=10,244,403,-1.61155,1.08521
1826525938,19,10,mean_p,12,0.39780162472200964,0.0053057379213795478,mean_p|train_n=12|p=10,245,404,-1.61155,1.08521
2904596439,19,10,mean_p,12,0.51635441775174429,0.0011134604752544052,mean_p|train_n=12|p=10,246,405,-1.61155,1.08521
3493009289,19,10,mean_p,12,0.34077747823653348,0.011243444665990081,mean_p|train_n=12|p=10,247,406,-1.61155,1.08521
2123167026,19,10,mean_p,12,0.42119201811853912,0.0038990859043012017,mean_p|train_n=12|p=10,248,408,-1.61155,1.08521
2399291510,19,10,mean_p,12,0.31872858397413673,0.015031751212023244,mean_p|train_n=12|p=10,249,409,-1.61155,1.08521
4160065740,19,10,mean_p,12,0.43784132168544793,0.0031313812572730561,mean_p|train_n=12|p=10,250,410,-1.61155,1.08521
2838654428,19,10,mean_p,12,0.5961383090131156,0.00038935455609648002,mean_p|train_n=12|p=10,251,416,-1.61155,1.08521
3857428929,19,10,mean_p,12,0.31628749583593335,0.015522853311789516,mean_p|train_n=12|p=10,252,417,-1.61155,1.08521
3219418157,19,10,mean_p,12,0.54842774274979578,0.00072984255225305369,mean_p|train_n=12|p=10,253,418,-1.61155,1.08521
2281261145,19,10,mean_p,12,0.25588924886486641,0.034389316959431704,mean_p|train_n=12|p=10,254,419,-1.61155,1.08521
1766561429,19,10,mean_p,12,0.57653557821389645,0.00050403935879350203,mean_p|train_n=12|p=10,255,421,-1.61155,1.08521
1272851152,19,10,mean_p,12,0.4194957208634989,0.0039871712983029902,mean_p|train_n=12|p=10,256,423,-1.61155,1.08521
1252019970,19,10,mean_p,12,0.47233613698408644,0.0019881101379186652,mean_p|train_n=12|p=10,257,424,-1.61155,1.08521
3645336785,19,10,mean_p,12,0.27007748266003878,0.028528107001003795,mean_p|train_n=12|p=10,258,425,-1.61155,1.08521
3999457273,19,10,mean_p,12,0.38527145836363319,0.0062576743205709946,mean_p|train_n=12|p=10,259,426,-1.61155,1.08521
955291953,19,10,mean_p,12,0.33364636441148149,0.012350549794546473,mean_p|train_n=12|p=10,260,427,-1.61155,1.08521
1494566577,19,10,mean_p,12,0.63240579514498574,0.0002414964985786639,mean_p|train_n=12|p=10,261,428,-1.61155,1.08521
3436799734,19,10,mean_p,12,0.43226140928548307,0.0033701609870835127,mean_p|train_n=12|p=10,262,429,-1.61155,1.08521
2009838793,19,10,mean_p,12,0.53985160768239848,0.00081711086394232601,mean_p|train_n=12|p=10,263,430,-1.61155,1.08521
1628700843,19,10,mean_p,12,0.4737128100821475,0.0019523894933506246,mean_p|train_n=12|p=10,264,432,-1.61155,1.08521
3335257847,19,10,mean_p,12,0.49953996771398568,0.0013894605735254406,mean_p|train_n=12|p=10,265,433,-1.61155,1.08521
2463683379,19,10,mean_p,12,0.33947092403733703,0.011438585295105597,mean_p|train_n=12|p=10,266,434,-1.61155,1.08521
2785673589,19,10,mean_p,12,0.38130518936720798,0.0065932312663122584,mean_p|train_n=12|p=10,267,435,-1.61155,1.08521
3482115310,19,10,mean_p,12,0.55255562709716177,0.00069122503226179042,mean_p|train_n=12|p=10,268,436,-1.61155,1.08521
115168885,19,10,mean_p,12,0.42196973776228974,0.0038593536943573917,mean_p|train_n=12|p=10,269,437,-1.61155,1.08521
666060098,19,10,mean_p,12,0.27159292515122707,0.027964385181276804,mean_p|train_n=12|p=10,270,439,-1.61155,1.08521
3016158127,19,10,mean_p,12,0.37662767027281235,0.0070121582225472767,mean_p|train_n=12|p=10,271,440,-1.61155,1.08521
828645994,19,10,mean_p,12,0.32396831541709875,0.014029447521369174,mean_p|train_n=12|p=10,272,441,-1.61155,1.08521
1685318284,19,10,mean_p,12,0.4247401085176391,0.0037210821029580662,mean_p|train_n=12|p=10,273,445,-1.61155,1.08521
1690088791,19,10,mean_p,12,0.43784623368160408,0.0031311786948045291,mean_p|train_n=12|p=10,274,447,-1.61155,1.08521
25965511,19,10,mean_p,12,0.42724827166308615,0.0036001752176135415,mean_p|train_n=12|p=10,275,449,-1.61155,1.08521
3887894062,19,10,mean_p,12,0.35868734971933236,0.0088810154321430738,mean_p|train_n=12|p=10,276,450,-1.61155,1.08521
1714808217,19,10,mean_p,12,0.38348257012595832,0.0064068510586388671,mean_p|train_n=12|p=10,277,452,-1.61155,1.08521
3507880963,19,10,mean_p,12,0.32064018307007441,0.014658045131506047,mean_p|train_n=12|p=10,278,453,-1.61155,1.08521
4108770867,19,10,mean_p,12,0.40879333563282472,0.0045906896645310641,mean_p|train_n=12|p=10,279,454,-1.61155,1.08521
2214908256,19,10,mean_p,12,0.41361336115557928,0.0043083349698300301,mean_p|train_n=12|p=10,280,455,-1.61155,1.08521
2659500614,19,10,mean_p,12,0.36051357444240861,0.0086699662070169152,mean_p|train_n=12|p=10,281,458,-1.61155,1.08521
3244569357,19,10,mean_p,12,0.33872487521074718,0.011551526889586824,mean_p|train_n=12|p=10,282,459,-1.61155,1.08521
71615112,19,10,mean_p,12,0.30607405719568487,0.01775775377647254,mean_p|train_n=12|p=10,283,460,-1.61155,1.08521
2883473454,19,10,mean_p,12,0.36067286575669261,0.0086517971200777422,mean_p|train_n=12|p=10,284,461,-1.61155,1.08521
3102929634,19,10,mean_p,12,0.58450732961249618,0.00045380519259335543,mean_p|train_n=12|p=10,285,463,-1.61155,1.08521
2392521849,19,10,mean_p,12,0.39936661575779675,0.0051975026377772057,mean_p|train_n=12|p=10,286,464,-1.61155,1.08521
1214388585,19,10,mean_p,12,0.33632580708231796,0.011922327055226929,mean_p|train_n=12|p=10,287,466,-1.61155,1.08521
3600418353,19,10,mean_p,12,0.29963133111027951,0.019330258072650746,mean_p|train_n=12|p=10,288,468,-1.61155,1.08521
367709200,19,10,mean_p,12,0.42266714074493666,0.0038240691471948256,mean_p|train_n=12|p=10,289,469,-1.61155,1.08521
3966823065,19,10,mean_p,12,0.3438302350052142,0.010800377392446605,mean_p|train_n=12|p=10,290,470,-1.61155,1.08521
2579216625,19,10,mean_p,12,0.3711657214521506,0.0075351465824000019,mean_p|train_n=12|p=10,291,472,-1.61155,1.08521
1316697719,19,10,mean_p,12,0.3977802019460227,0.0053072350594997614,mean_p|train_n=12|p=10,292,474,-1.61155,1.08521
2837056686,19,10,mean_p,12,0.31339540729963283,0.016125495042953453,mean_p|train_n=12|p=10,293,475,-1.61155,1.08521
3303757215,19,10,mean_p,12,0.25021703855103911,0.037056649813676359,mean_p|train_n=12|p=10,294,477,-1.61155,1.08521
1552291330,19,10,mean_p,12,0.31527416096339916,0.015731400695905774,mean_p|train_n=12|p=10,295,478,-1.61155,1.08521
2876884188,19,10,mean_p,12,0.54208928432916037,0.00079338217094586643,mean_p|train_n=12|p=10,296,479,-1.61155,1.08521
491547125,19,10,mean_p,12,0.51267165539344683,0.0011687957458532169,mean_p|train_n=12|p=10,297,480,-1.61155,1.08521
639879964,19,10,mean_p,12,0.35826149640366373,0.0089309636661584549,mean_p|train_n=12|p=10,298,482,-1.61155,1.08521
3234948370,19,10,mean_p,12,0.35396422825671259,0.0094509800877099273,mean_p|train_n=12|p=10,299,483,-1.61155,1.08521
1048441336,19,10,mean_p,12,0.45615964184347879,0.0024601581980582313,mean_p|train_n=12|p=10,300,484,-1.61155,1.08521
1762905824,19,10,mean_p,12,0.45114232244968872,0.0026282092771593522,mean_p|train_n=12|p=10,301,486,-1.61155,1.08521
819001009,19,10,mean_p,12,0.3801775898758506,0.0066918730519676282,mean_p|train_n=12|p=10,302,487,-1.61155,1.08521
2308642557,19,10,mean_p,12,0.42470711352163681,0.0037226994035913503,mean_p|train_n=12|p=10,303,492,-1.61155,1.08521
1802448281,19,10,mean_p,12,0.34773284910476027,0.010259298283948485,mean_p|train_n=12|p=10,304,495,-1.61155,1.08521
2806984489,19,10,mean_p,12,0.35962762947183069,0.0087717173483385369,mean_p|train_n=12|p=10,305,500,-1.61155,1.08521
823297139,19,10,mean_p,12,0.42277973528339174,0.0038184028393285084,mean_p|train_n=12|p=10,306,502,-1.61155,1.08521
281003484,19,10,mean_p,12,0.45055914875053954,0.0026484723709208928,mean_p|train_n=12|p=10,307,506,-1.61155,1.08521
1592284111,19,10,mean_p,12,0.56971495806604944,0.00055141104914920047,mean_p|train_n=12|p=10,308,507,-1.61155,1.08521
2883112976,19,10,mean_p,12,0.31251660404311904,0.016313210220223653,mean_p|train_n=12|p=10,309,508,-1.61155,1.08521
402361393,19,10,mean_p,12,0.3192212997262957,0.014934526472344785,mean_p|train_n=12|p=10,310,510,-1.61155,1.08521
1481786985,19,10,mean_p,12,0.52564841577886268,0.00098518350968543832,mean_p|train_n=12|p=10,311,512,-1.61155,1.08521
2642250524,19,10,mean_p,12,0.32015532911475814,0.014751942490064339,mean_p|train_n=12|p=10,312,514,-1.61155,1.08521
2312406995,19,10,mean_p,12,0.3952128243439883,0.0054897506502607826,mean_p|train_n=12|p=10,313,515,-1.61155,1.08521
377965429,19,10,mean_p,12,0.42724293910751143,0.0036004280620141509,mean_p|train_n=12|p=10,314,517,-1.61155,1.08521
2559902436,19,10,mean_p,12,0.33624103648920944,0.01193564471032431,mean_p|train_n=12|p=10,315,519,-1.61155,1.08521
2758594630,19,10,mean_p,12,0.4486994412951722,0.0027141395497886187,mean_p|train_n=12|p=10,316,524,-1.61155,1.08521
6455790,19,10,mean_p,12,0.42061247912833472,0.0039289591861500052,mean_p|train_n=12|p=10,317,526,-1.61155,1.08521
4038508300,19,10,mean_p,12,0.32411037122109621,0.014003225121989,mean_p|train_n=12|p=10,318,529,-1.61155,1.08521
764797206,19,10,mean_p,12,0.36965184815067487,0.0076868854511880202,mean_p|train_n=12|p=10,319,530,-1.61155,1.08521
2087620641,19,10,mean_p,12,0.37196728172650362,0.0074560210438639543,mean_p|train_n=12|p=10,320,532,-1.61155,1.08521
1593016001,19,10,mean_p,12,0.36241535929401653,0.0084555140068471799,mean_p|train_n=12|p=10,321,534,-1.61155,1.08521
1302267387,19,10,mean_p,12,0.37623948032885163,0.0070480988506403342,mean_p|train_n=12|p=10,322,537,-1.61155,1.08521
3657627873,19,10,mean_p,12,0.40820344935289704,0.0046264921627752909,mean_p|train_n=12|p=10,323,538,-1.61155,1.08521
2583932392,19,10,mean_p,12,0.55123759491947921,0.00070332820616294341,mean_p|train_n=12|p=10,324,540,-1.61155,1.08521
2521193190,19,10,mean_p,12,0.29452994450965442,0.020673565745460504,mean_p|train_n=12|p=10,325,541,-1.61155,1.08521
2965818631,19,10,mean_p,12,0.40468602186262698,0.0048458504078973197,mean_p|train_n=12|p=10,326,542,-1.61155,1.08521
937019242,19,10,mean_p,12,0.49835434930681471,0.0014113263673525456,mean_p|train_n=12|p=10,327,543,-1.61155,1.08521
3310712688,19,10,mean_p,12,0.40328337646180162,0.0049361975452217911,mean_p|train_n=12|p=10,328,544,-1.61155,1.08521
4002362689,19,10,mean_p,12,0.41316134241678432,0.00433405895679723,mean_p|train_n=12|p=10,329,545,-1.61155,1.08521
2547826860,19,10,mean_p,12,0.46854938736655044,0.0020897725444844945,mean_p|train_n=12|p=10,330,546,-1.61155,1.08521
3672294724,19,10,mean_p,12,0.32832375633666205,0.013247359435508217,mean_p|train_n=12|p=10,331,548,-1.61155,1.08521
2462134357,19,10,mean_p,12,0.43671400301923463,0.0031782183128823806,mean_p|train_n=12|p=10,332,549,-1.61155,1.08521
3853798033,19,10,mean_p,12,0.29860410540596377,0.019593541515758768,mean_p|train_n=12|p=10,333,550,-1.61155,1.08521
834744336,19,10,mean_p,12,0.41518704907360465,0.004219963007630047,mean_p|train_n=12|p=10,334,551,-1.61155,1.08521
3296003194,19,10,mean_p,12,0.28164010563345893,0.024498512981739981,mean_p|train_n=12|p=10,335,552,-1.61155,1.08521
3509740484,19,10,mean_p,12,0.49583761414235977,0.0014588884907509642,mean_p|train_n=12|p=10,336,553,-1.61155,1.08521
1057221722,19,10,mean_p,12,0.27983723229599966,0.02508715333850179,mean_p|train_n=12|p=10,337,557,-1.61155,1.08521
1697404443,19,10,mean_p,12,0.43671186075438817,0.0031783079818305496,mean_p|train_n=12|p=10,338,558,-1.61155,1.08521
4021747122,19,10,mean_p,12,0.3451195088952968,0.010618540771813475,mean_p|train_n=12|p=10,339,559,-1.61155,1.08521
1772857566,19,10,mean_p,12,0.36261877352854238,0.0084328926409257474,mean_p|train_n=12|p=10,340,562,-1.61155,1.08521
2686235861,19,10,mean_p,12,0.33533941155372277,0.012078215929559407,mean_p|train_n=12|p=10,341,563,-1.61155,1.08521
3987766106,19,10,mean_p,12,0.36720082213711835,0.0079390625558355063,mean_p|train_n=12|p=10,342,565,-1.61155,1.08521
1195457716,19,10,mean_p,12,0.36452353510534879,0.0082239820614607648,mean_p|train_n=12|p=10,343,566,-1.61155,1.08521
1797099561,19,10,mean_p,12,0.47728460603036177,0.0018626760272569271,mean_p|train_n=12|p=10,344,567,-1.61155,1.08521
1910482748,19,10,mean_p,12,0.30730041856556212,0.017473253204241951,mean_p|train_n=12|p=10,345,569,-1.61155,1.08521
2512038939,19,10,mean_p,12,0.38504524805285845,0.0062763446288287578,mean_p|train_n=12|p=10,346,570,-1.61155,1.08521
758270366,19,10,mean_p,12,0.42544545141450524,0.0036866761933416837,mean_p|train_n=12|p=10,347,574,-1.61155,1.08521
3532155666,19,10,mean_p,12,0.55392075486294134,0.00067890891836452254,mean_p|train_n=12|p=10,348,575,-1.61155,1.08521
2925078570,19,10,mean_p,12,0.32990235643131632,0.012974792060964198,mean_p|train_n=12|p=10,349,576,-1.61155,1.08521
2238690666,19,10,mean_p,12,0.45609344678282543,0.0024623038387588531,mean_p|train_n=12|p=10,350,578,-1.61155,1.08521
890904550,19,10,mean_p,12,0.4911358601069849,0.0015520800229119006,mean_p|train_n=12|p=10,351,580,-1.61155,1.08521
1241763396,19,10,mean_p,12,0.33785264863730563,0.01168498486660048,mean_p|train_n=12|p=10,352,584,-1.61155,1.08521
171858843,19,10,mean_p,12,0.30796672930558139,0.01732059310729174,mean_p|train_n=12|p=10,353,587,-1.61155,1.08521
1029459203,19,10,mean_p,12,0.41794297433652167,0.0040695457641020923,mean_p|train_n=12|p=10,354,588,-1.61155,1.08521
275524463,19,10,mean_p,12,0.48180445648478443,0.0017550347682721531,mean_p|train_n=12|p=10,355,589,-1.61155,1.08521
1997943502,19,10,mean_p,12,0.33663689479888637,0.011873581657732077,mean_p|train_n=12|p=10,356,590,-1.61155,1.08521
1135388000,19,10,mean_p,12,0.42076995569046249,0.0039208192268527335,mean_p|train_n=12|p=10,357,595,-1.61155,1.08521
1790582021,19,10,mean_p,12,0.42899002759866423,0.003518532308102805,mean_p|train_n=12|p=10,358,596,-1.61155,1.08521
1517659212,19,10,mean_p,12,0.41159702674599491,0.0044242741242266929,mean_p|train_n=12|p=10,359,597,-1.61155,1.08521
2545304382,19,10,mean_p,12,0.40993255757870445,0.0045223281803380144,mean_p|train_n=12|p=10,360,598,-1.61155,1.08521
1553325142,19,10,mean_p,12,0.47294943001300938,0.0019721169579442516,mean_p|train_n=12|p=10,361,599,-1.61155,1.08521
2612453594,19,10,mean_p,12,0.34461136463982983,0.010689840014164701,mean_p|train_n=12|p=10,362,602,-1.61155,1.08521
3667112878,19,10,mean_p,12,0.32208427610245172,0.014381906582350777,mean_p|train_n=12|p=10,363,603,-1.61155,1.08521
3570075896,19,10,mean_p,12,0.28027047782567094,0.024944419765771577,mean_p|train_n=12|p=10,364,604,-1.61155,1.08521
1671578196,19,10,mean_p,12,0.35741372338070143,0.0090312365906708592,mean_p|train_n=12|p=10,365,605,-1.61155,1.08521
3120351728,19,10,mean_p,12,0.36564423379644628,0.0081034925993194833,mean_p|train_n=12|p=10,366,607,-1.61155,1.08521
2770433246,19,10,mean_p,12,0.34880135056117351,0.01011594100924228,mean_p|train_n=12|p=10,367,608,-1.61155,1.08521
2320561037,19,10,mean_p,12,0.37903157421203876,0.0067936381346094272,mean_p|train_n=12|p=10,368,610,-1.61155,1.08521
969977079,19,10,mean_p,12,0.41393434742621521,0.0042901606840564516,mean_p|train_n=12|p=10,369,611,-1.61155,1.08521
1579957964,19,10,mean_p,12,0.53170597661405916,0.00090964197224702398,mean_p|train_n=12|p=10,370,612,-1.61155,1.08521
857495404,19,10,mean_p,12,0.32865317850509973,0.013190011278223827,mean_p|train_n=12|p=10,371,614,-1.61155,1.08521
3938657716,19,10,mean_p,12,0.33925309034096274,0.011471447715298204,mean_p|train_n=12|p=10,372,615,-1.61155,1.08521
1671179167,19,10,mean_p,12,0.39119151970427551,0.0057883229233528771,mean_p|train_n=12|p=10,373,617,-1.61155,1.08521
2853284813,19,10,mean_p,12,0.28819249405928238,0.022473094628370601,mean_p|train_n=12|p=10,374,618,-1.61155,1.08521
416926916,19,10,mean_p,12,0.25690189214830528,0.033933735150311756,mean_p|train_n=12|p=10,375,619,-1.61155,1.08521
163731457,19,10,mean_p,12,0.32107085892000858,0.01457514130470753,mean_p|train_n=12|p=10,376,620,-1.61155,1.08521
3908713882,19,10,mean_p,12,0.31270539236255757,0.01627270100469027,mean_p|train_n=12|p=10,377,621,-1.61155,1.08521
1157162932,19,10,mean_p,12,0.3106039538764187,0.01672934621908698,mean_p|train_n=12|p=10,378,623,-1.61155,1.08521
1257578,19,10,mean_p,12,0.36594658648291478,0.0080712892712175872,mean_p|train_n=12|p=10,379,626,-1.61155,1.08521
2000500548,19,10,mean_p,12,0.38513480737140982,0.0062689461824676643,mean_p|train_n=12|p=10,380,627,-1.61155,1.08521
2291783882,19,10,mean_p,12,0.34298083163104848,0.010921873775830818,mean_p|train_n=12|p=10,381,629,-1.61155,1.08521
937646572,19,10,mean_p,12,0.34278927721646696,0.010949461526983466,mean_p|train_n=12|p=10,382,630,-1.61155,1.08521
4287701487,19,10,mean_p,12,0.42247193247569431,0.0038339129154943935,mean_p|train_n=12|p=10,383,631,-1.61155,1.08521
475679048,19,10,mean_p,12,0.41299521741265899,0.0043435515320766,mean_p|train_n=12|p=10,384,632,-1.61155,1.08521
3640550312,19,10,mean_p,12,0.37432048279430535,0.0072284940364630828,mean_p|train_n=12|p=10,385,633,-1.61155,1.08521
4134403446,19,10,mean_p,12,0.40496636173577183,0.0048279924221231356,mean_p|train_n=12|p=10,386,634,-1.61155,1.08521
3862065165,19,10,mean_p,12,0.44100117774978181,0.003003744095465164,mean_p|train_n=12|p=10,387,635,-1.61155,1.08521
2274820973,19,10,mean_p,12,0.40931520191759962,0.0045592466145149557,mean_p|train_n=12|p=10,388,636,-1.61155,1.08521
3243810251,19,10,mean_p,12,0.38373705137901398,0.0063854146549957667,mean_p|train_n=12|p=10,389,638,-1.61155,1.08521
3455890410,19,10,mean_p,12,0.42182409172799001,0.0038667635353857159,mean_p|train_n=12|p=10,390,639,-1.61155,1.08521
4107597530,19,10,mean_p,12,0.32837936640932652,0.013237660974559423,mean_p|train_n=12|p=10,391,640,-1.61155,1.08521
4220746672,19,10,mean_p,12,0.28262489563058479,0.02418283145298953,mean_p|train_n=12|p=10,392,641,-1.61155,1.08521
3878386588,19,10,mean_p,12,0.36479063105771981,0.0081951042078879776,mean_p|train_n=12|p=10,393,642,-1.61155,1.08521
3584429545,19,10,mean_p,12,0.37754257580614842,0.0069281748680856924,mean_p|train_n=12|p=10,394,644,-1.61155,1.08521
2506412976,19,10,mean_p,12,0.40025998213004249,0.0051367099912136074,mean_p|train_n=12|p=10,395,645,-1.61155,1.08521
3841058452,19,10,mean_p,12,0.45930839240397558,0.0023602257049087829,mean_p|train_n=12|p=10,396,646,-1.61155,1.08521
1782492053,19,10,mean_p,12,0.349241921831349,0.010057415905333114,mean_p|train_n=12|p=10,397,647,-1.61155,1.08521
2850339733,19,10,mean_p,12,0.35568666691249329,0.0092390058017566522,mean_p|train_n=12|p=10,398,648,-1.61155,1.08521
1738542484,19,10,mean_p,12,0.34440223546309334,0.010719322432013784,mean_p|train_n=12|p=10,399,649,-1.61155,1.08521
545404562,19,10,mean_p,12,0.39074801609792609,0.0058222305905410599,mean_p|train_n=12|p=10,400,652,-1.61155,1.08521
2284437566,19,10,mean_p,12,0.43107708099095754,0.0034231386920526427,mean_p|train_n=12|p=10,401,653,-1.61155,1.08521
3782367029,19,10,mean_p,12,0.28602262516238897,0.023124566355695448,mean_p|train_n=12|p=10,402,654,-1.61155,1.08521
1919410495,19,10,mean_p,12,0.30645775528345343,0.017668246180104111,mean_p|train_n=12|p=10,403,655,-1.61155,1.08521
1426363515,19,10,mean_p,12,0.37416421022959273,0.0072433861593542304,mean_p|train_n=12|p=10,404,656,-1.61155,1.08521
435674890,19,10,mean_p,12,0.53079169048353125,0.00092066114445119897,mean_p|train_n=12|p=10,405,657,-1.61155,1.08521
59062719,19,10,mean_p,12,0.37820353655465849,0.0068681287774046279,mean_p|train_n=12|p=10,406,658,-1.61155,1.08521
4121731310,19,10,mean_p,12,0.45116219671539509,0.0026275214595935653,mean_p|train_n=12|p=10,407,659,-1.61155,1.08521
2199113800,19,10,mean_p,12,0.58005468854544595,0.00048121222604343285,mean_p|train_n=12|p=10,408,661,-1.61155,1.08521
3434746236,19,10,mean_p,12,0.54169102429039739,0.00079755439541940936,mean_p|train_n=12|p=10,409,662,-1.61155,1.08521
254362458,19,10,mean_p,12,0.60786160745540341,0.00033365146486885925,mean_p|train_n=12|p=10,410,665,-1.61155,1.08521
1715291677,19,10,mean_p,12,0.38836472009375128,0.0060078741940586518,mean_p|train_n=12|p=10,411,666,-1.61155,1.08521
3418312493,19,10,mean_p,12,0.3967449933794594,0.0053800866570344903,mean_p|train_n=12|p=10,412,667,-1.61155,1.08521
3680860678,19,10,mean_p,12,0.36012946698451476,0.0087139353635026125,mean_p|train_n=12|p=10,413,669,-1.61155,1.08521
241307018,19,10,mean_p,12,0.40887769498354559,0.0045855922612023144,mean_p|train_n=12|p=10,414,670,-1.61155,1.08521
1124590282,19,10,mean_p,12,0.46269728857515263,0.0022572024204553613,mean_p|train_n=12|p=10,415,672,-1.61155,1.08521
1140373295,19,10,mean_p,12,0.54043708443109173,0.00081083466881480353,mean_p|train_n=12|p=10,416,673,-1.61155,1.08521
3203137792,19,10,mean_p,12,0.34553514025265264,0.010560575999760359,mean_p|train_n=12|p=10,417,674,-1.61155,1.08521
195396707,19,10,mean_p,12,0.39269631242820152,0.005674740215073624,mean_p|train_n=12|p=10,418,675,-1.61155,1.08521
525577615,19,10,mean_p,12,0.43270363594933825,0.00335059009716471,mean_p|train_n=12|p=10,419,678,-1.61155,1.08521
2769014404,19,10,mean_p,12,0.34690655018276484,0.010371551575687536,mean_p|train_n=12|p=10,420,679,-1.61155,1.08521
3972474586,19,10,mean_p,12,0.3423009142955325,0.01102011147848286,mean_p|train_n=12|p=10,421,680,-1.61155,1.08521
3064663454,19,10,mean_p,12,0.31737485848412822,0.015302144784133416,mean_p|train_n=12|p=10,422,682,-1.61155,1.08521
3071845076,19,10,mean_p,12,0.35391985386206104,0.0094565048711477695,mean_p|train_n=12|p=10,423,683,-1.61155,1.08521
1265690400,19,10,mean_p,12,0.45756273500248529,0.0024151157238936397,mean_p|train_n=12|p=10,424,684,-1.61155,1.08521
2207492659,19,10,mean_p,12,0.36909324020638268,0.0077436444932388222,mean_p|train_n=12|p=10,425,688,-1.61155,1.08521
3380688736,19,10,mean_p,12,0.25317468263063381,0.03564098527223987,mean_p|train_n=12|p=10,426,691,-1.61155,1.08521
1989673470,19,10,mean_p,12,0.41618782007716731,0.0041647090267528447,mean_p|train_n=12|p=10,427,693,-1.61155,1.08521
660620138,19,10,mean_p,12,0.41813025805678478,0.0040595206448970408,mean_p|train_n=12|p=10,428,694,-1.61155,1.08521
1467313531,19,10,mean_p,12,0.40092881269578629,0.0050916626758774567,mean_p|train_n=12|p=10,429,696,-1.61155,1.08521
1169460647,19,10,mean_p,12,0.51772611751417907,0.0010935264010835742,mean_p|train_n=12|p=10,430,697,-1.61155,1.08521
4032952119,19,10,mean_p,12,0.35302295466960187,0.0095688672199813057,mean_p|train_n=12|p=10,431,699,-1.61155,1.08521
3340448731,19,10,mean_p,12,0.25923515346645781,0.032906857811336371,mean_p|train_n=12|p=10,432,700,-1.61155,1.08521
3968856483,19,10,mean_p,12,0.45036591442409074,0.0026552209371169463,mean_p|train_n=12|p=10,433,702,-1.61155,1.08521
3790572755,19,10,mean_p,12,0.310734882838891,0.016700524533072914,mean_p|train_n=12|p=10,434,704,-1.61155,1.08521
1390865063,19,10,mean_p,12,0.36179040783903693,0.0085253941540860082,mean_p|train_n=12|p=10,435,705,-1.61155,1.08521
1775660888,19,10,mean_p,12,0.24369086851881575,0.040382484887981004,mean_p|train_n=12|p=10,436,707,-1.61155,1.08521
2556906557,19,10,mean_p,12,0.51452830201179589,0.0011405633233924001,mean_p|train_n=12|p=10,437,710,-1.61155,1.08521
697918314,19,10,mean_p,12,0.35117025900215004,0.0098052156710021904,mean_p|train_n=12|p=10,438,713,-1.61155,1.08521
1825356346,19,10,mean_p,12,0.51136645187272323,0.0011890601514282209,mean_p|train_n=12|p=10,439,714,-1.61155,1.08521
2951513762,19,10,mean_p,12,0.31879153639288571,0.015019293994602185,mean_p|train_n=12|p=10,440,715,-1.61155,1.08521
2793276305,19,10,mean_p,12,0.42998312785287246,0.0034728133062224497,mean_p|train_n=12|p=10,441,716,-1.61155,1.08521
2821978480,19,10,mean_p,12,0.27549453437336757,0.026563772290456453,mean_p|train_n=12|p=10,442,717,-1.61155,1.08521
1037154061,19,10,mean_p,12,0.42458963997997756,0.003728463259116359,mean_p|train_n=12|p=10,443,720,-1.61155,1.08521
1658447366,19,10,mean_p,12,0.31030201785398764,0.016796001830876237,mean_p|train_n=12|p=10,444,721,-1.61155,1.08521
1119786952,19,10,mean_p,12,0.39260062032288251,0.0056818962894187516,mean_p|train_n=12|p=10,445,722,-1.61155,1.08521
3323753440,19,10,mean_p,12,0.39060922571592571,0.0058328824347505309,mean_p|train_n=12|p=10,446,723,-1.61155,1.08521
3663054469,19,10,mean_p,12,0.41844888534464447,0.0040425215461630578,mean_p|train_n=12|p=10,447,727,-1.61155,1.08521
1901570752,19,10,mean_p,12,0.32593951479662375,0.013669925767638421,mean_p|train_n=12|p=10,448,729,-1.61155,1.08521
323453529,19,10,mean_p,12,0.36982843546015598,0.0076690294561292689,mean_p|train_n=12|p=10,449,731,-1.61155,1.08521
3324266031,19,10,mean_p,12,0.44933535153525872,0.0026915040672748974,mean_p|train_n=12|p=10,450,732,-1.61155,1.08521
2467761772,19,10,mean_p,12,0.46509657554003481,0.002186994131932473,mean_p|train_n=12|p=10,451,733,-1.61155,1.08521
4088887010,19,10,mean_p,12,0.54786844572039239,0.00073523829463527466,mean_p|train_n=12|p=10,452,734,-1.61155,1.08521
1805562090,19,10,mean_p,12,0.29335494529144029,0.020995966914163635,mean_p|train_n=12|p=10,453,736,-1.61155,1.08521
1875731227,19,10,mean_p,12,0.34774125372262149,0.01025816277475294,mean_p|train_n=12|p=10,454,737,-1.61155,1.08521
283021298,19,10,mean_p,12,0.45421722538603093,0.0025239039401030276,mean_p|train_n=12|p=10,455,740,-1.61155,1.08521
1635391833,19,10,mean_p,12,0.33221993993935139,0.012584756749333631,mean_p|train_n=12|p=10,456,742,-1.61155,1.08521
3399472533,19,10,mean_p,12,0.35809777874273041,0.0089502407438249131,mean_p|train_n=12|p=10,457,746,-1.61155,1.08521
3508190366,19,10,mean_p,12,0.48022455395015046,0.001791934320661094,mean_p|train_n=12|p=10,458,747,-1.61155,1.08521
2137852323,19,10,mean_p,12,0.30248055130900259,0.018618356339285276,mean_p|train_n=12|p=10,459,748,-1.61155,1.08521
1533836076,19,10,mean_p,12,0.45470459658949558,0.0025077559409701368,mean_p|train_n=12|p=10,460,749,-1.61155,1.08521
244157086,19,10,mean_p,12,0.5389853651276828,0.00082648603464665553,mean_p|train_n=12|p=10,461,750,-1.61155,1.08521
1222905935,19,10,mean_p,12,0.37049345421240487,0.0076021561280845756,mean_p|train_n=12|p=10,462,753,-1.61155,1.08521
2387457006,19,10,mean_p,12,0.42472311322157291,0.0037219150658474565,mean_p|train_n=12|p=10,463,754,-1.61155,1.08521
1822453552,19,10,mean_p,12,0.3949920795435729,0.0055057334772782209,mean_p|train_n=12|p=10,464,755,-1.61155,1.08521
361972927,19,10,mean_p,12,0.40404500470848104,0.0048869325592147102,mean_p|train_n=12|p=10,465,756,-1.61155,1.08521
3296078617,19,10,mean_p,12,0.30853347131173253,0.01719179559569374,mean_p|train_n=12|p=10,466,758,-1.61155,1.08521
579251313,19,10,mean_p,12,0.48283846691215426,0.001731297211681903,mean_p|train_n=12|p=10,467,759,-1.61155,1.08521
3098096832,19,10,mean_p,12,0.23463976121869901,0.045494770678002484,mean_p|train_n=12|p=10,468,762,-1.61155,1.08521
4168272381,19,10,mean_p,12,0.37839667295321239,0.0068506814299911095,mean_p|train_n=12|p=10,469,764,-1.61155,1.08521
2972562085,19,10,mean_p,12,0.50149346728327981,0.001354169570786222,mean_p|train_n=12|p=10,470,765,-1.61155,1.08521
3389248049,19,10,mean_p,12,0.45728760897054965,0.0024238824155314331,mean_p|train_n=12|p=10,471,766,-1.61155,1.08521
3074976566,19,10,mean_p,12,0.40192327441776449,0.0050254126710455628,mean_p|train_n=12|p=10,472,767,-1.61155,1.08521
1049246947,19,10,mean_p,12,0.38565893867749423,0.0062258225174736392,mean_p|train_n=12|p=10,473,768,-1.61155,1.08521
2540925029,19,10,mean_p,12,0.29749398850248621,0.019882103610851302,mean_p|train_n=12|p=10,474,769,-1.61155,1.08521
3656021645,19,10,mean_p,12,0.35468248437364114,0.0093620020539305297,mean_p|train_n=12|p=10,475,770,-1.61155,1.08521
3436080939,19,10,mean_p,12,0.42870255351045472,0.0035318786327202738,mean_p|train_n=12|p=10,476,771,-1.61155,1.08521
2900517789,19,10,mean_p,12,0.30247116216403119,0.018620658699627653,mean_p|train_n=12|p=10,477,772,-1.61155,1.08521
2467487904,19,10,mean_p,12,0.382563283737195,0.0064848890591882296,mean_p|train_n=12|p=10,478,775,-1.61155,1.08521
2804774038,19,10,mean_p,12,0.32362632390246543,0.014092778084649388,mean_p|train_n=12|p=10,479,776,-1.61155,1.08521
666555698,19,10,mean_p,12,0.36547526611547998,0.0081215451364203255,mean_p|train_n=12|p=10,480,778,-1.61155,1.08521
521460732,19,10,mean_p,12,0.37196194402885852,0.0074565451936602009,mean_p|train_n=12|p=10,481,780,-1.61155,1.08521
1536442070,19,10,mean_p,12,0.47294233564807514,0.001972301224086172,mean_p|train_n=12|p=10,482,781,-1.61155,1.08521
2119070860,19,10,mean_p,12,0.41084039756803714,0.0044685808613179169,mean_p|train_n=12|p=10,483,782,-1.61155,1.08521
168840707,19,10,mean_p,12,0.39816050241690187,0.0052807203346537553,mean_p|train_n=12|p=10,484,784,-1.61155,1.08521
1545608255,19,10,mean_p,12,0.33778168442391521,0.011695910574052429,mean_p|train_n=12|p=10,485,785,-1.61155,1.08521
3149369208,19,10,mean_p,12,0.41505610137181742,0.004227246843024308,mean_p|train_n=12|p=10,486,786,-1.61155,1.08521
1625802995,19,10,mean_p,12,0.40279818604669287,0.004967840139711392,mean_p|train_n=12|p=10,487,787,-1.61155,1.08521
640648313,19,10,mean_p,12,0.33175440341846396,0.012662151170886465,mean_p|train_n=12|p=10,488,788,-1.61155,1.08521
3867181036,19,10,mean_p,12,0.36400895445857007,0.0082799046268383046,mean_p|train_n=12|p=10,489,790,-1.61155,1.08521
3933857000,19,10,mean_p,12,0.43186221100325833,0.0033879257941051462,mean_p|train_n=12|p=10,490,793,-1.61155,1.08521
2579258771,19,10,mean_p,12,0.39070295317487236,0.0058256869324688669,mean_p|train_n=12|p=10,491,795,-1.61155,1.08521
3170481895,19,10,mean_p,12,0.52481498684705485,0.00099605653442050562,mean_p|train_n=12|p=10,492,796,-1.61155,1.08521
3590573300,19,10,mean_p,12,0.31237851618559359,0.016342904236868665,mean_p|train_n=12|p=10,493,797,-1.61155,1.08521
3044103388,19,10,mean_p,12,0.3544455576127632,0.0093912597178498237,mean_p|train_n=12|p=10,494,798,-1.61155,1.08521
701223791,19,10,mean_p,12,0.43246610233726751,0.0033610880570192265,mean_p|train_n=12|p=10,495,799,-1.61155,1.08521
1098262247,19,10,mean_p,12,0.32287177034962083,0.014233520626887632,mean_p|train_n=12|p=10,496,801,-1.61155,1.08521
1118066406,19,10,mean_p,12,0.33658952335312026,0.011880991567577232,mean_p|train_n=12|p=10,497,802,-1.61155,1.08521
3157743917,19,10,mean_p,12,0.6191391817280778,0.00028760084742218846,mean_p|train_n=12|p=10,498,803,-1.61155,1.08521
2662941384,19,10,mean_p,12,0.34596452663111044,0.010501025205624495,mean_p|train_n=12|p=10,499,804,-1.61155,1.08521
3899455985,19,20,mean_p,12,0.21431080609456354,0.059461294592710962,mean_p|train_n=12|p=20,0,2,-1.55047,0.95916000000000001
456502536,19,20,mean_p,12,0.26439200838619892,0.030746198194203447,mean_p|train_n=12|p=20,1,3,-1.55047,0.95916000000000001
1815149676,19,20,mean_p,12,0.39496631614617511,0.0055076018824403924,mean_p|train_n=12|p=20,2,4,-1.55047,0.95916000000000001
1426917134,19,20,mean_p,12,0.3467879370632439,0.010387765747605544,mean_p|train_n=12|p=20,3,6,-1.55047,0.95916000000000001
4145365393,19,20,mean_p,12,0.31563761429382087,0.015656280601655363,mean_p|train_n=12|p=20,4,7,-1.55047,0.95916000000000001
2346711307,19,20,mean_p,12,0.34439433753047943,0.01072043745137112,mean_p|train_n=12|p=20,5,8,-1.55047,0.95916000000000001
2614671566,19,20,mean_p,12,0.29222975318981503,0.021309413394617081,mean_p|train_n=12|p=20,6,10,-1.55047,0.95916000000000001
1128184567,19,20,mean_p,12,0.27407802737959353,0.027063973499035967,mean_p|train_n=12|p=20,7,13,-1.55047,0.95916000000000001
3595974323,19,20,mean_p,12,0.31174570295215476,0.016479675487184282,mean_p|train_n=12|p=20,8,14,-1.55047,0.95916000000000001
3334711480,19,20,mean_p,12,0.35267894298451996,0.0096123179378147499,mean_p|train_n=12|p=20,9,15,-1.55047,0.95916000000000001
900092298,19,20,mean_p,12,0.37596967886635335,0.0070731869147397557,mean_p|train_n=12|p=20,10,21,-1.55047,0.95916000000000001
3530671903,19,20,mean_p,12,0.33335140137634861,0.012398620085454051,mean_p|train_n=12|p=20,11,23,-1.55047,0.95916000000000001
1165695594,19,20,mean_p,12,0.27526643375207888,0.026643690870867716,mean_p|train_n=12|p=20,12,24,-1.55047,0.95916000000000001
2437090505,19,20,mean_p,12,0.27604538000691015,0.026371762057638574,mean_p|train_n=12|p=20,13,26,-1.55047,0.95916000000000001
4061383301,19,20,mean_p,12,0.27511261892561434,0.026697717963772433,mean_p|train_n=12|p=20,14,27,-1.55047,0.95916000000000001
21127515,19,20,mean_p,12,0.41730605507881974,0.0041038250766894345,mean_p|train_n=12|p=20,15,29,-1.55047,0.95916000000000001
2842078180,19,20,mean_p,12,0.29118207656620665,0.021605471792900437,mean_p|train_n=12|p=20,16,32,-1.55047,0.95916000000000001
2344594367,19,20,mean_p,12,0.27494631923020979,0.02675625359753005,mean_p|train_n=12|p=20,17,33,-1.55047,0.95916000000000001
888966535,19,20,mean_p,12,0.28982227260957127,0.021995875261111707,mean_p|train_n=12|p=20,18,35,-1.55047,0.95916000000000001
3382498583,19,20,mean_p,12,0.32829311629539132,0.013252706129820879,mean_p|train_n=12|p=20,19,36,-1.55047,0.95916000000000001
2194750640,19,20,mean_p,12,0.21313535302485956,0.060388945548628739,mean_p|train_n=12|p=20,20,37,-1.55047,0.95916000000000001
4045029923,19,20,mean_p,12,0.18883335165820156,0.08316765234761514,mean_p|train_n=12|p=20,21,41,-1.55047,0.95916000000000001
2311484401,19,20,mean_p,12,0.33045934023615531,0.012879965466093763,mean_p|train_n=12|p=20,22,45,-1.55047,0.95916000000000001
3013421356,19,20,mean_p,12,0.26700354352082722,0.029706710544715034,mean_p|train_n=12|p=20,23,47,-1.55047,0.95916000000000001
2966929820,19,20,mean_p,12,0.30023517865339899,0.01917714287894284,mean_p|train_n=12|p=20,24,48,-1.55047,0.95916000000000001
2425910552,19,20,mean_p,12,0.2459330104776509,0.039207481979877751,mean_p|train_n=12|p=20,25,49,-1.55047,0.95916000000000001
3167257651,19,20,mean_p,12,0.21902395597365698,0.05588267285948046,mean_p|train_n=12|p=20,26,50,-1.55047,0.95916000000000001
4267130373,19,20,mean_p,12,0.23310590152187669,0.046423138483942951,mean_p|train_n=12|p=20,27,51,-1.55047,0.95916000000000001
3698117132,19,20,mean_p,12,0.17846842909215621,0.095331700896563634,mean_p|train_n=12|p=20,28,52,-1.55047,0.95916000000000001
33923826,19,20,mean_p,12,0.38128769278435737,0.0065947506961356378,mean_p|train_n=12|p=20,29,54,-1.55047,0.95916000000000001
1978145583,19,20,mean_p,12,0.26246779472885545,0.03153530944465837,mean_p|train_n=12|p=20,30,55,-1.55047,0.95916000000000001
1558332894,19,20,mean_p,12,0.39430076277656151,0.0055560893182908834,mean_p|train_n=12|p=20,31,57,-1.55047,0.95916000000000001
2552928706,19,20,mean_p,12,0.25730473321662073,0.033754182038009679,mean_p|train_n=12|p=20,32,62,-1.55047,0.95916000000000001
1883348419,19,20,mean_p,12,0.43059030100699031,0.0034451542197273814,mean_p|train_n=12|p=20,33,64,-1.55047,0.95916000000000001
3999892684,19,20,mean_p,12,0.44848687693449252,0.0027217482367493709,mean_p|train_n=12|p=20,34,66,-1.55047,0.95916000000000001
472691038,19,20,mean_p,12,0.55103441782961327,0.00070521269254986672,mean_p|train_n=12|p=20,35,67,-1.55047,0.95916000000000001
2382959857,19,20,mean_p,12,0.41908692476036097,0.0040086951651666413,mean_p|train_n=12|p=20,36,68,-1.55047,0.95916000000000001
581447300,19,20,mean_p,12,0.28208582673695154,0.024355126588595111,mean_p|train_n=12|p=20,37,69,-1.55047,0.95916000000000001
3627053558,19,20,mean_p,12,0.26109377826318125,0.03211115154459479,mean_p|train_n=12|p=20,38,71,-1.55047,0.95916000000000001
1939647419,19,20,mean_p,12,0.34257042720657843,0.010981065698409356,mean_p|train_n=12|p=20,39,72,-1.55047,0.95916000000000001
1801722968,19,20,mean_p,12,0.22431130989149703,0.052123765199552294,mean_p|train_n=12|p=20,40,77,-1.55047,0.95916000000000001
3716714239,19,20,mean_p,12,0.24981933910390078,0.037251247662017636,mean_p|train_n=12|p=20,41,78,-1.55047,0.95916000000000001
3625462805,19,20,mean_p,12,0.49243416284029745,0.0015257675560531089,mean_p|train_n=12|p=20,42,79,-1.55047,0.95916000000000001
1179921065,19,20,mean_p,12,0.24980208820935831,0.037259711763080391,mean_p|train_n=12|p=20,43,80,-1.55047,0.95916000000000001
3710983912,19,20,mean_p,12,0.29600109541647796,0.020276875708751221,mean_p|train_n=12|p=20,44,81,-1.55047,0.95916000000000001
322019093,19,20,mean_p,12,0.47732622059803048,0.0018616554573201223,mean_p|train_n=12|p=20,45,83,-1.55047,0.95916000000000001
3652428328,19,20,mean_p,12,0.26666425337720751,0.02983974848985825,mean_p|train_n=12|p=20,46,84,-1.55047,0.95916000000000001
1440248181,19,20,mean_p,12,0.30223751042630898,0.018678045430125072,mean_p|train_n=12|p=20,47,85,-1.55047,0.95916000000000001
3968220642,19,20,mean_p,12,0.32871910142416522,0.013178564793135979,mean_p|train_n=12|p=20,48,86,-1.55047,0.95916000000000001
1794944313,19,20,mean_p,12,0.32882050660853557,0.013160976756062089,mean_p|train_n=12|p=20,49,88,-1.55047,0.95916000000000001
3648800595,19,20,mean_p,12,0.21985506204871028,0.055274344487248966,mean_p|train_n=12|p=20,50,90,-1.55047,0.95916000000000001
3976230873,19,20,mean_p,12,0.30349013767003941,0.018372444253147061,mean_p|train_n=12|p=20,51,92,-1.55047,0.95916000000000001
82753517,19,20,mean_p,12,0.33556673466967479,0.01204211025038575,mean_p|train_n=12|p=20,52,95,-1.55047,0.95916000000000001
1715530400,19,20,mean_p,12,0.30474800427431203,0.018070596237470163,mean_p|train_n=12|p=20,53,97,-1.55047,0.95916000000000001
1126255275,19,20,mean_p,12,0.4319269009776649,0.0033850406670429224,mean_p|train_n=12|p=20,54,99,-1.55047,0.95916000000000001
2646606760,19,20,mean_p,12,0.30531087533177226,0.017937136038950349,mean_p|train_n=12|p=20,55,101,-1.55047,0.95916000000000001
1467839972,19,20,mean_p,12,0.3108423365475762,0.016676907609458308,mean_p|train_n=12|p=20,56,103,-1.55047,0.95916000000000001
4262244177,19,20,mean_p,12,0.30834522385123997,0.017234470041078712,mean_p|train_n=12|p=20,57,104,-1.55047,0.95916000000000001
3322172671,19,20,mean_p,12,0.49214192291678766,0.0015316511540945949,mean_p|train_n=12|p=20,58,105,-1.55047,0.95916000000000001
798873858,19,20,mean_p,12,0.32786008202388023,0.013328501882893652,mean_p|train_n=12|p=20,59,106,-1.55047,0.95916000000000001
3080158410,19,20,mean_p,12,0.34486254831681223,0.010654536043962664,mean_p|train_n=12|p=20,60,107,-1.55047,0.95916000000000001
3549986229,19,20,mean_p,12,0.18299296559018718,0.089817081459767842,mean_p|train_n=12|p=20,61,108,-1.55047,0.95916000000000001
1940459076,19,20,mean_p,12,0.29209482556073479,0.021347313233773254,mean_p|train_n=12|p=20,62,109,-1.55047,0.95916000000000001
1073821623,19,20,mean_p,12,0.33962204016008823,0.011415843219908049,mean_p|train_n=12|p=20,63,110,-1.55047,0.95916000000000001
1474564860,19,20,mean_p,12,0.2084273268171831,0.064251804836263748,mean_p|train_n=12|p=20,64,113,-1.55047,0.95916000000000001
3105050036,19,20,mean_p,12,0.38374159435188337,0.0063850326268874227,mean_p|train_n=12|p=20,65,114,-1.55047,0.95916000000000001
3906219876,19,20,mean_p,12,0.21640580656175001,0.05784313977374602,mean_p|train_n=12|p=20,66,115,-1.55047,0.95916000000000001
2034935878,19,20,mean_p,12,0.27753474141287154,0.0258595308728461,mean_p|train_n=12|p=20,67,117,-1.55047,0.95916000000000001
4171739136,19,20,mean_p,12,0.40594308310958188,0.0047662866040509575,mean_p|train_n=12|p=20,68,118,-1.55047,0.95916000000000001
2763864336,19,20,mean_p,12,0.18505403387488203,0.087411890837643377,mean_p|train_n=12|p=20,69,119,-1.55047,0.95916000000000001
4090006094,19,20,mean_p,12,0.2153540510541592,0.058649923226376008,mean_p|train_n=12|p=20,70,120,-1.55047,0.95916000000000001
2975391815,19,20,mean_p,12,0.28046277578439655,0.024881327325153416,mean_p|train_n=12|p=20,71,121,-1.55047,0.95916000000000001
3889725190,19,20,mean_p,12,0.30251885580753818,0.018608966446290259,mean_p|train_n=12|p=20,72,122,-1.55047,0.95916000000000001
662621272,19,20,mean_p,12,0.29579100701292999,0.020333055888986092,mean_p|train_n=12|p=20,73,123,-1.55047,0.95916000000000001
1313523266,19,20,mean_p,12,0.20913767993981869,0.063653518872639828,mean_p|train_n=12|p=20,74,126,-1.55047,0.95916000000000001
1503577618,19,20,mean_p,12,0.41107015723161455,0.0044550798726657563,mean_p|train_n=12|p=20,75,127,-1.55047,0.95916000000000001
4101413501,19,20,mean_p,12,0.30058077871269961,0.019090056785872139,mean_p|train_n=12|p=20,76,128,-1.55047,0.95916000000000001
3594862001,19,20,mean_p,12,0.23761047024437851,0.043749218775109885,mean_p|train_n=12|p=20,77,129,-1.55047,0.95916000000000001
4052317975,19,20,mean_p,12,0.26663036982931676,0.029853067133589078,mean_p|train_n=12|p=20,78,130,-1.55047,0.95916000000000001
2681630686,19,20,mean_p,12,0.26993173040914598,0.028582920076933336,mean_p|train_n=12|p=20,79,132,-1.55047,0.95916000000000001
1598113269,19,20,mean_p,12,0.13426726722955773,0.1706274802795783,mean_p|train_n=12|p=20,80,133,-1.55047,0.95916000000000001
3533848764,19,20,mean_p,12,0.27342488865513698,0.027297773888595708,mean_p|train_n=12|p=20,81,134,-1.55047,0.95916000000000001
3056679679,19,20,mean_p,12,0.40790385056059675,0.0046447827656737745,mean_p|train_n=12|p=20,82,135,-1.55047,0.95916000000000001
1540309357,19,20,mean_p,12,0.42105051919994729,0.0039063586718296253,mean_p|train_n=12|p=20,83,136,-1.55047,0.95916000000000001
121102701,19,20,mean_p,12,0.32368901096387698,0.014081148228902191,mean_p|train_n=12|p=20,84,137,-1.55047,0.95916000000000001
783029900,19,20,mean_p,12,0.4682971075845867,0.002096727305223122,mean_p|train_n=12|p=20,85,139,-1.55047,0.95916000000000001
2749529739,19,20,mean_p,12,0.28166486901235954,0.024490524617240481,mean_p|train_n=12|p=20,86,140,-1.55047,0.95916000000000001
3785101779,19,20,mean_p,12,0.25537492084228353,0.034623046979715619,mean_p|train_n=12|p=20,87,145,-1.55047,0.95916000000000001
585177723,19,20,mean_p,12,0.21613470083577757,0.058050032463542414,mean_p|train_n=12|p=20,88,149,-1.55047,0.95916000000000001
821040625,19,20,mean_p,12,0.29223330047980106,0.021308417904151059,mean_p|train_n=12|p=20,89,150,-1.55047,0.95916000000000001
317289897,19,20,mean_p,12,0.30395110197176356,0.018261246579321946,mean_p|train_n=12|p=20,90,151,-1.55047,0.95916000000000001
1987476169,19,20,mean_p,12,0.2123303456935243,0.061032581843002129,mean_p|train_n=12|p=20,91,152,-1.55047,0.95916000000000001
3185466818,19,20,mean_p,12,0.26076489635331246,0.032250536467427572,mean_p|train_n=12|p=20,92,154,-1.55047,0.95916000000000001
2635656265,19,20,mean_p,12,0.50246101873494275,0.0013370235979797062,mean_p|train_n=12|p=20,93,155,-1.55047,0.95916000000000001
1567289854,19,20,mean_p,12,0.23698210266960174,0.044112766445479595,mean_p|train_n=12|p=20,94,158,-1.55047,0.95916000000000001
1482956320,19,20,mean_p,12,0.21381030028698814,0.05985453185943853,mean_p|train_n=12|p=20,95,159,-1.55047,0.95916000000000001
148795154,19,20,mean_p,12,0.32578498364352076,0.013697774361035798,mean_p|train_n=12|p=20,96,160,-1.55047,0.95916000000000001
2225072154,19,20,mean_p,12,0.40562514573621178,0.004786285699233582,mean_p|train_n=12|p=20,97,161,-1.55047,0.95916000000000001
3490363055,19,20,mean_p,12,0.30213958196352791,0.018702150006928497,mean_p|train_n=12|p=20,98,164,-1.55047,0.95916000000000001
1982108277,19,20,mean_p,12,0.36454137123593772,0.008222050489674209,mean_p|train_n=12|p=20,99,170,-1.55047,0.95916000000000001
3552867896,19,20,mean_p,12,0.49076791499841821,0.0015596192855675439,mean_p|train_n=12|p=20,100,171,-1.55047,0.95916000000000001
1599249651,19,20,mean_p,12,0.29764824228879994,0.019841754295523858,mean_p|train_n=12|p=20,101,172,-1.55047,0.95916000000000001
2640436232,19,20,mean_p,12,0.41256045903299832,0.0043684926497016378,mean_p|train_n=12|p=20,102,173,-1.55047,0.95916000000000001
454977345,19,20,mean_p,12,0.2402204842624433,0.042270963268085965,mean_p|train_n=12|p=20,103,174,-1.55047,0.95916000000000001
2967412088,19,20,mean_p,12,0.31576844102031082,0.015629328660450938,mean_p|train_n=12|p=20,104,177,-1.55047,0.95916000000000001
361284780,19,20,mean_p,12,0.53186095213851314,0.00090778728986486991,mean_p|train_n=12|p=20,105,178,-1.55047,0.95916000000000001
1467028404,19,20,mean_p,12,0.25198828955366154,0.036202233023290946,mean_p|train_n=12|p=20,106,179,-1.55047,0.95916000000000001
1795137201,19,20,mean_p,12,0.24681978505681895,0.038752255274180067,mean_p|train_n=12|p=20,107,181,-1.55047,0.95916000000000001
3316088266,19,20,mean_p,12,0.2618642871100012,0.031786953086170286,mean_p|train_n=12|p=20,108,183,-1.55047,0.95916000000000001
1673533840,19,20,mean_p,12,0.28393627873472088,0.023768764168039552,mean_p|train_n=12|p=20,109,186,-1.55047,0.95916000000000001
2376607913,19,20,mean_p,12,0.3669079893459356,0.0079697390482924724,mean_p|train_n=12|p=20,110,187,-1.55047,0.95916000000000001
701904080,19,20,mean_p,12,0.24863563487816204,0.037836512752524962,mean_p|train_n=12|p=20,111,188,-1.55047,0.95916000000000001
2225921427,19,20,mean_p,12,0.38783812934916789,0.0060496841702386544,mean_p|train_n=12|p=20,112,190,-1.55047,0.95916000000000001
3983424561,19,20,mean_p,12,0.23924726982709252,0.042816238668498825,mean_p|train_n=12|p=20,113,191,-1.55047,0.95916000000000001
3615908169,19,20,mean_p,12,0.18760790461156332,0.084520775366477369,mean_p|train_n=12|p=20,114,195,-1.55047,0.95916000000000001
643788301,19,20,mean_p,12,0.20470808201838647,0.067477317953791249,mean_p|train_n=12|p=20,115,197,-1.55047,0.95916000000000001
1915662087,19,20,mean_p,12,0.39618828334294137,0.0054196771060710733,mean_p|train_n=12|p=20,116,199,-1.55047,0.95916000000000001
1935985423,19,20,mean_p,12,0.25827443795571409,0.033325854524037933,mean_p|train_n=12|p=20,117,200,-1.55047,0.95916000000000001
1764274493,19,20,mean_p,12,0.31074738331663265,0.016697775372944,mean_p|train_n=12|p=20,118,201,-1.55047,0.95916000000000001
2725394584,19,20,mean_p,12,0.41724190797217647,0.0041072934707597382,mean_p|train_n=12|p=20,119,202,-1.55047,0.95916000000000001
1469099316,19,20,mean_p,12,0.31242754537554018,0.016332354957089634,mean_p|train_n=12|p=20,120,204,-1.55047,0.95916000000000001
2286126950,19,20,mean_p,12,0.20092675669019294,0.070922717330421922,mean_p|train_n=12|p=20,121,205,-1.55047,0.95916000000000001
1809396000,19,20,mean_p,12,0.27790824701355749,0.025732640371151829,mean_p|train_n=12|p=20,122,206,-1.55047,0.95916000000000001
3069215104,19,20,mean_p,12,0.37221672517264248,0.0074315673131414425,mean_p|train_n=12|p=20,123,209,-1.55047,0.95916000000000001
2191869794,19,20,mean_p,12,0.25462887728533995,0.034964903448349835,mean_p|train_n=12|p=20,124,210,-1.55047,0.95916000000000001
1172547363,19,20,mean_p,12,0.18658649693215726,0.085665407500349317,mean_p|train_n=12|p=20,125,213,-1.55047,0.95916000000000001
4238991878,19,20,mean_p,12,0.27894039466611187,0.025385218732013253,mean_p|train_n=12|p=20,126,214,-1.55047,0.95916000000000001
798061334,19,20,mean_p,12,0.2753968774706706,0.026597958508982632,mean_p|train_n=12|p=20,127,215,-1.55047,0.95916000000000001
1684019647,19,20,mean_p,12,0.4637072326728377,0.0022273786956647497,mean_p|train_n=12|p=20,128,216,-1.55047,0.95916000000000001
4197315905,19,20,mean_p,12,0.48137638422447782,0.0017649569377790294,mean_p|train_n=12|p=20,129,218,-1.55047,0.95916000000000001
246596992,19,20,mean_p,12,0.25961229051079382,0.032743820657443919,mean_p|train_n=12|p=20,130,219,-1.55047,0.95916000000000001
2330531749,19,20,mean_p,12,0.27131965962936233,0.028065206156116275,mean_p|train_n=12|p=20,131,221,-1.55047,0.95916000000000001
2136310275,19,20,mean_p,12,0.48411099935489249,0.0017025241903192859,mean_p|train_n=12|p=20,132,223,-1.55047,0.95916000000000001
2464687101,19,20,mean_p,12,0.53294816423538993,0.00089488187551668024,mean_p|train_n=12|p=20,133,225,-1.55047,0.95916000000000001
1573032912,19,20,mean_p,12,0.39918508844645373,0.0052099430562118736,mean_p|train_n=12|p=20,134,226,-1.55047,0.95916000000000001
3139578544,19,20,mean_p,12,0.26266225922748654,0.031454649024628023,mean_p|train_n=12|p=20,135,227,-1.55047,0.95916000000000001
1545805054,19,20,mean_p,12,0.3496687726393336,0.010001036375466888,mean_p|train_n=12|p=20,136,229,-1.55047,0.95916000000000001
3396323503,19,20,mean_p,12,0.30771235190258234,0.01737871610678475,mean_p|train_n=12|p=20,137,230,-1.55047,0.95916000000000001
705692387,19,20,mean_p,12,0.3758413746974425,0.0070851488635259195,mean_p|train_n=12|p=20,138,232,-1.55047,0.95916000000000001
135702309,19,20,mean_p,12,0.33137639401030566,0.01272534441328344,mean_p|train_n=12|p=20,139,233,-1.55047,0.95916000000000001
3733649643,19,20,mean_p,12,0.19495757922717241,0.076723162262174002,mean_p|train_n=12|p=20,140,234,-1.55047,0.95916000000000001
3923976278,19,20,mean_p,12,0.39415264981296005,0.0055669377008708146,mean_p|train_n=12|p=20,141,235,-1.55047,0.95916000000000001
2610932006,19,20,mean_p,12,0.33345860938908967,0.012381126730649476,mean_p|train_n=12|p=20,142,238,-1.55047,0.95916000000000001
1477027721,19,20,mean_p,12,0.27217344746444211,0.027751402571997468,mean_p|train_n=12|p=20,143,239,-1.55047,0.95916000000000001
3430764461,19,20,mean_p,12,0.31540267487741741,0.015704797786500597,mean_p|train_n=12|p=20,144,241,-1.55047,0.95916000000000001
1955704702,19,20,mean_p,12,0.28334584182891309,0.023954308963128085,mean_p|train_n=12|p=20,145,242,-1.55047,0.95916000000000001
3085616168,19,20,mean_p,12,0.24580229907528245,0.03927503353442114,mean_p|train_n=12|p=20,146,243,-1.55047,0.95916000000000001
2114578486,19,20,mean_p,12,0.15845000818314595,0.12408923287681224,mean_p|train_n=12|p=20,147,244,-1.55047,0.95916000000000001
1414760318,19,20,mean_p,12,0.20955749674923005,0.063302555923951939,mean_p|train_n=12|p=20,148,245,-1.55047,0.95916000000000001
1466929808,19,20,mean_p,12,0.23581297887974151,0.044797231983673136,mean_p|train_n=12|p=20,149,246,-1.55047,0.95916000000000001
3383785447,19,20,mean_p,12,0.16389566754640461,0.11550140582494361,mean_p|train_n=12|p=20,150,247,-1.55047,0.95916000000000001
1322197870,19,20,mean_p,12,0.44139415453258229,0.0029882386038464969,mean_p|train_n=12|p=20,151,248,-1.55047,0.95916000000000001
2086745639,19,20,mean_p,12,0.25028574114240976,0.037023136152549277,mean_p|train_n=12|p=20,152,249,-1.55047,0.95916000000000001
3891753293,19,20,mean_p,12,0.18257780468233528,0.090309508922658405,mean_p|train_n=12|p=20,153,250,-1.55047,0.95916000000000001
2679798208,19,20,mean_p,12,0.2290877411719042,0.048945937025746927,mean_p|train_n=12|p=20,154,251,-1.55047,0.95916000000000001
1124744414,19,20,mean_p,12,0.33812203578945077,0.011643602632440488,mean_p|train_n=12|p=20,155,252,-1.55047,0.95916000000000001
1051702679,19,20,mean_p,12,0.28871980605335168,0.022317568820459304,mean_p|train_n=12|p=20,156,253,-1.55047,0.95916000000000001
738530964,19,20,mean_p,12,0.37339311452018109,0.0073173187665401158,mean_p|train_n=12|p=20,157,254,-1.55047,0.95916000000000001
2384919861,19,20,mean_p,12,0.18227479121178242,0.090670620423183329,mean_p|train_n=12|p=20,158,257,-1.55047,0.95916000000000001
3160478422,19,20,mean_p,12,0.24440772319473852,0.040003034687812335,mean_p|train_n=12|p=20,159,259,-1.55047,0.95916000000000001
2919111388,19,20,mean_p,12,0.42582850301193342,0.0036681248078664886,mean_p|train_n=12|p=20,160,260,-1.55047,0.95916000000000001
3453469934,19,20,mean_p,12,0.21631865670688713,0.057909567110785869,mean_p|train_n=12|p=20,161,261,-1.55047,0.95916000000000001
1306838243,19,20,mean_p,12,0.31120021861488012,0.016598490386482756,mean_p|train_n=12|p=20,162,262,-1.55047,0.95916000000000001
1432210907,19,20,mean_p,12,0.15775625997513992,0.12522817201533362,mean_p|train_n=12|p=20,163,264,-1.55047,0.95916000000000001
2303272430,19,20,mean_p,12,0.46224759601803855,0.0022706100477088665,mean_p|train_n=12|p=20,164,266,-1.55047,0.95916000000000001
2276937409,19,20,mean_p,12,0.41107382568153544,0.0044548646407553604,mean_p|train_n=12|p=20,165,267,-1.55047,0.95916000000000001
2159079092,19,20,mean_p,12,0.2220192008739259,0.053721194108111756,mean_p|train_n=12|p=20,166,268,-1.55047,0.95916000000000001
2772577163,19,20,mean_p,12,0.28412504542627492,0.02370974795917279,mean_p|train_n=12|p=20,167,269,-1.55047,0.95916000000000001
2792026075,19,20,mean_p,12,0.30853088624793051,0.017192380896281254,mean_p|train_n=12|p=20,168,273,-1.55047,0.95916000000000001
4025155255,19,20,mean_p,12,0.24289219526116526,0.040809484302953954,mean_p|train_n=12|p=20,169,274,-1.55047,0.95916000000000001
4216057114,19,20,mean_p,12,0.3444401471665503,0.010713971723654682,mean_p|train_n=12|p=20,170,276,-1.55047,0.95916000000000001
848505980,19,20,mean_p,12,0.28238979030064909,0.024257824536336625,mean_p|train_n=12|p=20,171,282,-1.55047,0.95916000000000001
4099514906,19,20,mean_p,12,0.29577020890959083,0.020338626013809653,mean_p|train_n=12|p=20,172,283,-1.55047,0.95916000000000001
509560491,19,20,mean_p,12,0.15670474989310509,0.12697441674020951,mean_p|train_n=12|p=20,173,287,-1.55047,0.95916000000000001
2122230350,19,20,mean_p,12,0.42850065951523703,0.0035412820506153598,mean_p|train_n=12|p=20,174,288,-1.55047,0.95916000000000001
4283629433,19,20,mean_p,12,0.36740957965129728,0.007917265715752117,mean_p|train_n=12|p=20,175,293,-1.55047,0.95916000000000001
3358382050,19,20,mean_p,12,0.37806363437892626,0.0068807948540513383,mean_p|train_n=12|p=20,176,294,-1.55047,0.95916000000000001
1362261134,19,20,mean_p,12,0.17029774196102279,0.10616226067303497,mean_p|train_n=12|p=20,177,295,-1.55047,0.95916000000000001
1215026457,19,20,mean_p,12,0.19691801965076436,0.074767630699250215,mean_p|train_n=12|p=20,178,299,-1.55047,0.95916000000000001
1576688777,19,20,mean_p,12,0.55924735407834025,0.00063291539142769978,mean_p|train_n=12|p=20,179,300,-1.55047,0.95916000000000001
282537979,19,20,mean_p,12,0.39899876576155224,0.0052227430784469019,mean_p|train_n=12|p=20,180,302,-1.55047,0.95916000000000001
2297102913,19,20,mean_p,12,0.23118408849414601,0.04761309819324247,mean_p|train_n=12|p=20,181,305,-1.55047,0.95916000000000001
1997961616,19,20,mean_p,12,0.40329649267631501,0.0049353449505866584,mean_p|train_n=12|p=20,182,308,-1.55047,0.95916000000000001
2084313846,19,20,mean_p,12,0.27651598553027346,0.026208821163499818,mean_p|train_n=12|p=20,183,309,-1.55047,0.95916000000000001
3068739408,19,20,mean_p,12,0.30327560075205034,0.018424427297670323,mean_p|train_n=12|p=20,184,310,-1.55047,0.95916000000000001
1712915756,19,20,mean_p,12,0.30109534689144085,0.018961125449371143,mean_p|train_n=12|p=20,185,311,-1.55047,0.95916000000000001
1141048788,19,20,mean_p,12,0.22928383503430511,0.048819696427410214,mean_p|train_n=12|p=20,186,312,-1.55047,0.95916000000000001
3808027860,19,20,mean_p,12,0.25526479420205744,0.034673298790225113,mean_p|train_n=12|p=20,187,313,-1.55047,0.95916000000000001
2619807498,19,20,mean_p,12,0.23431489977493916,0.045689830614025422,mean_p|train_n=12|p=20,188,315,-1.55047,0.95916000000000001
2805236087,19,20,mean_p,12,0.31984481966034178,0.014812391806423913,mean_p|train_n=12|p=20,189,316,-1.55047,0.95916000000000001
1782235059,19,20,mean_p,12,0.1957507093810201,0.075925931935676497,mean_p|train_n=12|p=20,190,317,-1.55047,0.95916000000000001
1293992588,19,20,mean_p,12,0.41344583618948177,0.0043178508121311113,mean_p|train_n=12|p=20,191,318,-1.55047,0.95916000000000001
1171576222,19,20,mean_p,12,0.27593385642730306,0.026410523852942423,mean_p|train_n=12|p=20,192,320,-1.55047,0.95916000000000001
154107070,19,20,mean_p,12,0.28019123842453614,0.024970464520998239,mean_p|train_n=12|p=20,193,321,-1.55047,0.95916000000000001
2759333025,19,20,mean_p,12,0.53361172796715917,0.00088709557525270936,mean_p|train_n=12|p=20,194,322,-1.55047,0.95916000000000001
262491590,19,20,mean_p,12,0.27669438625418818,0.026147315788049599,mean_p|train_n=12|p=20,195,323,-1.55047,0.95916000000000001
2735391790,19,20,mean_p,12,0.23123952245247997,0.047578350748294487,mean_p|train_n=12|p=20,196,326,-1.55047,0.95916000000000001
556360198,19,20,mean_p,12,0.28027771402509183,0.024942042693963294,mean_p|train_n=12|p=20,197,328,-1.55047,0.95916000000000001
3088522459,19,20,mean_p,12,0.20757684267346313,0.064975515691097899,mean_p|train_n=12|p=20,198,329,-1.55047,0.95916000000000001
1478914796,19,20,mean_p,12,0.36482435238022032,0.0081914655459415994,mean_p|train_n=12|p=20,199,330,-1.55047,0.95916000000000001
1490350621,19,20,mean_p,12,0.30304111813074014,0.01848141149852521,mean_p|train_n=12|p=20,200,331,-1.55047,0.95916000000000001
3565318345,19,20,mean_p,12,0.31297846367671828,0.016214284697965934,mean_p|train_n=12|p=20,201,333,-1.55047,0.95916000000000001
3722825404,19,20,mean_p,12,0.37626640671922784,0.0070455999316068807,mean_p|train_n=12|p=20,202,336,-1.55047,0.95916000000000001
2265578422,19,20,mean_p,12,0.50825499518864248,0.0012387966408440255,mean_p|train_n=12|p=20,203,337,-1.55047,0.95916000000000001
4157755627,19,20,mean_p,12,0.30326137531469505,0.018427879365884869,mean_p|train_n=12|p=20,204,338,-1.55047,0.95916000000000001
3486486973,19,20,mean_p,12,0.24149410006257926,0.04156785457333538,mean_p|train_n=12|p=20,205,339,-1.55047,0.95916000000000001
3190487508,19,20,mean_p,12,0.23969661347783919,0.042563610489507818,mean_p|train_n=12|p=20,206,340,-1.55047,0.95916000000000001
4138085254,19,20,mean_p,12,0.34255144311084512,0.010983811491189394,mean_p|train_n=12|p=20,207,341,-1.55047,0.95916000000000001
3767535333,19,20,mean_p,12,0.32902523917247273,0.013125538793105199,mean_p|train_n=12|p=20,208,343,-1.55047,0.95916000000000001
1329182550,19,20,mean_p,12,0.23859060005479998,0.043188128143802886,mean_p|train_n=12|p=20,209,346,-1.55047,0.95916000000000001
1854515918,19,20,mean_p,12,0.29196909878118404,0.021382689311315511,mean_p|train_n=12|p=20,210,347,-1.55047,0.95916000000000001
2480082364,19,20,mean_p,12,0.35126667190469779,0.0097927735139398345,mean_p|train_n=12|p=20,211,348,-1.55047,0.95916000000000001
1544199556,19,20,mean_p,12,0.26896174811629692,0.028950393857085609,mean_p|train_n=12|p=20,212,351,-1.55047,0.95916000000000001
678385398,19,20,mean_p,12,0.25000259423538851,0.037161452680603307,mean_p|train_n=12|p=20,213,352,-1.55047,0.95916000000000001
2575905667,19,20,mean_p,12,0.38711183929120463,0.0061078275874607872,mean_p|train_n=12|p=20,214,353,-1.55047,0.95916000000000001
1024711273,19,20,mean_p,12,0.35959224672129203,0.0087758057774540068,mean_p|train_n=12|p=20,215,355,-1.55047,0.95916000000000001
889092362,19,20,mean_p,12,0.45766272280157566,0.0024119375467200974,mean_p|train_n=12|p=20,216,358,-1.55047,0.95916000000000001
3025506675,19,20,mean_p,12,0.13566306910815951,0.1675195859831648,mean_p|train_n=12|p=20,217,360,-1.55047,0.95916000000000001
1969272462,19,20,mean_p,12,0.24503787517702408,0.039672424330711414,mean_p|train_n=12|p=20,218,361,-1.55047,0.95916000000000001
3779845970,19,20,mean_p,12,0.33665406687775445,0.011870896717810959,mean_p|train_n=12|p=20,219,362,-1.55047,0.95916000000000001
3813284706,19,20,mean_p,12,0.33778922458819688,0.011694749199391851,mean_p|train_n=12|p=20,220,364,-1.55047,0.95916000000000001
249761254,19,20,mean_p,12,0.28388216384445653,0.023785709778230614,mean_p|train_n=12|p=20,221,366,-1.55047,0.95916000000000001
4221182613,19,20,mean_p,12,0.16934424059842026,0.10750379009025984,mean_p|train_n=12|p=20,222,367,-1.55047,0.95916000000000001
169046530,19,20,mean_p,12,0.32283214242217573,0.014240950922433474,mean_p|train_n=12|p=20,223,370,-1.55047,0.95916000000000001
1321364566,19,20,mean_p,12,0.32464181184166097,0.013905559221228766,mean_p|train_n=12|p=20,224,372,-1.55047,0.95916000000000001
643648839,19,20,mean_p,12,0.43899727044980502,0.0030840713579579097,mean_p|train_n=12|p=20,225,374,-1.55047,0.95916000000000001
4107186660,19,20,mean_p,12,0.38267072935141944,0.0064757191914735475,mean_p|train_n=12|p=20,226,375,-1.55047,0.95916000000000001
2624237447,19,20,mean_p,12,0.3093214305322512,0.017014314297159841,mean_p|train_n=12|p=20,227,376,-1.55047,0.95916000000000001
1803580398,19,20,mean_p,12,0.30498547738660059,0.018014169226793442,mean_p|train_n=12|p=20,228,381,-1.55047,0.95916000000000001
2194227826,19,20,mean_p,12,0.2934492578334213,0.020969904496128421,mean_p|train_n=12|p=20,229,382,-1.55047,0.95916000000000001
2655095329,19,20,mean_p,12,0.34228290035662845,0.011022726198865003,mean_p|train_n=12|p=20,230,383,-1.55047,0.95916000000000001
1083033225,19,20,mean_p,12,0.35257644153250206,0.0096253025915231105,mean_p|train_n=12|p=20,231,384,-1.55047,0.95916000000000001
4292758491,19,20,mean_p,12,0.3406541800706826,0.011261716734672586,mean_p|train_n=12|p=20,232,385,-1.55047,0.95916000000000001
440776398,19,20,mean_p,12,0.35228254778866158,0.0096626297163105515,mean_p|train_n=12|p=20,233,386,-1.55047,0.95916000000000001
3990594524,19,20,mean_p,12,0.29350009859609438,0.020955868534059906,mean_p|train_n=12|p=20,234,388,-1.55047,0.95916000000000001
1865444911,19,20,mean_p,12,0.30547364573631813,0.017898726225171052,mean_p|train_n=12|p=20,235,389,-1.55047,0.95916000000000001
1256384778,19,20,mean_p,12,0.24711251748888577,0.038603144164439697,mean_p|train_n=12|p=20,236,393,-1.55047,0.95916000000000001
4237077544,19,20,mean_p,12,0.25122453720097648,0.036568209339028074,mean_p|train_n=12|p=20,237,394,-1.55047,0.95916000000000001
515745249,19,20,mean_p,12,0.31745103136856806,0.01528680165464498,mean_p|train_n=12|p=20,238,395,-1.55047,0.95916000000000001
2939484057,19,20,mean_p,12,0.32729640166249196,0.013427814929713447,mean_p|train_n=12|p=20,239,396,-1.55047,0.95916000000000001
2724875809,19,20,mean_p,12,0.26885232182291502,0.028992144983821258,mean_p|train_n=12|p=20,240,398,-1.55047,0.95916000000000001
1615140102,19,20,mean_p,12,0.34412647154907838,0.010758323158344326,mean_p|train_n=12|p=20,241,399,-1.55047,0.95916000000000001
1492553151,19,20,mean_p,12,0.27978266564626719,0.025105188240822664,mean_p|train_n=12|p=20,242,400,-1.55047,0.95916000000000001
4012258166,19,20,mean_p,12,0.47830440863692764,0.0018378264300917321,mean_p|train_n=12|p=20,243,402,-1.55047,0.95916000000000001
359245209,19,20,mean_p,12,0.39615746155128279,0.0054218774901911727,mean_p|train_n=12|p=20,244,403,-1.55047,0.95916000000000001
1826525938,19,20,mean_p,12,0.297445481161136,0.019894808988974756,mean_p|train_n=12|p=20,245,404,-1.55047,0.95916000000000001
2904596439,19,20,mean_p,12,0.41980633223466191,0.0039708943371038813,mean_p|train_n=12|p=20,246,405,-1.55047,0.95916000000000001
3493009289,19,20,mean_p,12,0.25555262966556602,0.034542110329066435,mean_p|train_n=12|p=20,247,406,-1.55047,0.95916000000000001
2123167026,19,20,mean_p,12,0.35545903383650262,0.0092667448025592868,mean_p|train_n=12|p=20,248,408,-1.55047,0.95916000000000001
2399291510,19,20,mean_p,12,0.22571389697491545,0.051169784136703519,mean_p|train_n=12|p=20,249,409,-1.55047,0.95916000000000001
4160065740,19,20,mean_p,12,0.32097406761802283,0.014593732400961807,mean_p|train_n=12|p=20,250,410,-1.55047,0.95916000000000001
2838654428,19,20,mean_p,12,0.53686700408116439,0.00084986830644629774,mean_p|train_n=12|p=20,251,416,-1.55047,0.95916000000000001
3857428929,19,20,mean_p,12,0.23091873711824382,0.047779779123937341,mean_p|train_n=12|p=20,252,417,-1.55047,0.95916000000000001
3219418157,19,20,mean_p,12,0.40077612709789312,0.0051019114867992821,mean_p|train_n=12|p=20,253,418,-1.55047,0.95916000000000001
2281261145,19,20,mean_p,12,0.17008638977535184,0.10645817127497867,mean_p|train_n=12|p=20,254,419,-1.55047,0.95916000000000001
1766561429,19,20,mean_p,12,0.5488515965071934,0.00072577987134428369,mean_p|train_n=12|p=20,255,421,-1.55047,0.95916000000000001
1272851152,19,20,mean_p,12,0.29727273734562099,0.019940121220171046,mean_p|train_n=12|p=20,256,423,-1.55047,0.95916000000000001
1252019970,19,20,mean_p,12,0.36140188409829477,0.0085691285022979451,mean_p|train_n=12|p=20,257,424,-1.55047,0.95916000000000001
3645336785,19,20,mean_p,12,0.17900759759928425,0.094657172981910759,mean_p|train_n=12|p=20,258,425,-1.55047,0.95916000000000001
3999457273,19,20,mean_p,12,0.28960675002537428,0.022058396790042907,mean_p|train_n=12|p=20,259,426,-1.55047,0.95916000000000001
955291953,19,20,mean_p,12,0.19575096178098628,0.075925679554033176,mean_p|train_n=12|p=20,260,427,-1.55047,0.95916000000000001
1494566577,19,20,mean_p,12,0.56128362691485756,0.00061616787554761307,mean_p|train_n=12|p=20,261,428,-1.55047,0.95916000000000001
3436799734,19,20,mean_p,12,0.36826104610711635,0.0078289802747927156,mean_p|train_n=12|p=20,262,429,-1.55047,0.95916000000000001
2009838793,19,20,mean_p,12,0.48475260262057018,0.0016881988362892335,mean_p|train_n=12|p=20,263,430,-1.55047,0.95916000000000001
1628700843,19,20,mean_p,12,0.41072962100523364,0.0044751048530868526,mean_p|train_n=12|p=20,264,432,-1.55047,0.95916000000000001
3335257847,19,20,mean_p,12,0.42949707988600211,0.0034951146156645277,mean_p|train_n=12|p=20,265,433,-1.55047,0.95916000000000001
2463683379,19,20,mean_p,12,0.25792883743826095,0.033477882480656848,mean_p|train_n=12|p=20,266,434,-1.55047,0.95916000000000001
2785673589,19,20,mean_p,12,0.27269907866126425,0.027559958110072818,mean_p|train_n=12|p=20,267,435,-1.55047,0.95916000000000001
3482115310,19,20,mean_p,12,0.47917794964984822,0.0018168045714986982,mean_p|train_n=12|p=20,268,436,-1.55047,0.95916000000000001
115168885,19,20,mean_p,12,0.26630980087037615,0.029979368069057929,mean_p|train_n=12|p=20,269,437,-1.55047,0.95916000000000001
666060098,19,20,mean_p,12,0.16418945934707516,0.11505537374779436,mean_p|train_n=12|p=20,270,439,-1.55047,0.95916000000000001
3016158127,19,20,mean_p,12,0.27481466191648252,0.02680268650956898,mean_p|train_n=12|p=20,271,440,-1.55047,0.95916000000000001
828645994,19,20,mean_p,12,0.21398305230122633,0.059718511073383496,mean_p|train_n=12|p=20,272,441,-1.55047,0.95916000000000001
1685318284,19,20,mean_p,12,0.31681760205827525,0.015414859614590324,mean_p|train_n=12|p=20,273,445,-1.55047,0.95916000000000001
1690088791,19,20,mean_p,12,0.36928563928900732,0.0077240480451385429,mean_p|train_n=12|p=20,274,447,-1.55047,0.95916000000000001
25965511,19,20,mean_p,12,0.36394291370273585,0.0082871091510879936,mean_p|train_n=12|p=20,275,449,-1.55047,0.95916000000000001
3887894062,19,20,mean_p,12,0.26990397352994738,0.028593370543335887,mean_p|train_n=12|p=20,276,450,-1.55047,0.95916000000000001
1714808217,19,20,mean_p,12,0.31107416143601213,0.016626069213005613,mean_p|train_n=12|p=20,277,452,-1.55047,0.95916000000000001
3507880963,19,20,mean_p,12,0.22479308765999209,0.051794091315206334,mean_p|train_n=12|p=20,278,453,-1.55047,0.95916000000000001
4108770867,19,20,mean_p,12,0.29646349264640315,0.020153771290774645,mean_p|train_n=12|p=20,279,454,-1.55047,0.95916000000000001
2214908256,19,20,mean_p,12,0.3365657125281995,0.011884717837293477,mean_p|train_n=12|p=20,280,455,-1.55047,0.95916000000000001
2659500614,19,20,mean_p,12,0.2791270679670726,0.025322887107911279,mean_p|train_n=12|p=20,281,458,-1.55047,0.95916000000000001
3244569357,19,20,mean_p,12,0.24888297189706857,0.037713465435768624,mean_p|train_n=12|p=20,282,459,-1.55047,0.95916000000000001
71615112,19,20,mean_p,12,0.20190397639024829,0.070015805637714146,mean_p|train_n=12|p=20,283,460,-1.55047,0.95916000000000001
2883473454,19,20,mean_p,12,0.24227003821439516,0.041145237876298257,mean_p|train_n=12|p=20,284,461,-1.55047,0.95916000000000001
3102929634,19,20,mean_p,12,0.51032814368916113,0.0012054314031320992,mean_p|train_n=12|p=20,285,463,-1.55047,0.95916000000000001
2392521849,19,20,mean_p,12,0.31425275994162943,0.015944443566239891,mean_p|train_n=12|p=20,286,464,-1.55047,0.95916000000000001
1214388585,19,20,mean_p,12,0.23238360027065474,0.046866848457672458,mean_p|train_n=12|p=20,287,466,-1.55047,0.95916000000000001
3600418353,19,20,mean_p,12,0.20454466925857795,0.067622693127952188,mean_p|train_n=12|p=20,288,468,-1.55047,0.95916000000000001
367709200,19,20,mean_p,12,0.33360627513081076,0.012357072207148916,mean_p|train_n=12|p=20,289,469,-1.55047,0.95916000000000001
3966823065,19,20,mean_p,12,0.25843570749027661,0.03325514928837027,mean_p|train_n=12|p=20,290,470,-1.55047,0.95916000000000001
2579216625,19,20,mean_p,12,0.24782700075096314,0.03824160767754,mean_p|train_n=12|p=20,291,472,-1.55047,0.95916000000000001
1316697719,19,20,mean_p,12,0.27632802597308287,0.026273778558117473,mean_p|train_n=12|p=20,292,474,-1.55047,0.95916000000000001
2837056686,19,20,mean_p,12,0.22059419696739158,0.054738900149174957,mean_p|train_n=12|p=20,293,475,-1.55047,0.95916000000000001
3303757215,19,20,mean_p,12,0.14673696834397371,0.14478636006128753,mean_p|train_n=12|p=20,294,477,-1.55047,0.95916000000000001
1552291330,19,20,mean_p,12,0.2201237343026988,0.055079109628150248,mean_p|train_n=12|p=20,295,478,-1.55047,0.95916000000000001
2876884188,19,20,mean_p,12,0.52892122875771774,0.0009436219859928856,mean_p|train_n=12|p=20,296,479,-1.55047,0.95916000000000001
491547125,19,20,mean_p,12,0.44838719113586545,0.0027253238078290905,mean_p|train_n=12|p=20,297,480,-1.55047,0.95916000000000001
639879964,19,20,mean_p,12,0.28117370242391654,0.024649456619451705,mean_p|train_n=12|p=20,298,482,-1.55047,0.95916000000000001
3234948370,19,20,mean_p,12,0.23875458366732788,0.043094958374650473,mean_p|train_n=12|p=20,299,483,-1.55047,0.95916000000000001
1048441336,19,20,mean_p,12,0.36651508440238234,0.0080110851686888557,mean_p|train_n=12|p=20,300,484,-1.55047,0.95916000000000001
1762905824,19,20,mean_p,12,0.38114127767322914,0.0066074793398054592,mean_p|train_n=12|p=20,301,486,-1.55047,0.95916000000000001
819001009,19,20,mean_p,12,0.29052315014152513,0.021793778370870896,mean_p|train_n=12|p=20,302,487,-1.55047,0.95916000000000001
2308642557,19,20,mean_p,12,0.28963954434175126,0.022048871947446785,mean_p|train_n=12|p=20,303,492,-1.55047,0.95916000000000001
1802448281,19,20,mean_p,12,0.26825664527217574,0.029220481060385002,mean_p|train_n=12|p=20,304,495,-1.55047,0.95916000000000001
2806984489,19,20,mean_p,12,0.2828733223147048,0.024103841073474356,mean_p|train_n=12|p=20,305,500,-1.55047,0.95916000000000001
823297139,19,20,mean_p,12,0.32150492535177283,0.014492059237891028,mean_p|train_n=12|p=20,306,502,-1.55047,0.95916000000000001
281003484,19,20,mean_p,12,0.35755332076752017,0.0090146481939624608,mean_p|train_n=12|p=20,307,506,-1.55047,0.95916000000000001
1592284111,19,20,mean_p,12,0.50737449202305973,0.0012532453977963705,mean_p|train_n=12|p=20,308,507,-1.55047,0.95916000000000001
2883112976,19,20,mean_p,12,0.22383735178526776,0.052450135717410896,mean_p|train_n=12|p=20,309,508,-1.55047,0.95916000000000001
402361393,19,20,mean_p,12,0.19637458537156435,0.07530465599426879,mean_p|train_n=12|p=20,310,510,-1.55047,0.95916000000000001
1481786985,19,20,mean_p,12,0.43439787173028366,0.003276657141084553,mean_p|train_n=12|p=20,311,512,-1.55047,0.95916000000000001
2642250524,19,20,mean_p,12,0.2279011238527765,0.04971684809477718,mean_p|train_n=12|p=20,312,514,-1.55047,0.95916000000000001
2312406995,19,20,mean_p,12,0.28986333545915904,0.021983983341389852,mean_p|train_n=12|p=20,313,515,-1.55047,0.95916000000000001
377965429,19,20,mean_p,12,0.36035461437891342,0.0086881355475745461,mean_p|train_n=12|p=20,314,517,-1.55047,0.95916000000000001
2559902436,19,20,mean_p,12,0.24131543892622559,0.041665776014488676,mean_p|train_n=12|p=20,315,519,-1.55047,0.95916000000000001
2758594630,19,20,mean_p,12,0.35259495327648199,0.009622956268240666,mean_p|train_n=12|p=20,316,524,-1.55047,0.95916000000000001
6455790,19,20,mean_p,12,0.33861816789962157,0.011567771818959648,mean_p|train_n=12|p=20,317,526,-1.55047,0.95916000000000001
4038508300,19,20,mean_p,12,0.21492602582439294,0.058981466723528692,mean_p|train_n=12|p=20,318,529,-1.55047,0.95916000000000001
764797206,19,20,mean_p,12,0.25795241957987608,0.033467486801976365,mean_p|train_n=12|p=20,319,530,-1.55047,0.95916000000000001
2087620641,19,20,mean_p,12,0.29066835334611985,0.021752142024808279,mean_p|train_n=12|p=20,320,532,-1.55047,0.95916000000000001
1593016001,19,20,mean_p,12,0.2650563390600828,0.030478369975990811,mean_p|train_n=12|p=20,321,534,-1.55047,0.95916000000000001
1302267387,19,20,mean_p,12,0.27573001457996116,0.026481519626951132,mean_p|train_n=12|p=20,322,537,-1.55047,0.95916000000000001
3657627873,19,20,mean_p,12,0.33315959860531719,0.012429978631780653,mean_p|train_n=12|p=20,323,538,-1.55047,0.95916000000000001
2583932392,19,20,mean_p,12,0.43663346476199189,0.0031815911499171821,mean_p|train_n=12|p=20,324,540,-1.55047,0.95916000000000001
2521193190,19,20,mean_p,12,0.2104995976234024,0.062521995920166065,mean_p|train_n=12|p=20,325,541,-1.55047,0.95916000000000001
2965818631,19,20,mean_p,12,0.30224891458261838,0.018675240377343388,mean_p|train_n=12|p=20,326,542,-1.55047,0.95916000000000001
937019242,19,20,mean_p,12,0.44834422246983918,0.0027268664739082973,mean_p|train_n=12|p=20,327,543,-1.55047,0.95916000000000001
3310712688,19,20,mean_p,12,0.28225044389301884,0.024302382491390287,mean_p|train_n=12|p=20,328,544,-1.55047,0.95916000000000001
4002362689,19,20,mean_p,12,0.30073119121483705,0.019052278683273659,mean_p|train_n=12|p=20,329,545,-1.55047,0.95916000000000001
2547826860,19,20,mean_p,12,0.38315267579969459,0.0064347470824270619,mean_p|train_n=12|p=20,330,546,-1.55047,0.95916000000000001
3672294724,19,20,mean_p,12,0.23783568098713859,0.043619651724726032,mean_p|train_n=12|p=20,331,548,-1.55047,0.95916000000000001
2462134357,19,20,mean_p,12,0.37274879113285497,0.0073796748545714979,mean_p|train_n=12|p=20,332,549,-1.55047,0.95916000000000001
3853798033,19,20,mean_p,12,0.22793049544482638,0.049697620447630812,mean_p|train_n=12|p=20,333,550,-1.55047,0.95916000000000001
834744336,19,20,mean_p,12,0.3242031256024544,0.0139861298373856,mean_p|train_n=12|p=20,334,551,-1.55047,0.95916000000000001
3296003194,19,20,mean_p,12,0.20078968014332771,0.071050867637935208,mean_p|train_n=12|p=20,335,552,-1.55047,0.95916000000000001
3509740484,19,20,mean_p,12,0.44191444747896824,0.0029678327300758926,mean_p|train_n=12|p=20,336,553,-1.55047,0.95916000000000001
1057221722,19,20,mean_p,12,0.14912249238405748,0.14030833742736748,mean_p|train_n=12|p=20,337,557,-1.55047,0.95916000000000001
1697404443,19,20,mean_p,12,0.37753229734243515,0.0069291127658579988,mean_p|train_n=12|p=20,338,558,-1.55047,0.95916000000000001
4021747122,19,20,mean_p,12,0.26637485123936494,0.029953695739230114,mean_p|train_n=12|p=20,339,559,-1.55047,0.95916000000000001
1772857566,19,20,mean_p,12,0.28314054858626192,0.02401916114472686,mean_p|train_n=12|p=20,340,562,-1.55047,0.95916000000000001
2686235861,19,20,mean_p,12,0.23568476702802604,0.044872937081382444,mean_p|train_n=12|p=20,341,563,-1.55047,0.95916000000000001
3987766106,19,20,mean_p,12,0.27728798100471647,0.025943705471947971,mean_p|train_n=12|p=20,342,565,-1.55047,0.95916000000000001
1195457716,19,20,mean_p,12,0.25608380499500838,0.03430131521901416,mean_p|train_n=12|p=20,343,566,-1.55047,0.95916000000000001
1797099561,19,20,mean_p,12,0.40199877343681822,0.0050204183528514464,mean_p|train_n=12|p=20,344,567,-1.55047,0.95916000000000001
1910482748,19,20,mean_p,12,0.19693861084541756,0.07474735782438871,mean_p|train_n=12|p=20,345,569,-1.55047,0.95916000000000001
2512038939,19,20,mean_p,12,0.29280804466414184,0.021147737748000779,mean_p|train_n=12|p=20,346,570,-1.55047,0.95916000000000001
758270366,19,20,mean_p,12,0.32596334697624946,0.013665635930263877,mean_p|train_n=12|p=20,347,574,-1.55047,0.95916000000000001
3532155666,19,20,mean_p,12,0.51093605491629701,0.0011958191678662826,mean_p|train_n=12|p=20,348,575,-1.55047,0.95916000000000001
2925078570,19,20,mean_p,12,0.24616623529201487,0.039087240041845904,mean_p|train_n=12|p=20,349,576,-1.55047,0.95916000000000001
2238690666,19,20,mean_p,12,0.36779744381681656,0.0078769267086692667,mean_p|train_n=12|p=20,350,578,-1.55047,0.95916000000000001
890904550,19,20,mean_p,12,0.42314193533261024,0.0038002320451649288,mean_p|train_n=12|p=20,351,580,-1.55047,0.95916000000000001
1241763396,19,20,mean_p,12,0.25493173610832714,0.034825720573627109,mean_p|train_n=12|p=20,352,584,-1.55047,0.95916000000000001
171858843,19,20,mean_p,12,0.22504124439647533,0.051625095532238124,mean_p|train_n=12|p=20,353,587,-1.55047,0.95916000000000001
1029459203,19,20,mean_p,12,0.29796141030781775,0.019760088302151244,mean_p|train_n=12|p=20,354,588,-1.55047,0.95916000000000001
275524463,19,20,mean_p,12,0.40732257793080889,0.0046804761491718999,mean_p|train_n=12|p=20,355,589,-1.55047,0.95916000000000001
1997943502,19,20,mean_p,12,0.24660371667433945,0.038862684828828049,mean_p|train_n=12|p=20,356,590,-1.55047,0.95916000000000001
1135388000,19,20,mean_p,12,0.35016884441898882,0.0099353875284739022,mean_p|train_n=12|p=20,357,595,-1.55047,0.95916000000000001
1790582021,19,20,mean_p,12,0.34250535853668396,0.010990479858443576,mean_p|train_n=12|p=20,358,596,-1.55047,0.95916000000000001
1517659212,19,20,mean_p,12,0.32515979405022821,0.013811022205569463,mean_p|train_n=12|p=20,359,597,-1.55047,0.95916000000000001
2545304382,19,20,mean_p,12,0.35203924988649182,0.0096936402134694868,mean_p|train_n=12|p=20,360,598,-1.55047,0.95916000000000001
1553325142,19,20,mean_p,12,0.37273808803852865,0.0073807151489488571,mean_p|train_n=12|p=20,361,599,-1.55047,0.95916000000000001
2612453594,19,20,mean_p,12,0.25375773549030767,0.035368357337120314,mean_p|train_n=12|p=20,362,602,-1.55047,0.95916000000000001
3667112878,19,20,mean_p,12,0.2095425094059723,0.063315051832064692,mean_p|train_n=12|p=20,363,603,-1.55047,0.95916000000000001
3570075896,19,20,mean_p,12,0.17501252869492442,0.099770834712555795,mean_p|train_n=12|p=20,364,604,-1.55047,0.95916000000000001
1671578196,19,20,mean_p,12,0.22869329821332859,0.049200859677286587,mean_p|train_n=12|p=20,365,605,-1.55047,0.95916000000000001
3120351728,19,20,mean_p,12,0.28743729843887306,0.022697722112139287,mean_p|train_n=12|p=20,366,607,-1.55047,0.95916000000000001
2770433246,19,20,mean_p,12,0.27368512884941676,0.027204376087799645,mean_p|train_n=12|p=20,367,608,-1.55047,0.95916000000000001
2320561037,19,20,mean_p,12,0.28988342570846948,0.021978167489714855,mean_p|train_n=12|p=20,368,610,-1.55047,0.95916000000000001
969977079,19,20,mean_p,12,0.35201020684574785,0.0096973486521486213,mean_p|train_n=12|p=20,369,611,-1.55047,0.95916000000000001
1579957964,19,20,mean_p,12,0.49092969774496653,0.0015562998267791286,mean_p|train_n=12|p=20,370,612,-1.55047,0.95916000000000001
857495404,19,20,mean_p,12,0.22819852552718289,0.049522501993898266,mean_p|train_n=12|p=20,371,614,-1.55047,0.95916000000000001
3938657716,19,20,mean_p,12,0.25326072254389126,0.035600622341306336,mean_p|train_n=12|p=20,372,615,-1.55047,0.95916000000000001
1671179167,19,20,mean_p,12,0.25969217562291985,0.032709389959224913,mean_p|train_n=12|p=20,373,617,-1.55047,0.95916000000000001
2853284813,19,20,mean_p,12,0.20115783186482997,0.070707212474236739,mean_p|train_n=12|p=20,374,618,-1.55047,0.95916000000000001
416926916,19,20,mean_p,12,0.16227782509291971,0.11798875901009148,mean_p|train_n=12|p=20,375,619,-1.55047,0.95916000000000001
163731457,19,20,mean_p,12,0.20437812545171324,0.067771176006712106,mean_p|train_n=12|p=20,376,620,-1.55047,0.95916000000000001
3908713882,19,20,mean_p,12,0.22584912151240885,0.051078738005563985,mean_p|train_n=12|p=20,377,621,-1.55047,0.95916000000000001
1157162932,19,20,mean_p,12,0.22855906889755206,0.049287912539148646,mean_p|train_n=12|p=20,378,623,-1.55047,0.95916000000000001
1257578,19,20,mean_p,12,0.2658585817393106,0.030158049766574345,mean_p|train_n=12|p=20,379,626,-1.55047,0.95916000000000001
2000500548,19,20,mean_p,12,0.30488319833045169,0.018038450560675066,mean_p|train_n=12|p=20,380,627,-1.55047,0.95916000000000001
2291783882,19,20,mean_p,12,0.25847321668224393,0.033238725686502268,mean_p|train_n=12|p=20,381,629,-1.55047,0.95916000000000001
937646572,19,20,mean_p,12,0.24583420578588172,0.039258533440488512,mean_p|train_n=12|p=20,382,630,-1.55047,0.95916000000000001
4287701487,19,20,mean_p,12,0.31828024811566635,0.01512076860926603,mean_p|train_n=12|p=20,383,631,-1.55047,0.95916000000000001
475679048,19,20,mean_p,12,0.3458628436911827,0.010515097006503153,mean_p|train_n=12|p=20,384,632,-1.55047,0.95916000000000001
3640550312,19,20,mean_p,12,0.27689342798057237,0.026078864565093902,mean_p|train_n=12|p=20,385,633,-1.55047,0.95916000000000001
4134403446,19,20,mean_p,12,0.32630348685355953,0.013604556624055235,mean_p|train_n=12|p=20,386,634,-1.55047,0.95916000000000001
3862065165,19,20,mean_p,12,0.38232567798028066,0.0065052134833658249,mean_p|train_n=12|p=20,387,635,-1.55047,0.95916000000000001
2274820973,19,20,mean_p,12,0.34864024750285622,0.010137426730473893,mean_p|train_n=12|p=20,388,636,-1.55047,0.95916000000000001
3243810251,19,20,mean_p,12,0.2843550787835728,0.023638028148008413,mean_p|train_n=12|p=20,389,638,-1.55047,0.95916000000000001
3455890410,19,20,mean_p,12,0.3357373417836601,0.012015083676825009,mean_p|train_n=12|p=20,390,639,-1.55047,0.95916000000000001
4107597530,19,20,mean_p,12,0.24100253364229304,0.041837830731241206,mean_p|train_n=12|p=20,391,640,-1.55047,0.95916000000000001
4220746672,19,20,mean_p,12,0.18245943864505715,0.090450398282687805,mean_p|train_n=12|p=20,392,641,-1.55047,0.95916000000000001
3878386588,19,20,mean_p,12,0.25717679183606679,0.033811104492573879,mean_p|train_n=12|p=20,393,642,-1.55047,0.95916000000000001
3584429545,19,20,mean_p,12,0.29467321993058682,0.020634593406412136,mean_p|train_n=12|p=20,394,644,-1.55047,0.95916000000000001
2506412976,19,20,mean_p,12,0.30552723440277396,0.017886098622915788,mean_p|train_n=12|p=20,395,645,-1.55047,0.95916000000000001
3841058452,19,20,mean_p,12,0.42815865877498649,0.0035572682432486341,mean_p|train_n=12|p=20,396,646,-1.55047,0.95916000000000001
1782492053,19,20,mean_p,12,0.23333255130583244,0.046284775200018426,mean_p|train_n=12|p=20,397,647,-1.55047,0.95916000000000001
2850339733,19,20,mean_p,12,0.26785282034803037,0.029376298085306708,mean_p|train_n=12|p=20,398,648,-1.55047,0.95916000000000001
1738542484,19,20,mean_p,12,0.23800527426964035,0.043522335558458719,mean_p|train_n=12|p=20,399,649,-1.55047,0.95916000000000001
545404562,19,20,mean_p,12,0.31230576037043173,0.016358571173667326,mean_p|train_n=12|p=20,400,652,-1.55047,0.95916000000000001
2284437566,19,20,mean_p,12,0.33231197922194367,0.012569511521244288,mean_p|train_n=12|p=20,401,653,-1.55047,0.95916000000000001
3782367029,19,20,mean_p,12,0.17662217199427716,0.097678085381143614,mean_p|train_n=12|p=20,402,654,-1.55047,0.95916000000000001
1919410495,19,20,mean_p,12,0.21063232685604891,0.062412801874354343,mean_p|train_n=12|p=20,403,655,-1.55047,0.95916000000000001
1426363515,19,20,mean_p,12,0.28567655858303459,0.02323020002639422,mean_p|train_n=12|p=20,404,656,-1.55047,0.95916000000000001
435674890,19,20,mean_p,12,0.4769505769471733,0.0018708881658518522,mean_p|train_n=12|p=20,405,657,-1.55047,0.95916000000000001
59062719,19,20,mean_p,12,0.28465104564172261,0.023546070625299849,mean_p|train_n=12|p=20,406,658,-1.55047,0.95916000000000001
4121731310,19,20,mean_p,12,0.38932710828014028,0.0059322081796454275,mean_p|train_n=12|p=20,407,659,-1.55047,0.95916000000000001
2199113800,19,20,mean_p,12,0.52486700597486102,0.00099537438838085356,mean_p|train_n=12|p=20,408,661,-1.55047,0.95916000000000001
3434746236,19,20,mean_p,12,0.45656101392375686,0.002447188139883376,mean_p|train_n=12|p=20,409,662,-1.55047,0.95916000000000001
254362458,19,20,mean_p,12,0.5789484828064333,0.00048827408392533496,mean_p|train_n=12|p=20,410,665,-1.55047,0.95916000000000001
1715291677,19,20,mean_p,12,0.31704726247594134,0.015368306561099665,mean_p|train_n=12|p=20,411,666,-1.55047,0.95916000000000001
3418312493,19,20,mean_p,12,0.26078554492556455,0.032241767529743594,mean_p|train_n=12|p=20,412,667,-1.55047,0.95916000000000001
3680860678,19,20,mean_p,12,0.25692990894505313,0.033921216742719938,mean_p|train_n=12|p=20,413,669,-1.55047,0.95916000000000001
241307018,19,20,mean_p,12,0.30972897924747661,0.016923237434694902,mean_p|train_n=12|p=20,414,670,-1.55047,0.95916000000000001
1124590282,19,20,mean_p,12,0.38442943949029607,0.0063274532115574897,mean_p|train_n=12|p=20,415,672,-1.55047,0.95916000000000001
1140373295,19,20,mean_p,12,0.46945804447576017,0.0020649136313176317,mean_p|train_n=12|p=20,416,673,-1.55047,0.95916000000000001
3203137792,19,20,mean_p,12,0.25767110548599453,0.033591708768431296,mean_p|train_n=12|p=20,417,674,-1.55047,0.95916000000000001
195396707,19,20,mean_p,12,0.30604968361166124,0.01776345484408846,mean_p|train_n=12|p=20,418,675,-1.55047,0.95916000000000001
525577615,19,20,mean_p,12,0.35236483754565395,0.0096521636165690615,mean_p|train_n=12|p=20,419,678,-1.55047,0.95916000000000001
2769014404,19,20,mean_p,12,0.25445994920537335,0.035042778155908463,mean_p|train_n=12|p=20,420,679,-1.55047,0.95916000000000001
3972474586,19,20,mean_p,12,0.23254173218454061,0.046769346756082068,mean_p|train_n=12|p=20,421,680,-1.55047,0.95916000000000001
3064663454,19,20,mean_p,12,0.21655601485919548,0.057728826844986092,mean_p|train_n=12|p=20,422,682,-1.55047,0.95916000000000001
3071845076,19,20,mean_p,12,0.26965261798324908,0.028688180054804533,mean_p|train_n=12|p=20,423,683,-1.55047,0.95916000000000001
1265690400,19,20,mean_p,12,0.37306885862089084,0.0073486333439278248,mean_p|train_n=12|p=20,424,684,-1.55047,0.95916000000000001
2207492659,19,20,mean_p,12,0.28347726864019313,0.023912883165273457,mean_p|train_n=12|p=20,425,688,-1.55047,0.95916000000000001
3380688736,19,20,mean_p,12,0.16948914265059792,0.10729883295077014,mean_p|train_n=12|p=20,426,691,-1.55047,0.95916000000000001
1989673470,19,20,mean_p,12,0.33629616987762606,0.011926981437949109,mean_p|train_n=12|p=20,427,693,-1.55047,0.95916000000000001
660620138,19,20,mean_p,12,0.33855493457015279,0.011577409125458252,mean_p|train_n=12|p=20,428,694,-1.55047,0.95916000000000001
1467313531,19,20,mean_p,12,0.26466906006051016,0.030634218520891588,mean_p|train_n=12|p=20,429,696,-1.55047,0.95916000000000001
1169460647,19,20,mean_p,12,0.45728103000350445,0.0024240924386658034,mean_p|train_n=12|p=20,430,697,-1.55047,0.95916000000000001
4032952119,19,20,mean_p,12,0.25431076673872077,0.035111694475228321,mean_p|train_n=12|p=20,431,699,-1.55047,0.95916000000000001
3340448731,19,20,mean_p,12,0.1578815297589439,0.12502174371552208,mean_p|train_n=12|p=20,432,700,-1.55047,0.95916000000000001
3968856483,19,20,mean_p,12,0.34032449103099749,0.011310720714428591,mean_p|train_n=12|p=20,433,702,-1.55047,0.95916000000000001
3790572755,19,20,mean_p,12,0.22634583285120705,0.05074569249674947,mean_p|train_n=12|p=20,434,704,-1.55047,0.95916000000000001
1390865063,19,20,mean_p,12,0.2706766739615909,0.02830387113127909,mean_p|train_n=12|p=20,435,705,-1.55047,0.95916000000000001
1775660888,19,20,mean_p,12,0.15040465410315537,0.13795900864428548,mean_p|train_n=12|p=20,436,707,-1.55047,0.95916000000000001
2556906557,19,20,mean_p,12,0.40203667912124524,0.0050179127345322486,mean_p|train_n=12|p=20,437,710,-1.55047,0.95916000000000001
697918314,19,20,mean_p,12,0.23547444264210837,0.044997404249737229,mean_p|train_n=12|p=20,438,713,-1.55047,0.95916000000000001
1825356346,19,20,mean_p,12,0.42978320719471408,0.0034819689740370856,mean_p|train_n=12|p=20,439,714,-1.55047,0.95916000000000001
2951513762,19,20,mean_p,12,0.24387792250301341,0.040283126567930115,mean_p|train_n=12|p=20,440,715,-1.55047,0.95916000000000001
2793276305,19,20,mean_p,12,0.38033920577722008,0.0066776448919920227,mean_p|train_n=12|p=20,441,716,-1.55047,0.95916000000000001
2821978480,19,20,mean_p,12,0.14662949959779126,0.14499142729259645,mean_p|train_n=12|p=20,442,717,-1.55047,0.95916000000000001
1037154061,19,20,mean_p,12,0.31668941305915188,0.015440905314778861,mean_p|train_n=12|p=20,443,720,-1.55047,0.95916000000000001
1658447366,19,20,mean_p,12,0.22738437378927265,0.050056349691087777,mean_p|train_n=12|p=20,444,721,-1.55047,0.95916000000000001
1119786952,19,20,mean_p,12,0.31355248254423845,0.016092171533033019,mean_p|train_n=12|p=20,445,722,-1.55047,0.95916000000000001
3323753440,19,20,mean_p,12,0.28509490729220266,0.02340883198787095,mean_p|train_n=12|p=20,446,723,-1.55047,0.95916000000000001
3663054469,19,20,mean_p,12,0.32810549226269836,0.013285493665105813,mean_p|train_n=12|p=20,447,727,-1.55047,0.95916000000000001
1901570752,19,20,mean_p,12,0.24179180603194911,0.041405197438522362,mean_p|train_n=12|p=20,448,729,-1.55047,0.95916000000000001
323453529,19,20,mean_p,12,0.28035664019742473,0.024916130366141771,mean_p|train_n=12|p=20,449,731,-1.55047,0.95916000000000001
3324266031,19,20,mean_p,12,0.35535102740744601,0.0092799354096574794,mean_p|train_n=12|p=20,450,732,-1.55047,0.95916000000000001
2467761772,19,20,mean_p,12,0.41588640280088218,0.0041812741297681784,mean_p|train_n=12|p=20,451,733,-1.55047,0.95916000000000001
4088887010,19,20,mean_p,12,0.49718169095101822,0.0014332916039959092,mean_p|train_n=12|p=20,452,734,-1.55047,0.95916000000000001
1805562090,19,20,mean_p,12,0.18402718182920039,0.088602028872534197,mean_p|train_n=12|p=20,453,736,-1.55047,0.95916000000000001
1875731227,19,20,mean_p,12,0.26092678310494882,0.032181851066924755,mean_p|train_n=12|p=20,454,737,-1.55047,0.95916000000000001
283021298,19,20,mean_p,12,0.37332115064280935,0.007324257039940084,mean_p|train_n=12|p=20,455,740,-1.55047,0.95916000000000001
1635391833,19,20,mean_p,12,0.22949075952011211,0.048686836382143175,mean_p|train_n=12|p=20,456,742,-1.55047,0.95916000000000001
3399472533,19,20,mean_p,12,0.24071028246055531,0.041999170169327291,mean_p|train_n=12|p=20,457,746,-1.55047,0.95916000000000001
3508190366,19,20,mean_p,12,0.42023005600941754,0.0039487970463509157,mean_p|train_n=12|p=20,458,747,-1.55047,0.95916000000000001
2137852323,19,20,mean_p,12,0.21448676938307651,0.059323658488251843,mean_p|train_n=12|p=20,459,748,-1.55047,0.95916000000000001
1533836076,19,20,mean_p,12,0.37627047888064852,0.0070452220894769053,mean_p|train_n=12|p=20,460,749,-1.55047,0.95916000000000001
244157086,19,20,mean_p,12,0.4388205205716858,0.0030912586975919668,mean_p|train_n=12|p=20,461,750,-1.55047,0.95916000000000001
1222905935,19,20,mean_p,12,0.25525365553054785,0.034678385529464152,mean_p|train_n=12|p=20,462,753,-1.55047,0.95916000000000001
2387457006,19,20,mean_p,12,0.34956795199222707,0.010014324445450831,mean_p|train_n=12|p=20,463,754,-1.55047,0.95916000000000001
1822453552,19,20,mean_p,12,0.29237094476492925,0.021269826118083958,mean_p|train_n=12|p=20,464,755,-1.55047,0.95916000000000001
361972927,19,20,mean_p,12,0.31009538874855824,0.016841770419437109,mean_p|train_n=12|p=20,465,756,-1.55047,0.95916000000000001
3296078617,19,20,mean_p,12,0.23232533854686652,0.046902822957890514,mean_p|train_n=12|p=20,466,758,-1.55047,0.95916000000000001
579251313,19,20,mean_p,12,0.36984013822689221,0.007667847572956135,mean_p|train_n=12|p=20,467,759,-1.55047,0.95916000000000001
3098096832,19,20,mean_p,12,0.1325648373167983,0.17449626853480243,mean_p|train_n=12|p=20,468,762,-1.55047,0.95916000000000001
4168272381,19,20,mean_p,12,0.303136739330779,0.018458152288444451,mean_p|train_n=12|p=20,469,764,-1.55047,0.95916000000000001
2972562085,19,20,mean_p,12,0.44434487570474657,0.002874341834620694,mean_p|train_n=12|p=20,470,765,-1.55047,0.95916000000000001
3389248049,19,20,mean_p,12,0.39237551827902195,0.0056987655367253098,mean_p|train_n=12|p=20,471,766,-1.55047,0.95916000000000001
3074976566,19,20,mean_p,12,0.31019499241318788,0.016819692542495632,mean_p|train_n=12|p=20,472,767,-1.55047,0.95916000000000001
1049246947,19,20,mean_p,12,0.30598340774925015,0.017778966259701542,mean_p|train_n=12|p=20,473,768,-1.55047,0.95916000000000001
2540925029,19,20,mean_p,12,0.22173256255457482,0.053924373169696116,mean_p|train_n=12|p=20,474,769,-1.55047,0.95916000000000001
3656021645,19,20,mean_p,12,0.2866971975199622,0.022920038014295634,mean_p|train_n=12|p=20,475,770,-1.55047,0.95916000000000001
3436080939,19,20,mean_p,12,0.35625156005160852,0.0091705270034569339,mean_p|train_n=12|p=20,476,771,-1.55047,0.95916000000000001
2900517789,19,20,mean_p,12,0.18475460118643489,0.087757277355451996,mean_p|train_n=12|p=20,477,772,-1.55047,0.95916000000000001
2467487904,19,20,mean_p,12,0.2753758352891687,0.026605330389813189,mean_p|train_n=12|p=20,478,775,-1.55047,0.95916000000000001
2804774038,19,20,mean_p,12,0.24293154157921917,0.040788342999992483,mean_p|train_n=12|p=20,479,776,-1.55047,0.95916000000000001
666555698,19,20,mean_p,12,0.3025480028018756,0.018601824579591454,mean_p|train_n=12|p=20,480,778,-1.55047,0.95916000000000001
521460732,19,20,mean_p,12,0.26444397089004912,0.030725164674098335,mean_p|train_n=12|p=20,481,780,-1.55047,0.95916000000000001
1536442070,19,20,mean_p,12,0.39994808330745979,0.0051578531617709139,mean_p|train_n=12|p=20,482,781,-1.55047,0.95916000000000001
2119070860,19,20,mean_p,12,0.31543617637156629,0.015697870234665429,mean_p|train_n=12|p=20,483,782,-1.55047,0.95916000000000001
168840707,19,20,mean_p,12,0.31141053172115801,0.016552579817019235,mean_p|train_n=12|p=20,484,784,-1.55047,0.95916000000000001
1545608255,19,20,mean_p,12,0.25237870816113422,0.036016568513732874,mean_p|train_n=12|p=20,485,785,-1.55047,0.95916000000000001
3149369208,19,20,mean_p,12,0.32386284594718789,0.014048948124736074,mean_p|train_n=12|p=20,486,786,-1.55047,0.95916000000000001
1625802995,19,20,mean_p,12,0.32208266357339083,0.014382212009534153,mean_p|train_n=12|p=20,487,787,-1.55047,0.95916000000000001
640648313,19,20,mean_p,12,0.22502107519454481,0.051638810232652384,mean_p|train_n=12|p=20,488,788,-1.55047,0.95916000000000001
3867181036,19,20,mean_p,12,0.2658021597865472,0.030180467504781372,mean_p|train_n=12|p=20,489,790,-1.55047,0.95916000000000001
3933857000,19,20,mean_p,12,0.36016532404737073,0.0087098213513595382,mean_p|train_n=12|p=20,490,793,-1.55047,0.95916000000000001
2579258771,19,20,mean_p,12,0.31196516061013047,0.016432114483932721,mean_p|train_n=12|p=20,491,795,-1.55047,0.95916000000000001
3170481895,19,20,mean_p,12,0.43115926450134406,0.0034194356960844047,mean_p|train_n=12|p=20,492,796,-1.55047,0.95916000000000001
3590573300,19,20,mean_p,12,0.21763286650268299,0.056915899477436166,mean_p|train_n=12|p=20,493,797,-1.55047,0.95916000000000001
3044103388,19,20,mean_p,12,0.27113680573332549,0.02813287278562316,mean_p|train_n=12|p=20,494,798,-1.55047,0.95916000000000001
701223791,19,20,mean_p,12,0.35943818638130504,0.0087936294654376006,mean_p|train_n=12|p=20,495,799,-1.55047,0.95916000000000001
1098262247,19,20,mean_p,12,0.23673973945935814,0.044253793795035246,mean_p|train_n=12|p=20,496,801,-1.55047,0.95916000000000001
1118066406,19,20,mean_p,12,0.24092405625942873,0.041881093785838402,mean_p|train_n=12|p=20,497,802,-1.55047,0.95916000000000001
3157743917,19,20,mean_p,12,0.57710800972906218,0.00050025379084756938,mean_p|train_n=12|p=20,498,803,-1.55047,0.95916000000000001
2662941384,19,20,mean_p,12,0.23230494727663684,0.046915420349797607,mean_p|train_n=12|p=20,499,804,-1.55047,0.95916000000000001
3899455985,19,50,mean_p,12,0.12953388722689885,0.1816025219271005,mean_p|train_n=12|p=50,0,2,-1.3777999999999999,0.93608999999999998
456502536,19,50,mean_p,12,0.17436283858947324,0.10062816510366582,mean_p|train_n=12|p=50,1,3,-1.3777999999999999,0.93608999999999998
1815149676,19,50,mean_p,12,0.3344190902835768,0.01222550003799559,mean_p|train_n=12|p=50,2,4,-1.3777999999999999,0.93608999999999998
1426917134,19,50,mean_p,12,0.26702122319623883,0.029699794506969478,mean_p|train_n=12|p=50,3,6,-1.3777999999999999,0.93608999999999998
4145365393,19,50,mean_p,12,0.22517020922335862,0.051537487797627457,mean_p|train_n=12|p=50,4,7,-1.3777999999999999,0.93608999999999998
2346711307,19,50,mean_p,12,0.2764908007285154,0.026217515513339885,mean_p|train_n=12|p=50,5,8,-1.3777999999999999,0.93608999999999998
2614671566,19,50,mean_p,12,0.18047760230450904,0.092842266710301047,mean_p|train_n=12|p=50,6,10,-1.3777999999999999,0.93608999999999998
1128184567,19,50,mean_p,12,0.19840167376304974,0.073320894586679897,mean_p|train_n=12|p=50,7,13,-1.3777999999999999,0.93608999999999998
3595974323,19,50,mean_p,12,0.23866399132103913,0.04314640491036309,mean_p|train_n=12|p=50,8,14,-1.3777999999999999,0.93608999999999998
3334711480,19,50,mean_p,12,0.28532221612174924,0.023338859837609228,mean_p|train_n=12|p=50,9,15,-1.3777999999999999,0.93608999999999998
900092298,19,50,mean_p,12,0.32315985232123373,0.014179621232474396,mean_p|train_n=12|p=50,10,21,-1.3777999999999999,0.93608999999999998
3530671903,19,50,mean_p,12,0.28121458629273677,0.02463618812997595,mean_p|train_n=12|p=50,11,23,-1.3777999999999999,0.93608999999999998
1165695594,19,50,mean_p,12,0.19503500651040404,0.076644967408537212,mean_p|train_n=12|p=50,12,24,-1.3777999999999999,0.93608999999999998
2437090505,19,50,mean_p,12,0.19065480411357955,0.081196352018910373,mean_p|train_n=12|p=50,13,26,-1.3777999999999999,0.93608999999999998
4061383301,19,50,mean_p,12,0.18236388643585774,0.09056429299593402,mean_p|train_n=12|p=50,14,27,-1.3777999999999999,0.93608999999999998
21127515,19,50,mean_p,12,0.35414156083980752,0.0094289337012529069,mean_p|train_n=12|p=50,15,29,-1.3777999999999999,0.93608999999999998
2842078180,19,50,mean_p,12,0.19736988208591072,0.074324014567577479,mean_p|train_n=12|p=50,16,32,-1.3777999999999999,0.93608999999999998
2344594367,19,50,mean_p,12,0.15639224750847466,0.12749806856391441,mean_p|train_n=12|p=50,17,33,-1.3777999999999999,0.93608999999999998
888966535,19,50,mean_p,12,0.22701415385545332,0.050301006449005273,mean_p|train_n=12|p=50,18,35,-1.3777999999999999,0.93608999999999998
3382498583,19,50,mean_p,12,0.24176461919172157,0.041420025023021473,mean_p|train_n=12|p=50,19,36,-1.3777999999999999,0.93608999999999998
2194750640,19,50,mean_p,12,0.10898018479079263,0.23805659280830815,mean_p|train_n=12|p=50,20,37,-1.3777999999999999,0.93608999999999998
4045029923,19,50,mean_p,12,0.082396085247568876,0.33785459465336509,mean_p|train_n=12|p=50,21,41,-1.3777999999999999,0.93608999999999998
2311484401,19,50,mean_p,12,0.1849730241766748,0.087505198708990414,mean_p|train_n=12|p=50,22,45,-1.3777999999999999,0.93608999999999998
3013421356,19,50,mean_p,12,0.17086976275463367,0.10536550308776793,mean_p|train_n=12|p=50,23,47,-1.3777999999999999,0.93608999999999998
2966929820,19,50,mean_p,12,0.19750512846695112,0.074191748891375489,mean_p|train_n=12|p=50,24,48,-1.3777999999999999,0.93608999999999998
2425910552,19,50,mean_p,12,0.15780272254494285,0.12515156801252772,mean_p|train_n=12|p=50,25,49,-1.3777999999999999,0.93608999999999998
3167257651,19,50,mean_p,12,0.14446984151631295,0.1491745170373924,mean_p|train_n=12|p=50,26,50,-1.3777999999999999,0.93608999999999998
4267130373,19,50,mean_p,12,0.14828884176180801,0.1418572712455802,mean_p|train_n=12|p=50,27,51,-1.3777999999999999,0.93608999999999998
3698117132,19,50,mean_p,12,0.088352864844349052,0.31236301932503147,mean_p|train_n=12|p=50,28,52,-1.3777999999999999,0.93608999999999998
33923826,19,50,mean_p,12,0.32858267899292226,0.013202263418764583,mean_p|train_n=12|p=50,29,54,-1.3777999999999999,0.93608999999999998
1978145583,19,50,mean_p,12,0.17860741293413507,0.095157366407482,mean_p|train_n=12|p=50,30,55,-1.3777999999999999,0.93608999999999998
1558332894,19,50,mean_p,12,0.32718595335712791,0.013447360995779707,mean_p|train_n=12|p=50,31,57,-1.3777999999999999,0.93608999999999998
2552928706,19,50,mean_p,12,0.14730381542484558,0.14370951660267406,mean_p|train_n=12|p=50,32,62,-1.3777999999999999,0.93608999999999998
1883348419,19,50,mean_p,12,0.38977979998838175,0.0058969464162189336,mean_p|train_n=12|p=50,33,64,-1.3777999999999999,0.93608999999999998
3999892684,19,50,mean_p,12,0.39588927428542187,0.0054410612663637718,mean_p|train_n=12|p=50,34,66,-1.3777999999999999,0.93608999999999998
472691038,19,50,mean_p,12,0.50979167798389236,0.0012139781060268526,mean_p|train_n=12|p=50,35,67,-1.3777999999999999,0.93608999999999998
2382959857,19,50,mean_p,12,0.378333538024481,0.0068563799633353717,mean_p|train_n=12|p=50,36,68,-1.3777999999999999,0.93608999999999998
581447300,19,50,mean_p,12,0.18829294037816396,0.083761676750679456,mean_p|train_n=12|p=50,37,69,-1.3777999999999999,0.93608999999999998
3627053558,19,50,mean_p,12,0.16101488185461021,0.11996764274782901,mean_p|train_n=12|p=50,38,71,-1.3777999999999999,0.93608999999999998
1939647419,19,50,mean_p,12,0.25848245105786249,0.033234683609754699,mean_p|train_n=12|p=50,39,72,-1.3777999999999999,0.93608999999999998
1801722968,19,50,mean_p,12,0.1529428541643551,0.1334235992979155,mean_p|train_n=12|p=50,40,77,-1.3777999999999999,0.93608999999999998
3716714239,19,50,mean_p,12,0.16031131077632219,0.12108441542925945,mean_p|train_n=12|p=50,41,78,-1.3777999999999999,0.93608999999999998
3625462805,19,50,mean_p,12,0.3904806271074448,0.0058427694765582601,mean_p|train_n=12|p=50,42,79,-1.3777999999999999,0.93608999999999998
1179921065,19,50,mean_p,12,0.1689377521480388,0.10808084087548284,mean_p|train_n=12|p=50,43,80,-1.3777999999999999,0.93608999999999998
3710983912,19,50,mean_p,12,0.19023110029862469,0.081650701691383082,mean_p|train_n=12|p=50,44,81,-1.3777999999999999,0.93608999999999998
322019093,19,50,mean_p,12,0.48462691007305914,0.0016909957024877982,mean_p|train_n=12|p=50,45,83,-1.3777999999999999,0.93608999999999998
3652428328,19,50,mean_p,12,0.18462199504494833,0.087910670207177272,mean_p|train_n=12|p=50,46,84,-1.3777999999999999,0.93608999999999998
1440248181,19,50,mean_p,12,0.2270506351798435,0.050276845053838996,mean_p|train_n=12|p=50,47,85,-1.3777999999999999,0.93608999999999998
3968220642,19,50,mean_p,12,0.24216531327484486,0.041202024792236634,mean_p|train_n=12|p=50,48,86,-1.3777999999999999,0.93608999999999998
1794944313,19,50,mean_p,12,0.25821368199605121,0.03335253066488874,mean_p|train_n=12|p=50,49,88,-1.3777999999999999,0.93608999999999998
3648800595,19,50,mean_p,12,0.1247671018511483,0.19336854862808617,mean_p|train_n=12|p=50,50,90,-1.3777999999999999,0.93608999999999998
3976230873,19,50,mean_p,12,0.1719766029926226,0.10384074492806011,mean_p|train_n=12|p=50,51,92,-1.3777999999999999,0.93608999999999998
82753517,19,50,mean_p,12,0.26542464643568936,0.03033089159527981,mean_p|train_n=12|p=50,52,95,-1.3777999999999999,0.93608999999999998
1715530400,19,50,mean_p,12,0.23862783850950287,0.043166952890980985,mean_p|train_n=12|p=50,53,97,-1.3777999999999999,0.93608999999999998
1126255275,19,50,mean_p,12,0.39765807925126861,0.0053157777181967233,mean_p|train_n=12|p=50,54,99,-1.3777999999999999,0.93608999999999998
2646606760,19,50,mean_p,12,0.25057305018988152,0.036883312647254113,mean_p|train_n=12|p=50,55,101,-1.3777999999999999,0.93608999999999998
1467839972,19,50,mean_p,12,0.22785514789516087,0.049746960463631237,mean_p|train_n=12|p=50,56,103,-1.3777999999999999,0.93608999999999998
4262244177,19,50,mean_p,12,0.21751530327225713,0.057004089697395018,mean_p|train_n=12|p=50,57,104,-1.3777999999999999,0.93608999999999998
3322172671,19,50,mean_p,12,0.48066253003352249,0.001781628095418813,mean_p|train_n=12|p=50,58,105,-1.3777999999999999,0.93608999999999998
798873858,19,50,mean_p,12,0.22342151615134112,0.05273816531907486,mean_p|train_n=12|p=50,59,106,-1.3777999999999999,0.93608999999999998
3080158410,19,50,mean_p,12,0.22725797465146444,0.050139745432490342,mean_p|train_n=12|p=50,60,107,-1.3777999999999999,0.93608999999999998
3549986229,19,50,mean_p,12,0.086180814608979237,0.32142733335627105,mean_p|train_n=12|p=50,61,108,-1.3777999999999999,0.93608999999999998
1940459076,19,50,mean_p,12,0.22316528067664348,0.052916434520682065,mean_p|train_n=12|p=50,62,109,-1.3777999999999999,0.93608999999999998
1073821623,19,50,mean_p,12,0.26959540956287215,0.028709802541090977,mean_p|train_n=12|p=50,63,110,-1.3777999999999999,0.93608999999999998
1474564860,19,50,mean_p,12,0.12999091221341608,0.18051275268982453,mean_p|train_n=12|p=50,64,113,-1.3777999999999999,0.93608999999999998
3105050036,19,50,mean_p,12,0.30865583009523262,0.017164114353278307,mean_p|train_n=12|p=50,65,114,-1.3777999999999999,0.93608999999999998
3906219876,19,50,mean_p,12,0.10897223801557102,0.23808150849899196,mean_p|train_n=12|p=50,66,115,-1.3777999999999999,0.93608999999999998
2034935878,19,50,mean_p,12,0.17709617890440893,0.097070221945267834,mean_p|train_n=12|p=50,67,117,-1.3777999999999999,0.93608999999999998
4171739136,19,50,mean_p,12,0.33325778247900428,0.012413916290396431,mean_p|train_n=12|p=50,68,118,-1.3777999999999999,0.93608999999999998
2763864336,19,50,mean_p,12,0.10568438639283555,0.24861696633935132,mean_p|train_n=12|p=50,69,119,-1.3777999999999999,0.93608999999999998
4090006094,19,50,mean_p,12,0.13600173726811768,0.16677408046392386,mean_p|train_n=12|p=50,70,120,-1.3777999999999999,0.93608999999999998
2975391815,19,50,mean_p,12,0.19313874139975717,0.078583155659136622,mean_p|train_n=12|p=50,71,121,-1.3777999999999999,0.93608999999999998
3889725190,19,50,mean_p,12,0.20799192704360642,0.064621291133757114,mean_p|train_n=12|p=50,72,122,-1.3777999999999999,0.93608999999999998
662621272,19,50,mean_p,12,0.20601447310813759,0.066326307037126983,mean_p|train_n=12|p=50,73,123,-1.3777999999999999,0.93608999999999998
1313523266,19,50,mean_p,12,0.11806799985545507,0.21120384473689718,mean_p|train_n=12|p=50,74,126,-1.3777999999999999,0.93608999999999998
1503577618,19,50,mean_p,12,0.36429540011976536,0.0082487281001848399,mean_p|train_n=12|p=50,75,127,-1.3777999999999999,0.93608999999999998
4101413501,19,50,mean_p,12,0.18470952955890524,0.087809384148512526,mean_p|train_n=12|p=50,76,128,-1.3777999999999999,0.93608999999999998
3594862001,19,50,mean_p,12,0.1436321615201486,0.15082933274297444,mean_p|train_n=12|p=50,77,129,-1.3777999999999999,0.93608999999999998
4052317975,19,50,mean_p,12,0.19659297405709478,0.075088380840112157,mean_p|train_n=12|p=50,78,130,-1.3777999999999999,0.93608999999999998
2681630686,19,50,mean_p,12,0.20282598750803321,0.069170765719287264,mean_p|train_n=12|p=50,79,132,-1.3777999999999999,0.93608999999999998
1598113269,19,50,mean_p,12,0.05536454085127572,0.48232373911052928,mean_p|train_n=12|p=50,80,133,-1.3777999999999999,0.93608999999999998
3533848764,19,50,mean_p,12,0.18549248165842411,0.086908605599099562,mean_p|train_n=12|p=50,81,134,-1.3777999999999999,0.93608999999999998
3056679679,19,50,mean_p,12,0.40256255112738176,0.0049832806043007376,mean_p|train_n=12|p=50,82,135,-1.3777999999999999,0.93608999999999998
1540309357,19,50,mean_p,12,0.34182852473082204,0.011088884321491559,mean_p|train_n=12|p=50,83,136,-1.3777999999999999,0.93608999999999998
121102701,19,50,mean_p,12,0.27264045174380225,0.027581245496619257,mean_p|train_n=12|p=50,84,137,-1.3777999999999999,0.93608999999999998
783029900,19,50,mean_p,12,0.39415493953484004,0.005566769831443337,mean_p|train_n=12|p=50,85,139,-1.3777999999999999,0.93608999999999998
2749529739,19,50,mean_p,12,0.22637300741253122,0.050727534703097085,mean_p|train_n=12|p=50,86,140,-1.3777999999999999,0.93608999999999998
3785101779,19,50,mean_p,12,0.17607584398504544,0.098383416401127632,mean_p|train_n=12|p=50,87,145,-1.3777999999999999,0.93608999999999998
585177723,19,50,mean_p,12,0.11592001693435165,0.21726379354803813,mean_p|train_n=12|p=50,88,149,-1.3777999999999999,0.93608999999999998
821040625,19,50,mean_p,12,0.20617240358391675,0.066188497506408608,mean_p|train_n=12|p=50,89,150,-1.3777999999999999,0.93608999999999998
317289897,19,50,mean_p,12,0.19736675604732276,0.07432707449761089,mean_p|train_n=12|p=50,90,151,-1.3777999999999999,0.93608999999999998
1987476169,19,50,mean_p,12,0.13964579626006884,0.15895935964666455,mean_p|train_n=12|p=50,91,152,-1.3777999999999999,0.93608999999999998
3185466818,19,50,mean_p,12,0.16016544368853533,0.12131724698451009,mean_p|train_n=12|p=50,92,154,-1.3777999999999999,0.93608999999999998
2635656265,19,50,mean_p,12,0.48666521052778622,0.0016462064611842662,mean_p|train_n=12|p=50,93,155,-1.3777999999999999,0.93608999999999998
1567289854,19,50,mean_p,12,0.14336527130247162,0.15136041403096634,mean_p|train_n=12|p=50,94,158,-1.3777999999999999,0.93608999999999998
1482956320,19,50,mean_p,12,0.1258724825948159,0.19057394976597133,mean_p|train_n=12|p=50,95,159,-1.3777999999999999,0.93608999999999998
148795154,19,50,mean_p,12,0.22843906477447853,0.049365870215533639,mean_p|train_n=12|p=50,96,160,-1.3777999999999999,0.93608999999999998
2225072154,19,50,mean_p,12,0.40082670563404682,0.0050985141891245981,mean_p|train_n=12|p=50,97,161,-1.3777999999999999,0.93608999999999998
3490363055,19,50,mean_p,12,0.21506904184535083,0.058870480163699709,mean_p|train_n=12|p=50,98,164,-1.3777999999999999,0.93608999999999998
1982108277,19,50,mean_p,12,0.27566017899106943,0.026505886426745215,mean_p|train_n=12|p=50,99,170,-1.3777999999999999,0.93608999999999998
3552867896,19,50,mean_p,12,0.4550231554472457,0.0024972570524557296,mean_p|train_n=12|p=50,100,171,-1.3777999999999999,0.93608999999999998
1599249651,19,50,mean_p,12,0.22829697531930629,0.049458334522041826,mean_p|train_n=12|p=50,101,172,-1.3777999999999999,0.93608999999999998
2640436232,19,50,mean_p,12,0.36113664238862403,0.0085991143472589661,mean_p|train_n=12|p=50,102,173,-1.3777999999999999,0.93608999999999998
454977345,19,50,mean_p,12,0.17130918872793321,0.10475749805704612,mean_p|train_n=12|p=50,103,174,-1.3777999999999999,0.93608999999999998
2967412088,19,50,mean_p,12,0.23183845421938978,0.047204538003823668,mean_p|train_n=12|p=50,104,177,-1.3777999999999999,0.93608999999999998
361284780,19,50,mean_p,12,0.47678110504300142,0.0018750684840662972,mean_p|train_n=12|p=50,105,178,-1.3777999999999999,0.93608999999999998
1467028404,19,50,mean_p,12,0.15716404003555495,0.12620869742190438,mean_p|train_n=12|p=50,106,179,-1.3777999999999999,0.93608999999999998
1795137201,19,50,mean_p,12,0.16122582570610422,0.11963482464218737,mean_p|train_n=12|p=50,107,181,-1.3777999999999999,0.93608999999999998
3316088266,19,50,mean_p,12,0.20130560079421203,0.07056974391337778,mean_p|train_n=12|p=50,108,183,-1.3777999999999999,0.93608999999999998
1673533840,19,50,mean_p,12,0.20765015646675811,0.064912810305481544,mean_p|train_n=12|p=50,109,186,-1.3777999999999999,0.93608999999999998
2376607913,19,50,mean_p,12,0.25940447247214155,0.032833560666105661,mean_p|train_n=12|p=50,110,187,-1.3777999999999999,0.93608999999999998
701904080,19,50,mean_p,12,0.17028365115967461,0.10618196334875994,mean_p|train_n=12|p=50,111,188,-1.3777999999999999,0.93608999999999998
2225921427,19,50,mean_p,12,0.38808721482703507,0.0060298712707472493,mean_p|train_n=12|p=50,112,190,-1.3777999999999999,0.93608999999999998
3983424561,19,50,mean_p,12,0.15234525054903417,0.13447782856578511,mean_p|train_n=12|p=50,113,191,-1.3777999999999999,0.93608999999999998
3615908169,19,50,mean_p,12,0.084657476834507486,0.32794094378592392,mean_p|train_n=12|p=50,114,195,-1.3777999999999999,0.93608999999999998
643788301,19,50,mean_p,12,0.12128972127934486,0.20243003903473059,mean_p|train_n=12|p=50,115,197,-1.3777999999999999,0.93608999999999998
1915662087,19,50,mean_p,12,0.30441270290398154,0.018150569739715575,mean_p|train_n=12|p=50,116,199,-1.3777999999999999,0.93608999999999998
1935985423,19,50,mean_p,12,0.14886591553692613,0.14078325032676262,mean_p|train_n=12|p=50,117,200,-1.3777999999999999,0.93608999999999998
1764274493,19,50,mean_p,12,0.23847509905073472,0.043253872662876988,mean_p|train_n=12|p=50,118,201,-1.3777999999999999,0.93608999999999998
2725394584,19,50,mean_p,12,0.35212212562935152,0.0096830657970829754,mean_p|train_n=12|p=50,119,202,-1.3777999999999999,0.93608999999999998
1469099316,19,50,mean_p,12,0.23632113916605632,0.044498433393341058,mean_p|train_n=12|p=50,120,204,-1.3777999999999999,0.93608999999999998
2286126950,19,50,mean_p,12,0.10861749830637915,0.23919639179217994,mean_p|train_n=12|p=50,121,205,-1.3777999999999999,0.93608999999999998
1809396000,19,50,mean_p,12,0.2053566546767637,0.066903410252731624,mean_p|train_n=12|p=50,122,206,-1.3777999999999999,0.93608999999999998
3069215104,19,50,mean_p,12,0.31417144438206163,0.015961527766375275,mean_p|train_n=12|p=50,123,209,-1.3777999999999999,0.93608999999999998
2191869794,19,50,mean_p,12,0.14966242226659332,0.13931417639483032,mean_p|train_n=12|p=50,124,210,-1.3777999999999999,0.93608999999999998
1172547363,19,50,mean_p,12,0.0872383803165271,0.31698154967797021,mean_p|train_n=12|p=50,125,213,-1.3777999999999999,0.93608999999999998
4238991878,19,50,mean_p,12,0.22411427508176798,0.052259197233123333,mean_p|train_n=12|p=50,126,214,-1.3777999999999999,0.93608999999999998
798061334,19,50,mean_p,12,0.13069349816338316,0.17885018737360039,mean_p|train_n=12|p=50,127,215,-1.3777999999999999,0.93608999999999998
1684019647,19,50,mean_p,12,0.4069715470048102,0.0047021641108862203,mean_p|train_n=12|p=50,128,216,-1.3777999999999999,0.93608999999999998
4197315905,19,50,mean_p,12,0.41410098114682237,0.0042807561114756613,mean_p|train_n=12|p=50,129,218,-1.3777999999999999,0.93608999999999998
246596992,19,50,mean_p,12,0.19437891248830183,0.077310097238246944,mean_p|train_n=12|p=50,130,219,-1.3777999999999999,0.93608999999999998
2330531749,19,50,mean_p,12,0.17835000783479124,0.095480494675947297,mean_p|train_n=12|p=50,131,221,-1.3777999999999999,0.93608999999999998
2136310275,19,50,mean_p,12,0.4329718650041019,0.0033387749447023737,mean_p|train_n=12|p=50,132,223,-1.3777999999999999,0.93608999999999998
2464687101,19,50,mean_p,12,0.52573700001923851,0.00098403482890653104,mean_p|train_n=12|p=50,133,225,-1.3777999999999999,0.93608999999999998
1573032912,19,50,mean_p,12,0.34782235424790292,0.010247212111960599,mean_p|train_n=12|p=50,134,226,-1.3777999999999999,0.93608999999999998
3139578544,19,50,mean_p,12,0.17815028701857075,0.095731965924707049,mean_p|train_n=12|p=50,135,227,-1.3777999999999999,0.93608999999999998
1545805054,19,50,mean_p,12,0.26626088996509562,0.029998685399971095,mean_p|train_n=12|p=50,136,229,-1.3777999999999999,0.93608999999999998
3396323503,19,50,mean_p,12,0.21054812636837542,0.062482050022846437,mean_p|train_n=12|p=50,137,230,-1.3777999999999999,0.93608999999999998
705692387,19,50,mean_p,12,0.31596270103125773,0.015589394241365101,mean_p|train_n=12|p=50,138,232,-1.3777999999999999,0.93608999999999998
135702309,19,50,mean_p,12,0.20878872344386903,0.06394672368168787,mean_p|train_n=12|p=50,139,233,-1.3777999999999999,0.93608999999999998
3733649643,19,50,mean_p,12,0.12816400368078157,0.18490856150780771,mean_p|train_n=12|p=50,140,234,-1.3777999999999999,0.93608999999999998
3923976278,19,50,mean_p,12,0.37922650887187936,0.0067762195370650946,mean_p|train_n=12|p=50,141,235,-1.3777999999999999,0.93608999999999998
2610932006,19,50,mean_p,12,0.2509344493643294,0.036708181648617187,mean_p|train_n=12|p=50,142,238,-1.3777999999999999,0.93608999999999998
1477027721,19,50,mean_p,12,0.18084359637926636,0.092395837495467537,mean_p|train_n=12|p=50,143,239,-1.3777999999999999,0.93608999999999998
3430764461,19,50,mean_p,12,0.2287856759424487,0.049141038510226089,mean_p|train_n=12|p=50,144,241,-1.3777999999999999,0.93608999999999998
1955704702,19,50,mean_p,12,0.19664206296510403,0.075039852571522556,mean_p|train_n=12|p=50,145,242,-1.3777999999999999,0.93608999999999998
3085616168,19,50,mean_p,12,0.15853123036149666,0.12395656812850052,mean_p|train_n=12|p=50,146,243,-1.3777999999999999,0.93608999999999998
2114578486,19,50,mean_p,12,0.080007997199520509,0.34864919440128045,mean_p|train_n=12|p=50,147,244,-1.3777999999999999,0.93608999999999998
1414760318,19,50,mean_p,12,0.12197680774381377,0.20060655495463814,mean_p|train_n=12|p=50,148,245,-1.3777999999999999,0.93608999999999998
1466929808,19,50,mean_p,12,0.14426948989332919,0.14956864718489932,mean_p|train_n=12|p=50,149,246,-1.3777999999999999,0.93608999999999998
3383785447,19,50,mean_p,12,0.080501293335138183,0.34639149829375654,mean_p|train_n=12|p=50,150,247,-1.3777999999999999,0.93608999999999998
1322197870,19,50,mean_p,12,0.43846693637110701,0.0031056871194389767,mean_p|train_n=12|p=50,151,248,-1.3777999999999999,0.93608999999999998
2086745639,19,50,mean_p,12,0.14561930195230102,0.14693329611923753,mean_p|train_n=12|p=50,152,249,-1.3777999999999999,0.93608999999999998
3891753293,19,50,mean_p,12,0.10001954083633191,0.26787441959263147,mean_p|train_n=12|p=50,153,250,-1.3777999999999999,0.93608999999999998
2679798208,19,50,mean_p,12,0.13613682491268422,0.16647764034304868,mean_p|train_n=12|p=50,154,251,-1.3777999999999999,0.93608999999999998
1124744414,19,50,mean_p,12,0.27033998760119304,0.028429651721841361,mean_p|train_n=12|p=50,155,252,-1.3777999999999999,0.93608999999999998
1051702679,19,50,mean_p,12,0.18759447251952452,0.084535728238176538,mean_p|train_n=12|p=50,156,253,-1.3777999999999999,0.93608999999999998
738530964,19,50,mean_p,12,0.30492250915101343,0.018029114192145822,mean_p|train_n=12|p=50,157,254,-1.3777999999999999,0.93608999999999998
2384919861,19,50,mean_p,12,0.089561398417139573,0.30743076080698378,mean_p|train_n=12|p=50,158,257,-1.3777999999999999,0.93608999999999998
3160478422,19,50,mean_p,12,0.18242216143383577,0.090494814295448797,mean_p|train_n=12|p=50,159,259,-1.3777999999999999,0.93608999999999998
2919111388,19,50,mean_p,12,0.3543176272167034,0.0094070956109885851,mean_p|train_n=12|p=50,160,260,-1.3777999999999999,0.93608999999999998
3453469934,19,50,mean_p,12,0.13199231950509577,0.17581693306998908,mean_p|train_n=12|p=50,161,261,-1.3777999999999999,0.93608999999999998
1306838243,19,50,mean_p,12,0.2091116333702403,0.063675357558551596,mean_p|train_n=12|p=50,162,262,-1.3777999999999999,0.93608999999999998
1432210907,19,50,mean_p,12,0.083733576335404361,0.33195556653956726,mean_p|train_n=12|p=50,163,264,-1.3777999999999999,0.93608999999999998
2303272430,19,50,mean_p,12,0.35283837344324875,0.009592156447674173,mean_p|train_n=12|p=50,164,266,-1.3777999999999999,0.93608999999999998
2276937409,19,50,mean_p,12,0.37639309849337643,0.0070338541154745648,mean_p|train_n=12|p=50,165,267,-1.3777999999999999,0.93608999999999998
2159079092,19,50,mean_p,12,0.16068073337573041,0.12049674379265371,mean_p|train_n=12|p=50,166,268,-1.3777999999999999,0.93608999999999998
2772577163,19,50,mean_p,12,0.19653323825064803,0.075147476743425839,mean_p|train_n=12|p=50,167,269,-1.3777999999999999,0.93608999999999998
2792026075,19,50,mean_p,12,0.25211903981839828,0.0361399480712516,mean_p|train_n=12|p=50,168,273,-1.3777999999999999,0.93608999999999998
4025155255,19,50,mean_p,12,0.17720100986512496,0.096936299031113046,mean_p|train_n=12|p=50,169,274,-1.3777999999999999,0.93608999999999998
4216057114,19,50,mean_p,12,0.31174362210097967,0.016480127108766895,mean_p|train_n=12|p=50,170,276,-1.3777999999999999,0.93608999999999998
848505980,19,50,mean_p,12,0.20258901126266396,0.069386979980948393,mean_p|train_n=12|p=50,171,282,-1.3777999999999999,0.93608999999999998
4099514906,19,50,mean_p,12,0.20948510126355022,0.063362939502257951,mean_p|train_n=12|p=50,172,283,-1.3777999999999999,0.93608999999999998
509560491,19,50,mean_p,12,0.074022710796340957,0.37724364297695712,mean_p|train_n=12|p=50,173,287,-1.3777999999999999,0.93608999999999998
2122230350,19,50,mean_p,12,0.33314023037243468,0.012433149621489786,mean_p|train_n=12|p=50,174,288,-1.3777999999999999,0.93608999999999998
4283629433,19,50,mean_p,12,0.32345966616804667,0.014123743566424412,mean_p|train_n=12|p=50,175,293,-1.3777999999999999,0.93608999999999998
3358382050,19,50,mean_p,12,0.32636902654670386,0.013592818993325586,mean_p|train_n=12|p=50,176,294,-1.3777999999999999,0.93608999999999998
1362261134,19,50,mean_p,12,0.077574620458166862,0.36000334366451137,mean_p|train_n=12|p=50,177,295,-1.3777999999999999,0.93608999999999998
1215026457,19,50,mean_p,12,0.10569390150481872,0.24858581358017801,mean_p|train_n=12|p=50,178,299,-1.3777999999999999,0.93608999999999998
1576688777,19,50,mean_p,12,0.54543485487181764,0.00075918428914992263,mean_p|train_n=12|p=50,179,300,-1.3777999999999999,0.93608999999999998
282537979,19,50,mean_p,12,0.33941484594693017,0.011447036234254285,mean_p|train_n=12|p=50,180,302,-1.3777999999999999,0.93608999999999998
2297102913,19,50,mean_p,12,0.14432474861776673,0.14945983877472482,mean_p|train_n=12|p=50,181,305,-1.3777999999999999,0.93608999999999998
1997961616,19,50,mean_p,12,0.35636707981767407,0.0091565858298003067,mean_p|train_n=12|p=50,182,308,-1.3777999999999999,0.93608999999999998
2084313846,19,50,mean_p,12,0.20645227996202842,0.065944981401078698,mean_p|train_n=12|p=50,183,309,-1.3777999999999999,0.93608999999999998
3068739408,19,50,mean_p,12,0.2081916284020211,0.064451558740751355,mean_p|train_n=12|p=50,184,310,-1.3777999999999999,0.93608999999999998
1712915756,19,50,mean_p,12,0.21651757503593227,0.057758059153291345,mean_p|train_n=12|p=50,185,311,-1.3777999999999999,0.93608999999999998
1141048788,19,50,mean_p,12,0.13909085348602759,0.1601253671655129,mean_p|train_n=12|p=50,186,312,-1.3777999999999999,0.93608999999999998
3808027860,19,50,mean_p,12,0.17880612562073325,0.094908664612731938,mean_p|train_n=12|p=50,187,313,-1.3777999999999999,0.93608999999999998
2619807498,19,50,mean_p,12,0.13869571639328621,0.16096081146088795,mean_p|train_n=12|p=50,188,315,-1.3777999999999999,0.93608999999999998
2805236087,19,50,mean_p,12,0.24879812827305145,0.037755629005301307,mean_p|train_n=12|p=50,189,316,-1.3777999999999999,0.93608999999999998
1782235059,19,50,mean_p,12,0.10845288295262616,0.23971552029596835,mean_p|train_n=12|p=50,190,317,-1.3777999999999999,0.93608999999999998
1293992588,19,50,mean_p,12,0.33048009589277827,0.012876445237368877,mean_p|train_n=12|p=50,191,318,-1.3777999999999999,0.93608999999999998
1171576222,19,50,mean_p,12,0.17967135650886765,0.093833326805532122,mean_p|train_n=12|p=50,192,320,-1.3777999999999999,0.93608999999999998
154107070,19,50,mean_p,12,0.18174560220088756,0.091304739344552882,mean_p|train_n=12|p=50,193,321,-1.3777999999999999,0.93608999999999998
2759333025,19,50,mean_p,12,0.46499746964123684,0.0021898504701890198,mean_p|train_n=12|p=50,194,322,-1.3777999999999999,0.93608999999999998
262491590,19,50,mean_p,12,0.21162386051826806,0.061603095203709594,mean_p|train_n=12|p=50,195,323,-1.3777999999999999,0.93608999999999998
2735391790,19,50,mean_p,12,0.17104418571642807,0.10512374420099334,mean_p|train_n=12|p=50,196,326,-1.3777999999999999,0.93608999999999998
556360198,19,50,mean_p,12,0.19612252326226093,0.075555053212587958,mean_p|train_n=12|p=50,197,328,-1.3777999999999999,0.93608999999999998
3088522459,19,50,mean_p,12,0.13021873922700003,0.17997194756938609,mean_p|train_n=12|p=50,198,329,-1.3777999999999999,0.93608999999999998
1478914796,19,50,mean_p,12,0.27195722491355401,0.027830540282708274,mean_p|train_n=12|p=50,199,330,-1.3777999999999999,0.93608999999999998
1490350621,19,50,mean_p,12,0.21760019401860456,0.056940395087514153,mean_p|train_n=12|p=50,200,331,-1.3777999999999999,0.93608999999999998
3565318345,19,50,mean_p,12,0.24378261064588891,0.040333723218087432,mean_p|train_n=12|p=50,201,333,-1.3777999999999999,0.93608999999999998
3722825404,19,50,mean_p,12,0.31625499071483548,0.015529499847841945,mean_p|train_n=12|p=50,202,336,-1.3777999999999999,0.93608999999999998
2265578422,19,50,mean_p,12,0.43175414337932538,0.0033927510199021002,mean_p|train_n=12|p=50,203,337,-1.3777999999999999,0.93608999999999998
4157755627,19,50,mean_p,12,0.20803963250550397,0.064580704187361143,mean_p|train_n=12|p=50,204,338,-1.3777999999999999,0.93608999999999998
3486486973,19,50,mean_p,12,0.1430112648810507,0.15206773296618051,mean_p|train_n=12|p=50,205,339,-1.3777999999999999,0.93608999999999998
3190487508,19,50,mean_p,12,0.13377285091490732,0.17174212258938151,mean_p|train_n=12|p=50,206,340,-1.3777999999999999,0.93608999999999998
4138085254,19,50,mean_p,12,0.25668926326188685,0.034028892252357258,mean_p|train_n=12|p=50,207,341,-1.3777999999999999,0.93608999999999998
3767535333,19,50,mean_p,12,0.24829827435183022,0.038004993222629228,mean_p|train_n=12|p=50,208,343,-1.3777999999999999,0.93608999999999998
1329182550,19,50,mean_p,12,0.14841177198242486,0.14162779495659411,mean_p|train_n=12|p=50,209,346,-1.3777999999999999,0.93608999999999998
1854515918,19,50,mean_p,12,0.19896809630354478,0.072775979910400704,mean_p|train_n=12|p=50,210,347,-1.3777999999999999,0.93608999999999998
2480082364,19,50,mean_p,12,0.28424584219838633,0.023672058845728747,mean_p|train_n=12|p=50,211,348,-1.3777999999999999,0.93608999999999998
1544199556,19,50,mean_p,12,0.16546239344139044,0.11314263059415652,mean_p|train_n=12|p=50,212,351,-1.3777999999999999,0.93608999999999998
678385398,19,50,mean_p,12,0.14706520737060372,0.14416182248534715,mean_p|train_n=12|p=50,213,352,-1.3777999999999999,0.93608999999999998
2575905667,19,50,mean_p,12,0.31085349305548321,0.016674457469136598,mean_p|train_n=12|p=50,214,353,-1.3777999999999999,0.93608999999999998
1024711273,19,50,mean_p,12,0.28506538872354964,0.02341793402328507,mean_p|train_n=12|p=50,215,355,-1.3777999999999999,0.93608999999999998
889092362,19,50,mean_p,12,0.43832070292821435,0.0031116740156771315,mean_p|train_n=12|p=50,216,358,-1.3777999999999999,0.93608999999999998
3025506675,19,50,mean_p,12,0.056449985452061993,0.47547792784057791,mean_p|train_n=12|p=50,217,360,-1.3777999999999999,0.93608999999999998
1969272462,19,50,mean_p,12,0.17240590502315783,0.10325530455812586,mean_p|train_n=12|p=50,218,361,-1.3777999999999999,0.93608999999999998
3779845970,19,50,mean_p,12,0.29768678261509474,0.019831685806424821,mean_p|train_n=12|p=50,219,362,-1.3777999999999999,0.93608999999999998
3813284706,19,50,mean_p,12,0.28368578964666585,0.023847304189774474,mean_p|train_n=12|p=50,220,364,-1.3777999999999999,0.93608999999999998
249761254,19,50,mean_p,12,0.17814722100655703,0.095735831540260025,mean_p|train_n=12|p=50,221,366,-1.3777999999999999,0.93608999999999998
4221182613,19,50,mean_p,12,0.085635077357365405,0.32374583331570755,mean_p|train_n=12|p=50,222,367,-1.3777999999999999,0.93608999999999998
169046530,19,50,mean_p,12,0.26533320450955905,0.030367440228008011,mean_p|train_n=12|p=50,223,370,-1.3777999999999999,0.93608999999999998
1321364566,19,50,mean_p,12,0.203918832836709,0.068182351939625477,mean_p|train_n=12|p=50,224,372,-1.3777999999999999,0.93608999999999998
643648839,19,50,mean_p,12,0.38645957050202151,0.0061605213382579108,mean_p|train_n=12|p=50,225,374,-1.3777999999999999,0.93608999999999998
4107186660,19,50,mean_p,12,0.28335004813181736,0.023952982023318387,mean_p|train_n=12|p=50,226,375,-1.3777999999999999,0.93608999999999998
2624237447,19,50,mean_p,12,0.18642597596992722,0.085846698163597829,mean_p|train_n=12|p=50,227,376,-1.3777999999999999,0.93608999999999998
1803580398,19,50,mean_p,12,0.20652273380389005,0.065883821887157953,mean_p|train_n=12|p=50,228,381,-1.3777999999999999,0.93608999999999998
2194227826,19,50,mean_p,12,0.18869879984558829,0.083315157742043955,mean_p|train_n=12|p=50,229,382,-1.3777999999999999,0.93608999999999998
2655095329,19,50,mean_p,12,0.2809129980689522,0.02473423409292675,mean_p|train_n=12|p=50,230,383,-1.3777999999999999,0.93608999999999998
1083033225,19,50,mean_p,12,0.23660935905306901,0.04432984652591767,mean_p|train_n=12|p=50,231,384,-1.3777999999999999,0.93608999999999998
4292758491,19,50,mean_p,12,0.2654811749185183,0.030308319601644561,mean_p|train_n=12|p=50,232,385,-1.3777999999999999,0.93608999999999998
440776398,19,50,mean_p,12,0.30066278027858673,0.019069451723086949,mean_p|train_n=12|p=50,233,386,-1.3777999999999999,0.93608999999999998
3990594524,19,50,mean_p,12,0.20207299114453539,0.069860131483602525,mean_p|train_n=12|p=50,234,388,-1.3777999999999999,0.93608999999999998
1865444911,19,50,mean_p,12,0.24053836239502699,0.042094370418869931,mean_p|train_n=12|p=50,235,389,-1.3777999999999999,0.93608999999999998
1256384778,19,50,mean_p,12,0.15589834534680447,0.12833009440406168,mean_p|train_n=12|p=50,236,393,-1.3777999999999999,0.93608999999999998
4237077544,19,50,mean_p,12,0.14862256837490762,0.14123516083690718,mean_p|train_n=12|p=50,237,394,-1.3777999999999999,0.93608999999999998
515745249,19,50,mean_p,12,0.22774532732086544,0.049818962275306578,mean_p|train_n=12|p=50,238,395,-1.3777999999999999,0.93608999999999998
2939484057,19,50,mean_p,12,0.26777554023109851,0.029406211426334032,mean_p|train_n=12|p=50,239,396,-1.3777999999999999,0.93608999999999998
2724875809,19,50,mean_p,12,0.18680595595210359,0.08541817217238859,mean_p|train_n=12|p=50,240,398,-1.3777999999999999,0.93608999999999998
1615140102,19,50,mean_p,12,0.24448739154516075,0.039961084876542499,mean_p|train_n=12|p=50,241,399,-1.3777999999999999,0.93608999999999998
1492553151,19,50,mean_p,12,0.18284029097523399,0.089997857772527792,mean_p|train_n=12|p=50,242,400,-1.3777999999999999,0.93608999999999998
4012258166,19,50,mean_p,12,0.39542658950394582,0.0054743173990284728,mean_p|train_n=12|p=50,243,402,-1.3777999999999999,0.93608999999999998
359245209,19,50,mean_p,12,0.34606204695349052,0.010487547156532271,mean_p|train_n=12|p=50,244,403,-1.3777999999999999,0.93608999999999998
1826525938,19,50,mean_p,12,0.22784883593507263,0.049751095962511566,mean_p|train_n=12|p=50,245,404,-1.3777999999999999,0.93608999999999998
2904596439,19,50,mean_p,12,0.29812638522745682,0.019717202438438729,mean_p|train_n=12|p=50,246,405,-1.3777999999999999,0.93608999999999998
3493009289,19,50,mean_p,12,0.16959765260440263,0.10714560663451579,mean_p|train_n=12|p=50,247,406,-1.3777999999999999,0.93608999999999998
2123167026,19,50,mean_p,12,0.27489511089112445,0.026774304191969404,mean_p|train_n=12|p=50,248,408,-1.3777999999999999,0.93608999999999998
2399291510,19,50,mean_p,12,0.13001204863074065,0.18046251173529934,mean_p|train_n=12|p=50,249,409,-1.3777999999999999,0.93608999999999998
4160065740,19,50,mean_p,12,0.22283496272014888,0.053147134098562324,mean_p|train_n=12|p=50,250,410,-1.3777999999999999,0.93608999999999998
2838654428,19,50,mean_p,12,0.53118481181923449,0.00091590689753034233,mean_p|train_n=12|p=50,251,416,-1.3777999999999999,0.93608999999999998
3857428929,19,50,mean_p,12,0.11968772841419027,0.20674626336200702,mean_p|train_n=12|p=50,252,417,-1.3777999999999999,0.93608999999999998
3219418157,19,50,mean_p,12,0.29055600230642159,0.02178435119434588,mean_p|train_n=12|p=50,253,418,-1.3777999999999999,0.93608999999999998
2281261145,19,50,mean_p,12,0.08282828035514761,0.33593701532614145,mean_p|train_n=12|p=50,254,419,-1.3777999999999999,0.93608999999999998
1766561429,19,50,mean_p,12,0.48930394849309045,0.0015899807108541531,mean_p|train_n=12|p=50,255,421,-1.3777999999999999,0.93608999999999998
1272851152,19,50,mean_p,12,0.18230006040996966,0.090640451149930593,mean_p|train_n=12|p=50,256,423,-1.3777999999999999,0.93608999999999998
1252019970,19,50,mean_p,12,0.26352158317136215,0.031100679677724844,mean_p|train_n=12|p=50,257,424,-1.3777999999999999,0.93608999999999998
3645336785,19,50,mean_p,12,0.094473168976069347,0.28817354210413626,mean_p|train_n=12|p=50,258,425,-1.3777999999999999,0.93608999999999998
3999457273,19,50,mean_p,12,0.204472711320971,0.067686807594458775,mean_p|train_n=12|p=50,259,426,-1.3777999999999999,0.93608999999999998
955291953,19,50,mean_p,12,0.083110951496138674,0.33468874034721663,mean_p|train_n=12|p=50,260,427,-1.3777999999999999,0.93608999999999998
1494566577,19,50,mean_p,12,0.61289778622540825,0.00031223979945268739,mean_p|train_n=12|p=50,261,428,-1.3777999999999999,0.93608999999999998
3436799734,19,50,mean_p,12,0.31821946507905502,0.015132877633835041,mean_p|train_n=12|p=50,262,429,-1.3777999999999999,0.93608999999999998
2009838793,19,50,mean_p,12,0.44069829193632321,0.0030157497930806683,mean_p|train_n=12|p=50,263,430,-1.3777999999999999,0.93608999999999998
1628700843,19,50,mean_p,12,0.35003417635037265,0.009953024080490749,mean_p|train_n=12|p=50,264,432,-1.3777999999999999,0.93608999999999998
3335257847,19,50,mean_p,12,0.39103349156413186,0.0058003821164021542,mean_p|train_n=12|p=50,265,433,-1.3777999999999999,0.93608999999999998
2463683379,19,50,mean_p,12,0.17228478441162026,0.10342014201814817,mean_p|train_n=12|p=50,266,434,-1.3777999999999999,0.93608999999999998
2785673589,19,50,mean_p,12,0.17532610446739932,0.099359657803197193,mean_p|train_n=12|p=50,267,435,-1.3777999999999999,0.93608999999999998
3482115310,19,50,mean_p,12,0.44488793207454719,0.0028538580457353104,mean_p|train_n=12|p=50,268,436,-1.3777999999999999,0.93608999999999998
115168885,19,50,mean_p,12,0.11238017860732362,0.22763220805028592,mean_p|train_n=12|p=50,269,437,-1.3777999999999999,0.93608999999999998
666060098,19,50,mean_p,12,0.072185412266384433,0.3864830817751897,mean_p|train_n=12|p=50,270,439,-1.3777999999999999,0.93608999999999998
3016158127,19,50,mean_p,12,0.19659688739370243,0.075084511046388691,mean_p|train_n=12|p=50,271,440,-1.3777999999999999,0.93608999999999998
828645994,19,50,mean_p,12,0.1160968133496369,0.21675851091238629,mean_p|train_n=12|p=50,272,441,-1.3777999999999999,0.93608999999999998
1685318284,19,50,mean_p,12,0.23620043467084445,0.044569226743067965,mean_p|train_n=12|p=50,273,445,-1.3777999999999999,0.93608999999999998
1690088791,19,50,mean_p,12,0.32247207680161116,0.014308641750265645,mean_p|train_n=12|p=50,274,447,-1.3777999999999999,0.93608999999999998
25965511,19,50,mean_p,12,0.32694375116214092,0.01349032324703844,mean_p|train_n=12|p=50,275,449,-1.3777999999999999,0.93608999999999998
3887894062,19,50,mean_p,12,0.20685914212494683,0.065592573938158344,mean_p|train_n=12|p=50,276,450,-1.3777999999999999,0.93608999999999998
1714808217,19,50,mean_p,12,0.23893151715951563,0.042994656353720684,mean_p|train_n=12|p=50,277,452,-1.3777999999999999,0.93608999999999998
3507880963,19,50,mean_p,12,0.12119516818197255,0.20268227105039235,mean_p|train_n=12|p=50,278,453,-1.3777999999999999,0.93608999999999998
4108770867,19,50,mean_p,12,0.17844762802600536,0.095357820193746945,mean_p|train_n=12|p=50,279,454,-1.3777999999999999,0.93608999999999998
2214908256,19,50,mean_p,12,0.257645327338071,0.033603114853122902,mean_p|train_n=12|p=50,280,455,-1.3777999999999999,0.93608999999999998
2659500614,19,50,mean_p,12,0.21112623110331183,0.062008147901923015,mean_p|train_n=12|p=50,281,458,-1.3777999999999999,0.93608999999999998
3244569357,19,50,mean_p,12,0.16987834380521671,0.10675025844041906,mean_p|train_n=12|p=50,282,459,-1.3777999999999999,0.93608999999999998
71615112,19,50,mean_p,12,0.094573654031998938,0.28779243476580868,mean_p|train_n=12|p=50,283,460,-1.3777999999999999,0.93608999999999998
2883473454,19,50,mean_p,12,0.1504326151687401,0.13790821575884532,mean_p|train_n=12|p=50,284,461,-1.3777999999999999,0.93608999999999998
3102929634,19,50,mean_p,12,0.48788371487430188,0.0016199998752914127,mean_p|train_n=12|p=50,285,463,-1.3777999999999999,0.93608999999999998
2392521849,19,50,mean_p,12,0.21302507570364201,0.060476713937047358,mean_p|train_n=12|p=50,286,464,-1.3777999999999999,0.93608999999999998
1214388585,19,50,mean_p,12,0.13013622118578327,0.18016763764179033,mean_p|train_n=12|p=50,287,466,-1.3777999999999999,0.93608999999999998
3600418353,19,50,mean_p,12,0.12309099583795674,0.19768442010923148,mean_p|train_n=12|p=50,288,468,-1.3777999999999999,0.93608999999999998
367709200,19,50,mean_p,12,0.26567838540757588,0.030229704302231875,mean_p|train_n=12|p=50,289,469,-1.3777999999999999,0.93608999999999998
3966823065,19,50,mean_p,12,0.19326969647467518,0.078447743890479926,mean_p|train_n=12|p=50,290,470,-1.3777999999999999,0.93608999999999998
2579216625,19,50,mean_p,12,0.15472384056635,0.13033053438199146,mean_p|train_n=12|p=50,291,472,-1.3777999999999999,0.93608999999999998
1316697719,19,50,mean_p,12,0.16881718624224662,0.108252591026788,mean_p|train_n=12|p=50,292,474,-1.3777999999999999,0.93608999999999998
2837056686,19,50,mean_p,12,0.12900404318917805,0.18287416464921019,mean_p|train_n=12|p=50,293,475,-1.3777999999999999,0.93608999999999998
3303757215,19,50,mean_p,12,0.053835317794100598,0.49213600088401127,mean_p|train_n=12|p=50,294,477,-1.3777999999999999,0.93608999999999998
1552291330,19,50,mean_p,12,0.10962135989503588,0.23605487158464367,mean_p|train_n=12|p=50,295,478,-1.3777999999999999,0.93608999999999998
2876884188,19,50,mean_p,12,0.5801368072902765,0.00048069208251828063,mean_p|train_n=12|p=50,296,479,-1.3777999999999999,0.93608999999999998
491547125,19,50,mean_p,12,0.4228511991811561,0.0038148107828988686,mean_p|train_n=12|p=50,297,480,-1.3777999999999999,0.93608999999999998
639879964,19,50,mean_p,12,0.20868864906973694,0.064031058412990227,mean_p|train_n=12|p=50,298,482,-1.3777999999999999,0.93608999999999998
3234948370,19,50,mean_p,12,0.13488464224401578,0.16924578356391451,mean_p|train_n=12|p=50,299,483,-1.3777999999999999,0.93608999999999998
1048441336,19,50,mean_p,12,0.29566129729745988,0.020367819526895314,mean_p|train_n=12|p=50,300,484,-1.3777999999999999,0.93608999999999998
1762905824,19,50,mean_p,12,0.3258839990743338,0.013679923925406234,mean_p|train_n=12|p=50,301,486,-1.3777999999999999,0.93608999999999998
819001009,19,50,mean_p,12,0.18587641736095659,0.086470273946863671,mean_p|train_n=12|p=50,302,487,-1.3777999999999999,0.93608999999999998
2308642557,19,50,mean_p,12,0.14736567257575511,0.14359249188089704,mean_p|train_n=12|p=50,303,492,-1.3777999999999999,0.93608999999999998
1802448281,19,50,mean_p,12,0.18955022534051663,0.08238615474561431,mean_p|train_n=12|p=50,304,495,-1.3777999999999999,0.93608999999999998
2806984489,19,50,mean_p,12,0.21496503770758682,0.058951171093775422,mean_p|train_n=12|p=50,305,500,-1.3777999999999999,0.93608999999999998
823297139,19,50,mean_p,12,0.22379327166420793,0.05248059323632847,mean_p|train_n=12|p=50,306,502,-1.3777999999999999,0.93608999999999998
281003484,19,50,mean_p,12,0.26824193045086142,0.029226144281233459,mean_p|train_n=12|p=50,307,506,-1.3777999999999999,0.93608999999999998
1592284111,19,50,mean_p,12,0.41913671396132801,0.0040060674706652224,mean_p|train_n=12|p=50,308,507,-1.3777999999999999,0.93608999999999998
2883112976,19,50,mean_p,12,0.13478247550364525,0.16947365960456476,mean_p|train_n=12|p=50,309,508,-1.3777999999999999,0.93608999999999998
402361393,19,50,mean_p,12,0.09326134818987733,0.29280952388110593,mean_p|train_n=12|p=50,310,510,-1.3777999999999999,0.93608999999999998
1481786985,19,50,mean_p,12,0.36689834485736722,0.0079707513965687222,mean_p|train_n=12|p=50,311,512,-1.3777999999999999,0.93608999999999998
2642250524,19,50,mean_p,12,0.13490037488849979,0.16921072019367267,mean_p|train_n=12|p=50,312,514,-1.3777999999999999,0.93608999999999998
2312406995,19,50,mean_p,12,0.20990538171063744,0.063013193944650214,mean_p|train_n=12|p=50,313,515,-1.3777999999999999,0.93608999999999998
377965429,19,50,mean_p,12,0.28484743983171051,0.023485248076438738,mean_p|train_n=12|p=50,314,517,-1.3777999999999999,0.93608999999999998
2559902436,19,50,mean_p,12,0.1386037151604658,0.16115595581554576,mean_p|train_n=12|p=50,315,519,-1.3777999999999999,0.93608999999999998
2758594630,19,50,mean_p,12,0.27199369273960111,0.027817177211333394,mean_p|train_n=12|p=50,316,524,-1.3777999999999999,0.93608999999999998
6455790,19,50,mean_p,12,0.28340414576060069,0.0239359226850216,mean_p|train_n=12|p=50,317,526,-1.3777999999999999,0.93608999999999998
4038508300,19,50,mean_p,12,0.11055401683011849,0.23317316681499636,mean_p|train_n=12|p=50,318,529,-1.3777999999999999,0.93608999999999998
764797206,19,50,mean_p,12,0.13390059079173036,0.17145344230544268,mean_p|train_n=12|p=50,319,530,-1.3777999999999999,0.93608999999999998
2087620641,19,50,mean_p,12,0.22042584000995158,0.054860403359030759,mean_p|train_n=12|p=50,320,532,-1.3777999999999999,0.93608999999999998
1593016001,19,50,mean_p,12,0.17056735451040167,0.10578597427716832,mean_p|train_n=12|p=50,321,534,-1.3777999999999999,0.93608999999999998
1302267387,19,50,mean_p,12,0.16749458408365525,0.11015469580753383,mean_p|train_n=12|p=50,322,537,-1.3777999999999999,0.93608999999999998
3657627873,19,50,mean_p,12,0.29822119379368534,0.019692598715241271,mean_p|train_n=12|p=50,323,538,-1.3777999999999999,0.93608999999999998
2583932392,19,50,mean_p,12,0.34945545205801243,0.010029172677751002,mean_p|train_n=12|p=50,324,540,-1.3777999999999999,0.93608999999999998
2521193190,19,50,mean_p,12,0.13371780281731033,0.17186667600399674,mean_p|train_n=12|p=50,325,541,-1.3777999999999999,0.93608999999999998
2965818631,19,50,mean_p,12,0.19806849669526991,0.073643324318500222,mean_p|train_n=12|p=50,326,542,-1.3777999999999999,0.93608999999999998
937019242,19,50,mean_p,12,0.4538594299076113,0.0025358248759683837,mean_p|train_n=12|p=50,327,543,-1.3777999999999999,0.93608999999999998
3310712688,19,50,mean_p,12,0.19680118334412375,0.074882764984702282,mean_p|train_n=12|p=50,328,544,-1.3777999999999999,0.93608999999999998
4002362689,19,50,mean_p,12,0.18353923047733298,0.089173238393327733,mean_p|train_n=12|p=50,329,545,-1.3777999999999999,0.93608999999999998
2547826860,19,50,mean_p,12,0.27567785599805511,0.026499716506121585,mean_p|train_n=12|p=50,330,546,-1.3777999999999999,0.93608999999999998
3672294724,19,50,mean_p,12,0.16395620587065149,0.11540935586320414,mean_p|train_n=12|p=50,331,548,-1.3777999999999999,0.93608999999999998
2462134357,19,50,mean_p,12,0.31422639883270681,0.015949979966681259,mean_p|train_n=12|p=50,332,549,-1.3777999999999999,0.93608999999999998
3853798033,19,50,mean_p,12,0.16341409255912834,0.11623627187320368,mean_p|train_n=12|p=50,333,550,-1.3777999999999999,0.93608999999999998
834744336,19,50,mean_p,12,0.24799687409045362,0.038156149285378735,mean_p|train_n=12|p=50,334,551,-1.3777999999999999,0.93608999999999998
3296003194,19,50,mean_p,12,0.12989054865820623,0.18075150634978768,mean_p|train_n=12|p=50,335,552,-1.3777999999999999,0.93608999999999998
3509740484,19,50,mean_p,12,0.39911243927379969,0.0052149301839127691,mean_p|train_n=12|p=50,336,553,-1.3777999999999999,0.93608999999999998
1057221722,19,50,mean_p,12,0.053402155886686668,0.49495148961930757,mean_p|train_n=12|p=50,337,557,-1.3777999999999999,0.93608999999999998
1697404443,19,50,mean_p,12,0.31981398711428527,0.014818407723198455,mean_p|train_n=12|p=50,338,558,-1.3777999999999999,0.93608999999999998
4021747122,19,50,mean_p,12,0.17725469069654587,0.096867792618862622,mean_p|train_n=12|p=50,339,559,-1.3777999999999999,0.93608999999999998
1772857566,19,50,mean_p,12,0.22816790912678298,0.049542474075340237,mean_p|train_n=12|p=50,340,562,-1.3777999999999999,0.93608999999999998
2686235861,19,50,mean_p,12,0.14217785332394364,0.15374600056463505,mean_p|train_n=12|p=50,341,563,-1.3777999999999999,0.93608999999999998
3987766106,19,50,mean_p,12,0.21153859518408083,0.061672309842601594,mean_p|train_n=12|p=50,342,565,-1.3777999999999999,0.93608999999999998
1195457716,19,50,mean_p,12,0.15091178509321282,0.13704067647281423,mean_p|train_n=12|p=50,343,566,-1.3777999999999999,0.93608999999999998
1797099561,19,50,mean_p,12,0.3121307404840597,0.016396320781374509,mean_p|train_n=12|p=50,344,567,-1.3777999999999999,0.93608999999999998
1910482748,19,50,mean_p,12,0.095692287054249384,0.2835837059003985,mean_p|train_n=12|p=50,345,569,-1.3777999999999999,0.93608999999999998
2512038939,19,50,mean_p,12,0.20565049016912265,0.066645010832325324,mean_p|train_n=12|p=50,346,570,-1.3777999999999999,0.93608999999999998
758270366,19,50,mean_p,12,0.22409175085642491,0.05227470167280325,mean_p|train_n=12|p=50,347,574,-1.3777999999999999,0.93608999999999998
3532155666,19,50,mean_p,12,0.48691029211717674,0.0016409016081106863,mean_p|train_n=12|p=50,348,575,-1.3777999999999999,0.93608999999999998
2925078570,19,50,mean_p,12,0.16833717126443484,0.10893909904425879,mean_p|train_n=12|p=50,349,576,-1.3777999999999999,0.93608999999999998
2238690666,19,50,mean_p,12,0.27247963791637608,0.027639721313636133,mean_p|train_n=12|p=50,350,578,-1.3777999999999999,0.93608999999999998
890904550,19,50,mean_p,12,0.37708674921140833,0.0069698907837719166,mean_p|train_n=12|p=50,351,580,-1.3777999999999999,0.93608999999999998
1241763396,19,50,mean_p,12,0.19801755660826173,0.073692746033842266,mean_p|train_n=12|p=50,352,584,-1.3777999999999999,0.93608999999999998
171858843,19,50,mean_p,12,0.13139943814468805,0.17719510745952691,mean_p|train_n=12|p=50,353,587,-1.3777999999999999,0.93608999999999998
1029459203,19,50,mean_p,12,0.17540400040617854,0.099257779613748667,mean_p|train_n=12|p=50,354,588,-1.3777999999999999,0.93608999999999998
275524463,19,50,mean_p,12,0.33328568376777673,0.012409355581536385,mean_p|train_n=12|p=50,355,589,-1.3777999999999999,0.93608999999999998
1997943502,19,50,mean_p,12,0.14878625374483831,0.14093102770502164,mean_p|train_n=12|p=50,356,590,-1.3777999999999999,0.93608999999999998
1135388000,19,50,mean_p,12,0.24032918160988515,0.042210494748144853,mean_p|train_n=12|p=50,357,595,-1.3777999999999999,0.93608999999999998
1790582021,19,50,mean_p,12,0.2592744981509772,0.032889811161841559,mean_p|train_n=12|p=50,358,596,-1.3777999999999999,0.93608999999999998
1517659212,19,50,mean_p,12,0.23127388244184632,0.047556825745926914,mean_p|train_n=12|p=50,359,597,-1.3777999999999999,0.93608999999999998
2545304382,19,50,mean_p,12,0.29358908246920484,0.020931324746553598,mean_p|train_n=12|p=50,360,598,-1.3777999999999999,0.93608999999999998
1553325142,19,50,mean_p,12,0.28719866117454729,0.022769168821040936,mean_p|train_n=12|p=50,361,599,-1.3777999999999999,0.93608999999999998
2612453594,19,50,mean_p,12,0.17422700759013765,0.10080833657158263,mean_p|train_n=12|p=50,362,602,-1.3777999999999999,0.93608999999999998
3667112878,19,50,mean_p,12,0.12016607458748718,0.20544791335079604,mean_p|train_n=12|p=50,363,603,-1.3777999999999999,0.93608999999999998
3570075896,19,50,mean_p,12,0.08936152119661675,0.30824108986846183,mean_p|train_n=12|p=50,364,604,-1.3777999999999999,0.93608999999999998
1671578196,19,50,mean_p,12,0.11267023981289107,0.22676430108818404,mean_p|train_n=12|p=50,365,605,-1.3777999999999999,0.93608999999999998
3120351728,19,50,mean_p,12,0.22513733342475756,0.051559806690074143,mean_p|train_n=12|p=50,366,607,-1.3777999999999999,0.93608999999999998
2770433246,19,50,mean_p,12,0.22524254833333449,0.051488411859503314,mean_p|train_n=12|p=50,367,608,-1.3777999999999999,0.93608999999999998
2320561037,19,50,mean_p,12,0.20101661207607222,0.070838838647856631,mean_p|train_n=12|p=50,368,610,-1.3777999999999999,0.93608999999999998
969977079,19,50,mean_p,12,0.29567285266573334,0.020364720150323583,mean_p|train_n=12|p=50,369,611,-1.3777999999999999,0.93608999999999998
1579957964,19,50,mean_p,12,0.50755761890920725,0.0012502265327916618,mean_p|train_n=12|p=50,370,612,-1.3777999999999999,0.93608999999999998
857495404,19,50,mean_p,12,0.14663249899442943,0.14498570003509381,mean_p|train_n=12|p=50,371,614,-1.3777999999999999,0.93608999999999998
3938657716,19,50,mean_p,12,0.18371717489741682,0.088964506317882802,mean_p|train_n=12|p=50,372,615,-1.3777999999999999,0.93608999999999998
1671179167,19,50,mean_p,12,0.136279938302102,0.16616416309051782,mean_p|train_n=12|p=50,373,617,-1.3777999999999999,0.93608999999999998
2853284813,19,50,mean_p,12,0.13268258354263371,0.17422588794168631,mean_p|train_n=12|p=50,374,618,-1.3777999999999999,0.93608999999999998
416926916,19,50,mean_p,12,0.082492696943499089,0.33742499656721203,mean_p|train_n=12|p=50,375,619,-1.3777999999999999,0.93608999999999998
163731457,19,50,mean_p,12,0.1039314564747074,0.25442323363320107,mean_p|train_n=12|p=50,376,620,-1.3777999999999999,0.93608999999999998
3908713882,19,50,mean_p,12,0.14594146999342791,0.14631119535618084,mean_p|train_n=12|p=50,377,621,-1.3777999999999999,0.93608999999999998
1157162932,19,50,mean_p,12,0.14869927076394579,0.1410925634891122,mean_p|train_n=12|p=50,378,623,-1.3777999999999999,0.93608999999999998
1257578,19,50,mean_p,12,0.16929153522678189,0.10757843641889703,mean_p|train_n=12|p=50,379,626,-1.3777999999999999,0.93608999999999998
2000500548,19,50,mean_p,12,0.21860570558804018,0.056191339174660043,mean_p|train_n=12|p=50,380,627,-1.3777999999999999,0.93608999999999998
2291783882,19,50,mean_p,12,0.16727541869297044,0.11047310160606891,mean_p|train_n=12|p=50,381,629,-1.3777999999999999,0.93608999999999998
937646572,19,50,mean_p,12,0.14194998655904617,0.15420807898684441,mean_p|train_n=12|p=50,382,630,-1.3777999999999999,0.93608999999999998
4287701487,19,50,mean_p,12,0.2298003131856973,0.048488755932864114,mean_p|train_n=12|p=50,383,631,-1.3777999999999999,0.93608999999999998
475679048,19,50,mean_p,12,0.27467400592758923,0.02685238210805253,mean_p|train_n=12|p=50,384,632,-1.3777999999999999,0.93608999999999998
3640550312,19,50,mean_p,12,0.19115338624339656,0.080664945068056756,mean_p|train_n=12|p=50,385,633,-1.3777999999999999,0.93608999999999998
4134403446,19,50,mean_p,12,0.24995682167438774,0.037183860926577508,mean_p|train_n=12|p=50,386,634,-1.3777999999999999,0.93608999999999998
3862065165,19,50,mean_p,12,0.31382708013605071,0.016034080996721517,mean_p|train_n=12|p=50,387,635,-1.3777999999999999,0.93608999999999998
2274820973,19,50,mean_p,12,0.28240881978790916,0.024251745936139157,mean_p|train_n=12|p=50,388,636,-1.3777999999999999,0.93608999999999998
3243810251,19,50,mean_p,12,0.1811717670212675,0.091997369875710736,mean_p|train_n=12|p=50,389,638,-1.3777999999999999,0.93608999999999998
3455890410,19,50,mean_p,12,0.24222478519588062,0.041169766637381373,mean_p|train_n=12|p=50,390,639,-1.3777999999999999,0.93608999999999998
4107597530,19,50,mean_p,12,0.15599235043935503,0.12817131646866997,mean_p|train_n=12|p=50,391,640,-1.3777999999999999,0.93608999999999998
4220746672,19,50,mean_p,12,0.10307178923008709,0.25732009020029067,mean_p|train_n=12|p=50,392,641,-1.3777999999999999,0.93608999999999998
3878386588,19,50,mean_p,12,0.17072220044078629,0.10557046587981612,mean_p|train_n=12|p=50,393,642,-1.3777999999999999,0.93608999999999998
3584429545,19,50,mean_p,12,0.20623874155942798,0.066130696673084591,mean_p|train_n=12|p=50,394,644,-1.3777999999999999,0.93608999999999998
2506412976,19,50,mean_p,12,0.23702790359690359,0.044086166138212472,mean_p|train_n=12|p=50,395,645,-1.3777999999999999,0.93608999999999998
3841058452,19,50,mean_p,12,0.39277884440313415,0.0056685755245119212,mean_p|train_n=12|p=50,396,646,-1.3777999999999999,0.93608999999999998
1782492053,19,50,mean_p,12,0.13275051246085973,0.17407009341381952,mean_p|train_n=12|p=50,397,647,-1.3777999999999999,0.93608999999999998
2850339733,19,50,mean_p,12,0.17574831654038001,0.098808706873193888,mean_p|train_n=12|p=50,398,648,-1.3777999999999999,0.93608999999999998
1738542484,19,50,mean_p,12,0.14166520444455061,0.15478752578780686,mean_p|train_n=12|p=50,399,649,-1.3777999999999999,0.93608999999999998
545404562,19,50,mean_p,12,0.22211658809710555,0.053652337087739942,mean_p|train_n=12|p=50,400,652,-1.3777999999999999,0.93608999999999998
2284437566,19,50,mean_p,12,0.25018661775561113,0.037071499004245008,mean_p|train_n=12|p=50,401,653,-1.3777999999999999,0.93608999999999998
3782367029,19,50,mean_p,12,0.094497216169040096,0.28808229296263427,mean_p|train_n=12|p=50,402,654,-1.3777999999999999,0.93608999999999998
1919410495,19,50,mean_p,12,0.10472983749439549,0.25176211132130855,mean_p|train_n=12|p=50,403,655,-1.3777999999999999,0.93608999999999998
1426363515,19,50,mean_p,12,0.18250993880610905,0.090390261817453577,mean_p|train_n=12|p=50,404,656,-1.3777999999999999,0.93608999999999998
435674890,19,50,mean_p,12,0.46369687542804378,0.0022276825370897316,mean_p|train_n=12|p=50,405,657,-1.3777999999999999,0.93608999999999998
59062719,19,50,mean_p,12,0.21749290942511423,0.05702090396013372,mean_p|train_n=12|p=50,406,658,-1.3777999999999999,0.93608999999999998
4121731310,19,50,mean_p,12,0.34316538189125306,0.010895360511003751,mean_p|train_n=12|p=50,407,659,-1.3777999999999999,0.93608999999999998
2199113800,19,50,mean_p,12,0.50976604235795275,0.0012143880336239028,mean_p|train_n=12|p=50,408,661,-1.3777999999999999,0.93608999999999998
3434746236,19,50,mean_p,12,0.38174455739681801,0.0065551904408944622,mean_p|train_n=12|p=50,409,662,-1.3777999999999999,0.93608999999999998
254362458,19,50,mean_p,12,0.70827261533207508,8.8917093034739217e-05,mean_p|train_n=12|p=50,410,665,-1.3777999999999999,0.93608999999999998
1715291677,19,50,mean_p,12,0.25662469535974863,0.034057840895532987,mean_p|train_n=12|p=50,411,666,-1.3777999999999999,0.93608999999999998
3418312493,19,50,mean_p,12,0.12957410274850914,0.18150636520710692,mean_p|train_n=12|p=50,412,667,-1.3777999999999999,0.93608999999999998
3680860678,19,50,mean_p,12,0.15433524974808166,0.1309992316252809,mean_p|train_n=12|p=50,413,669,-1.3777999999999999,0.93608999999999998
241307018,19,50,mean_p,12,0.20439532342331396,0.067755827994724627,mean_p|train_n=12|p=50,414,670,-1.3777999999999999,0.93608999999999998
1124590282,19,50,mean_p,12,0.28804678410014378,0.022516261238480145,mean_p|train_n=12|p=50,415,672,-1.3777999999999999,0.93608999999999998
1140373295,19,50,mean_p,12,0.40102747803952549,0.0050850508533486381,mean_p|train_n=12|p=50,416,673,-1.3777999999999999,0.93608999999999998
3203137792,19,50,mean_p,12,0.19284639157818556,0.078886298757927201,mean_p|train_n=12|p=50,417,674,-1.3777999999999999,0.93608999999999998
195396707,19,50,mean_p,12,0.22907597878485747,0.048953519742148302,mean_p|train_n=12|p=50,418,675,-1.3777999999999999,0.93608999999999998
525577615,19,50,mean_p,12,0.27960966176213392,0.025162453765687664,mean_p|train_n=12|p=50,419,678,-1.3777999999999999,0.93608999999999998
2769014404,19,50,mean_p,12,0.17782962538314206,0.096137101507638642,mean_p|train_n=12|p=50,420,679,-1.3777999999999999,0.93608999999999998
3972474586,19,50,mean_p,12,0.13195416062140269,0.17590531114830232,mean_p|train_n=12|p=50,421,680,-1.3777999999999999,0.93608999999999998
3064663454,19,50,mean_p,12,0.1252846649298141,0.19205499167171042,mean_p|train_n=12|p=50,422,682,-1.3777999999999999,0.93608999999999998
3071845076,19,50,mean_p,12,0.18353275815360107,0.089180839771542869,mean_p|train_n=12|p=50,423,683,-1.3777999999999999,0.93608999999999998
1265690400,19,50,mean_p,12,0.29270071797487862,0.021177650590085854,mean_p|train_n=12|p=50,424,684,-1.3777999999999999,0.93608999999999998
2207492659,19,50,mean_p,12,0.20697911767631097,0.065489015991450988,mean_p|train_n=12|p=50,425,688,-1.3777999999999999,0.93608999999999998
3380688736,19,50,mean_p,12,0.087201916169332067,0.31713380882448278,mean_p|train_n=12|p=50,426,691,-1.3777999999999999,0.93608999999999998
1989673470,19,50,mean_p,12,0.26735769532870401,0.029568477878301101,mean_p|train_n=12|p=50,427,693,-1.3777999999999999,0.93608999999999998
660620138,19,50,mean_p,12,0.27330508283737726,0.027340878810829194,mean_p|train_n=12|p=50,428,694,-1.3777999999999999,0.93608999999999998
1467313531,19,50,mean_p,12,0.12785631452631374,0.1856593688177933,mean_p|train_n=12|p=50,429,696,-1.3777999999999999,0.93608999999999998
1169460647,19,50,mean_p,12,0.44000721975875878,0.0030433222580825,mean_p|train_n=12|p=50,430,697,-1.3777999999999999,0.93608999999999998
4032952119,19,50,mean_p,12,0.15860725758267805,0.12383251711419621,mean_p|train_n=12|p=50,431,699,-1.3777999999999999,0.93608999999999998
3340448731,19,50,mean_p,12,0.072957319644969765,0.38257405070089312,mean_p|train_n=12|p=50,432,700,-1.3777999999999999,0.93608999999999998
3968856483,19,50,mean_p,12,0.23811080766655679,0.043461887910821298,mean_p|train_n=12|p=50,433,702,-1.3777999999999999,0.93608999999999998
3790572755,19,50,mean_p,12,0.14203310836098179,0.15403936019779293,mean_p|train_n=12|p=50,434,704,-1.3777999999999999,0.93608999999999998
1390865063,19,50,mean_p,12,0.16505937739269405,0.11374474736482551,mean_p|train_n=12|p=50,435,705,-1.3777999999999999,0.93608999999999998
1775660888,19,50,mean_p,12,0.081774713411677899,0.34063071735651274,mean_p|train_n=12|p=50,436,707,-1.3777999999999999,0.93608999999999998
2556906557,19,50,mean_p,12,0.28128332687894519,0.024613895092978042,mean_p|train_n=12|p=50,437,710,-1.3777999999999999,0.93608999999999998
697918314,19,50,mean_p,12,0.14020276588906375,0.15779763061904878,mean_p|train_n=12|p=50,438,713,-1.3777999999999999,0.93608999999999998
1825356346,19,50,mean_p,12,0.41107269443092365,0.0044549310113390361,mean_p|train_n=12|p=50,439,714,-1.3777999999999999,0.93608999999999998
2951513762,19,50,mean_p,12,0.1747511655851943,0.10011484752133037,mean_p|train_n=12|p=50,440,715,-1.3777999999999999,0.93608999999999998
2793276305,19,50,mean_p,12,0.31994550181317954,0.014792764131842131,mean_p|train_n=12|p=50,441,716,-1.3777999999999999,0.93608999999999998
2821978480,19,50,mean_p,12,0.05962106217776527,0.45602974019908193,mean_p|train_n=12|p=50,442,717,-1.3777999999999999,0.93608999999999998
1037154061,19,50,mean_p,12,0.22314149680337952,0.05293301206648502,mean_p|train_n=12|p=50,443,720,-1.3777999999999999,0.93608999999999998
1658447366,19,50,mean_p,12,0.14276954304473599,0.15255260091194639,mean_p|train_n=12|p=50,444,721,-1.3777999999999999,0.93608999999999998
1119786952,19,50,mean_p,12,0.23138920286975198,0.04748465379974981,mean_p|train_n=12|p=50,445,722,-1.3777999999999999,0.93608999999999998
3323753440,19,50,mean_p,12,0.19265296447554051,0.079087509538518258,mean_p|train_n=12|p=50,446,723,-1.3777999999999999,0.93608999999999998
3663054469,19,50,mean_p,12,0.20245631251345581,0.06950834776483121,mean_p|train_n=12|p=50,447,727,-1.3777999999999999,0.93608999999999998
1901570752,19,50,mean_p,12,0.16440984594986352,0.1147219158145763,mean_p|train_n=12|p=50,448,729,-1.3777999999999999,0.93608999999999998
323453529,19,50,mean_p,12,0.20632100219197239,0.066059092393745023,mean_p|train_n=12|p=50,449,731,-1.3777999999999999,0.93608999999999998
3324266031,19,50,mean_p,12,0.29000563795133877,0.021942821853662121,mean_p|train_n=12|p=50,450,732,-1.3777999999999999,0.93608999999999998
2467761772,19,50,mean_p,12,0.37796806942293432,0.006889460274903802,mean_p|train_n=12|p=50,451,733,-1.3777999999999999,0.93608999999999998
4088887010,19,50,mean_p,12,0.45111540621238183,0.002629141093520092,mean_p|train_n=12|p=50,452,734,-1.3777999999999999,0.93608999999999998
1805562090,19,50,mean_p,12,0.095185665320721702,0.28548213239809334,mean_p|train_n=12|p=50,453,736,-1.3777999999999999,0.93608999999999998
1875731227,19,50,mean_p,12,0.15832088895320962,0.12430042289839369,mean_p|train_n=12|p=50,454,737,-1.3777999999999999,0.93608999999999998
283021298,19,50,mean_p,12,0.30283755011660451,0.01853102570272162,mean_p|train_n=12|p=50,455,740,-1.3777999999999999,0.93608999999999998
1635391833,19,50,mean_p,12,0.13604476611905694,0.1666795994994463,mean_p|train_n=12|p=50,456,742,-1.3777999999999999,0.93608999999999998
3399472533,19,50,mean_p,12,0.13056361237986894,0.17915638482977561,mean_p|train_n=12|p=50,457,746,-1.3777999999999999,0.93608999999999998
3508190366,19,50,mean_p,12,0.39044521045358327,0.0058454953559024534,mean_p|train_n=12|p=50,458,747,-1.3777999999999999,0.93608999999999998
2137852323,19,50,mean_p,12,0.12812002478862364,0.18501569028393325,mean_p|train_n=12|p=50,459,748,-1.3777999999999999,0.93608999999999998
1533836076,19,50,mean_p,12,0.30923687486412083,0.017033271666529487,mean_p|train_n=12|p=50,460,749,-1.3777999999999999,0.93608999999999998
244157086,19,50,mean_p,12,0.36526356038112717,0.0081442205866813864,mean_p|train_n=12|p=50,461,750,-1.3777999999999999,0.93608999999999998
1222905935,19,50,mean_p,12,0.15671743087748741,0.12695321302356738,mean_p|train_n=12|p=50,462,753,-1.3777999999999999,0.93608999999999998
2387457006,19,50,mean_p,12,0.28080776729048168,0.024768536238377957,mean_p|train_n=12|p=50,463,754,-1.3777999999999999,0.93608999999999998
1822453552,19,50,mean_p,12,0.18901069149446714,0.082973638489303003,mean_p|train_n=12|p=50,464,755,-1.3777999999999999,0.93608999999999998
361972927,19,50,mean_p,12,0.22963429495038012,0.048594889010939536,mean_p|train_n=12|p=50,465,756,-1.3777999999999999,0.93608999999999998
3296078617,19,50,mean_p,12,0.1668243682883003,0.11113129153344095,mean_p|train_n=12|p=50,466,758,-1.3777999999999999,0.93608999999999998
579251313,19,50,mean_p,12,0.23811091441848467,0.043461826807745706,mean_p|train_n=12|p=50,467,759,-1.3777999999999999,0.93608999999999998
3098096832,19,50,mean_p,12,0.047371334593991676,0.53586616928866404,mean_p|train_n=12|p=50,468,762,-1.3777999999999999,0.93608999999999998
4168272381,19,50,mean_p,12,0.23887276440083838,0.043027936853416639,mean_p|train_n=12|p=50,469,764,-1.3777999999999999,0.93608999999999998
2972562085,19,50,mean_p,12,0.37548012691801896,0.0071189371936086834,mean_p|train_n=12|p=50,470,765,-1.3777999999999999,0.93608999999999998
3389248049,19,50,mean_p,12,0.33110750451262927,0.012770487540444559,mean_p|train_n=12|p=50,471,766,-1.3777999999999999,0.93608999999999998
3074976566,19,50,mean_p,12,0.25219962838813209,0.036101611824767968,mean_p|train_n=12|p=50,472,767,-1.3777999999999999,0.93608999999999998
1049246947,19,50,mean_p,12,0.23223970887554235,0.04695574629573223,mean_p|train_n=12|p=50,473,768,-1.3777999999999999,0.93608999999999998
2540925029,19,50,mean_p,12,0.13697655876350012,0.16464668653030184,mean_p|train_n=12|p=50,474,769,-1.3777999999999999,0.93608999999999998
3656021645,19,50,mean_p,12,0.22196046313383597,0.053762766971760606,mean_p|train_n=12|p=50,475,770,-1.3777999999999999,0.93608999999999998
3436080939,19,50,mean_p,12,0.30338747129418264,0.018397302349595954,mean_p|train_n=12|p=50,476,771,-1.3777999999999999,0.93608999999999998
2900517789,19,50,mean_p,12,0.096018291623068644,0.28236877367177959,mean_p|train_n=12|p=50,477,772,-1.3777999999999999,0.93608999999999998
2467487904,19,50,mean_p,12,0.18588610446585352,0.086459243015136605,mean_p|train_n=12|p=50,478,775,-1.3777999999999999,0.93608999999999998
2804774038,19,50,mean_p,12,0.1660931693599052,0.11220662638028792,mean_p|train_n=12|p=50,479,776,-1.3777999999999999,0.93608999999999998
666555698,19,50,mean_p,12,0.23428022076910801,0.045710702631370947,mean_p|train_n=12|p=50,480,778,-1.3777999999999999,0.93608999999999998
521460732,19,50,mean_p,12,0.17006575325048764,0.1064871082844263,mean_p|train_n=12|p=50,481,780,-1.3777999999999999,0.93608999999999998
1536442070,19,50,mean_p,12,0.36223017225886744,0.0084761611208958466,mean_p|train_n=12|p=50,482,781,-1.3777999999999999,0.93608999999999998
2119070860,19,50,mean_p,12,0.19660832694061034,0.075073199928515341,mean_p|train_n=12|p=50,483,782,-1.3777999999999999,0.93608999999999998
168840707,19,50,mean_p,12,0.26550320552686646,0.030299527262963161,mean_p|train_n=12|p=50,484,784,-1.3777999999999999,0.93608999999999998
1545608255,19,50,mean_p,12,0.16834506854714659,0.10892776935646739,mean_p|train_n=12|p=50,485,785,-1.3777999999999999,0.93608999999999998
3149369208,19,50,mean_p,12,0.253320639828371,0.035572541026697491,mean_p|train_n=12|p=50,486,786,-1.3777999999999999,0.93608999999999998
1625802995,19,50,mean_p,12,0.23891720252996199,0.043002762502956808,mean_p|train_n=12|p=50,487,787,-1.3777999999999999,0.93608999999999998
640648313,19,50,mean_p,12,0.1457319558508389,0.1467154632646642,mean_p|train_n=12|p=50,488,788,-1.3777999999999999,0.93608999999999998
3867181036,19,50,mean_p,12,0.17529508581698999,0.099400255440283497,mean_p|train_n=12|p=50,489,790,-1.3777999999999999,0.93608999999999998
3933857000,19,50,mean_p,12,0.30025945871692544,0.01917101170904599,mean_p|train_n=12|p=50,490,793,-1.3777999999999999,0.93608999999999998
2579258771,19,50,mean_p,12,0.26079431149563098,0.03223804530542438,mean_p|train_n=12|p=50,491,795,-1.3777999999999999,0.93608999999999998
3170481895,19,50,mean_p,12,0.36536997173998575,0.0081328151399346505,mean_p|train_n=12|p=50,492,796,-1.3777999999999999,0.93608999999999998
3590573300,19,50,mean_p,12,0.12704281638279111,0.18765914321842544,mean_p|train_n=12|p=50,493,797,-1.3777999999999999,0.93608999999999998
3044103388,19,50,mean_p,12,0.18829045028418467,0.083764423678727884,mean_p|train_n=12|p=50,494,798,-1.3777999999999999,0.93608999999999998
701223791,19,50,mean_p,12,0.29248014644678155,0.021239258607392949,mean_p|train_n=12|p=50,495,799,-1.3777999999999999,0.93608999999999998
1098262247,19,50,mean_p,12,0.16876293934583081,0.10832995653842427,mean_p|train_n=12|p=50,496,801,-1.3777999999999999,0.93608999999999998
1118066406,19,50,mean_p,12,0.15193418290766278,0.13520782230662984,mean_p|train_n=12|p=50,497,802,-1.3777999999999999,0.93608999999999998
3157743917,19,50,mean_p,12,0.57747313481803386,0.00049785403330517182,mean_p|train_n=12|p=50,498,803,-1.3777999999999999,0.93608999999999998
2662941384,19,50,mean_p,12,0.14458847959536761,0.1489416228908135,mean_p|train_n=12|p=50,499,804,-1.3777999999999999,0.93608999999999998
1372426540,20,5,mean_p,12,0.62652785418359713,0.00016901546921853911,mean_p|train_n=12|p=5,0,2,-1.6801600000000001,1.1049500000000001
1783326620,20,5,mean_p,12,0.457534157444276,0.0017594214864488273,mean_p|train_n=12|p=5,1,3,-1.6801600000000001,1.1049500000000001
3442846284,20,5,mean_p,12,0.5078199037223039,0.00087623285166501283,mean_p|train_n=12|p=5,2,5,-1.6801600000000001,1.1049500000000001
1786056570,20,5,mean_p,12,0.54943926492661233,0.00049209166519382889,mean_p|train_n=12|p=5,3,6,-1.6801600000000001,1.1049500000000001
3238787778,20,5,mean_p,12,0.43535695423255494,0.0023927094183926151,mean_p|train_n=12|p=5,4,7,-1.6801600000000001,1.1049500000000001
707574821,20,5,mean_p,12,0.53943911091787045,0.00056526609316592184,mean_p|train_n=12|p=5,5,11,-1.6801600000000001,1.1049500000000001
3235767872,20,5,mean_p,12,0.49015911861634737,0.0011193039927468518,mean_p|train_n=12|p=5,6,12,-1.6801600000000001,1.1049500000000001
3690540800,20,5,mean_p,12,0.51152598348526879,0.00083235138819857404,mean_p|train_n=12|p=5,7,14,-1.6801600000000001,1.1049500000000001
1531810360,20,5,mean_p,12,0.40294165504186108,0.0037501574903745167,mean_p|train_n=12|p=5,8,16,-1.6801600000000001,1.1049500000000001
407499905,20,5,mean_p,12,0.56582721678793901,0.00039208543322749698,mean_p|train_n=12|p=5,9,18,-1.6801600000000001,1.1049500000000001
2833724062,20,5,mean_p,12,0.46339220556447192,0.001622187039839588,mean_p|train_n=12|p=5,10,23,-1.6801600000000001,1.1049500000000001
289381378,20,5,mean_p,12,0.47504007155933348,0.0013803009483324162,mean_p|train_n=12|p=5,11,24,-1.6801600000000001,1.1049500000000001
3219626110,20,5,mean_p,12,0.48687661901038781,0.0011714147004083413,mean_p|train_n=12|p=5,12,26,-1.6801600000000001,1.1049500000000001
3753855109,20,5,mean_p,12,0.53249295071411584,0.00062240487713890221,mean_p|train_n=12|p=5,13,27,-1.6801600000000001,1.1049500000000001
2920211084,20,5,mean_p,12,0.59180910238115503,0.00027349800925491043,mean_p|train_n=12|p=5,14,30,-1.6801600000000001,1.1049500000000001
36643198,20,5,mean_p,12,0.46900209685179944,0.001500811042209295,mean_p|train_n=12|p=5,15,32,-1.6801600000000001,1.1049500000000001
974638609,20,5,mean_p,12,0.44053789178455299,0.002226884061614779,mean_p|train_n=12|p=5,16,34,-1.6801600000000001,1.1049500000000001
1548419614,20,5,mean_p,12,0.49904010800023946,0.00098964439440432086,mean_p|train_n=12|p=5,17,35,-1.6801600000000001,1.1049500000000001
150380151,20,5,mean_p,12,0.56991654295151073,0.00037047636848598484,mean_p|train_n=12|p=5,18,37,-1.6801600000000001,1.1049500000000001
2644336020,20,5,mean_p,12,0.60456444131123555,0.00022917085079732807,mean_p|train_n=12|p=5,19,39,-1.6801600000000001,1.1049500000000001
2082443298,20,5,mean_p,12,0.46295750342482911,0.0016319922612055473,mean_p|train_n=12|p=5,20,40,-1.6801600000000001,1.1049500000000001
1844443629,20,5,mean_p,12,0.50588249344128733,0.00090008578684191336,mean_p|train_n=12|p=5,21,41,-1.6801600000000001,1.1049500000000001
331527953,20,5,mean_p,12,0.60820594775507308,0.00021788900902844984,mean_p|train_n=12|p=5,22,42,-1.6801600000000001,1.1049500000000001
343253331,20,5,mean_p,12,0.44581814493625266,0.0020696995977404521,mean_p|train_n=12|p=5,23,43,-1.6801600000000001,1.1049500000000001
2975564368,20,5,mean_p,12,0.41217298891207632,0.0032996763095116321,mean_p|train_n=12|p=5,24,46,-1.6801600000000001,1.1049500000000001
1350932878,20,5,mean_p,12,0.50276314630249175,0.00093986233365849273,mean_p|train_n=12|p=5,25,47,-1.6801600000000001,1.1049500000000001
1645772821,20,5,mean_p,12,0.53258796757405313,0.00062158557682741897,mean_p|train_n=12|p=5,26,49,-1.6801600000000001,1.1049500000000001
2042776086,20,5,mean_p,12,0.53930828926211261,0.00056629217478005288,mean_p|train_n=12|p=5,27,51,-1.6801600000000001,1.1049500000000001
4211136266,20,5,mean_p,12,0.38793252381176224,0.004617569924894243,mean_p|train_n=12|p=5,28,52,-1.6801600000000001,1.1049500000000001
2375920927,20,5,mean_p,12,0.50200567129248774,0.00094978367138718461,mean_p|train_n=12|p=5,29,53,-1.6801600000000001,1.1049500000000001
2855937071,20,5,mean_p,12,0.46274168809226507,0.0016368822253921005,mean_p|train_n=12|p=5,30,54,-1.6801600000000001,1.1049500000000001
200350148,20,5,mean_p,12,0.52502902787531114,0.00069025614289063919,mean_p|train_n=12|p=5,31,55,-1.6801600000000001,1.1049500000000001
1201082090,20,5,mean_p,12,0.518757166407944,0.00075295782139367265,mean_p|train_n=12|p=5,32,56,-1.6801600000000001,1.1049500000000001
1718906898,20,5,mean_p,12,0.52738340098147241,0.00066809087765410551,mean_p|train_n=12|p=5,33,58,-1.6801600000000001,1.1049500000000001
736304232,20,5,mean_p,12,0.5838650406772895,0.00030533893518230301,mean_p|train_n=12|p=5,34,59,-1.6801600000000001,1.1049500000000001
720989637,20,5,mean_p,12,0.61105714985793613,0.00020944470074551585,mean_p|train_n=12|p=5,35,61,-1.6801600000000001,1.1049500000000001
4232820973,20,5,mean_p,12,0.45147062177556252,0.0019137095039567444,mean_p|train_n=12|p=5,36,63,-1.6801600000000001,1.1049500000000001
654514979,20,5,mean_p,12,0.60188285112180429,0.00023785054930017333,mean_p|train_n=12|p=5,37,66,-1.6801600000000001,1.1049500000000001
2852772039,20,5,mean_p,12,0.39044402991767435,0.0044595671462160612,mean_p|train_n=12|p=5,38,67,-1.6801600000000001,1.1049500000000001
4039928504,20,5,mean_p,12,0.54473247437001038,0.00052527134809543605,mean_p|train_n=12|p=5,39,68,-1.6801600000000001,1.1049500000000001
3455879962,20,5,mean_p,12,0.38737425290567784,0.0046534452280539923,mean_p|train_n=12|p=5,40,69,-1.6801600000000001,1.1049500000000001
2286624001,20,5,mean_p,12,0.53482679603481853,0.00060258988609420501,mean_p|train_n=12|p=5,41,70,-1.6801600000000001,1.1049500000000001
3062918349,20,5,mean_p,12,0.59480013330411519,0.00026238944988632163,mean_p|train_n=12|p=5,42,72,-1.6801600000000001,1.1049500000000001
1469124877,20,5,mean_p,12,0.55703005323085086,0.00044294000867726747,mean_p|train_n=12|p=5,43,73,-1.6801600000000001,1.1049500000000001
4222814093,20,5,mean_p,12,0.40000083268457703,0.0039062049086222186,mean_p|train_n=12|p=5,44,75,-1.6801600000000001,1.1049500000000001
2017777975,20,5,mean_p,12,0.50224571265424489,0.00094662834825459609,mean_p|train_n=12|p=5,45,78,-1.6801600000000001,1.1049500000000001
4205940710,20,5,mean_p,12,0.56100954149403404,0.00041916595642378337,mean_p|train_n=12|p=5,46,79,-1.6801600000000001,1.1049500000000001
2130072952,20,5,mean_p,12,0.44885602445601835,0.001984346265073985,mean_p|train_n=12|p=5,47,80,-1.6801600000000001,1.1049500000000001
1246716837,20,5,mean_p,12,0.5532811616094292,0.00046656857734302565,mean_p|train_n=12|p=5,48,83,-1.6801600000000001,1.1049500000000001
3780637366,20,5,mean_p,12,0.48095177608840955,0.0012716915296388945,mean_p|train_n=12|p=5,49,84,-1.6801600000000001,1.1049500000000001
2540267347,20,5,mean_p,12,0.53785103798514666,0.00057784862918536901,mean_p|train_n=12|p=5,50,85,-1.6801600000000001,1.1049500000000001
4232714977,20,5,mean_p,12,0.4414290919489533,0.0021995409267949236,mean_p|train_n=12|p=5,51,86,-1.6801600000000001,1.1049500000000001
2294326319,20,5,mean_p,12,0.5559529258090834,0.00044960368602133406,mean_p|train_n=12|p=5,52,90,-1.6801600000000001,1.1049500000000001
2669205810,20,5,mean_p,12,0.52651459714779103,0.00067618613598482567,mean_p|train_n=12|p=5,53,91,-1.6801600000000001,1.1049500000000001
3706817458,20,5,mean_p,12,0.53272773174795229,0.00062038239411558462,mean_p|train_n=12|p=5,54,92,-1.6801600000000001,1.1049500000000001
536750630,20,5,mean_p,12,0.62349783947444926,0.00017626616743721203,mean_p|train_n=12|p=5,55,93,-1.6801600000000001,1.1049500000000001
990708909,20,5,mean_p,12,0.47354181056544986,0.0014092700306422622,mean_p|train_n=12|p=5,56,96,-1.6801600000000001,1.1049500000000001
2463037387,20,5,mean_p,12,0.61901033311507736,0.00018757996138848312,mean_p|train_n=12|p=5,57,98,-1.6801600000000001,1.1049500000000001
1906364401,20,5,mean_p,12,0.5602370448417886,0.00042367895906580874,mean_p|train_n=12|p=5,58,99,-1.6801600000000001,1.1049500000000001
1122867043,20,5,mean_p,12,0.43973404881502498,0.0022518384159194147,mean_p|train_n=12|p=5,59,100,-1.6801600000000001,1.1049500000000001
1213040224,20,5,mean_p,12,0.40726478514081277,0.0035320079293711436,mean_p|train_n=12|p=5,60,101,-1.6801600000000001,1.1049500000000001
3075303085,20,5,mean_p,12,0.45762882247211206,0.0017571140487913949,mean_p|train_n=12|p=5,61,105,-1.6801600000000001,1.1049500000000001
3414304508,20,5,mean_p,12,0.4914478870060221,0.0010994839502341956,mean_p|train_n=12|p=5,62,106,-1.6801600000000001,1.1049500000000001
3154562223,20,5,mean_p,12,0.4949039939877532,0.0010480477180710198,mean_p|train_n=12|p=5,63,107,-1.6801600000000001,1.1049500000000001
1629037326,20,5,mean_p,12,0.46694315948045206,0.0015442658037434175,mean_p|train_n=12|p=5,64,110,-1.6801600000000001,1.1049500000000001
2518453777,20,5,mean_p,12,0.52422775287956525,0.00069796627178458828,mean_p|train_n=12|p=5,65,111,-1.6801600000000001,1.1049500000000001
1386019666,20,5,mean_p,12,0.56938475413119882,0.00037321767121216941,mean_p|train_n=12|p=5,66,112,-1.6801600000000001,1.1049500000000001
1442309280,20,5,mean_p,12,0.48137282486285171,0.001264290318797855,mean_p|train_n=12|p=5,67,113,-1.6801600000000001,1.1049500000000001
1681715963,20,5,mean_p,12,0.53228880853756055,0.00062416878485009792,mean_p|train_n=12|p=5,68,115,-1.6801600000000001,1.1049500000000001
1407317941,20,5,mean_p,12,0.41378306062671211,0.0032268422977009686,mean_p|train_n=12|p=5,69,117,-1.6801600000000001,1.1049500000000001
1852785227,20,5,mean_p,12,0.39874436335506291,0.0039748406311396148,mean_p|train_n=12|p=5,70,118,-1.6801600000000001,1.1049500000000001
2030482427,20,5,mean_p,12,0.43067138957364576,0.0025532883830147362,mean_p|train_n=12|p=5,71,119,-1.6801600000000001,1.1049500000000001
4043744969,20,5,mean_p,12,0.5439802013166567,0.00053077791867227493,mean_p|train_n=12|p=5,72,121,-1.6801600000000001,1.1049500000000001
1153446008,20,5,mean_p,12,0.50266164192201268,0.00094118579140714596,mean_p|train_n=12|p=5,73,125,-1.6801600000000001,1.1049500000000001
708915003,20,5,mean_p,12,0.40365602017433294,0.003713202207278052,mean_p|train_n=12|p=5,74,126,-1.6801600000000001,1.1049500000000001
3314546444,20,5,mean_p,12,0.50452073544486864,0.00091723898258756439,mean_p|train_n=12|p=5,75,128,-1.6801600000000001,1.1049500000000001
1299114799,20,5,mean_p,12,0.57984895623244015,0.00032282073679109518,mean_p|train_n=12|p=5,76,129,-1.6801600000000001,1.1049500000000001
1773228688,20,5,mean_p,12,0.57609668443827067,0.00034005749525258932,mean_p|train_n=12|p=5,77,130,-1.6801600000000001,1.1049500000000001
146899265,20,5,mean_p,12,0.5312533159423819,0.00063319333103704987,mean_p|train_n=12|p=5,78,131,-1.6801600000000001,1.1049500000000001
1404396771,20,5,mean_p,12,0.57155173308235674,0.00036217267880353916,mean_p|train_n=12|p=5,79,133,-1.6801600000000001,1.1049500000000001
2400039562,20,5,mean_p,12,0.49931275538378805,0.00098591090031407719,mean_p|train_n=12|p=5,80,134,-1.6801600000000001,1.1049500000000001
1154979339,20,5,mean_p,12,0.48764256180970256,0.0011590421626788579,mean_p|train_n=12|p=5,81,137,-1.6801600000000001,1.1049500000000001
1482311483,20,5,mean_p,12,0.44891086778343936,0.0019828381599116891,mean_p|train_n=12|p=5,82,140,-1.6801600000000001,1.1049500000000001
2192272493,20,5,mean_p,12,0.45162625791586708,0.0019095849831846602,mean_p|train_n=12|p=5,83,143,-1.6801600000000001,1.1049500000000001
3049546338,20,5,mean_p,12,0.63432210770292863,0.0001517051671701052,mean_p|train_n=12|p=5,84,145,-1.6801600000000001,1.1049500000000001
2380126004,20,5,mean_p,12,0.44370839070983914,0.0021311268529129066,mean_p|train_n=12|p=5,85,146,-1.6801600000000001,1.1049500000000001
1439820419,20,5,mean_p,12,0.56766562173287605,0.00038221911890915709,mean_p|train_n=12|p=5,86,147,-1.6801600000000001,1.1049500000000001
2232441300,20,5,mean_p,12,0.66923083303968978,9.3503723278234182e-05,mean_p|train_n=12|p=5,87,148,-1.6801600000000001,1.1049500000000001
690719715,20,5,mean_p,12,0.47992176054636115,0.0012899803358633695,mean_p|train_n=12|p=5,88,150,-1.6801600000000001,1.1049500000000001
1765185143,20,5,mean_p,12,0.49737862812405587,0.001012703415363628,mean_p|train_n=12|p=5,89,151,-1.6801600000000001,1.1049500000000001
2064104397,20,5,mean_p,12,0.42224425253617826,0.0028696986260713722,mean_p|train_n=12|p=5,90,152,-1.6801600000000001,1.1049500000000001
3360927479,20,5,mean_p,12,0.50652353111792336,0.00089212245837510553,mean_p|train_n=12|p=5,91,153,-1.6801600000000001,1.1049500000000001
2737384704,20,5,mean_p,12,0.56125642325938896,0.00041773380975272846,mean_p|train_n=12|p=5,92,155,-1.6801600000000001,1.1049500000000001
3990217509,20,5,mean_p,12,0.5012072646253235,0.00096035452286473985,mean_p|train_n=12|p=5,93,156,-1.6801600000000001,1.1049500000000001
3934838374,20,5,mean_p,12,0.51531457403444048,0.00078976361257499374,mean_p|train_n=12|p=5,94,160,-1.6801600000000001,1.1049500000000001
3658669760,20,5,mean_p,12,0.59168839522171557,0.00027395605206626748,mean_p|train_n=12|p=5,95,161,-1.6801600000000001,1.1049500000000001
1984931174,20,5,mean_p,12,0.45256232992289752,0.001884964935194672,mean_p|train_n=12|p=5,96,163,-1.6801600000000001,1.1049500000000001
2115532597,20,5,mean_p,12,0.57969539659877778,0.00032350868586608454,mean_p|train_n=12|p=5,97,164,-1.6801600000000001,1.1049500000000001
1355776469,20,5,mean_p,12,0.64371459022966726,0.00013318398150516774,mean_p|train_n=12|p=5,98,166,-1.6801600000000001,1.1049500000000001
31602235,20,5,mean_p,12,0.54203778884541509,0.00054526464069318823,mean_p|train_n=12|p=5,99,167,-1.6801600000000001,1.1049500000000001
3287928152,20,5,mean_p,12,0.54358636450309106,0.0005336837521251706,mean_p|train_n=12|p=5,100,170,-1.6801600000000001,1.1049500000000001
2868281222,20,5,mean_p,12,0.4901829227491577,0.0011189346885707254,mean_p|train_n=12|p=5,101,172,-1.6801600000000001,1.1049500000000001
2523092534,20,5,mean_p,12,0.50978153552760841,0.00085272565912385091,mean_p|train_n=12|p=5,102,173,-1.6801600000000001,1.1049500000000001
819840658,20,5,mean_p,12,0.48011715519564813,0.0012864908362879535,mean_p|train_n=12|p=5,103,176,-1.6801600000000001,1.1049500000000001
1982584677,20,5,mean_p,12,0.48651092679408692,0.0011773683483713192,mean_p|train_n=12|p=5,104,177,-1.6801600000000001,1.1049500000000001
1983385032,20,5,mean_p,12,0.58006298513781773,0.00032186432443207473,mean_p|train_n=12|p=5,105,178,-1.6801600000000001,1.1049500000000001
2326581538,20,5,mean_p,12,0.55561552827025507,0.00045171155345331528,mean_p|train_n=12|p=5,106,180,-1.6801600000000001,1.1049500000000001
3405652243,20,5,mean_p,12,0.52031013834906714,0.00073692081913622224,mean_p|train_n=12|p=5,107,181,-1.6801600000000001,1.1049500000000001
1220066919,20,5,mean_p,12,0.46458863695961189,0.0015955032479165717,mean_p|train_n=12|p=5,108,184,-1.6801600000000001,1.1049500000000001
4068027982,20,5,mean_p,12,0.53281193309234909,0.00061965865757498126,mean_p|train_n=12|p=5,109,185,-1.6801600000000001,1.1049500000000001
3112810691,20,5,mean_p,12,0.44274456825575542,0.0021597928084642979,mean_p|train_n=12|p=5,110,186,-1.6801600000000001,1.1049500000000001
4020744046,20,5,mean_p,12,0.46065083319728889,0.0016850222254853023,mean_p|train_n=12|p=5,111,188,-1.6801600000000001,1.1049500000000001
2366981359,20,5,mean_p,12,0.46984115422302325,0.0014834550373081031,mean_p|train_n=12|p=5,112,189,-1.6801600000000001,1.1049500000000001
2484839600,20,5,mean_p,12,0.58525751633564227,0.00029950125593115613,mean_p|train_n=12|p=5,113,191,-1.6801600000000001,1.1049500000000001
3084647357,20,5,mean_p,12,0.45484638033294333,0.0018262150688939643,mean_p|train_n=12|p=5,114,194,-1.6801600000000001,1.1049500000000001
2253485866,20,5,mean_p,12,0.52191068548373498,0.00072074986918574337,mean_p|train_n=12|p=5,115,195,-1.6801600000000001,1.1049500000000001
2430776529,20,5,mean_p,12,0.42826361910133209,0.0026399523734942352,mean_p|train_n=12|p=5,116,197,-1.6801600000000001,1.1049500000000001
18916828,20,5,mean_p,12,0.51669521151097275,0.00077479151217317869,mean_p|train_n=12|p=5,117,198,-1.6801600000000001,1.1049500000000001
4129134133,20,5,mean_p,12,0.42409255047887012,0.0027971027959581051,mean_p|train_n=12|p=5,118,199,-1.6801600000000001,1.1049500000000001
1415356858,20,5,mean_p,12,0.52379734662196986,0.00070214327458259897,mean_p|train_n=12|p=5,119,202,-1.6801600000000001,1.1049500000000001
3395428748,20,5,mean_p,12,0.52574008008650275,0.00068348552185573371,mean_p|train_n=12|p=5,120,203,-1.6801600000000001,1.1049500000000001
2006661884,20,5,mean_p,12,0.51880539862612973,0.00075245453156246045,mean_p|train_n=12|p=5,121,205,-1.6801600000000001,1.1049500000000001
10427820,20,5,mean_p,12,0.5862469692948713,0.00029542112489673464,mean_p|train_n=12|p=5,122,206,-1.6801600000000001,1.1049500000000001
1126077234,20,5,mean_p,12,0.56285115191219703,0.00040860003886751154,mean_p|train_n=12|p=5,123,208,-1.6801600000000001,1.1049500000000001
885888809,20,5,mean_p,12,0.41553847659189158,0.0031492641101044314,mean_p|train_n=12|p=5,124,209,-1.6801600000000001,1.1049500000000001
1078627309,20,5,mean_p,12,0.41708406426843236,0.003082504496886324,mean_p|train_n=12|p=5,125,210,-1.6801600000000001,1.1049500000000001
4012175766,20,5,mean_p,12,0.54190296030206619,0.0005462847590726504,mean_p|train_n=12|p=5,126,213,-1.6801600000000001,1.1049500000000001
3522643050,20,5,mean_p,12,0.55478695304847392,0.0004569300481279383,mean_p|train_n=12|p=5,127,216,-1.6801600000000001,1.1049500000000001
1321034588,20,5,mean_p,12,0.44451627019289752,0.0021073922676564352,mean_p|train_n=12|p=5,128,218,-1.6801600000000001,1.1049500000000001
2687008951,20,5,mean_p,12,0.47299199995474528,0.0014200525174674888,mean_p|train_n=12|p=5,129,219,-1.6801600000000001,1.1049500000000001
371681404,20,5,mean_p,12,0.45692471917696176,0.0017743491195523152,mean_p|train_n=12|p=5,130,221,-1.6801600000000001,1.1049500000000001
2125607996,20,5,mean_p,12,0.40681824676179401,0.0035539400601066438,mean_p|train_n=12|p=5,131,222,-1.6801600000000001,1.1049500000000001
1174398403,20,5,mean_p,12,0.46576311855253927,0.0015697359653989973,mean_p|train_n=12|p=5,132,223,-1.6801600000000001,1.1049500000000001
2035255486,20,5,mean_p,12,0.57772842758051923,0.00033245148638077706,mean_p|train_n=12|p=5,133,224,-1.6801600000000001,1.1049500000000001
3701187393,20,5,mean_p,12,0.49932171980245083,0.0009857883855943887,mean_p|train_n=12|p=5,134,228,-1.6801600000000001,1.1049500000000001
3401686764,20,5,mean_p,12,0.63044890177291557,0.00016007348370301904,mean_p|train_n=12|p=5,135,231,-1.6801600000000001,1.1049500000000001
796544141,20,5,mean_p,12,0.54819715911583144,0.00050063848476601777,mean_p|train_n=12|p=5,136,232,-1.6801600000000001,1.1049500000000001
1067653113,20,5,mean_p,12,0.5169864971177065,0.00077166915361192635,mean_p|train_n=12|p=5,137,233,-1.6801600000000001,1.1049500000000001
3244132437,20,5,mean_p,12,0.52570002465655663,0.00068386515730453807,mean_p|train_n=12|p=5,138,234,-1.6801600000000001,1.1049500000000001
908797532,20,5,mean_p,12,0.43562416638380252,0.0023838623888230446,mean_p|train_n=12|p=5,139,235,-1.6801600000000001,1.1049500000000001
184110159,20,5,mean_p,12,0.51974135806777844,0.00074275438544663,mean_p|train_n=12|p=5,140,237,-1.6801600000000001,1.1049500000000001
268959844,20,5,mean_p,12,0.48859530429860137,0.0011438343994958626,mean_p|train_n=12|p=5,141,239,-1.6801600000000001,1.1049500000000001
922143937,20,5,mean_p,12,0.51123711781717351,0.00083569124584228463,mean_p|train_n=12|p=5,142,240,-1.6801600000000001,1.1049500000000001
1514765709,20,5,mean_p,12,0.47705323647832121,0.0013423115460199954,mean_p|train_n=12|p=5,143,241,-1.6801600000000001,1.1049500000000001
759371176,20,5,mean_p,12,0.39275093161186547,0.0043192045821513004,mean_p|train_n=12|p=5,144,244,-1.6801600000000001,1.1049500000000001
690184558,20,5,mean_p,12,0.49988725146375634,0.00097809008668256156,mean_p|train_n=12|p=5,145,246,-1.6801600000000001,1.1049500000000001
113297349,20,5,mean_p,12,0.5473808546163903,0.00050633607900402611,mean_p|train_n=12|p=5,146,248,-1.6801600000000001,1.1049500000000001
2301537319,20,5,mean_p,12,0.5493041808758603,0.00049301405022876609,mean_p|train_n=12|p=5,147,250,-1.6801600000000001,1.1049500000000001
3518374211,20,5,mean_p,12,0.4440476710743903,0.0021211267942239367,mean_p|train_n=12|p=5,148,251,-1.6801600000000001,1.1049500000000001
1525309998,20,5,mean_p,12,0.6015699558607609,0.0002388845024250204,mean_p|train_n=12|p=5,149,252,-1.6801600000000001,1.1049500000000001
3321847069,20,5,mean_p,12,0.52525537105521969,0.00068809366354883304,mean_p|train_n=12|p=5,150,255,-1.6801600000000001,1.1049500000000001
4056031777,20,5,mean_p,12,0.46327912479693634,0.0016247320269269377,mean_p|train_n=12|p=5,151,256,-1.6801600000000001,1.1049500000000001
3702221780,20,5,mean_p,12,0.47636883088779791,0.0013551078405029749,mean_p|train_n=12|p=5,152,257,-1.6801600000000001,1.1049500000000001
4026848210,20,5,mean_p,12,0.50211488947342864,0.00094834670583653601,mean_p|train_n=12|p=5,153,260,-1.6801600000000001,1.1049500000000001
391320566,20,5,mean_p,12,0.43120357971454848,0.0025345202495243311,mean_p|train_n=12|p=5,154,261,-1.6801600000000001,1.1049500000000001
3297338697,20,5,mean_p,12,0.43064972841946869,0.002554055218369529,mean_p|train_n=12|p=5,155,263,-1.6801600000000001,1.1049500000000001
2659288412,20,5,mean_p,12,0.40987784898234114,0.003406351479254784,mean_p|train_n=12|p=5,156,264,-1.6801600000000001,1.1049500000000001
3631079277,20,5,mean_p,12,0.58849059153244343,0.00028637400658267412,mean_p|train_n=12|p=5,157,266,-1.6801600000000001,1.1049500000000001
4272323293,20,5,mean_p,12,0.57386463061734128,0.00035074432640929575,mean_p|train_n=12|p=5,158,267,-1.6801600000000001,1.1049500000000001
4046901669,20,5,mean_p,12,0.45064437209448893,0.0019357556362296648,mean_p|train_n=12|p=5,159,269,-1.6801600000000001,1.1049500000000001
315406617,20,5,mean_p,12,0.49055321218200809,0.0011132055766348626,mean_p|train_n=12|p=5,160,270,-1.6801600000000001,1.1049500000000001
2213750419,20,5,mean_p,12,0.51001741233420117,0.00084994184546657826,mean_p|train_n=12|p=5,161,271,-1.6801600000000001,1.1049500000000001
1533551617,20,5,mean_p,12,0.45269719841737394,0.0018814439572019011,mean_p|train_n=12|p=5,162,272,-1.6801600000000001,1.1049500000000001
2976598161,20,5,mean_p,12,0.48940829724332235,0.0011310152169282238,mean_p|train_n=12|p=5,163,273,-1.6801600000000001,1.1049500000000001
873615947,20,5,mean_p,12,0.54651665927493243,0.00051243861480831942,mean_p|train_n=12|p=5,164,274,-1.6801600000000001,1.1049500000000001
343684824,20,5,mean_p,12,0.50966994243639008,0.00085404585407689341,mean_p|train_n=12|p=5,165,276,-1.6801600000000001,1.1049500000000001
3162605606,20,5,mean_p,12,0.47789567168256253,0.0013267263677213866,mean_p|train_n=12|p=5,166,278,-1.6801600000000001,1.1049500000000001
900364774,20,5,mean_p,12,0.55487195374567644,0.00045639193720123421,mean_p|train_n=12|p=5,167,279,-1.6801600000000001,1.1049500000000001
429971783,20,5,mean_p,12,0.61290840807787872,0.00020413792288108667,mean_p|train_n=12|p=5,168,281,-1.6801600000000001,1.1049500000000001
4126371965,20,5,mean_p,12,0.51524253111163498,0.00079055276480809839,mean_p|train_n=12|p=5,169,282,-1.6801600000000001,1.1049500000000001
781649369,20,5,mean_p,12,0.54244657206737634,0.00054218339822112796,mean_p|train_n=12|p=5,170,283,-1.6801600000000001,1.1049500000000001
448451950,20,5,mean_p,12,0.44487726869088673,0.0020968721651071832,mean_p|train_n=12|p=5,171,288,-1.6801600000000001,1.1049500000000001
3746384250,20,5,mean_p,12,0.49000443852728326,0.0011217067153824647,mean_p|train_n=12|p=5,172,292,-1.6801600000000001,1.1049500000000001
226771036,20,5,mean_p,12,0.40491651406438028,0.0036488807519355682,mean_p|train_n=12|p=5,173,293,-1.6801600000000001,1.1049500000000001
2024099295,20,5,mean_p,12,0.45164610855158605,0.0019090595601455342,mean_p|train_n=12|p=5,174,294,-1.6801600000000001,1.1049500000000001
3900314440,20,5,mean_p,12,0.4776490704950847,0.0013312697003714695,mean_p|train_n=12|p=5,175,295,-1.6801600000000001,1.1049500000000001
152355006,20,5,mean_p,12,0.47572583137649049,0.0013672410868912797,mean_p|train_n=12|p=5,176,297,-1.6801600000000001,1.1049500000000001
3295798992,20,5,mean_p,12,0.5515354796310532,0.00047799740531405085,mean_p|train_n=12|p=5,177,298,-1.6801600000000001,1.1049500000000001
164861382,20,5,mean_p,12,0.45428968277880893,0.001840363347273097,mean_p|train_n=12|p=5,178,299,-1.6801600000000001,1.1049500000000001
3115225869,20,5,mean_p,12,0.50959273647966918,0.00085496043026166482,mean_p|train_n=12|p=5,179,300,-1.6801600000000001,1.1049500000000001
1306992628,20,5,mean_p,12,0.48431059192760112,0.0012138351016175439,mean_p|train_n=12|p=5,180,301,-1.6801600000000001,1.1049500000000001
1402141074,20,5,mean_p,12,0.53225687412730005,0.00062444516862120571,mean_p|train_n=12|p=5,181,304,-1.6801600000000001,1.1049500000000001
3992684234,20,5,mean_p,12,0.4594474370019534,0.0017133685884681458,mean_p|train_n=12|p=5,182,305,-1.6801600000000001,1.1049500000000001
637252692,20,5,mean_p,12,0.53743036775804565,0.00058122833017578779,mean_p|train_n=12|p=5,183,307,-1.6801600000000001,1.1049500000000001
4218775035,20,5,mean_p,12,0.51333489109462127,0.00081173822814826851,mean_p|train_n=12|p=5,184,308,-1.6801600000000001,1.1049500000000001
3489800223,20,5,mean_p,12,0.43965558097004581,0.0022542892879695532,mean_p|train_n=12|p=5,185,309,-1.6801600000000001,1.1049500000000001
383386689,20,5,mean_p,12,0.41156082088025581,0.0033277980084492273,mean_p|train_n=12|p=5,186,311,-1.6801600000000001,1.1049500000000001
1030592234,20,5,mean_p,12,0.33457959654611596,0.0096745352211630165,mean_p|train_n=12|p=5,187,317,-1.6801600000000001,1.1049500000000001
423236310,20,5,mean_p,12,0.52980787365513471,0.00064600928756441208,mean_p|train_n=12|p=5,188,324,-1.6801600000000001,1.1049500000000001
643040053,20,5,mean_p,12,0.52737825540919803,0.00066813853613234293,mean_p|train_n=12|p=5,189,326,-1.6801600000000001,1.1049500000000001
363694314,20,5,mean_p,12,0.49245012894004753,0.0010843133290160123,mean_p|train_n=12|p=5,190,327,-1.6801600000000001,1.1049500000000001
3424385298,20,5,mean_p,12,0.42796376820363219,0.0026509490096508761,mean_p|train_n=12|p=5,191,329,-1.6801600000000001,1.1049500000000001
2958983615,20,5,mean_p,12,0.47718407717884537,0.0013398790181039302,mean_p|train_n=12|p=5,192,330,-1.6801600000000001,1.1049500000000001
1681158139,20,5,mean_p,12,0.52934354597127264,0.00065018102831377093,mean_p|train_n=12|p=5,193,333,-1.6801600000000001,1.1049500000000001
2698672273,20,5,mean_p,12,0.59206430786121089,0.00027253211050611833,mean_p|train_n=12|p=5,194,336,-1.6801600000000001,1.1049500000000001
1946483592,20,5,mean_p,12,0.49319918570098531,0.0010731119356954017,mean_p|train_n=12|p=5,195,337,-1.6801600000000001,1.1049500000000001
2716309919,20,5,mean_p,12,0.54146717091724272,0.00054959503126198372,mean_p|train_n=12|p=5,196,338,-1.6801600000000001,1.1049500000000001
1022181441,20,5,mean_p,12,0.3813030691159956,0.0050620540165210752,mean_p|train_n=12|p=5,197,339,-1.6801600000000001,1.1049500000000001
3235202506,20,5,mean_p,12,0.49458498655856398,0.0010526928491385141,mean_p|train_n=12|p=5,198,340,-1.6801600000000001,1.1049500000000001
2170052713,20,5,mean_p,12,0.45010561415652417,0.0019502674769704645,mean_p|train_n=12|p=5,199,341,-1.6801600000000001,1.1049500000000001
1425395999,20,5,mean_p,12,0.4861828164048857,0.0011827358956699619,mean_p|train_n=12|p=5,200,343,-1.6801600000000001,1.1049500000000001
261367507,20,5,mean_p,12,0.6227880585181319,0.00017800912641985307,mean_p|train_n=12|p=5,201,345,-1.6801600000000001,1.1049500000000001
3351422793,20,5,mean_p,12,0.52129713166673097,0.00072690646980083271,mean_p|train_n=12|p=5,202,346,-1.6801600000000001,1.1049500000000001
4001314084,20,5,mean_p,12,0.56406209217879399,0.00040179804263363222,mean_p|train_n=12|p=5,203,348,-1.6801600000000001,1.1049500000000001
2681136465,20,5,mean_p,12,0.57958550376224915,0.00032400190695542567,mean_p|train_n=12|p=5,204,349,-1.6801600000000001,1.1049500000000001
3673388274,20,5,mean_p,12,0.62729353277827604,0.00016723093230922148,mean_p|train_n=12|p=5,205,350,-1.6801600000000001,1.1049500000000001
3040465852,20,5,mean_p,12,0.54589757139596795,0.00051685548442629214,mean_p|train_n=12|p=5,206,353,-1.6801600000000001,1.1049500000000001
910395524,20,5,mean_p,12,0.63174130777984361,0.00015723105814024463,mean_p|train_n=12|p=5,207,357,-1.6801600000000001,1.1049500000000001
224251820,20,5,mean_p,12,0.54882996240510729,0.00049626583311103802,mean_p|train_n=12|p=5,208,358,-1.6801600000000001,1.1049500000000001
1447397359,20,5,mean_p,12,0.4575513817144386,0.0017590014235475048,mean_p|train_n=12|p=5,209,361,-1.6801600000000001,1.1049500000000001
2861170502,20,5,mean_p,12,0.54313165216591408,0.00053705853405376972,mean_p|train_n=12|p=5,210,363,-1.6801600000000001,1.1049500000000001
1614493109,20,5,mean_p,12,0.59692989726397017,0.00025475570143306404,mean_p|train_n=12|p=5,211,364,-1.6801600000000001,1.1049500000000001
3826658000,20,5,mean_p,12,0.51445119146610385,0.00079927310826254615,mean_p|train_n=12|p=5,212,366,-1.6801600000000001,1.1049500000000001
344896692,20,5,mean_p,12,0.41414828178137919,0.0032105459545269362,mean_p|train_n=12|p=5,213,367,-1.6801600000000001,1.1049500000000001
1245807783,20,5,mean_p,12,0.51800739647737526,0.00076082489316188343,mean_p|train_n=12|p=5,214,368,-1.6801600000000001,1.1049500000000001
1037946573,20,5,mean_p,12,0.45144230821931791,0.0019144608000432539,mean_p|train_n=12|p=5,215,370,-1.6801600000000001,1.1049500000000001
1748467753,20,5,mean_p,12,0.36323926067161383,0.0065025206297166446,mean_p|train_n=12|p=5,216,371,-1.6801600000000001,1.1049500000000001
1380102995,20,5,mean_p,12,0.4818731945625937,0.0012555507927784954,mean_p|train_n=12|p=5,217,372,-1.6801600000000001,1.1049500000000001
676432604,20,5,mean_p,12,0.52598025104757506,0.00068121365703815301,mean_p|train_n=12|p=5,218,374,-1.6801600000000001,1.1049500000000001
3786098874,20,5,mean_p,12,0.45866695738247037,0.0017320074516490524,mean_p|train_n=12|p=5,219,375,-1.6801600000000001,1.1049500000000001
3017936608,20,5,mean_p,12,0.53899583252970307,0.0005687504292179455,mean_p|train_n=12|p=5,220,376,-1.6801600000000001,1.1049500000000001
82736233,20,5,mean_p,12,0.41186022070583961,0.0033140143981575483,mean_p|train_n=12|p=5,221,377,-1.6801600000000001,1.1049500000000001
2037816262,20,5,mean_p,12,0.56457534281374833,0.00039894932996790701,mean_p|train_n=12|p=5,222,379,-1.6801600000000001,1.1049500000000001
4150403846,20,5,mean_p,12,0.4320883684718006,0.0025036222714592562,mean_p|train_n=12|p=5,223,382,-1.6801600000000001,1.1049500000000001
4005248292,20,5,mean_p,12,0.4844774922220485,0.0012110298622256838,mean_p|train_n=12|p=5,224,384,-1.6801600000000001,1.1049500000000001
1750671617,20,5,mean_p,12,0.52853664960707458,0.00065749475577296017,mean_p|train_n=12|p=5,225,385,-1.6801600000000001,1.1049500000000001
1842224664,20,5,mean_p,12,0.38155710473715193,0.005044258428172149,mean_p|train_n=12|p=5,226,386,-1.6801600000000001,1.1049500000000001
3164565421,20,5,mean_p,12,0.39350378510561673,0.0042743604774056788,mean_p|train_n=12|p=5,227,389,-1.6801600000000001,1.1049500000000001
1437895029,20,5,mean_p,12,0.45394406669102311,0.001849202157415253,mean_p|train_n=12|p=5,228,390,-1.6801600000000001,1.1049500000000001
240622653,20,5,mean_p,12,0.4680102664501562,0.0015215892467575925,mean_p|train_n=12|p=5,229,391,-1.6801600000000001,1.1049500000000001
4039798986,20,5,mean_p,12,0.46333089938022098,0.0016235662969554827,mean_p|train_n=12|p=5,230,392,-1.6801600000000001,1.1049500000000001
3075716880,20,5,mean_p,12,0.59682341039961828,0.00025513205497245962,mean_p|train_n=12|p=5,231,394,-1.6801600000000001,1.1049500000000001
3990090888,20,5,mean_p,12,0.69370260680107565,6.6603054305603009e-05,mean_p|train_n=12|p=5,232,396,-1.6801600000000001,1.1049500000000001
3588760986,20,5,mean_p,12,0.56126312121320432,0.00041769502356729822,mean_p|train_n=12|p=5,233,398,-1.6801600000000001,1.1049500000000001
300195121,20,5,mean_p,12,0.51506929143247349,0.00079245364741585642,mean_p|train_n=12|p=5,234,399,-1.6801600000000001,1.1049500000000001
959672943,20,5,mean_p,12,0.49822073149658691,0.0010009498231112249,mean_p|train_n=12|p=5,235,400,-1.6801600000000001,1.1049500000000001
3499753368,20,5,mean_p,12,0.47918574778455536,0.0013032097738398239,mean_p|train_n=12|p=5,236,401,-1.6801600000000001,1.1049500000000001
217835837,20,5,mean_p,12,0.4802666611255435,0.0012838272265598967,mean_p|train_n=12|p=5,237,402,-1.6801600000000001,1.1049500000000001
2640005070,20,5,mean_p,12,0.57048902804777446,0.00036754778276506503,mean_p|train_n=12|p=5,238,403,-1.6801600000000001,1.1049500000000001
2494270352,20,5,mean_p,12,0.55570906696641631,0.00045112618890267827,mean_p|train_n=12|p=5,239,406,-1.6801600000000001,1.1049500000000001
3048322827,20,5,mean_p,12,0.43641096272117386,0.0023580021442584078,mean_p|train_n=12|p=5,240,407,-1.6801600000000001,1.1049500000000001
3983888182,20,5,mean_p,12,0.448986541088221,0.0019807591447985641,mean_p|train_n=12|p=5,241,409,-1.6801600000000001,1.1049500000000001
155252342,20,5,mean_p,12,0.47068348841168134,0.0014662331373760228,mean_p|train_n=12|p=5,242,411,-1.6801600000000001,1.1049500000000001
554531188,20,5,mean_p,12,0.58548833995873595,0.00029854441510988855,mean_p|train_n=12|p=5,243,413,-1.6801600000000001,1.1049500000000001
2461812301,20,5,mean_p,12,0.45526493668490692,0.0018156492796169001,mean_p|train_n=12|p=5,244,414,-1.6801600000000001,1.1049500000000001
1735067842,20,5,mean_p,12,0.48446830089703852,0.0012111841800533962,mean_p|train_n=12|p=5,245,415,-1.6801600000000001,1.1049500000000001
163777874,20,5,mean_p,12,0.50003648935350142,0.00097606863092818965,mean_p|train_n=12|p=5,246,416,-1.6801600000000001,1.1049500000000001
3486320426,20,5,mean_p,12,0.43662865026813902,0.002350896914961086,mean_p|train_n=12|p=5,247,417,-1.6801600000000001,1.1049500000000001
3817140053,20,5,mean_p,12,0.47706868643716893,0.0013420240779578616,mean_p|train_n=12|p=5,248,418,-1.6801600000000001,1.1049500000000001
3500616314,20,5,mean_p,12,0.42347798256722446,0.0028210351330897956,mean_p|train_n=12|p=5,249,419,-1.6801600000000001,1.1049500000000001
2834054540,20,5,mean_p,12,0.47275887527633104,0.0014246492589187519,mean_p|train_n=12|p=5,250,421,-1.6801600000000001,1.1049500000000001
2246255938,20,5,mean_p,12,0.53097784207396403,0.00063561604264111891,mean_p|train_n=12|p=5,251,422,-1.6801600000000001,1.1049500000000001
3241396563,20,5,mean_p,12,0.46497166846399651,0.0015870536680363744,mean_p|train_n=12|p=5,252,424,-1.6801600000000001,1.1049500000000001
1280542099,20,5,mean_p,12,0.56993093403321804,0.00037040246480234075,mean_p|train_n=12|p=5,253,426,-1.6801600000000001,1.1049500000000001
2527174443,20,5,mean_p,12,0.58562680976180603,0.000297971879223236,mean_p|train_n=12|p=5,254,427,-1.6801600000000001,1.1049500000000001
1084089824,20,5,mean_p,12,0.49004012797821261,0.0011211518760869783,mean_p|train_n=12|p=5,255,428,-1.6801600000000001,1.1049500000000001
2638989730,20,5,mean_p,12,0.53616951149213954,0.00059147703290681126,mean_p|train_n=12|p=5,256,429,-1.6801600000000001,1.1049500000000001
191058861,20,5,mean_p,12,0.46082553186387176,0.0016809463126188509,mean_p|train_n=12|p=5,257,432,-1.6801600000000001,1.1049500000000001
3463873105,20,5,mean_p,12,0.46247998521164907,0.0016428315742371251,mean_p|train_n=12|p=5,258,435,-1.6801600000000001,1.1049500000000001
3802145136,20,5,mean_p,12,0.49263625318195503,0.0010815191577280979,mean_p|train_n=12|p=5,259,436,-1.6801600000000001,1.1049500000000001
3324662531,20,5,mean_p,12,0.53743428876864552,0.00058119673735207173,mean_p|train_n=12|p=5,260,437,-1.6801600000000001,1.1049500000000001
121077693,20,5,mean_p,12,0.54418055709490798,0.00052930571741452361,mean_p|train_n=12|p=5,261,438,-1.6801600000000001,1.1049500000000001
922256870,20,5,mean_p,12,0.51308496173787455,0.00081455558141818693,mean_p|train_n=12|p=5,262,439,-1.6801600000000001,1.1049500000000001
1888330208,20,5,mean_p,12,0.4328162842157452,0.0024784851251091009,mean_p|train_n=12|p=5,263,442,-1.6801600000000001,1.1049500000000001
1358630649,20,5,mean_p,12,0.45056313989197638,0.0019379367522826274,mean_p|train_n=12|p=5,264,443,-1.6801600000000001,1.1049500000000001
1381764876,20,5,mean_p,12,0.45480933754438907,0.0018271531115031624,mean_p|train_n=12|p=5,265,444,-1.6801600000000001,1.1049500000000001
645829071,20,5,mean_p,12,0.38323719122630456,0.0049281305004231371,mean_p|train_n=12|p=5,266,445,-1.6801600000000001,1.1049500000000001
304251752,20,5,mean_p,12,0.50783486611099282,0.00087605111988498625,mean_p|train_n=12|p=5,267,446,-1.6801600000000001,1.1049500000000001
4068196484,20,5,mean_p,12,0.5135136096932309,0.00080972958253454537,mean_p|train_n=12|p=5,268,447,-1.6801600000000001,1.1049500000000001
2322979867,20,5,mean_p,12,0.46707241231702107,0.001541501227559462,mean_p|train_n=12|p=5,269,449,-1.6801600000000001,1.1049500000000001
2132306496,20,5,mean_p,12,0.50048487265068453,0.00097002029130500381,mean_p|train_n=12|p=5,270,453,-1.6801600000000001,1.1049500000000001
4275192945,20,5,mean_p,12,0.51460018316992628,0.00079762394249228421,mean_p|train_n=12|p=5,271,454,-1.6801600000000001,1.1049500000000001
3487639485,20,5,mean_p,12,0.41300169055220753,0.0032619857363759075,mean_p|train_n=12|p=5,272,456,-1.6801600000000001,1.1049500000000001
3322902892,20,5,mean_p,12,0.47463197817484426,0.0013881319598067995,mean_p|train_n=12|p=5,273,458,-1.6801600000000001,1.1049500000000001
1378143268,20,5,mean_p,12,0.59583796604312389,0.00025864137076454959,mean_p|train_n=12|p=5,274,460,-1.6801600000000001,1.1049500000000001
3458951915,20,5,mean_p,12,0.48021805746734153,0.0012846925477049218,mean_p|train_n=12|p=5,275,461,-1.6801600000000001,1.1049500000000001
2362168181,20,5,mean_p,12,0.55752136166724253,0.00043993340321729819,mean_p|train_n=12|p=5,276,463,-1.6801600000000001,1.1049500000000001
3841810637,20,5,mean_p,12,0.50119673333751524,0.00096049473972146507,mean_p|train_n=12|p=5,277,464,-1.6801600000000001,1.1049500000000001
1778536754,20,5,mean_p,12,0.47111996921668586,0.0014573878823048421,mean_p|train_n=12|p=5,278,465,-1.6801600000000001,1.1049500000000001
2896225605,20,5,mean_p,12,0.50451383421708562,0.00091732674026030834,mean_p|train_n=12|p=5,279,466,-1.6801600000000001,1.1049500000000001
3228806187,20,5,mean_p,12,0.52193701545402937,0.00072048683563999535,mean_p|train_n=12|p=5,280,467,-1.6801600000000001,1.1049500000000001
109656100,20,5,mean_p,12,0.43005227008474228,0.002575297107283971,mean_p|train_n=12|p=5,281,468,-1.6801600000000001,1.1049500000000001
3119222225,20,5,mean_p,12,0.5080344675050823,0.0008736303820694964,mean_p|train_n=12|p=5,282,469,-1.6801600000000001,1.1049500000000001
1851568793,20,5,mean_p,12,0.47673900393313645,0.0013481716621594397,mean_p|train_n=12|p=5,283,470,-1.6801600000000001,1.1049500000000001
180812479,20,5,mean_p,12,0.52914335783329414,0.00065198791474055666,mean_p|train_n=12|p=5,284,472,-1.6801600000000001,1.1049500000000001
3032070409,20,5,mean_p,12,0.4332103228933436,0.0024649832218566047,mean_p|train_n=12|p=5,285,473,-1.6801600000000001,1.1049500000000001
2863202453,20,5,mean_p,12,0.50694247710854556,0.00088695618450400696,mean_p|train_n=12|p=5,286,475,-1.6801600000000001,1.1049500000000001
1953446955,20,5,mean_p,12,0.4909136756027449,0.0011076566704970054,mean_p|train_n=12|p=5,287,476,-1.6801600000000001,1.1049500000000001
2036240762,20,5,mean_p,12,0.63482596706787953,0.00015064920276248081,mean_p|train_n=12|p=5,288,477,-1.6801600000000001,1.1049500000000001
10420966,20,5,mean_p,12,0.44291947800325016,0.0021545621647880218,mean_p|train_n=12|p=5,289,478,-1.6801600000000001,1.1049500000000001
3691116640,20,5,mean_p,12,0.46718855091910705,0.0015390213721430323,mean_p|train_n=12|p=5,290,481,-1.6801600000000001,1.1049500000000001
1765717233,20,5,mean_p,12,0.44702619060580584,0.0020353268207660138,mean_p|train_n=12|p=5,291,482,-1.6801600000000001,1.1049500000000001
108726223,20,5,mean_p,12,0.44333982069073768,0.0021420436375294942,mean_p|train_n=12|p=5,292,483,-1.6801600000000001,1.1049500000000001
3411116609,20,5,mean_p,12,0.45748784072763371,0.0017605515491679554,mean_p|train_n=12|p=5,293,484,-1.6801600000000001,1.1049500000000001
1231152646,20,5,mean_p,12,0.48103636617402729,0.001270201132242597,mean_p|train_n=12|p=5,294,485,-1.6801600000000001,1.1049500000000001
1368658720,20,5,mean_p,12,0.43434287608297051,0.0024265839342196773,mean_p|train_n=12|p=5,295,486,-1.6801600000000001,1.1049500000000001
2288493279,20,5,mean_p,12,0.52722488045376248,0.00066956066258234796,mean_p|train_n=12|p=5,296,489,-1.6801600000000001,1.1049500000000001
409380418,20,5,mean_p,12,0.47022748328453634,0.0014755313965715896,mean_p|train_n=12|p=5,297,490,-1.6801600000000001,1.1049500000000001
592994520,20,5,mean_p,12,0.4793292635948091,0.001300619548316931,mean_p|train_n=12|p=5,298,491,-1.6801600000000001,1.1049500000000001
367989912,20,5,mean_p,12,0.6258781040095347,0.00017054474470745232,mean_p|train_n=12|p=5,299,492,-1.6801600000000001,1.1049500000000001
960439795,20,5,mean_p,12,0.38679201684602738,0.0046911575303534214,mean_p|train_n=12|p=5,300,493,-1.6801600000000001,1.1049500000000001
2789599590,20,5,mean_p,12,0.49181551905019527,0.0010938947264664657,mean_p|train_n=12|p=5,301,494,-1.6801600000000001,1.1049500000000001
4197872721,20,5,mean_p,12,0.49470813397752772,0.0010508972400888727,mean_p|train_n=12|p=5,302,495,-1.6801600000000001,1.1049500000000001
3414895577,20,5,mean_p,12,0.40618617304529525,0.0035852179472171692,mean_p|train_n=12|p=5,303,496,-1.6801600000000001,1.1049500000000001
1404666643,20,5,mean_p,12,0.42914064831405963,0.0026080496204536822,mean_p|train_n=12|p=5,304,497,-1.6801600000000001,1.1049500000000001
1253101078,20,5,mean_p,12,0.41865354948666,0.0030161606957794323,mean_p|train_n=12|p=5,305,498,-1.6801600000000001,1.1049500000000001
4144613520,20,5,mean_p,12,0.47414731047556974,0.0013974901118987612,mean_p|train_n=12|p=5,306,500,-1.6801600000000001,1.1049500000000001
3692040675,20,5,mean_p,12,0.52881686563174535,0.00065494559365320373,mean_p|train_n=12|p=5,307,501,-1.6801600000000001,1.1049500000000001
2403592662,20,5,mean_p,12,0.51967479507065306,0.00074344008511598885,mean_p|train_n=12|p=5,308,503,-1.6801600000000001,1.1049500000000001
91801003,20,5,mean_p,12,0.41194735878035205,0.0033100135181960998,mean_p|train_n=12|p=5,309,504,-1.6801600000000001,1.1049500000000001
4286583163,20,5,mean_p,12,0.61759133820207368,0.00019130646322900634,mean_p|train_n=12|p=5,310,506,-1.6801600000000001,1.1049500000000001
1777511001,20,5,mean_p,12,0.54710959635684431,0.00050824370892810548,mean_p|train_n=12|p=5,311,508,-1.6801600000000001,1.1049500000000001
9114705,20,5,mean_p,12,0.42726217786875137,0.0026768582176581062,mean_p|train_n=12|p=5,312,509,-1.6801600000000001,1.1049500000000001
1916533542,20,5,mean_p,12,0.4233236644871739,0.0028270766415711898,mean_p|train_n=12|p=5,313,511,-1.6801600000000001,1.1049500000000001
1632641265,20,5,mean_p,12,0.43871042191349252,0.0022840208908302328,mean_p|train_n=12|p=5,314,512,-1.6801600000000001,1.1049500000000001
1342169378,20,5,mean_p,12,0.51009092373775122,0.00084907612415157795,mean_p|train_n=12|p=5,315,514,-1.6801600000000001,1.1049500000000001
2637724640,20,5,mean_p,12,0.36817671147509579,0.006072329407362533,mean_p|train_n=12|p=5,316,517,-1.6801600000000001,1.1049500000000001
394711001,20,5,mean_p,12,0.59212177791467258,0.00027231506952364457,mean_p|train_n=12|p=5,317,519,-1.6801600000000001,1.1049500000000001
1565199926,20,5,mean_p,12,0.44926525524883232,0.0019731206564987621,mean_p|train_n=12|p=5,318,520,-1.6801600000000001,1.1049500000000001
1621686796,20,5,mean_p,12,0.46666827336978878,0.0015501618116901157,mean_p|train_n=12|p=5,319,523,-1.6801600000000001,1.1049500000000001
3562241796,20,5,mean_p,12,0.56871148776724456,0.00037671738785918318,mean_p|train_n=12|p=5,320,524,-1.6801600000000001,1.1049500000000001
4206507993,20,5,mean_p,12,0.42613395797390102,0.0027190546065587085,mean_p|train_n=12|p=5,321,527,-1.6801600000000001,1.1049500000000001
3035525224,20,5,mean_p,12,0.46342646694221312,0.0016214167430740876,mean_p|train_n=12|p=5,322,529,-1.6801600000000001,1.1049500000000001
396443661,20,5,mean_p,12,0.61564451006514631,0.00019653989336778106,mean_p|train_n=12|p=5,323,530,-1.6801600000000001,1.1049500000000001
2380806019,20,5,mean_p,12,0.49335885687721903,0.0010707392159896353,mean_p|train_n=12|p=5,324,531,-1.6801600000000001,1.1049500000000001
656783711,20,5,mean_p,12,0.55156166080841129,0.0004778239485029931,mean_p|train_n=12|p=5,325,532,-1.6801600000000001,1.1049500000000001
72159253,20,5,mean_p,12,0.52809973992939852,0.00066148919030461584,mean_p|train_n=12|p=5,326,533,-1.6801600000000001,1.1049500000000001
1675600141,20,5,mean_p,12,0.51958049370333348,0.00074441261583184175,mean_p|train_n=12|p=5,327,534,-1.6801600000000001,1.1049500000000001
858059419,20,5,mean_p,12,0.56158661744373428,0.00041582601829897816,mean_p|train_n=12|p=5,328,537,-1.6801600000000001,1.1049500000000001
2083214381,20,5,mean_p,12,0.38807385672792893,0.0046085316223948534,mean_p|train_n=12|p=5,329,538,-1.6801600000000001,1.1049500000000001
1522884566,20,5,mean_p,12,0.4271533186655751,0.0026809009381589207,mean_p|train_n=12|p=5,330,540,-1.6801600000000001,1.1049500000000001
3944390111,20,5,mean_p,12,0.4420830619651378,0.0021796901190956159,mean_p|train_n=12|p=5,331,542,-1.6801600000000001,1.1049500000000001
3477342975,20,5,mean_p,12,0.52845380650463492,0.00065825028889985595,mean_p|train_n=12|p=5,332,543,-1.6801600000000001,1.1049500000000001
2474216965,20,5,mean_p,12,0.37950723475738701,0.0051896584382440545,mean_p|train_n=12|p=5,333,546,-1.6801600000000001,1.1049500000000001
380217083,20,5,mean_p,12,0.60077059816909095,0.00024154641090273131,mean_p|train_n=12|p=5,334,547,-1.6801600000000001,1.1049500000000001
2076575489,20,5,mean_p,12,0.54234579420759488,0.00054294139997389983,mean_p|train_n=12|p=5,335,548,-1.6801600000000001,1.1049500000000001
3358116570,20,5,mean_p,12,0.55733149651827785,0.00044109287270881843,mean_p|train_n=12|p=5,336,549,-1.6801600000000001,1.1049500000000001
1564144277,20,5,mean_p,12,0.47441298995409475,0.0013923524835916866,mean_p|train_n=12|p=5,337,551,-1.6801600000000001,1.1049500000000001
3901030257,20,5,mean_p,12,0.43246305086589948,0.0024906516695178942,mean_p|train_n=12|p=5,338,552,-1.6801600000000001,1.1049500000000001
2004529793,20,5,mean_p,12,0.50765410698183222,0.00087824912854427657,mean_p|train_n=12|p=5,339,556,-1.6801600000000001,1.1049500000000001
2301252072,20,5,mean_p,12,0.64847896154638529,0.00012467162503928782,mean_p|train_n=12|p=5,340,561,-1.6801600000000001,1.1049500000000001
3198195858,20,5,mean_p,12,0.53426945421309768,0.00060726376842023166,mean_p|train_n=12|p=5,341,563,-1.6801600000000001,1.1049500000000001
3747593384,20,5,mean_p,12,0.53398589924827033,0.00060965556338882937,mean_p|train_n=12|p=5,342,565,-1.6801600000000001,1.1049500000000001
1830329248,20,5,mean_p,12,0.4273646640590904,0.0026730577442538161,mean_p|train_n=12|p=5,343,568,-1.6801600000000001,1.1049500000000001
612433243,20,5,mean_p,12,0.42661553482098719,0.0027009624598366617,mean_p|train_n=12|p=5,344,570,-1.6801600000000001,1.1049500000000001
1318217482,20,5,mean_p,12,0.4496037135476646,0.0019638844038408036,mean_p|train_n=12|p=5,345,571,-1.6801600000000001,1.1049500000000001
2856343923,20,5,mean_p,12,0.59492515806381097,0.00026193506743879866,mean_p|train_n=12|p=5,346,572,-1.6801600000000001,1.1049500000000001
2718068357,20,5,mean_p,12,0.50265015788028911,0.00094133564258175361,mean_p|train_n=12|p=5,347,575,-1.6801600000000001,1.1049500000000001
703849466,20,5,mean_p,12,0.5150467412716847,0.00079270141635009973,mean_p|train_n=12|p=5,348,577,-1.6801600000000001,1.1049500000000001
2105596263,20,5,mean_p,12,0.50378608801009706,0.00092662821983929443,mean_p|train_n=12|p=5,349,579,-1.6801600000000001,1.1049500000000001
874466672,20,5,mean_p,12,0.44234421509548455,0.0021718131428454255,mean_p|train_n=12|p=5,350,580,-1.6801600000000001,1.1049500000000001
2108958165,20,5,mean_p,12,0.61827812989522468,0.00018949368647053064,mean_p|train_n=12|p=5,351,583,-1.6801600000000001,1.1049500000000001
439221750,20,5,mean_p,12,0.50696841039015916,0.00088663737076071522,mean_p|train_n=12|p=5,352,584,-1.6801600000000001,1.1049500000000001
1560025406,20,5,mean_p,12,0.63504373844277695,0.0001501950858303441,mean_p|train_n=12|p=5,353,585,-1.6801600000000001,1.1049500000000001
809311832,20,5,mean_p,12,0.44819968396373211,0.0020024838472500776,mean_p|train_n=12|p=5,354,586,-1.6801600000000001,1.1049500000000001
1815781877,20,5,mean_p,12,0.75558501505328812,2.8243916826049193e-05,mean_p|train_n=12|p=5,355,587,-1.6801600000000001,1.1049500000000001
5802784,20,5,mean_p,12,0.42136595127885323,0.0029048532036601736,mean_p|train_n=12|p=5,356,589,-1.6801600000000001,1.1049500000000001
334638867,20,5,mean_p,12,0.52694287239039861,0.00067218340789019593,mean_p|train_n=12|p=5,357,590,-1.6801600000000001,1.1049500000000001
690709172,20,5,mean_p,12,0.41819763544481042,0.003035284137746049,mean_p|train_n=12|p=5,358,591,-1.6801600000000001,1.1049500000000001
269138065,20,5,mean_p,12,0.48370044929973172,0.0012241457155157413,mean_p|train_n=12|p=5,359,593,-1.6801600000000001,1.1049500000000001
3089687515,20,5,mean_p,12,0.53488050030225076,0.0006021414253473983,mean_p|train_n=12|p=5,360,597,-1.6801600000000001,1.1049500000000001
751288002,20,5,mean_p,12,0.39103514574607612,0.0044231720784866412,mean_p|train_n=12|p=5,361,598,-1.6801600000000001,1.1049500000000001
2376503862,20,5,mean_p,12,0.44501962146131852,0.0020927382183294173,mean_p|train_n=12|p=5,362,600,-1.6801600000000001,1.1049500000000001
3757241726,20,5,mean_p,12,0.50224376667415049,0.00094665388580366836,mean_p|train_n=12|p=5,363,601,-1.6801600000000001,1.1049500000000001
2459480193,20,5,mean_p,12,0.55611174273106079,0.00044861489595284974,mean_p|train_n=12|p=5,364,602,-1.6801600000000001,1.1049500000000001
3838562124,20,5,mean_p,12,0.60373391051815994,0.00023182468091539156,mean_p|train_n=12|p=5,365,605,-1.6801600000000001,1.1049500000000001
269696148,20,5,mean_p,12,0.46914963146236194,0.001497744624319448,mean_p|train_n=12|p=5,366,606,-1.6801600000000001,1.1049500000000001
2470211446,20,5,mean_p,12,0.58924111077898911,0.00028340990176608318,mean_p|train_n=12|p=5,367,607,-1.6801600000000001,1.1049500000000001
3557830222,20,5,mean_p,12,0.55731628296281832,0.00044118591106257653,mean_p|train_n=12|p=5,368,609,-1.6801600000000001,1.1049500000000001
1357833762,20,5,mean_p,12,0.42545377892159175,0.0027448146025354737,mean_p|train_n=12|p=5,369,610,-1.6801600000000001,1.1049500000000001
2207191704,20,5,mean_p,12,0.58239585209005906,0.00031162162175398802,mean_p|train_n=12|p=5,370,611,-1.6801600000000001,1.1049500000000001
3084044457,20,5,mean_p,12,0.52631024633577717,0.00067810442212516816,mean_p|train_n=12|p=5,371,612,-1.6801600000000001,1.1049500000000001
3570764635,20,5,mean_p,12,0.53340893778606013,0.00061455137601932187,mean_p|train_n=12|p=5,372,613,-1.6801600000000001,1.1049500000000001
2716318851,20,5,mean_p,12,0.50502306208891279,0.00091087377021048153,mean_p|train_n=12|p=5,373,614,-1.6801600000000001,1.1049500000000001
1077740446,20,5,mean_p,12,0.49052979264942315,0.0011135670527071852,mean_p|train_n=12|p=5,374,615,-1.6801600000000001,1.1049500000000001
791196783,20,5,mean_p,12,0.45436090902124615,0.0018385470594519168,mean_p|train_n=12|p=5,375,616,-1.6801600000000001,1.1049500000000001
2392841747,20,5,mean_p,12,0.50622081040273115,0.00089587420645373145,mean_p|train_n=12|p=5,376,617,-1.6801600000000001,1.1049500000000001
2259676229,20,5,mean_p,12,0.4706904634105733,0.0014660913682593203,mean_p|train_n=12|p=5,377,621,-1.6801600000000001,1.1049500000000001
2418896239,20,5,mean_p,12,0.49890950760266539,0.00099143777443869976,mean_p|train_n=12|p=5,378,622,-1.6801600000000001,1.1049500000000001
3635441378,20,5,mean_p,12,0.55597900141473522,0.00044944119056148057,mean_p|train_n=12|p=5,379,623,-1.6801600000000001,1.1049500000000001
713803420,20,5,mean_p,12,0.61220864305721145,0.00020612786105418833,mean_p|train_n=12|p=5,380,624,-1.6801600000000001,1.1049500000000001
101443978,20,5,mean_p,12,0.42809082319211855,0.0026462838540398255,mean_p|train_n=12|p=5,381,625,-1.6801600000000001,1.1049500000000001
3523696833,20,5,mean_p,12,0.57161075840847697,0.00036187644687527725,mean_p|train_n=12|p=5,382,626,-1.6801600000000001,1.1049500000000001
655081512,20,5,mean_p,12,0.57600631558661886,0.00034048377886525374,mean_p|train_n=12|p=5,383,627,-1.6801600000000001,1.1049500000000001
2934593266,20,5,mean_p,12,0.57711972394728162,0.0003352687228308085,mean_p|train_n=12|p=5,384,629,-1.6801600000000001,1.1049500000000001
826884430,20,5,mean_p,12,0.58316944996530851,0.00030829754052473746,mean_p|train_n=12|p=5,385,632,-1.6801600000000001,1.1049500000000001
505436229,20,5,mean_p,12,0.4866113358614329,0.0011757306326433889,mean_p|train_n=12|p=5,386,633,-1.6801600000000001,1.1049500000000001
1146334308,20,5,mean_p,12,0.62213739779253929,0.00017962204511205992,mean_p|train_n=12|p=5,387,635,-1.6801600000000001,1.1049500000000001
2790259724,20,5,mean_p,12,0.57022454433154635,0.00036889787867314642,mean_p|train_n=12|p=5,388,637,-1.6801600000000001,1.1049500000000001
473947871,20,5,mean_p,12,0.56033122897230103,0.00042312613544093469,mean_p|train_n=12|p=5,389,638,-1.6801600000000001,1.1049500000000001
2449713749,20,5,mean_p,12,0.547890401913673,0.00050277201211622747,mean_p|train_n=12|p=5,390,639,-1.6801600000000001,1.1049500000000001
3152671987,20,5,mean_p,12,0.52496512061771738,0.00069086794125647289,mean_p|train_n=12|p=5,391,642,-1.6801600000000001,1.1049500000000001
3039966867,20,5,mean_p,12,0.49210022608772641,0.0010895857669277979,mean_p|train_n=12|p=5,392,643,-1.6801600000000001,1.1049500000000001
976495937,20,5,mean_p,12,0.44082016332660229,0.0022181870366939751,mean_p|train_n=12|p=5,393,645,-1.6801600000000001,1.1049500000000001
3918162060,20,5,mean_p,12,0.47449559839024624,0.0013907588796372185,mean_p|train_n=12|p=5,394,647,-1.6801600000000001,1.1049500000000001
2487303171,20,5,mean_p,12,0.47759202994456229,0.0013323228181226173,mean_p|train_n=12|p=5,395,650,-1.6801600000000001,1.1049500000000001
2742382276,20,5,mean_p,12,0.60085050276909979,0.00024127899494932211,mean_p|train_n=12|p=5,396,651,-1.6801600000000001,1.1049500000000001
2256480131,20,5,mean_p,12,0.4736334268627399,0.0014074812930043288,mean_p|train_n=12|p=5,397,652,-1.6801600000000001,1.1049500000000001
2698318776,20,5,mean_p,12,0.49082857600701812,0.0011089641783964327,mean_p|train_n=12|p=5,398,654,-1.6801600000000001,1.1049500000000001
1180319841,20,5,mean_p,12,0.61546577234934652,0.00019702748982510716,mean_p|train_n=12|p=5,399,656,-1.6801600000000001,1.1049500000000001
1431497259,20,5,mean_p,12,0.49785421882299385,0.0010060485358057277,mean_p|train_n=12|p=5,400,657,-1.6801600000000001,1.1049500000000001
3919440467,20,5,mean_p,12,0.4488064758003677,0.0019857097613476763,mean_p|train_n=12|p=5,401,658,-1.6801600000000001,1.1049500000000001
1668296502,20,5,mean_p,12,0.53801898248411739,0.00057650484395969221,mean_p|train_n=12|p=5,402,661,-1.6801600000000001,1.1049500000000001
364099256,20,5,mean_p,12,0.52383989754217231,0.00070172921573520011,mean_p|train_n=12|p=5,403,662,-1.6801600000000001,1.1049500000000001
1783456975,20,5,mean_p,12,0.42805658968085769,0.0026475400181674106,mean_p|train_n=12|p=5,404,663,-1.6801600000000001,1.1049500000000001
1623844617,20,5,mean_p,12,0.42753768669256187,0.0026666538232015952,mean_p|train_n=12|p=5,405,664,-1.6801600000000001,1.1049500000000001
1280076758,20,5,mean_p,12,0.57425478418358844,0.00034885238474003353,mean_p|train_n=12|p=5,406,666,-1.6801600000000001,1.1049500000000001
4093847505,20,5,mean_p,12,0.4923917737981327,0.0010851908652565138,mean_p|train_n=12|p=5,407,667,-1.6801600000000001,1.1049500000000001
2702998999,20,5,mean_p,12,0.53312988882751122,0.00061693333539327908,mean_p|train_n=12|p=5,408,668,-1.6801600000000001,1.1049500000000001
695650189,20,5,mean_p,12,0.40693934403535614,0.0035479788362232181,mean_p|train_n=12|p=5,409,670,-1.6801600000000001,1.1049500000000001
1352997504,20,5,mean_p,12,0.48869247589999754,0.0011422945953408793,mean_p|train_n=12|p=5,410,671,-1.6801600000000001,1.1049500000000001
4134050744,20,5,mean_p,12,0.48927364422932451,0.0011331284402387137,mean_p|train_n=12|p=5,411,673,-1.6801600000000001,1.1049500000000001
2301564535,20,5,mean_p,12,0.54931814298205495,0.00049291863368957701,mean_p|train_n=12|p=5,412,674,-1.6801600000000001,1.1049500000000001
2663816155,20,5,mean_p,12,0.48206563379819239,0.001252205730596045,mean_p|train_n=12|p=5,413,675,-1.6801600000000001,1.1049500000000001
3711296483,20,5,mean_p,12,0.60997483581659129,0.0002126109149262167,mean_p|train_n=12|p=5,414,676,-1.6801600000000001,1.1049500000000001
3795676004,20,5,mean_p,12,0.55935703899994604,0.00042887927444782808,mean_p|train_n=12|p=5,415,678,-1.6801600000000001,1.1049500000000001
3299109103,20,5,mean_p,12,0.55193041467935045,0.00047538753851868046,mean_p|train_n=12|p=5,416,679,-1.6801600000000001,1.1049500000000001
196847621,20,5,mean_p,12,0.54012188515326298,0.00055994094393549214,mean_p|train_n=12|p=5,417,680,-1.6801600000000001,1.1049500000000001
2671903506,20,5,mean_p,12,0.65170230688257225,0.00011922330250783286,mean_p|train_n=12|p=5,418,682,-1.6801600000000001,1.1049500000000001
2102588164,20,5,mean_p,12,0.49162268524337521,0.0010968228862881077,mean_p|train_n=12|p=5,419,683,-1.6801600000000001,1.1049500000000001
2216406105,20,5,mean_p,12,0.45728096049511235,0.0017656080038415882,mean_p|train_n=12|p=5,420,685,-1.6801600000000001,1.1049500000000001
615850100,20,5,mean_p,12,0.52012658935028977,0.00073879832351022808,mean_p|train_n=12|p=5,421,688,-1.6801600000000001,1.1049500000000001
2695550478,20,5,mean_p,12,0.6119671005552656,0.00020681923503646822,mean_p|train_n=12|p=5,422,689,-1.6801600000000001,1.1049500000000001
243955217,20,5,mean_p,12,0.60587735533324794,0.000225037475401916,mean_p|train_n=12|p=5,423,690,-1.6801600000000001,1.1049500000000001
3572759242,20,5,mean_p,12,0.62142096735322938,0.00018141491006897064,mean_p|train_n=12|p=5,424,691,-1.6801600000000001,1.1049500000000001
473721111,20,5,mean_p,12,0.57436654220422723,0.00034831232789814666,mean_p|train_n=12|p=5,425,692,-1.6801600000000001,1.1049500000000001
2852965154,20,5,mean_p,12,0.60698623035210231,0.00022160459136594471,mean_p|train_n=12|p=5,426,693,-1.6801600000000001,1.1049500000000001
3805123545,20,5,mean_p,12,0.52191798924858435,0.00072067689574484826,mean_p|train_n=12|p=5,427,694,-1.6801600000000001,1.1049500000000001
151693365,20,5,mean_p,12,0.52357521637375859,0.00070430877239442073,mean_p|train_n=12|p=5,428,699,-1.6801600000000001,1.1049500000000001
3942988512,20,5,mean_p,12,0.44092271547099476,0.0022150357371291647,mean_p|train_n=12|p=5,429,700,-1.6801600000000001,1.1049500000000001
3169935809,20,5,mean_p,12,0.53328002464490154,0.00061565063233096789,mean_p|train_n=12|p=5,430,701,-1.6801600000000001,1.1049500000000001
2728486811,20,5,mean_p,12,0.44311300777350782,0.0021487894538066293,mean_p|train_n=12|p=5,431,702,-1.6801600000000001,1.1049500000000001
3737993596,20,5,mean_p,12,0.54926817026530161,0.00049326023072631666,mean_p|train_n=12|p=5,432,703,-1.6801600000000001,1.1049500000000001
1356283747,20,5,mean_p,12,0.48552419839347694,0.001193584178117407,mean_p|train_n=12|p=5,433,704,-1.6801600000000001,1.1049500000000001
82309177,20,5,mean_p,12,0.53943703750514183,0.00056528234118402338,mean_p|train_n=12|p=5,434,705,-1.6801600000000001,1.1049500000000001
91989964,20,5,mean_p,12,0.47846145539129281,0.001316360988634171,mean_p|train_n=12|p=5,435,708,-1.6801600000000001,1.1049500000000001
4224077090,20,5,mean_p,12,0.50114883825705703,0.00096113268810471195,mean_p|train_n=12|p=5,436,709,-1.6801600000000001,1.1049500000000001
3691237421,20,5,mean_p,12,0.50179535307024681,0.00095255692975820914,mean_p|train_n=12|p=5,437,710,-1.6801600000000001,1.1049500000000001
2390090357,20,5,mean_p,12,0.48305353536712647,0.0012351733900136045,mean_p|train_n=12|p=5,438,711,-1.6801600000000001,1.1049500000000001
647723074,20,5,mean_p,12,0.5035322500417988,0.00092989471421286865,mean_p|train_n=12|p=5,439,712,-1.6801600000000001,1.1049500000000001
3737857772,20,5,mean_p,12,0.52392093693402808,0.00070094130456366569,mean_p|train_n=12|p=5,440,714,-1.6801600000000001,1.1049500000000001
1749439242,20,5,mean_p,12,0.46821615109396514,0.0015172525683727568,mean_p|train_n=12|p=5,441,715,-1.6801600000000001,1.1049500000000001
56897721,20,5,mean_p,12,0.35006657511631445,0.0078052929584596139,mean_p|train_n=12|p=5,442,718,-1.6801600000000001,1.1049500000000001
3098184549,20,5,mean_p,12,0.45514501557954279,0.0018186702334603941,mean_p|train_n=12|p=5,443,719,-1.6801600000000001,1.1049500000000001
440743835,20,5,mean_p,12,0.52388660384171981,0.00070127500239744087,mean_p|train_n=12|p=5,444,720,-1.6801600000000001,1.1049500000000001
299170486,20,5,mean_p,12,0.52837992814364942,0.00065892479546638598,mean_p|train_n=12|p=5,445,723,-1.6801600000000001,1.1049500000000001
3956920303,20,5,mean_p,12,0.45865951189595072,0.0017321862323797122,mean_p|train_n=12|p=5,446,724,-1.6801600000000001,1.1049500000000001
592904710,20,5,mean_p,12,0.59314116895266866,0.00026849384211545362,mean_p|train_n=12|p=5,447,726,-1.6801600000000001,1.1049500000000001
923947072,20,5,mean_p,12,0.50179437063648091,0.00095256990312316708,mean_p|train_n=12|p=5,448,727,-1.6801600000000001,1.1049500000000001
1534142280,20,5,mean_p,12,0.42440289550829585,0.0027850946825354714,mean_p|train_n=12|p=5,449,728,-1.6801600000000001,1.1049500000000001
122562552,20,5,mean_p,12,0.61558692197284404,0.00019669686176863402,mean_p|train_n=12|p=5,450,731,-1.6801600000000001,1.1049500000000001
2640539726,20,5,mean_p,12,0.58436851334778206,0.00030321520752763924,mean_p|train_n=12|p=5,451,732,-1.6801600000000001,1.1049500000000001
1382510932,20,5,mean_p,12,0.49207667338148681,0.0010899415854865489,mean_p|train_n=12|p=5,452,733,-1.6801600000000001,1.1049500000000001
3698235550,20,5,mean_p,12,0.60285541297053169,0.00023466523397421108,mean_p|train_n=12|p=5,453,734,-1.6801600000000001,1.1049500000000001
2095713437,20,5,mean_p,12,0.47609718542412127,0.0013602205340574221,mean_p|train_n=12|p=5,454,736,-1.6801600000000001,1.1049500000000001
1178804964,20,5,mean_p,12,0.50507456290438912,0.00091022368133393734,mean_p|train_n=12|p=5,455,737,-1.6801600000000001,1.1049500000000001
3992593739,20,5,mean_p,12,0.57631148248760034,0.00033904640087531847,mean_p|train_n=12|p=5,456,739,-1.6801600000000001,1.1049500000000001
318531132,20,5,mean_p,12,0.4711318244977824,0.0014571483816091472,mean_p|train_n=12|p=5,457,740,-1.6801600000000001,1.1049500000000001
1184355619,20,5,mean_p,12,0.46017483834386441,0.0016961779305174874,mean_p|train_n=12|p=5,458,741,-1.6801600000000001,1.1049500000000001
280662243,20,5,mean_p,12,0.54705914661851418,0.00050859928969644824,mean_p|train_n=12|p=5,459,742,-1.6801600000000001,1.1049500000000001
1888178158,20,5,mean_p,12,0.41580366526128987,0.0031377077397391645,mean_p|train_n=12|p=5,460,746,-1.6801600000000001,1.1049500000000001
1669169981,20,5,mean_p,12,0.63166039119241368,0.00015740752979515637,mean_p|train_n=12|p=5,461,747,-1.6801600000000001,1.1049500000000001
2402096750,20,5,mean_p,12,0.54408502207124287,0.00053000719254447752,mean_p|train_n=12|p=5,462,748,-1.6801600000000001,1.1049500000000001
731330816,20,5,mean_p,12,0.46082807468988107,0.0016808870585347095,mean_p|train_n=12|p=5,463,749,-1.6801600000000001,1.1049500000000001
4121360119,20,5,mean_p,12,0.44080307011479414,0.0022187127255256585,mean_p|train_n=12|p=5,464,750,-1.6801600000000001,1.1049500000000001
3221744929,20,5,mean_p,12,0.41997149805500555,0.0029615538595132978,mean_p|train_n=12|p=5,465,752,-1.6801600000000001,1.1049500000000001
577239648,20,5,mean_p,12,0.58021292779341216,0.00032119597712462706,mean_p|train_n=12|p=5,466,754,-1.6801600000000001,1.1049500000000001
82610826,20,5,mean_p,12,0.62747356571471435,0.00016681408001853961,mean_p|train_n=12|p=5,467,755,-1.6801600000000001,1.1049500000000001
943405428,20,5,mean_p,12,0.63697916731935633,0.00014621882191641065,mean_p|train_n=12|p=5,468,756,-1.6801600000000001,1.1049500000000001
450496105,20,5,mean_p,12,0.49663230698084188,0.0010232354447986857,mean_p|train_n=12|p=5,469,759,-1.6801600000000001,1.1049500000000001
2462935667,20,5,mean_p,12,0.56631189259528925,0.00038945982875097636,mean_p|train_n=12|p=5,470,760,-1.6801600000000001,1.1049500000000001
3842775421,20,5,mean_p,12,0.41797567167037269,0.0030446383077628028,mean_p|train_n=12|p=5,471,762,-1.6801600000000001,1.1049500000000001
117614285,20,5,mean_p,12,0.61427263217929395,0.00020031351138938118,mean_p|train_n=12|p=5,472,763,-1.6801600000000001,1.1049500000000001
1933246407,20,5,mean_p,12,0.58148396005392455,0.00031558599396649918,mean_p|train_n=12|p=5,473,764,-1.6801600000000001,1.1049500000000001
3945466465,20,5,mean_p,12,0.54172801223698119,0.00054761126879403275,mean_p|train_n=12|p=5,474,768,-1.6801600000000001,1.1049500000000001
710721590,20,5,mean_p,12,0.46056972146537756,0.0016869180099430546,mean_p|train_n=12|p=5,475,769,-1.6801600000000001,1.1049500000000001
1245145879,20,5,mean_p,12,0.58405644980225058,0.00030452979417865757,mean_p|train_n=12|p=5,476,771,-1.6801600000000001,1.1049500000000001
1981248318,20,5,mean_p,12,0.51618652874939108,0.00078027452824656418,mean_p|train_n=12|p=5,477,773,-1.6801600000000001,1.1049500000000001
1260586720,20,5,mean_p,12,0.57907647692757136,0.00032629634811859066,mean_p|train_n=12|p=5,478,774,-1.6801600000000001,1.1049500000000001
3443202918,20,5,mean_p,12,0.51870585778300138,0.00075349358220668091,mean_p|train_n=12|p=5,479,776,-1.6801600000000001,1.1049500000000001
802778356,20,5,mean_p,12,0.50491976276915529,0.00091217910560315496,mean_p|train_n=12|p=5,480,777,-1.6801600000000001,1.1049500000000001
562223092,20,5,mean_p,12,0.54149519678774427,0.0005493815434914716,mean_p|train_n=12|p=5,481,778,-1.6801600000000001,1.1049500000000001
372850852,20,5,mean_p,12,0.48923954382180579,0.0011336642329758246,mean_p|train_n=12|p=5,482,783,-1.6801600000000001,1.1049500000000001
738697153,20,5,mean_p,12,0.50787955176102484,0.00087550859648416696,mean_p|train_n=12|p=5,483,784,-1.6801600000000001,1.1049500000000001
1056768680,20,5,mean_p,12,0.48893685277600146,0.001138431297001816,mean_p|train_n=12|p=5,484,788,-1.6801600000000001,1.1049500000000001
3688290892,20,5,mean_p,12,0.51227747624391018,0.00082372504544090677,mean_p|train_n=12|p=5,485,790,-1.6801600000000001,1.1049500000000001
1633632031,20,5,mean_p,12,0.57737214369612444,0.00033409757372955919,mean_p|train_n=12|p=5,486,791,-1.6801600000000001,1.1049500000000001
2359185564,20,5,mean_p,12,0.60101455684949923,0.00024073088428728487,mean_p|train_n=12|p=5,487,794,-1.6801600000000001,1.1049500000000001
1123823546,20,5,mean_p,12,0.38573575452059855,0.0047603550949476218,mean_p|train_n=12|p=5,488,796,-1.6801600000000001,1.1049500000000001
1103569246,20,5,mean_p,12,0.52109751640954971,0.00072892079118844634,mean_p|train_n=12|p=5,489,798,-1.6801600000000001,1.1049500000000001
425864505,20,5,mean_p,12,0.48652721048959746,0.0011771025992923325,mean_p|train_n=12|p=5,490,799,-1.6801600000000001,1.1049500000000001
1760626588,20,5,mean_p,12,0.43571661158451214,0.0023808092767261197,mean_p|train_n=12|p=5,491,800,-1.6801600000000001,1.1049500000000001
3649138850,20,5,mean_p,12,0.4407885382411198,0.002219159740314028,mean_p|train_n=12|p=5,492,801,-1.6801600000000001,1.1049500000000001
4281034086,20,5,mean_p,12,0.44969442946674298,0.0019614161954218477,mean_p|train_n=12|p=5,493,802,-1.6801600000000001,1.1049500000000001
2090368288,20,5,mean_p,12,0.40761421365640499,0.0035149398753059318,mean_p|train_n=12|p=5,494,803,-1.6801600000000001,1.1049500000000001
690252012,20,5,mean_p,12,0.45725865249411835,0.0017661541106063516,mean_p|train_n=12|p=5,495,804,-1.6801600000000001,1.1049500000000001
1406059358,20,5,mean_p,12,0.5367534401095736,0.0005867083714921758,mean_p|train_n=12|p=5,496,805,-1.6801600000000001,1.1049500000000001
3298590234,20,5,mean_p,12,0.53822609607749694,0.00057485195493392374,mean_p|train_n=12|p=5,497,806,-1.6801600000000001,1.1049500000000001
3005386126,20,5,mean_p,12,0.47552209783659627,0.0013711081079057991,mean_p|train_n=12|p=5,498,808,-1.6801600000000001,1.1049500000000001
2773405746,20,5,mean_p,12,0.62824431071009512,0.00016504119419591742,mean_p|train_n=12|p=5,499,809,-1.6801600000000001,1.1049500000000001
1372426540,20,10,mean_p,12,0.43372556758763225,0.0024474390515402031,mean_p|train_n=12|p=10,0,2,-1.61155,1.08521
1783326620,20,10,mean_p,12,0.33812365104350406,0.009210702940343353,mean_p|train_n=12|p=10,1,3,-1.61155,1.08521
3442846284,20,10,mean_p,12,0.41452367315928207,0.0031938815772198214,mean_p|train_n=12|p=10,2,5,-1.61155,1.08521
1786056570,20,10,mean_p,12,0.44340947029621802,0.0021399763885693642,mean_p|train_n=12|p=10,3,6,-1.61155,1.08521
3238787778,20,10,mean_p,12,0.3337816658458998,0.0097821457997543312,mean_p|train_n=12|p=10,4,7,-1.61155,1.08521
707574821,20,10,mean_p,12,0.41771122872277344,0.0030558203067667881,mean_p|train_n=12|p=10,5,11,-1.61155,1.08521
3235767872,20,10,mean_p,12,0.39497764272913638,0.0041879128785099204,mean_p|train_n=12|p=10,6,12,-1.61155,1.08521
3690540800,20,10,mean_p,12,0.43759760879525916,0.0023195293619206175,mean_p|train_n=12|p=10,7,14,-1.61155,1.08521
1531810360,20,10,mean_p,12,0.2984225510320852,0.015970452268616014,mean_p|train_n=12|p=10,8,16,-1.61155,1.08521
407499905,20,10,mean_p,12,0.47341426474541926,0.0014117640505236393,mean_p|train_n=12|p=10,9,18,-1.61155,1.08521
2833724062,20,10,mean_p,12,0.31542093230492763,0.012617600201199827,mean_p|train_n=12|p=10,10,23,-1.61155,1.08521
289381378,20,10,mean_p,12,0.34382442727787715,0.0085108058406129002,mean_p|train_n=12|p=10,11,24,-1.61155,1.08521
3219626110,20,10,mean_p,12,0.32445480316838149,0.011132365075613467,mean_p|train_n=12|p=10,12,26,-1.61155,1.08521
3753855109,20,10,mean_p,12,0.42065541957017655,0.0029336075685821293,mean_p|train_n=12|p=10,13,27,-1.61155,1.08521
2920211084,20,10,mean_p,12,0.48906395577526318,0.0011364271225573338,mean_p|train_n=12|p=10,14,30,-1.61155,1.08521
36643198,20,10,mean_p,12,0.36668137213780488,0.006199521389061706,mean_p|train_n=12|p=10,15,32,-1.61155,1.08521
974638609,20,10,mean_p,12,0.34977449642789987,0.0078369612092652856,mean_p|train_n=12|p=10,16,34,-1.61155,1.08521
1548419614,20,10,mean_p,12,0.39854243043587168,0.0039859833281469526,mean_p|train_n=12|p=10,17,35,-1.61155,1.08521
150380151,20,10,mean_p,12,0.48858993749662838,0.0011439195035671105,mean_p|train_n=12|p=10,18,37,-1.61155,1.08521
2644336020,20,10,mean_p,12,0.58059094174616788,0.00031951718877852066,mean_p|train_n=12|p=10,19,39,-1.61155,1.08521
2082443298,20,10,mean_p,12,0.38151691387987208,0.0050470696883907675,mean_p|train_n=12|p=10,20,40,-1.61155,1.08521
1844443629,20,10,mean_p,12,0.44760685891992641,0.0020190086705305964,mean_p|train_n=12|p=10,21,41,-1.61155,1.08521
331527953,20,10,mean_p,12,0.51932601294151381,0.00074704343153962269,mean_p|train_n=12|p=10,22,42,-1.61155,1.08521
343253331,20,10,mean_p,12,0.31170573774508814,0.013284477034618266,mean_p|train_n=12|p=10,23,43,-1.61155,1.08521
2975564368,20,10,mean_p,12,0.32984809656759889,0.010330386688812122,mean_p|train_n=12|p=10,24,46,-1.61155,1.08521
1350932878,20,10,mean_p,12,0.38317492201529085,0.0049323864696777936,mean_p|train_n=12|p=10,25,47,-1.61155,1.08521
1645772821,20,10,mean_p,12,0.42326596733498711,0.0028293387900872862,mean_p|train_n=12|p=10,26,49,-1.61155,1.08521
2042776086,20,10,mean_p,12,0.3781515232248473,0.005288115985502162,mean_p|train_n=12|p=10,27,51,-1.61155,1.08521
4211136266,20,10,mean_p,12,0.28664584349488159,0.018802693187459689,mean_p|train_n=12|p=10,28,52,-1.61155,1.08521
2375920927,20,10,mean_p,12,0.40895889646727718,0.0034500238979390807,mean_p|train_n=12|p=10,29,53,-1.61155,1.08521
2855937071,20,10,mean_p,12,0.33708701472307989,0.0093440240675851556,mean_p|train_n=12|p=10,30,54,-1.61155,1.08521
200350148,20,10,mean_p,12,0.45383917017988473,0.0018518931760189827,mean_p|train_n=12|p=10,31,55,-1.61155,1.08521
1201082090,20,10,mean_p,12,0.48256309034505634,0.001243599962045672,mean_p|train_n=12|p=10,32,56,-1.61155,1.08521
1718906898,20,10,mean_p,12,0.41671822206117098,0.00309817759110696,mean_p|train_n=12|p=10,33,58,-1.61155,1.08521
736304232,20,10,mean_p,12,0.52446929725717639,0.0006956330291261574,mean_p|train_n=12|p=10,34,59,-1.61155,1.08521
720989637,20,10,mean_p,12,0.48167949074080341,0.0012589268606569698,mean_p|train_n=12|p=10,35,61,-1.61155,1.08521
4232820973,20,10,mean_p,12,0.38509017836506249,0.0048031495120229029,mean_p|train_n=12|p=10,36,63,-1.61155,1.08521
654514979,20,10,mean_p,12,0.57150233207266798,0.0003624207953272837,mean_p|train_n=12|p=10,37,66,-1.61155,1.08521
2852772039,20,10,mean_p,12,0.27855535692042255,0.021034376455157971,mean_p|train_n=12|p=10,38,67,-1.61155,1.08521
4039928504,20,10,mean_p,12,0.42728164339011004,0.0026761359664612943,mean_p|train_n=12|p=10,39,68,-1.61155,1.08521
3455879962,20,10,mean_p,12,0.26373991553300519,0.025830183259798377,mean_p|train_n=12|p=10,40,69,-1.61155,1.08521
2286624001,20,10,mean_p,12,0.40896711905563016,0.0034496306546167332,mean_p|train_n=12|p=10,41,70,-1.61155,1.08521
3062918349,20,10,mean_p,12,0.45955167731718916,0.0017108944259885872,mean_p|train_n=12|p=10,42,72,-1.61155,1.08521
1469124877,20,10,mean_p,12,0.38726308277706517,0.0046606223920487673,mean_p|train_n=12|p=10,43,73,-1.61155,1.08521
4222814093,20,10,mean_p,12,0.2769925008179196,0.0214950754361923,mean_p|train_n=12|p=10,44,75,-1.61155,1.08521
2017777975,20,10,mean_p,12,0.44200963353742573,0.0021819100297801961,mean_p|train_n=12|p=10,45,78,-1.61155,1.08521
4205940710,20,10,mean_p,12,0.46815128308639553,0.0015186175889037078,mean_p|train_n=12|p=10,46,79,-1.61155,1.08521
2130072952,20,10,mean_p,12,0.29628933738988716,0.016449793141485699,mean_p|train_n=12|p=10,47,80,-1.61155,1.08521
1246716837,20,10,mean_p,12,0.43774723365349111,0.0023147230854921861,mean_p|train_n=12|p=10,48,83,-1.61155,1.08521
3780637366,20,10,mean_p,12,0.35196178069197365,0.0076028939670649701,mean_p|train_n=12|p=10,49,84,-1.61155,1.08521
2540267347,20,10,mean_p,12,0.39553974987380236,0.0041554055568761364,mean_p|train_n=12|p=10,50,85,-1.61155,1.08521
4232714977,20,10,mean_p,12,0.34373432646397339,0.0085214430109165264,mean_p|train_n=12|p=10,51,86,-1.61155,1.08521
2294326319,20,10,mean_p,12,0.5093378339473007,0.00085798694770108442,mean_p|train_n=12|p=10,52,90,-1.61155,1.08521
2669205810,20,10,mean_p,12,0.41965964531761613,0.0029743849557109753,mean_p|train_n=12|p=10,53,91,-1.61155,1.08521
3706817458,20,10,mean_p,12,0.40386579358405073,0.0037024196154305622,mean_p|train_n=12|p=10,54,92,-1.61155,1.08521
536750630,20,10,mean_p,12,0.54992248537647925,0.00048880622969911221,mean_p|train_n=12|p=10,55,93,-1.61155,1.08521
990708909,20,10,mean_p,12,0.36476407751960993,0.0063665100139103908,mean_p|train_n=12|p=10,56,96,-1.61155,1.08521
2463037387,20,10,mean_p,12,0.54314026290143302,0.00053699442912704374,mean_p|train_n=12|p=10,57,98,-1.61155,1.08521
1906364401,20,10,mean_p,12,0.45638732757226325,0.0017876170786420339,mean_p|train_n=12|p=10,58,99,-1.61155,1.08521
1122867043,20,10,mean_p,12,0.31523710330964527,0.01264979603898108,mean_p|train_n=12|p=10,59,100,-1.61155,1.08521
1213040224,20,10,mean_p,12,0.27960252561716581,0.020731229457193641,mean_p|train_n=12|p=10,60,101,-1.61155,1.08521
3075303085,20,10,mean_p,12,0.36930011868326379,0.0059784931707005159,mean_p|train_n=12|p=10,61,105,-1.61155,1.08521
3414304508,20,10,mean_p,12,0.41324753928246133,0.0032508872024029295,mean_p|train_n=12|p=10,62,106,-1.61155,1.08521
3154562223,20,10,mean_p,12,0.3972908814271488,0.0040557441808371578,mean_p|train_n=12|p=10,63,107,-1.61155,1.08521
1629037326,20,10,mean_p,12,0.31984875752319619,0.011866389466186806,mean_p|train_n=12|p=10,64,110,-1.61155,1.08521
2518453777,20,10,mean_p,12,0.41671557976210966,0.0030982910795635376,mean_p|train_n=12|p=10,65,111,-1.61155,1.08521
1386019666,20,10,mean_p,12,0.49188979912431385,0.001092768878551991,mean_p|train_n=12|p=10,66,112,-1.61155,1.08521
1442309280,20,10,mean_p,12,0.38359324953331592,0.0049038651047385098,mean_p|train_n=12|p=10,67,113,-1.61155,1.08521
1681715963,20,10,mean_p,12,0.44888287898682921,0.0019836076644910014,mean_p|train_n=12|p=10,68,115,-1.61155,1.08521
1407317941,20,10,mean_p,12,0.32585247385018851,0.010918742504576359,mean_p|train_n=12|p=10,69,117,-1.61155,1.08521
1852785227,20,10,mean_p,12,0.28231489763465267,0.019966178607796356,mean_p|train_n=12|p=10,70,118,-1.61155,1.08521
2030482427,20,10,mean_p,12,0.33168648334529449,0.010070438628935178,mean_p|train_n=12|p=10,71,119,-1.61155,1.08521
4043744969,20,10,mean_p,12,0.41698048265655618,0.0030869339865190262,mean_p|train_n=12|p=10,72,121,-1.61155,1.08521
1153446008,20,10,mean_p,12,0.35851267798233705,0.0069428631023441094,mean_p|train_n=12|p=10,73,125,-1.61155,1.08521
708915003,20,10,mean_p,12,0.32554747198161332,0.010965007130134187,mean_p|train_n=12|p=10,74,126,-1.61155,1.08521
3314546444,20,10,mean_p,12,0.39567610373373135,0.0041475581547451403,mean_p|train_n=12|p=10,75,128,-1.61155,1.08521
1299114799,20,10,mean_p,12,0.48809324316074187,0.0011518233079997457,mean_p|train_n=12|p=10,76,129,-1.61155,1.08521
1773228688,20,10,mean_p,12,0.45677757813099412,0.001777972145004196,mean_p|train_n=12|p=10,77,130,-1.61155,1.08521
146899265,20,10,mean_p,12,0.40028088358519148,0.0038910691327789871,mean_p|train_n=12|p=10,78,131,-1.61155,1.08521
1404396771,20,10,mean_p,12,0.50580249460742321,0.00090108455309488545,mean_p|train_n=12|p=10,79,133,-1.61155,1.08521
2400039562,20,10,mean_p,12,0.39958061176432957,0.0039290269113397809,mean_p|train_n=12|p=10,80,134,-1.61155,1.08521
1154979339,20,10,mean_p,12,0.32487314564113673,0.011067990240701996,mean_p|train_n=12|p=10,81,137,-1.61155,1.08521
1482311483,20,10,mean_p,12,0.3336613806308793,0.0097984712054305298,mean_p|train_n=12|p=10,82,140,-1.61155,1.08521
2192272493,20,10,mean_p,12,0.32041828395409067,0.011773069489553483,mean_p|train_n=12|p=10,83,143,-1.61155,1.08521
3049546338,20,10,mean_p,12,0.55497391162126397,0.00045574731195497438,mean_p|train_n=12|p=10,84,145,-1.61155,1.08521
2380126004,20,10,mean_p,12,0.34118055148891208,0.0088285300848679228,mean_p|train_n=12|p=10,85,146,-1.61155,1.08521
1439820419,20,10,mean_p,12,0.51303287180299628,0.00081514400058511254,mean_p|train_n=12|p=10,86,147,-1.61155,1.08521
2232441300,20,10,mean_p,12,0.5582301659539225,0.0004356317364525571,mean_p|train_n=12|p=10,87,148,-1.61155,1.08521
690719715,20,10,mean_p,12,0.40009280870551789,0.0039012274432269206,mean_p|train_n=12|p=10,88,150,-1.61155,1.08521
1765185143,20,10,mean_p,12,0.39815280728938485,0.0040075711633613545,mean_p|train_n=12|p=10,89,151,-1.61155,1.08521
2064104397,20,10,mean_p,12,0.29766672544541317,0.016138669898665962,mean_p|train_n=12|p=10,90,152,-1.61155,1.08521
3360927479,20,10,mean_p,12,0.42765193300021764,0.0026624337459612208,mean_p|train_n=12|p=10,91,153,-1.61155,1.08521
2737384704,20,10,mean_p,12,0.45664638882943676,0.0017812086315676233,mean_p|train_n=12|p=10,92,155,-1.61155,1.08521
3990217509,20,10,mean_p,12,0.43537373399791895,0.0023921528983773849,mean_p|train_n=12|p=10,93,156,-1.61155,1.08521
3934838374,20,10,mean_p,12,0.48649810480938604,0.0011775776447268166,mean_p|train_n=12|p=10,94,160,-1.61155,1.08521
3658669760,20,10,mean_p,12,0.53968766285354219,0.00056332172930269396,mean_p|train_n=12|p=10,95,161,-1.61155,1.08521
1984931174,20,10,mean_p,12,0.33099924596986574,0.010166839519843365,mean_p|train_n=12|p=10,96,163,-1.61155,1.08521
2115532597,20,10,mean_p,12,0.48104509681452462,0.0012700474060835241,mean_p|train_n=12|p=10,97,164,-1.61155,1.08521
1355776469,20,10,mean_p,12,0.57516458091184697,0.00034448012814948992,mean_p|train_n=12|p=10,98,166,-1.61155,1.08521
31602235,20,10,mean_p,12,0.45577749554876579,0.0018027937751258355,mean_p|train_n=12|p=10,99,167,-1.61155,1.08521
3287928152,20,10,mean_p,12,0.43219370568336685,0.002499968940453868,mean_p|train_n=12|p=10,100,170,-1.61155,1.08521
2868281222,20,10,mean_p,12,0.39701164983880954,0.0040714742777799677,mean_p|train_n=12|p=10,101,172,-1.61155,1.08521
2523092534,20,10,mean_p,12,0.39769460405840307,0.0040331084591173081,mean_p|train_n=12|p=10,102,173,-1.61155,1.08521
819840658,20,10,mean_p,12,0.33167517234093863,0.010072017835946283,mean_p|train_n=12|p=10,103,176,-1.61155,1.08521
1982584677,20,10,mean_p,12,0.3720167352863098,0.005757528226633302,mean_p|train_n=12|p=10,104,177,-1.61155,1.08521
1983385032,20,10,mean_p,12,0.46885736711868986,0.0015038252624863823,mean_p|train_n=12|p=10,105,178,-1.61155,1.08521
2326581538,20,10,mean_p,12,0.42427243100603229,0.002790136424084716,mean_p|train_n=12|p=10,106,180,-1.61155,1.08521
3405652243,20,10,mean_p,12,0.39612448249651339,0.0041218575158433121,mean_p|train_n=12|p=10,107,181,-1.61155,1.08521
1220066919,20,10,mean_p,12,0.39310920398399968,0.004297805532313681,mean_p|train_n=12|p=10,108,184,-1.61155,1.08521
4068027982,20,10,mean_p,12,0.4498991553693038,0.001955857384943682,mean_p|train_n=12|p=10,109,185,-1.61155,1.08521
3112810691,20,10,mean_p,12,0.32637117651409064,0.010840510214332008,mean_p|train_n=12|p=10,110,186,-1.61155,1.08521
4020744046,20,10,mean_p,12,0.3787234202368438,0.0052463566276141002,mean_p|train_n=12|p=10,111,188,-1.61155,1.08521
2366981359,20,10,mean_p,12,0.41696731911006768,0.0030874973586213932,mean_p|train_n=12|p=10,112,189,-1.61155,1.08521
2484839600,20,10,mean_p,12,0.51315535949079705,0.00081376102804407973,mean_p|train_n=12|p=10,113,191,-1.61155,1.08521
3084647357,20,10,mean_p,12,0.33601584677466584,0.0094838138733239277,mean_p|train_n=12|p=10,114,194,-1.61155,1.08521
2253485866,20,10,mean_p,12,0.40793272041353645,0.0034994540783885048,mean_p|train_n=12|p=10,115,195,-1.61155,1.08521
2430776529,20,10,mean_p,12,0.34632318459373895,0.0082210381746170621,mean_p|train_n=12|p=10,116,197,-1.61155,1.08521
18916828,20,10,mean_p,12,0.45298133011610808,0.0018740477104742784,mean_p|train_n=12|p=10,117,198,-1.61155,1.08521
4129134133,20,10,mean_p,12,0.3157760934912352,0.012555629128468377,mean_p|train_n=12|p=10,118,199,-1.61155,1.08521
1415356858,20,10,mean_p,12,0.46047620243121179,0.0016891064315562106,mean_p|train_n=12|p=10,119,202,-1.61155,1.08521
3395428748,20,10,mean_p,12,0.44432585516633882,0.0021129625266566397,mean_p|train_n=12|p=10,120,203,-1.61155,1.08521
2006661884,20,10,mean_p,12,0.40282870645807789,0.0037560340859883442,mean_p|train_n=12|p=10,121,205,-1.61155,1.08521
10427820,20,10,mean_p,12,0.43750985426159927,0.002322352870346264,mean_p|train_n=12|p=10,122,206,-1.61155,1.08521
1126077234,20,10,mean_p,12,0.43088564442593241,0.0025457158499110496,mean_p|train_n=12|p=10,123,208,-1.61155,1.08521
885888809,20,10,mean_p,12,0.2958769770377998,0.016544098141435024,mean_p|train_n=12|p=10,124,209,-1.61155,1.08521
1078627309,20,10,mean_p,12,0.26002256836345056,0.027196195062820974,mean_p|train_n=12|p=10,125,210,-1.61155,1.08521
4012175766,20,10,mean_p,12,0.46325686920397968,0.0016252333796354995,mean_p|train_n=12|p=10,126,213,-1.61155,1.08521
3522643050,20,10,mean_p,12,0.49901560413336571,0.00098998062947967575,mean_p|train_n=12|p=10,127,216,-1.61155,1.08521
1321034588,20,10,mean_p,12,0.36672534016538677,0.0061957437692041206,mean_p|train_n=12|p=10,128,218,-1.61155,1.08521
2687008951,20,10,mean_p,12,0.36007516204083634,0.0067940933643216312,mean_p|train_n=12|p=10,129,219,-1.61155,1.08521
371681404,20,10,mean_p,12,0.35258119746490807,0.0075378878754371716,mean_p|train_n=12|p=10,130,221,-1.61155,1.08521
2125607996,20,10,mean_p,12,0.27502238398907874,0.022090231073477289,mean_p|train_n=12|p=10,131,222,-1.61155,1.08521
1174398403,20,10,mean_p,12,0.39154503717428613,0.0043920167036114975,mean_p|train_n=12|p=10,132,223,-1.61155,1.08521
2035255486,20,10,mean_p,12,0.44343577929112704,0.0021391960384526841,mean_p|train_n=12|p=10,133,224,-1.61155,1.08521
3701187393,20,10,mean_p,12,0.4087536072113756,0.0034598563516260177,mean_p|train_n=12|p=10,134,228,-1.61155,1.08521
3401686764,20,10,mean_p,12,0.50860037690745574,0.00086680341745198365,mean_p|train_n=12|p=10,135,231,-1.61155,1.08521
796544141,20,10,mean_p,12,0.41148420996048951,0.0033313341833139344,mean_p|train_n=12|p=10,136,232,-1.61155,1.08521
1067653113,20,10,mean_p,12,0.45650296034945592,0.0017847538049336887,mean_p|train_n=12|p=10,137,233,-1.61155,1.08521
3244132437,20,10,mean_p,12,0.4465545837902104,0.0020486770934556855,mean_p|train_n=12|p=10,138,234,-1.61155,1.08521
908797532,20,10,mean_p,12,0.29492287600133232,0.016764374667185326,mean_p|train_n=12|p=10,139,235,-1.61155,1.08521
184110159,20,10,mean_p,12,0.39564657321318086,0.0041492564294547396,mean_p|train_n=12|p=10,140,237,-1.61155,1.08521
268959844,20,10,mean_p,12,0.38988704133809943,0.0044941349856616368,mean_p|train_n=12|p=10,141,239,-1.61155,1.08521
922143937,20,10,mean_p,12,0.45812089828519359,0.0017451684761706065,mean_p|train_n=12|p=10,142,240,-1.61155,1.08521
1514765709,20,10,mean_p,12,0.41289269302478038,0.003266918409277079,mean_p|train_n=12|p=10,143,241,-1.61155,1.08521
759371176,20,10,mean_p,12,0.26485414230897747,0.025434263939188923,mean_p|train_n=12|p=10,144,244,-1.61155,1.08521
690184558,20,10,mean_p,12,0.42106933594294682,0.0029168224403641344,mean_p|train_n=12|p=10,145,246,-1.61155,1.08521
113297349,20,10,mean_p,12,0.45643402569828001,0.0017864601972467033,mean_p|train_n=12|p=10,146,248,-1.61155,1.08521
2301537319,20,10,mean_p,12,0.43517874463327927,0.0023986279379117877,mean_p|train_n=12|p=10,147,250,-1.61155,1.08521
3518374211,20,10,mean_p,12,0.35475739044646476,0.0073138775634911512,mean_p|train_n=12|p=10,148,251,-1.61155,1.08521
1525309998,20,10,mean_p,12,0.44623272139821318,0.0020578386331033135,mean_p|train_n=12|p=10,149,252,-1.61155,1.08521
3321847069,20,10,mean_p,12,0.40806218029636937,0.0034931792578355761,mean_p|train_n=12|p=10,150,255,-1.61155,1.08521
4056031777,20,10,mean_p,12,0.36160214244774391,0.0066517845266486197,mean_p|train_n=12|p=10,151,256,-1.61155,1.08521
3702221780,20,10,mean_p,12,0.34192627150763899,0.0087377319865384086,mean_p|train_n=12|p=10,152,257,-1.61155,1.08521
4026848210,20,10,mean_p,12,0.41777845362359656,0.0030529738074227507,mean_p|train_n=12|p=10,153,260,-1.61155,1.08521
391320566,20,10,mean_p,12,0.30163042412728652,0.015275797571737101,mean_p|train_n=12|p=10,154,261,-1.61155,1.08521
3297338697,20,10,mean_p,12,0.3275743364952764,0.01066119723782865,mean_p|train_n=12|p=10,155,263,-1.61155,1.08521
2659288412,20,10,mean_p,12,0.29026581857575195,0.017882393113176246,mean_p|train_n=12|p=10,156,264,-1.61155,1.08521
3631079277,20,10,mean_p,12,0.52791781807964544,0.00066315955316806428,mean_p|train_n=12|p=10,157,266,-1.61155,1.08521
4272323293,20,10,mean_p,12,0.45726338179177556,0.0017660383218296785,mean_p|train_n=12|p=10,158,267,-1.61155,1.08521
4046901669,20,10,mean_p,12,0.32731059848320243,0.01070024789398598,mean_p|train_n=12|p=10,159,269,-1.61155,1.08521
315406617,20,10,mean_p,12,0.38524001647075978,0.0047931827782763062,mean_p|train_n=12|p=10,160,270,-1.61155,1.08521
2213750419,20,10,mean_p,12,0.45360339127956345,0.0018579561580963477,mean_p|train_n=12|p=10,161,271,-1.61155,1.08521
1533551617,20,10,mean_p,12,0.33988238026422818,0.0089888507779761102,mean_p|train_n=12|p=10,162,272,-1.61155,1.08521
2976598161,20,10,mean_p,12,0.33805607737938986,0.009219335292204053,mean_p|train_n=12|p=10,163,273,-1.61155,1.08521
873615947,20,10,mean_p,12,0.43711892965643795,0.002334972714858892,mean_p|train_n=12|p=10,164,274,-1.61155,1.08521
343684824,20,10,mean_p,12,0.38658844567834028,0.0047044151237648508,mean_p|train_n=12|p=10,165,276,-1.61155,1.08521
3162605606,20,10,mean_p,12,0.33543870635652157,0.0095599969473477535,mean_p|train_n=12|p=10,166,278,-1.61155,1.08521
900364774,20,10,mean_p,12,0.4705155269132284,0.0014696511521871392,mean_p|train_n=12|p=10,167,279,-1.61155,1.08521
429971783,20,10,mean_p,12,0.53344801353035398,0.00061421856071664914,mean_p|train_n=12|p=10,168,281,-1.61155,1.08521
4126371965,20,10,mean_p,12,0.41133887852772472,0.0033380526594310837,mean_p|train_n=12|p=10,169,282,-1.61155,1.08521
781649369,20,10,mean_p,12,0.35460528019220222,0.0073293165793316224,mean_p|train_n=12|p=10,170,283,-1.61155,1.08521
448451950,20,10,mean_p,12,0.33814352766576061,0.0092081652946621219,mean_p|train_n=12|p=10,171,288,-1.61155,1.08521
3746384250,20,10,mean_p,12,0.40645796729075634,0.0035717347356043773,mean_p|train_n=12|p=10,172,292,-1.61155,1.08521
226771036,20,10,mean_p,12,0.30770665966730432,0.014041752422469123,mean_p|train_n=12|p=10,173,293,-1.61155,1.08521
2024099295,20,10,mean_p,12,0.38442417133500806,0.0048477014703991496,mean_p|train_n=12|p=10,174,294,-1.61155,1.08521
3900314440,20,10,mean_p,12,0.39210592088521262,0.0043579990046799209,mean_p|train_n=12|p=10,175,295,-1.61155,1.08521
152355006,20,10,mean_p,12,0.38000765206886228,0.0051537810333394472,mean_p|train_n=12|p=10,176,297,-1.61155,1.08521
3295798992,20,10,mean_p,12,0.42478479669110214,0.0027703885900001142,mean_p|train_n=12|p=10,177,298,-1.61155,1.08521
164861382,20,10,mean_p,12,0.34421359320312955,0.0084650138031578705,mean_p|train_n=12|p=10,178,299,-1.61155,1.08521
3115225869,20,10,mean_p,12,0.46528437635113751,0.0015801885991319545,mean_p|train_n=12|p=10,179,300,-1.61155,1.08521
1306992628,20,10,mean_p,12,0.37117500314914031,0.0058251056722093105,mean_p|train_n=12|p=10,180,301,-1.61155,1.08521
1402141074,20,10,mean_p,12,0.38897767005412953,0.0045511492023009191,mean_p|train_n=12|p=10,181,304,-1.61155,1.08521
3992684234,20,10,mean_p,12,0.38075721809738899,0.005100504390515518,mean_p|train_n=12|p=10,182,305,-1.61155,1.08521
637252692,20,10,mean_p,12,0.48926976213426621,0.0011331894237531005,mean_p|train_n=12|p=10,183,307,-1.61155,1.08521
4218775035,20,10,mean_p,12,0.40895565037611342,0.003450179153814484,mean_p|train_n=12|p=10,184,308,-1.61155,1.08521
3489800223,20,10,mean_p,12,0.3068645683262915,0.014206634474360994,mean_p|train_n=12|p=10,185,309,-1.61155,1.08521
383386689,20,10,mean_p,12,0.29710778408849492,0.01626420729232814,mean_p|train_n=12|p=10,186,311,-1.61155,1.08521
1030592234,20,10,mean_p,12,0.21118319041618644,0.053524239101165619,mean_p|train_n=12|p=10,187,317,-1.61155,1.08521
423236310,20,10,mean_p,12,0.43225049420426076,0.0024980015992506471,mean_p|train_n=12|p=10,188,324,-1.61155,1.08521
643040053,20,10,mean_p,12,0.45174853107632196,0.0019063508525486903,mean_p|train_n=12|p=10,189,326,-1.61155,1.08521
363694314,20,10,mean_p,12,0.39803030681169471,0.0040143826717729848,mean_p|train_n=12|p=10,190,327,-1.61155,1.08521
3424385298,20,10,mean_p,12,0.3122734526733793,0.013180335886330172,mean_p|train_n=12|p=10,191,329,-1.61155,1.08521
2958983615,20,10,mean_p,12,0.37775936353108686,0.0053169430511201014,mean_p|train_n=12|p=10,192,330,-1.61155,1.08521
1681158139,20,10,mean_p,12,0.38413659584961179,0.0048670660985419001,mean_p|train_n=12|p=10,193,333,-1.61155,1.08521
2698672273,20,10,mean_p,12,0.42725148599200019,0.0026772550133567869,mean_p|train_n=12|p=10,194,336,-1.61155,1.08521
1946483592,20,10,mean_p,12,0.37209639082699342,0.0057511739260125922,mean_p|train_n=12|p=10,195,337,-1.61155,1.08521
2716309919,20,10,mean_p,12,0.48396955085290455,0.0012195874989678313,mean_p|train_n=12|p=10,196,338,-1.61155,1.08521
1022181441,20,10,mean_p,12,0.27453234275891775,0.022240810050763817,mean_p|train_n=12|p=10,197,339,-1.61155,1.08521
3235202506,20,10,mean_p,12,0.38898544926472167,0.004550658420284002,mean_p|train_n=12|p=10,198,340,-1.61155,1.08521
2170052713,20,10,mean_p,12,0.33540806854033745,0.0095640582303064825,mean_p|train_n=12|p=10,199,341,-1.61155,1.08521
1425395999,20,10,mean_p,12,0.35613503754854764,0.0071755207361168241,mean_p|train_n=12|p=10,200,343,-1.61155,1.08521
261367507,20,10,mean_p,12,0.54949798233000691,0.00049169126750419094,mean_p|train_n=12|p=10,201,345,-1.61155,1.08521
3351422793,20,10,mean_p,12,0.40001914786614262,0.0039052132399961213,mean_p|train_n=12|p=10,202,346,-1.61155,1.08521
4001314084,20,10,mean_p,12,0.48583585982330757,0.0011884383685257093,mean_p|train_n=12|p=10,203,348,-1.61155,1.08521
2681136465,20,10,mean_p,12,0.42639191669231036,0.0027093484499317762,mean_p|train_n=12|p=10,204,349,-1.61155,1.08521
3673388274,20,10,mean_p,12,0.57367766718268753,0.00035165458697098323,mean_p|train_n=12|p=10,205,350,-1.61155,1.08521
3040465852,20,10,mean_p,12,0.50010074377473279,0.00097519957962009991,mean_p|train_n=12|p=10,206,353,-1.61155,1.08521
910395524,20,10,mean_p,12,0.59118212951085314,0.00027588552980620625,mean_p|train_n=12|p=10,207,357,-1.61155,1.08521
224251820,20,10,mean_p,12,0.44311476806744593,0.0021487370178476638,mean_p|train_n=12|p=10,208,358,-1.61155,1.08521
1447397359,20,10,mean_p,12,0.33214077079722454,0.010007216697244069,mean_p|train_n=12|p=10,209,361,-1.61155,1.08521
2861170502,20,10,mean_p,12,0.39304568813563201,0.0043015914880869463,mean_p|train_n=12|p=10,210,363,-1.61155,1.08521
1614493109,20,10,mean_p,12,0.48721749782930868,0.0011658921409602933,mean_p|train_n=12|p=10,211,364,-1.61155,1.08521
3826658000,20,10,mean_p,12,0.46256335496743867,0.0016409339680688126,mean_p|train_n=12|p=10,212,366,-1.61155,1.08521
344896692,20,10,mean_p,12,0.30142882815955285,0.015318548760775109,mean_p|train_n=12|p=10,213,367,-1.61155,1.08521
1245807783,20,10,mean_p,12,0.44167067983751418,0.0021921867238036473,mean_p|train_n=12|p=10,214,368,-1.61155,1.08521
1037946573,20,10,mean_p,12,0.35337219403318643,0.0074556823957124471,mean_p|train_n=12|p=10,215,370,-1.61155,1.08521
1748467753,20,10,mean_p,12,0.24490188893556772,0.033538505692035092,mean_p|train_n=12|p=10,216,371,-1.61155,1.08521
1380102995,20,10,mean_p,12,0.38267369865804907,0.0049667781631945749,mean_p|train_n=12|p=10,217,372,-1.61155,1.08521
676432604,20,10,mean_p,12,0.38082100904132316,0.0050959958539600076,mean_p|train_n=12|p=10,218,374,-1.61155,1.08521
3786098874,20,10,mean_p,12,0.37562812723838401,0.0054763768979577809,mean_p|train_n=12|p=10,219,375,-1.61155,1.08521
3017936608,20,10,mean_p,12,0.43639613186114945,0.0023584869978694927,mean_p|train_n=12|p=10,220,376,-1.61155,1.08521
82736233,20,10,mean_p,12,0.27887265070287842,0.020942057291469942,mean_p|train_n=12|p=10,221,377,-1.61155,1.08521
2037816262,20,10,mean_p,12,0.45895892666784299,0.0017250112267611136,mean_p|train_n=12|p=10,222,379,-1.61155,1.08521
4150403846,20,10,mean_p,12,0.34094191373025617,0.0088577851849822083,mean_p|train_n=12|p=10,223,382,-1.61155,1.08521
4005248292,20,10,mean_p,12,0.38355727381774168,0.0049063114160026698,mean_p|train_n=12|p=10,224,384,-1.61155,1.08521
1750671617,20,10,mean_p,12,0.44791630991179804,0.0020103658735312045,mean_p|train_n=12|p=10,225,385,-1.61155,1.08521
1842224664,20,10,mean_p,12,0.25455026555101246,0.029339634094865074,mean_p|train_n=12|p=10,226,386,-1.61155,1.08521
3164565421,20,10,mean_p,12,0.28949387496136947,0.018074787557827286,mean_p|train_n=12|p=10,227,389,-1.61155,1.08521
1437895029,20,10,mean_p,12,0.36238903347017615,0.0065796170375827176,mean_p|train_n=12|p=10,228,390,-1.61155,1.08521
240622653,20,10,mean_p,12,0.35541806617750521,0.0072471962444227937,mean_p|train_n=12|p=10,229,391,-1.61155,1.08521
4039798986,20,10,mean_p,12,0.34759182921855536,0.0080777175469293316,mean_p|train_n=12|p=10,230,392,-1.61155,1.08521
3075716880,20,10,mean_p,12,0.49597735779211749,0.0010325682397933132,mean_p|train_n=12|p=10,231,394,-1.61155,1.08521
3990090888,20,10,mean_p,12,0.58545604147815178,0.00029867811890417842,mean_p|train_n=12|p=10,232,396,-1.61155,1.08521
3588760986,20,10,mean_p,12,0.44287773078348847,0.0021558094555956292,mean_p|train_n=12|p=10,233,398,-1.61155,1.08521
300195121,20,10,mean_p,12,0.42124625668787247,0.0029096772840726164,mean_p|train_n=12|p=10,234,399,-1.61155,1.08521
959672943,20,10,mean_p,12,0.41556000628540257,0.0031483243054776979,mean_p|train_n=12|p=10,235,400,-1.61155,1.08521
3499753368,20,10,mean_p,12,0.36826692160404984,0.0060647402326331461,mean_p|train_n=12|p=10,236,401,-1.61155,1.08521
217835837,20,10,mean_p,12,0.34050730495393122,0.0089113140521099553,mean_p|train_n=12|p=10,237,402,-1.61155,1.08521
2640005070,20,10,mean_p,12,0.49792132110253579,0.0010051131092785974,mean_p|train_n=12|p=10,238,403,-1.61155,1.08521
2494270352,20,10,mean_p,12,0.42983737172708381,0.0025829806756933883,mean_p|train_n=12|p=10,239,406,-1.61155,1.08521
3048322827,20,10,mean_p,12,0.32893025599672465,0.010462670040722421,mean_p|train_n=12|p=10,240,407,-1.61155,1.08521
3983888182,20,10,mean_p,12,0.34195127497275596,0.0087347038245044785,mean_p|train_n=12|p=10,241,409,-1.61155,1.08521
155252342,20,10,mean_p,12,0.36801423890093743,0.0060860218214248574,mean_p|train_n=12|p=10,242,411,-1.61155,1.08521
554531188,20,10,mean_p,12,0.51295844432608673,0.00081598548709521993,mean_p|train_n=12|p=10,243,413,-1.61155,1.08521
2461812301,20,10,mean_p,12,0.38476574299004773,0.0048248009516215227,mean_p|train_n=12|p=10,244,414,-1.61155,1.08521
1735067842,20,10,mean_p,12,0.43122327480122369,0.0025338283391669403,mean_p|train_n=12|p=10,245,415,-1.61155,1.08521
163777874,20,10,mean_p,12,0.41486852549726605,0.0031786491277777822,mean_p|train_n=12|p=10,246,416,-1.61155,1.08521
3486320426,20,10,mean_p,12,0.28514915949940384,0.019196895246781649,mean_p|train_n=12|p=10,247,417,-1.61155,1.08521
3817140053,20,10,mean_p,12,0.40130959387455639,0.0038359725782404052,mean_p|train_n=12|p=10,248,418,-1.61155,1.08521
3500616314,20,10,mean_p,12,0.29357733900779093,0.017080016984887918,mean_p|train_n=12|p=10,249,419,-1.61155,1.08521
2834054540,20,10,mean_p,12,0.30452456847992959,0.014675043910689228,mean_p|train_n=12|p=10,250,421,-1.61155,1.08521
2246255938,20,10,mean_p,12,0.44669779149795319,0.0020446139296172203,mean_p|train_n=12|p=10,251,422,-1.61155,1.08521
3241396563,20,10,mean_p,12,0.34731470058727421,0.0081088103605854688,mean_p|train_n=12|p=10,252,424,-1.61155,1.08521
1280542099,20,10,mean_p,12,0.43254876263245368,0.0024876939914305648,mean_p|train_n=12|p=10,253,426,-1.61155,1.08521
2527174443,20,10,mean_p,12,0.48998836836873749,0.0011219566367076264,mean_p|train_n=12|p=10,254,427,-1.61155,1.08521
1084089824,20,10,mean_p,12,0.39749019762885884,0.0040445531846069359,mean_p|train_n=12|p=10,255,428,-1.61155,1.08521
2638989730,20,10,mean_p,12,0.44455858899172107,0.0021061563009133703,mean_p|train_n=12|p=10,256,429,-1.61155,1.08521
191058861,20,10,mean_p,12,0.33400206712552294,0.0097523029429609099,mean_p|train_n=12|p=10,257,432,-1.61155,1.08521
3463873105,20,10,mean_p,12,0.3730734590678767,0.0056737992387222557,mean_p|train_n=12|p=10,258,435,-1.61155,1.08521
3802145136,20,10,mean_p,12,0.39229138729174973,0.0043468085005715302,mean_p|train_n=12|p=10,259,436,-1.61155,1.08521
3324662531,20,10,mean_p,12,0.45822564030336943,0.0017426362733562316,mean_p|train_n=12|p=10,260,437,-1.61155,1.08521
121077693,20,10,mean_p,12,0.47359741293558494,0.0014081841662087161,mean_p|train_n=12|p=10,261,438,-1.61155,1.08521
922256870,20,10,mean_p,12,0.39644337866713064,0.0041036756639212194,mean_p|train_n=12|p=10,262,439,-1.61155,1.08521
1888330208,20,10,mean_p,12,0.32914085501762108,0.010432168588186077,mean_p|train_n=12|p=10,263,442,-1.61155,1.08521
1358630649,20,10,mean_p,12,0.36876744053368993,0.0060228046842387174,mean_p|train_n=12|p=10,264,443,-1.61155,1.08521
1381764876,20,10,mean_p,12,0.35681359652614769,0.0071083383512600112,mean_p|train_n=12|p=10,265,444,-1.61155,1.08521
645829071,20,10,mean_p,12,0.23269790196924492,0.039720895551563822,mean_p|train_n=12|p=10,266,445,-1.61155,1.08521
304251752,20,10,mean_p,12,0.36238069159549008,0.0065803779678276436,mean_p|train_n=12|p=10,267,446,-1.61155,1.08521
4068196484,20,10,mean_p,12,0.41997586167564566,0.0029613747127592883,mean_p|train_n=12|p=10,268,447,-1.61155,1.08521
2322979867,20,10,mean_p,12,0.34849204118671218,0.0079775373658110323,mean_p|train_n=12|p=10,269,449,-1.61155,1.08521
2132306496,20,10,mean_p,12,0.46066017239584722,0.0016848040818301627,mean_p|train_n=12|p=10,270,453,-1.61155,1.08521
4275192945,20,10,mean_p,12,0.39855040529797892,0.0039855426818644893,mean_p|train_n=12|p=10,271,454,-1.61155,1.08521
3487639485,20,10,mean_p,12,0.30425209846862872,0.014730579840894244,mean_p|train_n=12|p=10,272,456,-1.61155,1.08521
3322902892,20,10,mean_p,12,0.36313847565676827,0.0065116121515907902,mean_p|train_n=12|p=10,273,458,-1.61155,1.08521
1378143268,20,10,mean_p,12,0.4419671472802138,0.0021831955196898057,mean_p|train_n=12|p=10,274,460,-1.61155,1.08521
3458951915,20,10,mean_p,12,0.31871451214560909,0.012054450996502673,mean_p|train_n=12|p=10,275,461,-1.61155,1.08521
2362168181,20,10,mean_p,12,0.46250081065133175,0.0016423573541042545,mean_p|train_n=12|p=10,276,463,-1.61155,1.08521
3841810637,20,10,mean_p,12,0.41414389382227468,0.0032107412580725924,mean_p|train_n=12|p=10,277,464,-1.61155,1.08521
1778536754,20,10,mean_p,12,0.32614614603376746,0.010874380909651685,mean_p|train_n=12|p=10,278,465,-1.61155,1.08521
2896225605,20,10,mean_p,12,0.45612153747486445,0.0017942159414870381,mean_p|train_n=12|p=10,279,466,-1.61155,1.08521
3228806187,20,10,mean_p,12,0.44414846350203491,0.0021181650563965489,mean_p|train_n=12|p=10,280,467,-1.61155,1.08521
109656100,20,10,mean_p,12,0.30081879429756891,0.015448644987854003,mean_p|train_n=12|p=10,281,468,-1.61155,1.08521
3119222225,20,10,mean_p,12,0.37847394218252151,0.0052645325656818258,mean_p|train_n=12|p=10,282,469,-1.61155,1.08521
1851568793,20,10,mean_p,12,0.35931668588489712,0.0068659081950629983,mean_p|train_n=12|p=10,283,470,-1.61155,1.08521
180812479,20,10,mean_p,12,0.39336349520729835,0.0042826814747957912,mean_p|train_n=12|p=10,284,472,-1.61155,1.08521
3032070409,20,10,mean_p,12,0.34162042822312783,0.0087748576420426695,mean_p|train_n=12|p=10,285,473,-1.61155,1.08521
2863202453,20,10,mean_p,12,0.38622645856168181,0.0047280821860475383,mean_p|train_n=12|p=10,286,475,-1.61155,1.08521
1953446955,20,10,mean_p,12,0.37707612935547657,0.0053675424561655241,mean_p|train_n=12|p=10,287,476,-1.61155,1.08521
2036240762,20,10,mean_p,12,0.50919585436083425,0.00085967734782532517,mean_p|train_n=12|p=10,288,477,-1.61155,1.08521
10420966,20,10,mean_p,12,0.32135870334852928,0.011620580364582835,mean_p|train_n=12|p=10,289,478,-1.61155,1.08521
3691116640,20,10,mean_p,12,0.35623280767146659,0.0071658017545695018,mean_p|train_n=12|p=10,290,481,-1.61155,1.08521
1765717233,20,10,mean_p,12,0.31905769127765127,0.011997238473312972,mean_p|train_n=12|p=10,291,482,-1.61155,1.08521
108726223,20,10,mean_p,12,0.32967771648417499,0.010354815585777879,mean_p|train_n=12|p=10,292,483,-1.61155,1.08521
3411116609,20,10,mean_p,12,0.36516220882935846,0.0063314683054221327,mean_p|train_n=12|p=10,293,484,-1.61155,1.08521
1231152646,20,10,mean_p,12,0.38773295835209559,0.0046303624183845499,mean_p|train_n=12|p=10,294,485,-1.61155,1.08521
1368658720,20,10,mean_p,12,0.34794146964531014,0.0080386592174987899,mean_p|train_n=12|p=10,295,486,-1.61155,1.08521
2288493279,20,10,mean_p,12,0.39856915011843974,0.0039845071397166705,mean_p|train_n=12|p=10,296,489,-1.61155,1.08521
409380418,20,10,mean_p,12,0.33854085701161096,0.0091575847299078875,mean_p|train_n=12|p=10,297,490,-1.61155,1.08521
592994520,20,10,mean_p,12,0.34606265669435049,0.0082507836464715979,mean_p|train_n=12|p=10,298,491,-1.61155,1.08521
367989912,20,10,mean_p,12,0.53644331507446763,0.00058923620503296818,mean_p|train_n=12|p=10,299,492,-1.61155,1.08521
960439795,20,10,mean_p,12,0.26449337218003643,0.025561787867080486,mean_p|train_n=12|p=10,300,493,-1.61155,1.08521
2789599590,20,10,mean_p,12,0.39366635811972694,0.0042647380252975329,mean_p|train_n=12|p=10,301,494,-1.61155,1.08521
4197872721,20,10,mean_p,12,0.3828033779467383,0.0049578572251268689,mean_p|train_n=12|p=10,302,495,-1.61155,1.08521
3414895577,20,10,mean_p,12,0.31439118035714164,0.012799013195253119,mean_p|train_n=12|p=10,303,496,-1.61155,1.08521
1404666643,20,10,mean_p,12,0.34299540639484477,0.0086091819406917802,mean_p|train_n=12|p=10,304,497,-1.61155,1.08521
1253101078,20,10,mean_p,12,0.28592998500457834,0.01899021829678376,mean_p|train_n=12|p=10,305,498,-1.61155,1.08521
4144613520,20,10,mean_p,12,0.39607084703641837,0.0041249234435560009,mean_p|train_n=12|p=10,306,500,-1.61155,1.08521
3692040675,20,10,mean_p,12,0.43250598301407805,0.0024891697594875517,mean_p|train_n=12|p=10,307,501,-1.61155,1.08521
2403592662,20,10,mean_p,12,0.40225946246239142,0.0037857917038252925,mean_p|train_n=12|p=10,308,503,-1.61155,1.08521
91801003,20,10,mean_p,12,0.30772687343968042,0.014037818160352883,mean_p|train_n=12|p=10,309,504,-1.61155,1.08521
4286583163,20,10,mean_p,12,0.50623962907629605,0.0008956405192941866,mean_p|train_n=12|p=10,310,506,-1.61155,1.08521
1777511001,20,10,mean_p,12,0.45208098842341171,0.001897585007030633,mean_p|train_n=12|p=10,311,508,-1.61155,1.08521
9114705,20,10,mean_p,12,0.32361266360609453,0.011263091844230999,mean_p|train_n=12|p=10,312,509,-1.61155,1.08521
1916533542,20,10,mean_p,12,0.30665664365617723,0.014247643433866621,mean_p|train_n=12|p=10,313,511,-1.61155,1.08521
1632641265,20,10,mean_p,12,0.31751790785130118,0.012256083511387305,mean_p|train_n=12|p=10,314,512,-1.61155,1.08521
1342169378,20,10,mean_p,12,0.37235240776549905,0.005730798335763323,mean_p|train_n=12|p=10,315,514,-1.61155,1.08521
2637724640,20,10,mean_p,12,0.23028930833897129,0.041069575143253947,mean_p|train_n=12|p=10,316,517,-1.61155,1.08521
394711001,20,10,mean_p,12,0.48896643677155555,0.0011379644978500791,mean_p|train_n=12|p=10,317,519,-1.61155,1.08521
1565199926,20,10,mean_p,12,0.36235438250111029,0.006582778410816963,mean_p|train_n=12|p=10,318,520,-1.61155,1.08521
1621686796,20,10,mean_p,12,0.33832277941434813,0.009185311807659427,mean_p|train_n=12|p=10,319,523,-1.61155,1.08521
3562241796,20,10,mean_p,12,0.53945634516434837,0.00056513105739976156,mean_p|train_n=12|p=10,320,524,-1.61155,1.08521
4206507993,20,10,mean_p,12,0.32634353747305606,0.010844664643462325,mean_p|train_n=12|p=10,321,527,-1.61155,1.08521
3035525224,20,10,mean_p,12,0.378863509269041,0.0052361778468853447,mean_p|train_n=12|p=10,322,529,-1.61155,1.08521
396443661,20,10,mean_p,12,0.46407176304046505,0.0016069767141716532,mean_p|train_n=12|p=10,323,530,-1.61155,1.08521
2380806019,20,10,mean_p,12,0.41250673455335274,0.0032844449695793015,mean_p|train_n=12|p=10,324,531,-1.61155,1.08521
656783711,20,10,mean_p,12,0.46878990624058864,0.0015052323072558163,mean_p|train_n=12|p=10,325,532,-1.61155,1.08521
72159253,20,10,mean_p,12,0.44612806721979137,0.0020608263429896393,mean_p|train_n=12|p=10,326,533,-1.61155,1.08521
1675600141,20,10,mean_p,12,0.44889759563959319,0.0019832030178156138,mean_p|train_n=12|p=10,327,534,-1.61155,1.08521
858059419,20,10,mean_p,12,0.44253172678109215,0.0021661749242786561,mean_p|train_n=12|p=10,328,537,-1.61155,1.08521
2083214381,20,10,mean_p,12,0.2561535166477093,0.028694731138415835,mean_p|train_n=12|p=10,329,538,-1.61155,1.08521
1522884566,20,10,mean_p,12,0.34854591222192266,0.0079715818762586214,mean_p|train_n=12|p=10,330,540,-1.61155,1.08521
3944390111,20,10,mean_p,12,0.31414291359863689,0.012843139553766935,mean_p|train_n=12|p=10,331,542,-1.61155,1.08521
3477342975,20,10,mean_p,12,0.45186720681155118,0.0019032171121231322,mean_p|train_n=12|p=10,332,543,-1.61155,1.08521
2474216965,20,10,mean_p,12,0.26766357452730583,0.024462717859493176,mean_p|train_n=12|p=10,333,546,-1.61155,1.08521
380217083,20,10,mean_p,12,0.47580939526290511,0.0013656581352059552,mean_p|train_n=12|p=10,334,547,-1.61155,1.08521
2076575489,20,10,mean_p,12,0.44495300370655821,0.0020946717928234811,mean_p|train_n=12|p=10,335,548,-1.61155,1.08521
3358116570,20,10,mean_p,12,0.4482535891683006,0.0020009879804750593,mean_p|train_n=12|p=10,336,549,-1.61155,1.08521
1564144277,20,10,mean_p,12,0.39899404875026429,0.0039611060029811403,mean_p|train_n=12|p=10,337,551,-1.61155,1.08521
3901030257,20,10,mean_p,12,0.3138771777593215,0.012890539405082675,mean_p|train_n=12|p=10,338,552,-1.61155,1.08521
2004529793,20,10,mean_p,12,0.42320204452700311,0.0028318471433251211,mean_p|train_n=12|p=10,339,556,-1.61155,1.08521
2301252072,20,10,mean_p,12,0.57046690966820879,0.00036766049969596854,mean_p|train_n=12|p=10,340,561,-1.61155,1.08521
3198195858,20,10,mean_p,12,0.39981110129495401,0.003916492671349049,mean_p|train_n=12|p=10,341,563,-1.61155,1.08521
3747593384,20,10,mean_p,12,0.45306639479695743,0.0018718390481051736,mean_p|train_n=12|p=10,342,565,-1.61155,1.08521
1830329248,20,10,mean_p,12,0.31380414086922659,0.012903597767019145,mean_p|train_n=12|p=10,343,568,-1.61155,1.08521
612433243,20,10,mean_p,12,0.32736946414059431,0.010691519504789845,mean_p|train_n=12|p=10,344,570,-1.61155,1.08521
1318217482,20,10,mean_p,12,0.374515636082346,0.0055614904253873318,mean_p|train_n=12|p=10,345,571,-1.61155,1.08521
2856343923,20,10,mean_p,12,0.55848401919969559,0.00043410137598528115,mean_p|train_n=12|p=10,346,572,-1.61155,1.08521
2718068357,20,10,mean_p,12,0.42233784918499095,0.0028659775348025976,mean_p|train_n=12|p=10,347,575,-1.61155,1.08521
703849466,20,10,mean_p,12,0.40399740355832259,0.0036956707032986206,mean_p|train_n=12|p=10,348,577,-1.61155,1.08521
2105596263,20,10,mean_p,12,0.40359011760338454,0.0037165961523987889,mean_p|train_n=12|p=10,349,579,-1.61155,1.08521
874466672,20,10,mean_p,12,0.32083154405047337,0.011705814394032902,mean_p|train_n=12|p=10,350,580,-1.61155,1.08521
2108958165,20,10,mean_p,12,0.62486655481550357,0.0001729531492146266,mean_p|train_n=12|p=10,351,583,-1.61155,1.08521
439221750,20,10,mean_p,12,0.43028870977326727,0.0025668697459488082,mean_p|train_n=12|p=10,352,584,-1.61155,1.08521
1560025406,20,10,mean_p,12,0.52103988372455956,0.00072950340147838607,mean_p|train_n=12|p=10,353,585,-1.61155,1.08521
809311832,20,10,mean_p,12,0.33995488625849241,0.0089798202052727132,mean_p|train_n=12|p=10,354,586,-1.61155,1.08521
1815781877,20,10,mean_p,12,0.66894874706051022,9.3870089395575057e-05,mean_p|train_n=12|p=10,355,587,-1.61155,1.08521
5802784,20,10,mean_p,12,0.27853243497422248,0.021041061519500401,mean_p|train_n=12|p=10,356,589,-1.61155,1.08521
334638867,20,10,mean_p,12,0.48106673101168013,0.0012696665586371665,mean_p|train_n=12|p=10,357,590,-1.61155,1.08521
690709172,20,10,mean_p,12,0.28424781307253644,0.019438271388829729,mean_p|train_n=12|p=10,358,591,-1.61155,1.08521
269138065,20,10,mean_p,12,0.36957567484700149,0.0059556987750889832,mean_p|train_n=12|p=10,359,593,-1.61155,1.08521
3089687515,20,10,mean_p,12,0.45432830815246827,0.0018393781675673652,mean_p|train_n=12|p=10,360,597,-1.61155,1.08521
751288002,20,10,mean_p,12,0.23086022097264247,0.040745811680970308,mean_p|train_n=12|p=10,361,598,-1.61155,1.08521
2376503862,20,10,mean_p,12,0.3615618161050444,0.0066555041919699985,mean_p|train_n=12|p=10,362,600,-1.61155,1.08521
3757241726,20,10,mean_p,12,0.3682006668009089,0.0060703131742130718,mean_p|train_n=12|p=10,363,601,-1.61155,1.08521
2459480193,20,10,mean_p,12,0.47319718160542601,0.0014160190285289101,mean_p|train_n=12|p=10,364,602,-1.61155,1.08521
3838562124,20,10,mean_p,12,0.51095851078453625,0.00083892518872297943,mean_p|train_n=12|p=10,365,605,-1.61155,1.08521
269696148,20,10,mean_p,12,0.3518097122411159,0.0076189386583107909,mean_p|train_n=12|p=10,366,606,-1.61155,1.08521
2470211446,20,10,mean_p,12,0.4496716771977784,0.0019620349499920096,mean_p|train_n=12|p=10,367,607,-1.61155,1.08521
3557830222,20,10,mean_p,12,0.40987397916071383,0.0034065342250998143,mean_p|train_n=12|p=10,368,609,-1.61155,1.08521
1357833762,20,10,mean_p,12,0.31569653507604778,0.012569484544657929,mean_p|train_n=12|p=10,369,610,-1.61155,1.08521
2207191704,20,10,mean_p,12,0.53052122098155174,0.00063965232525324436,mean_p|train_n=12|p=10,370,611,-1.61155,1.08521
3084044457,20,10,mean_p,12,0.38194968033602811,0.005016880861041028,mean_p|train_n=12|p=10,371,612,-1.61155,1.08521
3570764635,20,10,mean_p,12,0.46244450362014239,0.0016436398478558813,mean_p|train_n=12|p=10,372,613,-1.61155,1.08521
2716318851,20,10,mean_p,12,0.44361534599669616,0.00213387751082265,mean_p|train_n=12|p=10,373,614,-1.61155,1.08521
1077740446,20,10,mean_p,12,0.37772970293451202,0.0053191297381936578,mean_p|train_n=12|p=10,374,615,-1.61155,1.08521
791196783,20,10,mean_p,12,0.35665417163705504,0.0071240658506519158,mean_p|train_n=12|p=10,375,616,-1.61155,1.08521
2392841747,20,10,mean_p,12,0.36080932053114706,0.0067252965022093986,mean_p|train_n=12|p=10,376,617,-1.61155,1.08521
2259676229,20,10,mean_p,12,0.39756140619540337,0.0040405625321303902,mean_p|train_n=12|p=10,377,621,-1.61155,1.08521
2418896239,20,10,mean_p,12,0.38851695780327955,0.0045803096314484884,mean_p|train_n=12|p=10,378,622,-1.61155,1.08521
3635441378,20,10,mean_p,12,0.50300741546291783,0.00093668507021866284,mean_p|train_n=12|p=10,379,623,-1.61155,1.08521
713803420,20,10,mean_p,12,0.60188520418523039,0.0002378427906500885,mean_p|train_n=12|p=10,380,624,-1.61155,1.08521
101443978,20,10,mean_p,12,0.3084368046210787,0.013900339285975689,mean_p|train_n=12|p=10,381,625,-1.61155,1.08521
3523696833,20,10,mean_p,12,0.50367295485498209,0.00092808264536269872,mean_p|train_n=12|p=10,382,626,-1.61155,1.08521
655081512,20,10,mean_p,12,0.4221782045493877,0.0028723273814261047,mean_p|train_n=12|p=10,383,627,-1.61155,1.08521
2934593266,20,10,mean_p,12,0.50575684562643841,0.00090165496622419722,mean_p|train_n=12|p=10,384,629,-1.61155,1.08521
826884430,20,10,mean_p,12,0.42994828730795698,0.0025790120939939878,mean_p|train_n=12|p=10,385,632,-1.61155,1.08521
505436229,20,10,mean_p,12,0.41327097148305814,0.0032498313580583112,mean_p|train_n=12|p=10,386,633,-1.61155,1.08521
1146334308,20,10,mean_p,12,0.49155873360575841,0.0010977957145040134,mean_p|train_n=12|p=10,387,635,-1.61155,1.08521
2790259724,20,10,mean_p,12,0.55480364676166094,0.00045682431578136388,mean_p|train_n=12|p=10,388,637,-1.61155,1.08521
473947871,20,10,mean_p,12,0.44489086879332529,0.0020964768634352208,mean_p|train_n=12|p=10,389,638,-1.61155,1.08521
2449713749,20,10,mean_p,12,0.46320721683445154,0.0016263524583779313,mean_p|train_n=12|p=10,390,639,-1.61155,1.08521
3152671987,20,10,mean_p,12,0.42820511536547751,0.0026420943330878873,mean_p|train_n=12|p=10,391,642,-1.61155,1.08521
3039966867,20,10,mean_p,12,0.40800292124322934,0.0034960501007991925,mean_p|train_n=12|p=10,392,643,-1.61155,1.08521
976495937,20,10,mean_p,12,0.33903836196018505,0.0090946432385670718,mean_p|train_n=12|p=10,393,645,-1.61155,1.08521
3918162060,20,10,mean_p,12,0.35841548198272777,0.0069522243788078097,mean_p|train_n=12|p=10,394,647,-1.61155,1.08521
2487303171,20,10,mean_p,12,0.31570337998012099,0.012568291876330876,mean_p|train_n=12|p=10,395,650,-1.61155,1.08521
2742382276,20,10,mean_p,12,0.43922080439507638,0.0022679175572541421,mean_p|train_n=12|p=10,396,651,-1.61155,1.08521
2256480131,20,10,mean_p,12,0.31630852200165488,0.012463296870790959,mean_p|train_n=12|p=10,397,652,-1.61155,1.08521
2698318776,20,10,mean_p,12,0.3647790417469926,0.0063651894295917531,mean_p|train_n=12|p=10,398,654,-1.61155,1.08521
1180319841,20,10,mean_p,12,0.56687543649060124,0.0003864290757552965,mean_p|train_n=12|p=10,399,656,-1.61155,1.08521
1431497259,20,10,mean_p,12,0.3676927620894711,0.0061132054054055781,mean_p|train_n=12|p=10,400,657,-1.61155,1.08521
3919440467,20,10,mean_p,12,0.35086542296725903,0.0077193310232892137,mean_p|train_n=12|p=10,401,658,-1.61155,1.08521
1668296502,20,10,mean_p,12,0.45381062853746557,0.0018526260617574353,mean_p|train_n=12|p=10,402,661,-1.61155,1.08521
364099256,20,10,mean_p,12,0.43935537754055093,0.002263690519946523,mean_p|train_n=12|p=10,403,662,-1.61155,1.08521
1783456975,20,10,mean_p,12,0.29175096595496441,0.017517985384646842,mean_p|train_n=12|p=10,404,663,-1.61155,1.08521
1623844617,20,10,mean_p,12,0.36354417660506916,0.0064750922754987037,mean_p|train_n=12|p=10,405,664,-1.61155,1.08521
1280076758,20,10,mean_p,12,0.52624582636479422,0.00067871027405555376,mean_p|train_n=12|p=10,406,666,-1.61155,1.08521
4093847505,20,10,mean_p,12,0.33019503902660952,0.010280820502483561,mean_p|train_n=12|p=10,407,667,-1.61155,1.08521
2702998999,20,10,mean_p,12,0.46234261696463763,0.0016459630455624521,mean_p|train_n=12|p=10,408,668,-1.61155,1.08521
695650189,20,10,mean_p,12,0.27823969971509188,0.021126623269162644,mean_p|train_n=12|p=10,409,670,-1.61155,1.08521
1352997504,20,10,mean_p,12,0.35630090440229245,0.0071590402782218347,mean_p|train_n=12|p=10,410,671,-1.61155,1.08521
4134050744,20,10,mean_p,12,0.34382963212277873,0.0085101917700707262,mean_p|train_n=12|p=10,411,673,-1.61155,1.08521
2301564535,20,10,mean_p,12,0.42907289623168693,0.0026105003643213821,mean_p|train_n=12|p=10,412,674,-1.61155,1.08521
2663816155,20,10,mean_p,12,0.3896623045999511,0.0045081583540605482,mean_p|train_n=12|p=10,413,675,-1.61155,1.08521
3711296483,20,10,mean_p,12,0.52689453361642025,0.00067263400084635106,mean_p|train_n=12|p=10,414,676,-1.61155,1.08521
3795676004,20,10,mean_p,12,0.39718610566225571,0.0040616394317620277,mean_p|train_n=12|p=10,415,678,-1.61155,1.08521
3299109103,20,10,mean_p,12,0.51347056639745481,0.00081021289785260188,mean_p|train_n=12|p=10,416,679,-1.61155,1.08521
196847621,20,10,mean_p,12,0.43770970836899553,0.0023159275429373667,mean_p|train_n=12|p=10,417,680,-1.61155,1.08521
2671903506,20,10,mean_p,12,0.65264232995484484,0.00011767972500871072,mean_p|train_n=12|p=10,418,682,-1.61155,1.08521
2102588164,20,10,mean_p,12,0.38455017950221093,0.0048392406835964172,mean_p|train_n=12|p=10,419,683,-1.61155,1.08521
2216406105,20,10,mean_p,12,0.32809002586935976,0.010585252416852814,mean_p|train_n=12|p=10,420,685,-1.61155,1.08521
615850100,20,10,mean_p,12,0.42095578570857839,0.0029214175444082337,mean_p|train_n=12|p=10,421,688,-1.61155,1.08521
2695550478,20,10,mean_p,12,0.53002553479529735,0.00064406294151577944,mean_p|train_n=12|p=10,422,689,-1.61155,1.08521
243955217,20,10,mean_p,12,0.4885331923162714,0.001144819727870235,mean_p|train_n=12|p=10,423,690,-1.61155,1.08521
3572759242,20,10,mean_p,12,0.51993689497437645,0.00074074371483622752,mean_p|train_n=12|p=10,424,691,-1.61155,1.08521
473721111,20,10,mean_p,12,0.48253552162065005,0.0012440753364798996,mean_p|train_n=12|p=10,425,692,-1.61155,1.08521
2852965154,20,10,mean_p,12,0.45765076409814825,0.0017565796589823096,mean_p|train_n=12|p=10,426,693,-1.61155,1.08521
3805123545,20,10,mean_p,12,0.42990595574345597,0.0025805260058562379,mean_p|train_n=12|p=10,427,694,-1.61155,1.08521
151693365,20,10,mean_p,12,0.47508933374146445,0.0013793586365897729,mean_p|train_n=12|p=10,428,699,-1.61155,1.08521
3942988512,20,10,mean_p,12,0.35177626142984042,0.0076224725829963196,mean_p|train_n=12|p=10,429,700,-1.61155,1.08521
3169935809,20,10,mean_p,12,0.40466743674854228,0.0036615019132430248,mean_p|train_n=12|p=10,430,701,-1.61155,1.08521
2728486811,20,10,mean_p,12,0.29169609622277493,0.017531315614612457,mean_p|train_n=12|p=10,431,702,-1.61155,1.08521
3737993596,20,10,mean_p,12,0.48998817633426262,0.0011219596235431562,mean_p|train_n=12|p=10,432,703,-1.61155,1.08521
1356283747,20,10,mean_p,12,0.39074349321890806,0.0044410918840661791,mean_p|train_n=12|p=10,433,704,-1.61155,1.08521
82309177,20,10,mean_p,12,0.39905898243582816,0.0039575419305631059,mean_p|train_n=12|p=10,434,705,-1.61155,1.08521
91989964,20,10,mean_p,12,0.34527496548832159,0.0083413735917421926,mean_p|train_n=12|p=10,435,708,-1.61155,1.08521
4224077090,20,10,mean_p,12,0.35350418414277474,0.0074420526743911239,mean_p|train_n=12|p=10,436,709,-1.61155,1.08521
3691237421,20,10,mean_p,12,0.39281855258890741,0.0043151575455711091,mean_p|train_n=12|p=10,437,710,-1.61155,1.08521
2390090357,20,10,mean_p,12,0.37031318940772562,0.0058951172040830231,mean_p|train_n=12|p=10,438,711,-1.61155,1.08521
647723074,20,10,mean_p,12,0.39882954260261105,0.0039701497698950653,mean_p|train_n=12|p=10,439,712,-1.61155,1.08521
3737857772,20,10,mean_p,12,0.36450153712423716,0.0063897236719845122,mean_p|train_n=12|p=10,440,714,-1.61155,1.08521
1749439242,20,10,mean_p,12,0.33563897148025579,0.009533492679306246,mean_p|train_n=12|p=10,441,715,-1.61155,1.08521
56897721,20,10,mean_p,12,0.21124764871206483,0.053476432182347947,mean_p|train_n=12|p=10,442,718,-1.61155,1.08521
3098184549,20,10,mean_p,12,0.34782421110548023,0.0080517370746034621,mean_p|train_n=12|p=10,443,719,-1.61155,1.08521
440743835,20,10,mean_p,12,0.44724992451863599,0.0020290238092852625,mean_p|train_n=12|p=10,444,720,-1.61155,1.08521
299170486,20,10,mean_p,12,0.45345968630101458,0.0018616612194122283,mean_p|train_n=12|p=10,445,723,-1.61155,1.08521
3956920303,20,10,mean_p,12,0.32207572370935861,0.01150564382833251,mean_p|train_n=12|p=10,446,724,-1.61155,1.08521
592904710,20,10,mean_p,12,0.5787771862891411,0.00032765298015545192,mean_p|train_n=12|p=10,447,726,-1.61155,1.08521
923947072,20,10,mean_p,12,0.41915346985941637,0.0029953298584576233,mean_p|train_n=12|p=10,448,727,-1.61155,1.08521
1534142280,20,10,mean_p,12,0.31919641957903949,0.011974187765265241,mean_p|train_n=12|p=10,449,728,-1.61155,1.08521
122562552,20,10,mean_p,12,0.47606172289032456,0.0013608894034195802,mean_p|train_n=12|p=10,450,731,-1.61155,1.08521
2640539726,20,10,mean_p,12,0.51923476949710456,0.00074798896669059898,mean_p|train_n=12|p=10,451,732,-1.61155,1.08521
1382510932,20,10,mean_p,12,0.3705606547681875,0.0058749280749983441,mean_p|train_n=12|p=10,452,733,-1.61155,1.08521
3698235550,20,10,mean_p,12,0.4983994788292187,0.00099847257582326497,mean_p|train_n=12|p=10,453,734,-1.61155,1.08521
2095713437,20,10,mean_p,12,0.40224565813862945,0.0037865162546652309,mean_p|train_n=12|p=10,454,736,-1.61155,1.08521
1178804964,20,10,mean_p,12,0.39253526798481608,0.0043321371721923956,mean_p|train_n=12|p=10,455,737,-1.61155,1.08521
3992593739,20,10,mean_p,12,0.48888936810763151,0.0011391809471712516,mean_p|train_n=12|p=10,456,739,-1.61155,1.08521
318531132,20,10,mean_p,12,0.41615949182667994,0.0031222681551953835,mean_p|train_n=12|p=10,457,740,-1.61155,1.08521
1184355619,20,10,mean_p,12,0.3558667547417747,0.0072022575457473242,mean_p|train_n=12|p=10,458,741,-1.61155,1.08521
280662243,20,10,mean_p,12,0.47938761566492155,0.0012995678616785232,mean_p|train_n=12|p=10,459,742,-1.61155,1.08521
1888178158,20,10,mean_p,12,0.31255675578940667,0.013128672753543713,mean_p|train_n=12|p=10,460,746,-1.61155,1.08521
1669169981,20,10,mean_p,12,0.55805689791232094,0.00043667938382448135,mean_p|train_n=12|p=10,461,747,-1.61155,1.08521
2402096750,20,10,mean_p,12,0.47741363046295121,0.001335621919471596,mean_p|train_n=12|p=10,462,748,-1.61155,1.08521
731330816,20,10,mean_p,12,0.35333248089371866,0.0074597881847506004,mean_p|train_n=12|p=10,463,749,-1.61155,1.08521
4121360119,20,10,mean_p,12,0.34396612217988598,0.0084941044016573451,mean_p|train_n=12|p=10,464,750,-1.61155,1.08521
3221744929,20,10,mean_p,12,0.34128390535673836,0.0088158897231210009,mean_p|train_n=12|p=10,465,752,-1.61155,1.08521
577239648,20,10,mean_p,12,0.48883865648266661,0.0011399820870725491,mean_p|train_n=12|p=10,466,754,-1.61155,1.08521
82610826,20,10,mean_p,12,0.5446890900246959,0.00052558735954888057,mean_p|train_n=12|p=10,467,755,-1.61155,1.08521
943405428,20,10,mean_p,12,0.54059657984568221,0.00055626825735697162,mean_p|train_n=12|p=10,468,756,-1.61155,1.08521
450496105,20,10,mean_p,12,0.43771401234106361,0.0023157893655704914,mean_p|train_n=12|p=10,469,759,-1.61155,1.08521
2462935667,20,10,mean_p,12,0.50595116677336027,0.00089922929985320182,mean_p|train_n=12|p=10,470,760,-1.61155,1.08521
3842775421,20,10,mean_p,12,0.29311328663011027,0.017190249176717361,mean_p|train_n=12|p=10,471,762,-1.61155,1.08521
117614285,20,10,mean_p,12,0.52451443528906982,0.00069519787570902465,mean_p|train_n=12|p=10,472,763,-1.61155,1.08521
1933246407,20,10,mean_p,12,0.45313510306197902,0.001870056972498463,mean_p|train_n=12|p=10,473,764,-1.61155,1.08521
3945466465,20,10,mean_p,12,0.40020598498276438,0.0038951113868260431,mean_p|train_n=12|p=10,474,768,-1.61155,1.08521
710721590,20,10,mean_p,12,0.33802452098651509,0.0092233693063665054,mean_p|train_n=12|p=10,475,769,-1.61155,1.08521
1245145879,20,10,mean_p,12,0.50077170973179508,0.000966170755257926,mean_p|train_n=12|p=10,476,771,-1.61155,1.08521
1981248318,20,10,mean_p,12,0.48089549074644866,0.0012726841929967133,mean_p|train_n=12|p=10,477,773,-1.61155,1.08521
1260586720,20,10,mean_p,12,0.53463875549598483,0.00060416276382372236,mean_p|train_n=12|p=10,478,774,-1.61155,1.08521
3443202918,20,10,mean_p,12,0.44331152799061935,0.0021428839548967233,mean_p|train_n=12|p=10,479,776,-1.61155,1.08521
802778356,20,10,mean_p,12,0.37387734320455773,0.0056109203011570109,mean_p|train_n=12|p=10,480,777,-1.61155,1.08521
562223092,20,10,mean_p,12,0.45186849654961014,0.0019031830837314011,mean_p|train_n=12|p=10,481,778,-1.61155,1.08521
372850852,20,10,mean_p,12,0.376817880082428,0.0053867932078645276,mean_p|train_n=12|p=10,482,783,-1.61155,1.08521
738697153,20,10,mean_p,12,0.45087379953831003,0.0019296086690655026,mean_p|train_n=12|p=10,483,784,-1.61155,1.08521
1056768680,20,10,mean_p,12,0.40898249943700443,0.0034488952118839457,mean_p|train_n=12|p=10,484,788,-1.61155,1.08521
3688290892,20,10,mean_p,12,0.38891726147616323,0.0045549621162419606,mean_p|train_n=12|p=10,485,790,-1.61155,1.08521
1633632031,20,10,mean_p,12,0.42745501015042764,0.0026697119346362369,mean_p|train_n=12|p=10,486,791,-1.61155,1.08521
2359185564,20,10,mean_p,12,0.48079123701123583,0.0012745248870256638,mean_p|train_n=12|p=10,487,794,-1.61155,1.08521
1123823546,20,10,mean_p,12,0.23824433247253504,0.036781225274442296,mean_p|train_n=12|p=10,488,796,-1.61155,1.08521
1103569246,20,10,mean_p,12,0.44052869568926833,0.0022271679739157514,mean_p|train_n=12|p=10,489,798,-1.61155,1.08521
425864505,20,10,mean_p,12,0.38424487309945182,0.0048597659111006006,mean_p|train_n=12|p=10,490,799,-1.61155,1.08521
1760626588,20,10,mean_p,12,0.31818973711741794,0.012142466006188783,mean_p|train_n=12|p=10,491,800,-1.61155,1.08521
3649138850,20,10,mean_p,12,0.32385054178470402,0.011226010813388667,mean_p|train_n=12|p=10,492,801,-1.61155,1.08521
4281034086,20,10,mean_p,12,0.30984541568559087,0.013631533562617815,mean_p|train_n=12|p=10,493,802,-1.61155,1.08521
2090368288,20,10,mean_p,12,0.26538964065343951,0.025246149665712012,mean_p|train_n=12|p=10,494,803,-1.61155,1.08521
690252012,20,10,mean_p,12,0.35122804783093725,0.0076806229506071935,mean_p|train_n=12|p=10,495,804,-1.61155,1.08521
1406059358,20,10,mean_p,12,0.4333001436278584,0.0024619157847480507,mean_p|train_n=12|p=10,496,805,-1.61155,1.08521
3298590234,20,10,mean_p,12,0.42350298204524217,0.0028200576266242299,mean_p|train_n=12|p=10,497,806,-1.61155,1.08521
3005386126,20,10,mean_p,12,0.34967888936862662,0.0078473551671250034,mean_p|train_n=12|p=10,498,808,-1.61155,1.08521
2773405746,20,10,mean_p,12,0.52344201928824508,0.00070561048257494947,mean_p|train_n=12|p=10,499,809,-1.61155,1.08521
1372426540,20,20,mean_p,12,0.32184792307333743,0.011542035938914614,mean_p|train_n=12|p=20,0,2,-1.55047,0.95916000000000001
1783326620,20,20,mean_p,12,0.24474145020828172,0.033613183477698781,mean_p|train_n=12|p=20,1,3,-1.55047,0.95916000000000001
3442846284,20,20,mean_p,12,0.31138746080073282,0.013343221040726426,mean_p|train_n=12|p=20,2,5,-1.55047,0.95916000000000001
1786056570,20,20,mean_p,12,0.3641183175129834,0.0064237597395090888,mean_p|train_n=12|p=20,3,6,-1.55047,0.95916000000000001
3238787778,20,20,mean_p,12,0.26318390676964754,0.026030049484456867,mean_p|train_n=12|p=20,4,7,-1.55047,0.95916000000000001
707574821,20,20,mean_p,12,0.35258754364611888,0.0075372247457133291,mean_p|train_n=12|p=20,5,11,-1.55047,0.95916000000000001
3235767872,20,20,mean_p,12,0.28521452646500933,0.019179507311401514,mean_p|train_n=12|p=20,6,12,-1.55047,0.95916000000000001
3690540800,20,20,mean_p,12,0.36812273917615851,0.0060768745150725926,mean_p|train_n=12|p=20,7,14,-1.55047,0.95916000000000001
1531810360,20,20,mean_p,12,0.20099890005811111,0.061640483944420212,mean_p|train_n=12|p=20,8,16,-1.55047,0.95916000000000001
407499905,20,20,mean_p,12,0.36466819947517076,0.0063749776991154986,mean_p|train_n=12|p=20,9,18,-1.55047,0.95916000000000001
2833724062,20,20,mean_p,12,0.2270736707942313,0.042941803205391656,mean_p|train_n=12|p=20,10,23,-1.55047,0.95916000000000001
289381378,20,20,mean_p,12,0.26711580938583063,0.024649185955028404,mean_p|train_n=12|p=20,11,24,-1.55047,0.95916000000000001
3219626110,20,20,mean_p,12,0.21622347129174474,0.049912001708912489,mean_p|train_n=12|p=20,12,26,-1.55047,0.95916000000000001
3753855109,20,20,mean_p,12,0.31947850623533369,0.011927453526298665,mean_p|train_n=12|p=20,13,27,-1.55047,0.95916000000000001
2920211084,20,20,mean_p,12,0.42244242910736773,0.0028618254924507422,mean_p|train_n=12|p=20,14,30,-1.55047,0.95916000000000001
36643198,20,20,mean_p,12,0.27403836716040486,0.022393636814688662,mean_p|train_n=12|p=20,15,32,-1.55047,0.95916000000000001
974638609,20,20,mean_p,12,0.26711273568171423,0.024650236293684766,mean_p|train_n=12|p=20,16,34,-1.55047,0.95916000000000001
1548419614,20,20,mean_p,12,0.32580698405297653,0.010925630280766983,mean_p|train_n=12|p=20,17,35,-1.55047,0.95916000000000001
150380151,20,20,mean_p,12,0.42551999847171035,0.0027422960247253819,mean_p|train_n=12|p=20,18,37,-1.55047,0.95916000000000001
2644336020,20,20,mean_p,12,0.50572314962999476,0.00090207625081898031,mean_p|train_n=12|p=20,19,39,-1.55047,0.95916000000000001
2082443298,20,20,mean_p,12,0.28954870275370459,0.018061054590723082,mean_p|train_n=12|p=20,20,40,-1.55047,0.95916000000000001
1844443629,20,20,mean_p,12,0.37431800803555026,0.0055767481680058647,mean_p|train_n=12|p=20,21,41,-1.55047,0.95916000000000001
331527953,20,20,mean_p,12,0.38538880705617362,0.0047833061872171994,mean_p|train_n=12|p=20,22,42,-1.55047,0.95916000000000001
343253331,20,20,mean_p,12,0.21006799681207977,0.054358146104243013,mean_p|train_n=12|p=20,23,43,-1.55047,0.95916000000000001
2975564368,20,20,mean_p,12,0.24453035987279023,0.033711690922304541,mean_p|train_n=12|p=20,24,46,-1.55047,0.95916000000000001
1350932878,20,20,mean_p,12,0.27414816074098936,0.022359578232418513,mean_p|train_n=12|p=20,25,47,-1.55047,0.95916000000000001
1645772821,20,20,mean_p,12,0.32338440031447324,0.011298789235550763,mean_p|train_n=12|p=20,26,49,-1.55047,0.95916000000000001
2042776086,20,20,mean_p,12,0.30627112318333993,0.014323993073155281,mean_p|train_n=12|p=20,27,51,-1.55047,0.95916000000000001
4211136266,20,20,mean_p,12,0.20903845243295244,0.05513953653570082,mean_p|train_n=12|p=20,28,52,-1.55047,0.95916000000000001
2375920927,20,20,mean_p,12,0.3634454836342168,0.006483957398591261,mean_p|train_n=12|p=20,29,53,-1.55047,0.95916000000000001
2855937071,20,20,mean_p,12,0.22904280803861238,0.041785431354581161,mean_p|train_n=12|p=20,30,54,-1.55047,0.95916000000000001
200350148,20,20,mean_p,12,0.37064369395938246,0.0058681689391944592,mean_p|train_n=12|p=20,31,55,-1.55047,0.95916000000000001
1201082090,20,20,mean_p,12,0.39048563519825807,0.0044569957359058146,mean_p|train_n=12|p=20,32,56,-1.55047,0.95916000000000001
1718906898,20,20,mean_p,12,0.29841871969478756,0.015971300539563013,mean_p|train_n=12|p=20,33,58,-1.55047,0.95916000000000001
736304232,20,20,mean_p,12,0.44226521497370619,0.0021741929595585352,mean_p|train_n=12|p=20,34,59,-1.55047,0.95916000000000001
720989637,20,20,mean_p,12,0.39471655734604238,0.0042030981246541322,mean_p|train_n=12|p=20,35,61,-1.55047,0.95916000000000001
4232820973,20,20,mean_p,12,0.31794334898582077,0.012184011511973868,mean_p|train_n=12|p=20,36,63,-1.55047,0.95916000000000001
654514979,20,20,mean_p,12,0.47819153144352011,0.0013212959605142516,mean_p|train_n=12|p=20,37,66,-1.55047,0.95916000000000001
2852772039,20,20,mean_p,12,0.17837846095940654,0.084344089318216992,mean_p|train_n=12|p=20,38,67,-1.55047,0.95916000000000001
4039928504,20,20,mean_p,12,0.28465094683539294,0.019329941254449954,mean_p|train_n=12|p=20,39,68,-1.55047,0.95916000000000001
3455879962,20,20,mean_p,12,0.18190942755777678,0.080314898754450817,mean_p|train_n=12|p=20,40,69,-1.55047,0.95916000000000001
2286624001,20,20,mean_p,12,0.28720054387246519,0.018658659117315849,mean_p|train_n=12|p=20,41,70,-1.55047,0.95916000000000001
3062918349,20,20,mean_p,12,0.34859521348490669,0.0079661354753099954,mean_p|train_n=12|p=20,42,72,-1.55047,0.95916000000000001
1469124877,20,20,mean_p,12,0.28712043784184305,0.018679391168147007,mean_p|train_n=12|p=20,43,73,-1.55047,0.95916000000000001
4222814093,20,20,mean_p,12,0.18721923983977268,0.074615295085628669,mean_p|train_n=12|p=20,44,75,-1.55047,0.95916000000000001
2017777975,20,20,mean_p,12,0.35861332497697357,0.0069331827330032826,mean_p|train_n=12|p=20,45,78,-1.55047,0.95916000000000001
4205940710,20,20,mean_p,12,0.364409367965155,0.0063978932692062207,mean_p|train_n=12|p=20,46,79,-1.55047,0.95916000000000001
2130072952,20,20,mean_p,12,0.21412566221651122,0.051384845685269256,mean_p|train_n=12|p=20,47,80,-1.55047,0.95916000000000001
1246716837,20,20,mean_p,12,0.34273282346133366,0.008640577955968896,mean_p|train_n=12|p=20,48,83,-1.55047,0.95916000000000001
3780637366,20,20,mean_p,12,0.27422014684507723,0.022337275860587185,mean_p|train_n=12|p=20,49,84,-1.55047,0.95916000000000001
2540267347,20,20,mean_p,12,0.29309214879978029,0.017195287217386404,mean_p|train_n=12|p=20,50,85,-1.55047,0.95916000000000001
4232714977,20,20,mean_p,12,0.26616532751530059,0.024976124595788185,mean_p|train_n=12|p=20,51,86,-1.55047,0.95916000000000001
2294326319,20,20,mean_p,12,0.43432995540952896,0.0024270186193864332,mean_p|train_n=12|p=20,52,90,-1.55047,0.95916000000000001
2669205810,20,20,mean_p,12,0.32265597342983426,0.011413464027047905,mean_p|train_n=12|p=20,53,91,-1.55047,0.95916000000000001
3706817458,20,20,mean_p,12,0.33670127060934119,0.0093941255338096732,mean_p|train_n=12|p=20,54,92,-1.55047,0.95916000000000001
536750630,20,20,mean_p,12,0.48875807789153647,0.0011412562229413837,mean_p|train_n=12|p=20,55,93,-1.55047,0.95916000000000001
990708909,20,20,mean_p,12,0.28506019568063662,0.019220585390955384,mean_p|train_n=12|p=20,56,96,-1.55047,0.95916000000000001
2463037387,20,20,mean_p,12,0.47562659351043229,0.0013691233344585564,mean_p|train_n=12|p=20,57,98,-1.55047,0.95916000000000001
1906364401,20,20,mean_p,12,0.33993050902034183,0.0089828553610299886,mean_p|train_n=12|p=20,58,99,-1.55047,0.95916000000000001
1122867043,20,20,mean_p,12,0.20117049401049053,0.061494027992087377,mean_p|train_n=12|p=20,59,100,-1.55047,0.95916000000000001
1213040224,20,20,mean_p,12,0.18531751010164427,0.076608580410434335,mean_p|train_n=12|p=20,60,101,-1.55047,0.95916000000000001
3075303085,20,20,mean_p,12,0.29740081092995341,0.016198272603434025,mean_p|train_n=12|p=20,61,105,-1.55047,0.95916000000000001
3414304508,20,20,mean_p,12,0.34170652091881026,0.0087643911125025731,mean_p|train_n=12|p=20,62,106,-1.55047,0.95916000000000001
3154562223,20,20,mean_p,12,0.32537625359621308,0.010991064482934429,mean_p|train_n=12|p=20,63,107,-1.55047,0.95916000000000001
1629037326,20,20,mean_p,12,0.23903918076401071,0.03637816002229298,mean_p|train_n=12|p=20,64,110,-1.55047,0.95916000000000001
2518453777,20,20,mean_p,12,0.31455137644918918,0.012770620820947388,mean_p|train_n=12|p=20,65,111,-1.55047,0.95916000000000001
1386019666,20,20,mean_p,12,0.40555341437435855,0.0036168054511834429,mean_p|train_n=12|p=20,66,112,-1.55047,0.95916000000000001
1442309280,20,20,mean_p,12,0.31438793495597872,0.012799589046220342,mean_p|train_n=12|p=20,67,113,-1.55047,0.95916000000000001
1681715963,20,20,mean_p,12,0.4028144466878808,0.0037567766611785493,mean_p|train_n=12|p=20,68,115,-1.55047,0.95916000000000001
1407317941,20,20,mean_p,12,0.24062139296409035,0.035588924385048216,mean_p|train_n=12|p=20,69,117,-1.55047,0.95916000000000001
1852785227,20,20,mean_p,12,0.17958483032652853,0.082945262537474168,mean_p|train_n=12|p=20,70,118,-1.55047,0.95916000000000001
2030482427,20,20,mean_p,12,0.26260314509715527,0.026240465037296389,mean_p|train_n=12|p=20,71,119,-1.55047,0.95916000000000001
4043744969,20,20,mean_p,12,0.33679563025474268,0.0093818450890365748,mean_p|train_n=12|p=20,72,121,-1.55047,0.95916000000000001
1153446008,20,20,mean_p,12,0.2723849988110939,0.022912838804180935,mean_p|train_n=12|p=20,73,125,-1.55047,0.95916000000000001
708915003,20,20,mean_p,12,0.24159849618018098,0.035110103915413637,mean_p|train_n=12|p=20,74,126,-1.55047,0.95916000000000001
3314546444,20,20,mean_p,12,0.32719320630128806,0.010717675667373774,mean_p|train_n=12|p=20,75,128,-1.55047,0.95916000000000001
1299114799,20,20,mean_p,12,0.41077958215477428,0.0033640348270935036,mean_p|train_n=12|p=20,76,129,-1.55047,0.95916000000000001
1773228688,20,20,mean_p,12,0.37999604954129662,0.0051546100608759714,mean_p|train_n=12|p=20,77,130,-1.55047,0.95916000000000001
146899265,20,20,mean_p,12,0.32379691229310736,0.011234360036059482,mean_p|train_n=12|p=20,78,131,-1.55047,0.95916000000000001
1404396771,20,20,mean_p,12,0.43970082156739354,0.0022528759134614637,mean_p|train_n=12|p=20,79,133,-1.55047,0.95916000000000001
2400039562,20,20,mean_p,12,0.31519636596438827,0.012656941896310456,mean_p|train_n=12|p=20,80,134,-1.55047,0.95916000000000001
1154979339,20,20,mean_p,12,0.19419772966257592,0.067735004755965653,mean_p|train_n=12|p=20,81,137,-1.55047,0.95916000000000001
1482311483,20,20,mean_p,12,0.22612666756095184,0.043509270816092099,mean_p|train_n=12|p=20,82,140,-1.55047,0.95916000000000001
2192272493,20,20,mean_p,12,0.22336306599096023,0.045208525681563361,mean_p|train_n=12|p=20,83,143,-1.55047,0.95916000000000001
3049546338,20,20,mean_p,12,0.48349475173485823,0.0012276414390834571,mean_p|train_n=12|p=20,84,145,-1.55047,0.95916000000000001
2380126004,20,20,mean_p,12,0.24079902603733871,0.035501393860793401,mean_p|train_n=12|p=20,85,146,-1.55047,0.95916000000000001
1439820419,20,20,mean_p,12,0.44262249753946625,0.002163450832558457,mean_p|train_n=12|p=20,86,147,-1.55047,0.95916000000000001
2232441300,20,20,mean_p,12,0.49835052726568885,0.00099915038201657102,mean_p|train_n=12|p=20,87,148,-1.55047,0.95916000000000001
690719715,20,20,mean_p,12,0.31587026196166862,0.012539249048887513,mean_p|train_n=12|p=20,88,150,-1.55047,0.95916000000000001
1765185143,20,20,mean_p,12,0.3151620482812747,0.012662964794381499,mean_p|train_n=12|p=20,89,151,-1.55047,0.95916000000000001
2064104397,20,20,mean_p,12,0.19617708081714502,0.065901649385345873,mean_p|train_n=12|p=20,90,152,-1.55047,0.95916000000000001
3360927479,20,20,mean_p,12,0.32415997561915411,0.011177958139795049,mean_p|train_n=12|p=20,91,153,-1.55047,0.95916000000000001
2737384704,20,20,mean_p,12,0.38029701620755324,0.0051331483674616572,mean_p|train_n=12|p=20,92,155,-1.55047,0.95916000000000001
3990217509,20,20,mean_p,12,0.36960320324347162,0.0059534263675096455,mean_p|train_n=12|p=20,93,156,-1.55047,0.95916000000000001
3934838374,20,20,mean_p,12,0.4196974580227586,0.0029728262053823769,mean_p|train_n=12|p=20,94,160,-1.55047,0.95916000000000001
3658669760,20,20,mean_p,12,0.4775615358033195,0.0013328861614179768,mean_p|train_n=12|p=20,95,161,-1.55047,0.95916000000000001
1984931174,20,20,mean_p,12,0.22509983868147065,0.04413304883384269,mean_p|train_n=12|p=20,96,163,-1.55047,0.95916000000000001
2115532597,20,20,mean_p,12,0.42740285626466623,0.0026716428513392744,mean_p|train_n=12|p=20,97,164,-1.55047,0.95916000000000001
1355776469,20,20,mean_p,12,0.50832344159707921,0.00087013759198721142,mean_p|train_n=12|p=20,98,166,-1.55047,0.95916000000000001
31602235,20,20,mean_p,12,0.39032493612387792,0.0044669359306448589,mean_p|train_n=12|p=20,99,167,-1.55047,0.95916000000000001
3287928152,20,20,mean_p,12,0.34611290041650589,0.0082450387630356066,mean_p|train_n=12|p=20,100,170,-1.55047,0.95916000000000001
2868281222,20,20,mean_p,12,0.32860459395427111,0.010510011957489232,mean_p|train_n=12|p=20,101,172,-1.55047,0.95916000000000001
2523092534,20,20,mean_p,12,0.30142682711744473,0.015318973708326796,mean_p|train_n=12|p=20,102,173,-1.55047,0.95916000000000001
819840658,20,20,mean_p,12,0.2164582674953508,0.049749803931242335,mean_p|train_n=12|p=20,103,176,-1.55047,0.95916000000000001
1982584677,20,20,mean_p,12,0.27244510376309428,0.022893755055447385,mean_p|train_n=12|p=20,104,177,-1.55047,0.95916000000000001
1983385032,20,20,mean_p,12,0.39666839687069649,0.0040908945430365396,mean_p|train_n=12|p=20,105,178,-1.55047,0.95916000000000001
2326581538,20,20,mean_p,12,0.33775869670411962,0.0092574211132466031,mean_p|train_n=12|p=20,106,180,-1.55047,0.95916000000000001
3405652243,20,20,mean_p,12,0.32852610868056981,0.010521453461827653,mean_p|train_n=12|p=20,107,181,-1.55047,0.95916000000000001
1220066919,20,20,mean_p,12,0.29923614311661584,0.015791337031530833,mean_p|train_n=12|p=20,108,184,-1.55047,0.95916000000000001
4068027982,20,20,mean_p,12,0.37277127239514141,0.0056976177557550934,mean_p|train_n=12|p=20,109,185,-1.55047,0.95916000000000001
3112810691,20,20,mean_p,12,0.22257953679875642,0.045702258249729365,mean_p|train_n=12|p=20,110,186,-1.55047,0.95916000000000001
4020744046,20,20,mean_p,12,0.2901276455932269,0.017916679382732757,mean_p|train_n=12|p=20,111,188,-1.55047,0.95916000000000001
2366981359,20,20,mean_p,12,0.36023002565702711,0.0067795230050371157,mean_p|train_n=12|p=20,112,189,-1.55047,0.95916000000000001
2484839600,20,20,mean_p,12,0.47508052945377199,0.0013795270021982741,mean_p|train_n=12|p=20,113,191,-1.55047,0.95916000000000001
3084647357,20,20,mean_p,12,0.22376336164937621,0.04495834588904387,mean_p|train_n=12|p=20,114,194,-1.55047,0.95916000000000001
2253485866,20,20,mean_p,12,0.33349580927595507,0.0098209875297223526,mean_p|train_n=12|p=20,115,195,-1.55047,0.95916000000000001
2430776529,20,20,mean_p,12,0.25826911003006287,0.027865383121287168,mean_p|train_n=12|p=20,116,197,-1.55047,0.95916000000000001
18916828,20,20,mean_p,12,0.37718211356884929,0.0053596619680107817,mean_p|train_n=12|p=20,117,198,-1.55047,0.95916000000000001
4129134133,20,20,mean_p,12,0.21642818260488322,0.049770557167613812,mean_p|train_n=12|p=20,118,199,-1.55047,0.95916000000000001
1415356858,20,20,mean_p,12,0.37519973423318437,0.0055089967049584939,mean_p|train_n=12|p=20,119,202,-1.55047,0.95916000000000001
3395428748,20,20,mean_p,12,0.36639932595117564,0.0062238089091022327,mean_p|train_n=12|p=20,120,203,-1.55047,0.95916000000000001
2006661884,20,20,mean_p,12,0.31907529347578739,0.011994311284971887,mean_p|train_n=12|p=20,121,205,-1.55047,0.95916000000000001
10427820,20,20,mean_p,12,0.3238773869708671,0.0112218337936901,mean_p|train_n=12|p=20,122,206,-1.55047,0.95916000000000001
1126077234,20,20,mean_p,12,0.33378842279687043,0.0097812295370368011,mean_p|train_n=12|p=20,123,208,-1.55047,0.95916000000000001
885888809,20,20,mean_p,12,0.19664204121140691,0.065478231905044385,mean_p|train_n=12|p=20,124,209,-1.55047,0.95916000000000001
1078627309,20,20,mean_p,12,0.16336387506124606,0.10386075324582011,mean_p|train_n=12|p=20,125,210,-1.55047,0.95916000000000001
4012175766,20,20,mean_p,12,0.40438207018099337,0.0036760155796183749,mean_p|train_n=12|p=20,126,213,-1.55047,0.95916000000000001
3522643050,20,20,mean_p,12,0.41743137810073616,0.0030676985510491163,mean_p|train_n=12|p=20,127,216,-1.55047,0.95916000000000001
1321034588,20,20,mean_p,12,0.2963527277155299,0.016435343799481611,mean_p|train_n=12|p=20,128,218,-1.55047,0.95916000000000001
2687008951,20,20,mean_p,12,0.2731882922769916,0.022659096616075979,mean_p|train_n=12|p=20,129,219,-1.55047,0.95916000000000001
371681404,20,20,mean_p,12,0.20045991738674079,0.062102779596398948,mean_p|train_n=12|p=20,130,221,-1.55047,0.95916000000000001
2125607996,20,20,mean_p,12,0.17491028162417652,0.088498350003095083,mean_p|train_n=12|p=20,131,222,-1.55047,0.95916000000000001
1174398403,20,20,mean_p,12,0.31829025606322969,0.012125557403426628,mean_p|train_n=12|p=20,132,223,-1.55047,0.95916000000000001
2035255486,20,20,mean_p,12,0.30748255480704245,0.014085444514633281,mean_p|train_n=12|p=20,133,224,-1.55047,0.95916000000000001
3701187393,20,20,mean_p,12,0.30987676889416604,0.013625609934494387,mean_p|train_n=12|p=20,134,228,-1.55047,0.95916000000000001
3401686764,20,20,mean_p,12,0.39941175680541646,0.003938234855625858,mean_p|train_n=12|p=20,135,231,-1.55047,0.95916000000000001
796544141,20,20,mean_p,12,0.34619855371779928,0.0082352543574184169,mean_p|train_n=12|p=20,136,232,-1.55047,0.95916000000000001
1067653113,20,20,mean_p,12,0.39363825316793022,0.0042663999650156279,mean_p|train_n=12|p=20,137,233,-1.55047,0.95916000000000001
3244132437,20,20,mean_p,12,0.36520310114493665,0.0063278800900261837,mean_p|train_n=12|p=20,138,234,-1.55047,0.95916000000000001
908797532,20,20,mean_p,12,0.18813634388742348,0.073672658927863288,mean_p|train_n=12|p=20,139,235,-1.55047,0.95916000000000001
184110159,20,20,mean_p,12,0.25846642449669044,0.027789265437802923,mean_p|train_n=12|p=20,140,237,-1.55047,0.95916000000000001
268959844,20,20,mean_p,12,0.3019337299308068,0.015211702099724882,mean_p|train_n=12|p=20,141,239,-1.55047,0.95916000000000001
922143937,20,20,mean_p,12,0.37279120499700102,0.0056960435816761617,mean_p|train_n=12|p=20,142,240,-1.55047,0.95916000000000001
1514765709,20,20,mean_p,12,0.33598109433773549,0.00948838400130406,mean_p|train_n=12|p=20,143,241,-1.55047,0.95916000000000001
759371176,20,20,mean_p,12,0.19677255551159994,0.065359868439705635,mean_p|train_n=12|p=20,144,244,-1.55047,0.95916000000000001
690184558,20,20,mean_p,12,0.34334696071173687,0.0085673264995337634,mean_p|train_n=12|p=20,145,246,-1.55047,0.95916000000000001
113297349,20,20,mean_p,12,0.38469694626942685,0.0048294046801885399,mean_p|train_n=12|p=20,146,248,-1.55047,0.95916000000000001
2301537319,20,20,mean_p,12,0.34153840679955938,0.0087848408420336567,mean_p|train_n=12|p=20,147,250,-1.55047,0.95916000000000001
3518374211,20,20,mean_p,12,0.27679420018231127,0.021554247350235114,mean_p|train_n=12|p=20,148,251,-1.55047,0.95916000000000001
1525309998,20,20,mean_p,12,0.41712035562074784,0.0030809540635997096,mean_p|train_n=12|p=20,149,252,-1.55047,0.95916000000000001
3321847069,20,20,mean_p,12,0.33898695735790357,0.0091011265648686026,mean_p|train_n=12|p=20,150,255,-1.55047,0.95916000000000001
4056031777,20,20,mean_p,12,0.25989952908566771,0.027242622831845847,mean_p|train_n=12|p=20,151,256,-1.55047,0.95916000000000001
3702221780,20,20,mean_p,12,0.2458940648763451,0.033080359023071479,mean_p|train_n=12|p=20,152,257,-1.55047,0.95916000000000001
4026848210,20,20,mean_p,12,0.32795719176393501,0.010604762818167697,mean_p|train_n=12|p=20,153,260,-1.55047,0.95916000000000001
391320566,20,20,mean_p,12,0.19951290701459884,0.062923462025515284,mean_p|train_n=12|p=20,154,261,-1.55047,0.95916000000000001
3297338697,20,20,mean_p,12,0.24371282617585224,0.034095933070439934,mean_p|train_n=12|p=20,155,263,-1.55047,0.95916000000000001
2659288412,20,20,mean_p,12,0.20197876352967756,0.060808833698402467,mean_p|train_n=12|p=20,156,264,-1.55047,0.95916000000000001
3631079277,20,20,mean_p,12,0.47659446735973771,0.0013508757050536223,mean_p|train_n=12|p=20,157,266,-1.55047,0.95916000000000001
4272323293,20,20,mean_p,12,0.32795496555383513,0.010605090105553135,mean_p|train_n=12|p=20,158,267,-1.55047,0.95916000000000001
4046901669,20,20,mean_p,12,0.24072541267495917,0.035537641450529428,mean_p|train_n=12|p=20,159,269,-1.55047,0.95916000000000001
315406617,20,20,mean_p,12,0.29175447893316619,0.017517132275700561,mean_p|train_n=12|p=20,160,270,-1.55047,0.95916000000000001
2213750419,20,20,mean_p,12,0.42420409905690359,0.0027927807222287572,mean_p|train_n=12|p=20,161,271,-1.55047,0.95916000000000001
1533551617,20,20,mean_p,12,0.24983106055786242,0.031323273205609257,mean_p|train_n=12|p=20,162,272,-1.55047,0.95916000000000001
2976598161,20,20,mean_p,12,0.2362822451249964,0.037795416493469958,mean_p|train_n=12|p=20,163,273,-1.55047,0.95916000000000001
873615947,20,20,mean_p,12,0.34068938643154467,0.0088888486099580784,mean_p|train_n=12|p=20,164,274,-1.55047,0.95916000000000001
343684824,20,20,mean_p,12,0.28003092293556542,0.020608474711004323,mean_p|train_n=12|p=20,165,276,-1.55047,0.95916000000000001
3162605606,20,20,mean_p,12,0.25997057104422161,0.02721580612401479,mean_p|train_n=12|p=20,166,278,-1.55047,0.95916000000000001
900364774,20,20,mean_p,12,0.42294127047105279,0.0028421030696084656,mean_p|train_n=12|p=20,167,279,-1.55047,0.95916000000000001
429971783,20,20,mean_p,12,0.49433319782090968,0.0010563737287218248,mean_p|train_n=12|p=20,168,281,-1.55047,0.95916000000000001
4126371965,20,20,mean_p,12,0.33817434332291307,0.0092042324459905688,mean_p|train_n=12|p=20,169,282,-1.55047,0.95916000000000001
781649369,20,20,mean_p,12,0.24077906186434794,0.035511220664599351,mean_p|train_n=12|p=20,170,283,-1.55047,0.95916000000000001
448451950,20,20,mean_p,12,0.24469090540639898,0.033636744480196497,mean_p|train_n=12|p=20,171,288,-1.55047,0.95916000000000001
3746384250,20,20,mean_p,12,0.33738614963154034,0.0093053556564246954,mean_p|train_n=12|p=20,172,292,-1.55047,0.95916000000000001
226771036,20,20,mean_p,12,0.2204121003804024,0.047096315000612315,mean_p|train_n=12|p=20,173,293,-1.55047,0.95916000000000001
2024099295,20,20,mean_p,12,0.31588796461966612,0.012536172157438177,mean_p|train_n=12|p=20,174,294,-1.55047,0.95916000000000001
3900314440,20,20,mean_p,12,0.29020846209434226,0.017896617588868648,mean_p|train_n=12|p=20,175,295,-1.55047,0.95916000000000001
152355006,20,20,mean_p,12,0.29240727387027776,0.017359323330489562,mean_p|train_n=12|p=20,176,297,-1.55047,0.95916000000000001
3295798992,20,20,mean_p,12,0.3207905074354403,0.011712475589210132,mean_p|train_n=12|p=20,177,298,-1.55047,0.95916000000000001
164861382,20,20,mean_p,12,0.24738491647097866,0.032403684377360242,mean_p|train_n=12|p=20,178,299,-1.55047,0.95916000000000001
3115225869,20,20,mean_p,12,0.41771290706809439,0.0030557492084139939,mean_p|train_n=12|p=20,179,300,-1.55047,0.95916000000000001
1306992628,20,20,mean_p,12,0.27167504501548784,0.0231394614828603,mean_p|train_n=12|p=20,180,301,-1.55047,0.95916000000000001
1402141074,20,20,mean_p,12,0.2725711535682947,0.022853784951748723,mean_p|train_n=12|p=20,181,304,-1.55047,0.95916000000000001
3992684234,20,20,mean_p,12,0.27102617763146891,0.023348544808045654,mean_p|train_n=12|p=20,182,305,-1.55047,0.95916000000000001
637252692,20,20,mean_p,12,0.40098536921455274,0.0038532529616103488,mean_p|train_n=12|p=20,183,307,-1.55047,0.95916000000000001
4218775035,20,20,mean_p,12,0.3388533939757904,0.0091179936542493071,mean_p|train_n=12|p=20,184,308,-1.55047,0.95916000000000001
3489800223,20,20,mean_p,12,0.20920519780329799,0.055012224197068124,mean_p|train_n=12|p=20,185,309,-1.55047,0.95916000000000001
383386689,20,20,mean_p,12,0.21114630240097748,0.053551617137517202,mean_p|train_n=12|p=20,186,311,-1.55047,0.95916000000000001
1030592234,20,20,mean_p,12,0.12302588376235149,0.18168136112793931,mean_p|train_n=12|p=20,187,317,-1.55047,0.95916000000000001
423236310,20,20,mean_p,12,0.32524289339626328,0.011011403172449485,mean_p|train_n=12|p=20,188,324,-1.55047,0.95916000000000001
643040053,20,20,mean_p,12,0.36901821992843342,0.0060019025138534476,mean_p|train_n=12|p=20,189,326,-1.55047,0.95916000000000001
363694314,20,20,mean_p,12,0.32628543833544327,0.010853402726689847,mean_p|train_n=12|p=20,190,327,-1.55047,0.95916000000000001
3424385298,20,20,mean_p,12,0.22086504679966659,0.046801515716953998,mean_p|train_n=12|p=20,191,329,-1.55047,0.95916000000000001
2958983615,20,20,mean_p,12,0.27788877310987464,0.0212296520741369,mean_p|train_n=12|p=20,192,330,-1.55047,0.95916000000000001
1681158139,20,20,mean_p,12,0.27936524856448958,0.020799534178749184,mean_p|train_n=12|p=20,193,333,-1.55047,0.95916000000000001
2698672273,20,20,mean_p,12,0.29969494087271786,0.015691218318641564,mean_p|train_n=12|p=20,194,336,-1.55047,0.95916000000000001
1946483592,20,20,mean_p,12,0.27278995964970293,0.022784567680172473,mean_p|train_n=12|p=20,195,337,-1.55047,0.95916000000000001
2716309919,20,20,mean_p,12,0.42592978432637646,0.0027267616506334823,mean_p|train_n=12|p=20,196,338,-1.55047,0.95916000000000001
1022181441,20,20,mean_p,12,0.1900669012413147,0.07172709317053387,mean_p|train_n=12|p=20,197,339,-1.55047,0.95916000000000001
3235202506,20,20,mean_p,12,0.3024516513377204,0.015102874521612368,mean_p|train_n=12|p=20,198,340,-1.55047,0.95916000000000001
2170052713,20,20,mean_p,12,0.2207812142104324,0.046855938486705995,mean_p|train_n=12|p=20,199,341,-1.55047,0.95916000000000001
1425395999,20,20,mean_p,12,0.2661357886247776,0.024986354312618714,mean_p|train_n=12|p=20,200,343,-1.55047,0.95916000000000001
261367507,20,20,mean_p,12,0.48125425367602848,0.001266370199472785,mean_p|train_n=12|p=20,201,345,-1.55047,0.95916000000000001
3351422793,20,20,mean_p,12,0.29972734256295408,0.015684171675922644,mean_p|train_n=12|p=20,202,346,-1.55047,0.95916000000000001
4001314084,20,20,mean_p,12,0.41329823714307035,0.003248603211426824,mean_p|train_n=12|p=20,203,348,-1.55047,0.95916000000000001
2681136465,20,20,mean_p,12,0.29583197751774815,0.016554421996651275,mean_p|train_n=12|p=20,204,349,-1.55047,0.95916000000000001
3673388274,20,20,mean_p,12,0.53887797198471232,0.00056968046676699434,mean_p|train_n=12|p=20,205,350,-1.55047,0.95916000000000001
3040465852,20,20,mean_p,12,0.43508970474575348,0.0024015905242213403,mean_p|train_n=12|p=20,206,353,-1.55047,0.95916000000000001
910395524,20,20,mean_p,12,0.48423826871529663,0.0012150527182986134,mean_p|train_n=12|p=20,207,357,-1.55047,0.95916000000000001
224251820,20,20,mean_p,12,0.38562432100170829,0.0047677145582329852,mean_p|train_n=12|p=20,208,358,-1.55047,0.95916000000000001
1447397359,20,20,mean_p,12,0.23337904775071769,0.039347588907154722,mean_p|train_n=12|p=20,209,361,-1.55047,0.95916000000000001
2861170502,20,20,mean_p,12,0.304067905890616,0.014768241722899422,mean_p|train_n=12|p=20,210,363,-1.55047,0.95916000000000001
1614493109,20,20,mean_p,12,0.38714743693441311,0.0046681002562535033,mean_p|train_n=12|p=20,211,364,-1.55047,0.95916000000000001
3826658000,20,20,mean_p,12,0.39385372078942649,0.0042536751762787348,mean_p|train_n=12|p=20,212,366,-1.55047,0.95916000000000001
344896692,20,20,mean_p,12,0.21711573769243414,0.049298420906821613,mean_p|train_n=12|p=20,213,367,-1.55047,0.95916000000000001
1245807783,20,20,mean_p,12,0.34657317124424902,0.0081925970593991222,mean_p|train_n=12|p=20,214,368,-1.55047,0.95916000000000001
1037946573,20,20,mean_p,12,0.25921397468786334,0.027502765538416997,mean_p|train_n=12|p=20,215,370,-1.55047,0.95916000000000001
1748467753,20,20,mean_p,12,0.1529379679935228,0.12001117370752827,mean_p|train_n=12|p=20,216,371,-1.55047,0.95916000000000001
1380102995,20,20,mean_p,12,0.31540410012058889,0.012620544781272166,mean_p|train_n=12|p=20,217,372,-1.55047,0.95916000000000001
676432604,20,20,mean_p,12,0.31421614091185368,0.012830108505886215,mean_p|train_n=12|p=20,218,374,-1.55047,0.95916000000000001
3786098874,20,20,mean_p,12,0.30089627581503131,0.015432060168484949,mean_p|train_n=12|p=20,219,375,-1.55047,0.95916000000000001
3017936608,20,20,mean_p,12,0.33724036262946649,0.0093241811414950544,mean_p|train_n=12|p=20,220,376,-1.55047,0.95916000000000001
82736233,20,20,mean_p,12,0.19031452619656725,0.071481289770727374,mean_p|train_n=12|p=20,221,377,-1.55047,0.95916000000000001
2037816262,20,20,mean_p,12,0.32311227919657959,0.011341493282541554,mean_p|train_n=12|p=20,222,379,-1.55047,0.95916000000000001
4150403846,20,20,mean_p,12,0.26596267284114117,0.025046390935040044,mean_p|train_n=12|p=20,223,382,-1.55047,0.95916000000000001
4005248292,20,20,mean_p,12,0.29301944821382175,0.017212626122552002,mean_p|train_n=12|p=20,224,384,-1.55047,0.95916000000000001
1750671617,20,20,mean_p,12,0.33977497955585406,0.0090022441558460248,mean_p|train_n=12|p=20,225,385,-1.55047,0.95916000000000001
1842224664,20,20,mean_p,12,0.15118466909653308,0.12296389017027065,mean_p|train_n=12|p=20,226,386,-1.55047,0.95916000000000001
3164565421,20,20,mean_p,12,0.19367753190521703,0.068225239390314968,mean_p|train_n=12|p=20,227,389,-1.55047,0.95916000000000001
1437895029,20,20,mean_p,12,0.25997886051243124,0.0272126787604219,mean_p|train_n=12|p=20,228,390,-1.55047,0.95916000000000001
240622653,20,20,mean_p,12,0.25689105927685274,0.028402836303043362,mean_p|train_n=12|p=20,229,391,-1.55047,0.95916000000000001
4039798986,20,20,mean_p,12,0.23830435163395869,0.036750634469178249,mean_p|train_n=12|p=20,230,392,-1.55047,0.95916000000000001
3075716880,20,20,mean_p,12,0.38898426898222777,0.0045507328796293017,mean_p|train_n=12|p=20,231,394,-1.55047,0.95916000000000001
3990090888,20,20,mean_p,12,0.53648206334431581,0.00058891977291554041,mean_p|train_n=12|p=20,232,396,-1.55047,0.95916000000000001
3588760986,20,20,mean_p,12,0.38452885824075789,0.0048406712557266963,mean_p|train_n=12|p=20,233,398,-1.55047,0.95916000000000001
300195121,20,20,mean_p,12,0.32710612354107932,0.010730622109223157,mean_p|train_n=12|p=20,234,399,-1.55047,0.95916000000000001
959672943,20,20,mean_p,12,0.33342117279429151,0.0098311543810453688,mean_p|train_n=12|p=20,235,400,-1.55047,0.95916000000000001
3499753368,20,20,mean_p,12,0.25613998920541192,0.028700112770811248,mean_p|train_n=12|p=20,236,401,-1.55047,0.95916000000000001
217835837,20,20,mean_p,12,0.2458618653539793,0.033095128735327863,mean_p|train_n=12|p=20,237,402,-1.55047,0.95916000000000001
2640005070,20,20,mean_p,12,0.45095721087458945,0.0019273787006691538,mean_p|train_n=12|p=20,238,403,-1.55047,0.95916000000000001
2494270352,20,20,mean_p,12,0.34375335892088643,0.0085191949598948224,mean_p|train_n=12|p=20,239,406,-1.55047,0.95916000000000001
3048322827,20,20,mean_p,12,0.22859869834088581,0.042043483926851866,mean_p|train_n=12|p=20,240,407,-1.55047,0.95916000000000001
3983888182,20,20,mean_p,12,0.22469551113531092,0.044381116655649103,mean_p|train_n=12|p=20,241,409,-1.55047,0.95916000000000001
155252342,20,20,mean_p,12,0.26350451825445148,0.025914612560244889,mean_p|train_n=12|p=20,242,411,-1.55047,0.95916000000000001
554531188,20,20,mean_p,12,0.42914784940516093,0.0026077892762369987,mean_p|train_n=12|p=20,243,413,-1.55047,0.95916000000000001
2461812301,20,20,mean_p,12,0.30208932083854573,0.015178926609822938,mean_p|train_n=12|p=20,244,414,-1.55047,0.95916000000000001
1735067842,20,20,mean_p,12,0.35003964948913457,0.007808206971894896,mean_p|train_n=12|p=20,245,415,-1.55047,0.95916000000000001
163777874,20,20,mean_p,12,0.3439763001954364,0.0084929059913852641,mean_p|train_n=12|p=20,246,416,-1.55047,0.95916000000000001
3486320426,20,20,mean_p,12,0.178072356957443,0.084702764154203747,mean_p|train_n=12|p=20,247,417,-1.55047,0.95916000000000001
3817140053,20,20,mean_p,12,0.31119286338583846,0.013379265551238242,mean_p|train_n=12|p=20,248,418,-1.55047,0.95916000000000001
3500616314,20,20,mean_p,12,0.20736096470734985,0.056436827658600537,mean_p|train_n=12|p=20,249,419,-1.55047,0.95916000000000001
2834054540,20,20,mean_p,12,0.17901273444086446,0.083605711383530942,mean_p|train_n=12|p=20,250,421,-1.55047,0.95916000000000001
2246255938,20,20,mean_p,12,0.35716141705001908,0.0070741457509331078,mean_p|train_n=12|p=20,251,422,-1.55047,0.95916000000000001
3241396563,20,20,mean_p,12,0.25680185041314041,0.02843798374709193,mean_p|train_n=12|p=20,252,424,-1.55047,0.95916000000000001
1280542099,20,20,mean_p,12,0.35201057766128507,0.0075977525793584138,mean_p|train_n=12|p=20,253,426,-1.55047,0.95916000000000001
2527174443,20,20,mean_p,12,0.38660548829969915,0.0047033037857070166,mean_p|train_n=12|p=20,254,427,-1.55047,0.95916000000000001
1084089824,20,20,mean_p,12,0.30447962325450484,0.014684190385333175,mean_p|train_n=12|p=20,255,428,-1.55047,0.95916000000000001
2638989730,20,20,mean_p,12,0.37807182020765401,0.0052939621515038643,mean_p|train_n=12|p=20,256,429,-1.55047,0.95916000000000001
191058861,20,20,mean_p,12,0.234836616699135,0.038560502597976803,mean_p|train_n=12|p=20,257,432,-1.55047,0.95916000000000001
3463873105,20,20,mean_p,12,0.28862043351269112,0.018294975954618247,mean_p|train_n=12|p=20,258,435,-1.55047,0.95916000000000001
3802145136,20,20,mean_p,12,0.31772278109386209,0.012221323826923028,mean_p|train_n=12|p=20,259,436,-1.55047,0.95916000000000001
3324662531,20,20,mean_p,12,0.39549239130800323,0.0041581345974087492,mean_p|train_n=12|p=20,260,437,-1.55047,0.95916000000000001
121077693,20,20,mean_p,12,0.36130861976580358,0.0066789063689922275,mean_p|train_n=12|p=20,261,438,-1.55047,0.95916000000000001
922256870,20,20,mean_p,12,0.30991101488718897,0.013619142707776807,mean_p|train_n=12|p=20,262,439,-1.55047,0.95916000000000001
1888330208,20,20,mean_p,12,0.23755535145009987,0.037134217060211985,mean_p|train_n=12|p=20,263,442,-1.55047,0.95916000000000001
1358630649,20,20,mean_p,12,0.27528963416623198,0.022008540966937728,mean_p|train_n=12|p=20,264,443,-1.55047,0.95916000000000001
1381764876,20,20,mean_p,12,0.29187360584416583,0.017488227487709285,mean_p|train_n=12|p=20,265,444,-1.55047,0.95916000000000001
645829071,20,20,mean_p,12,0.13408150557870741,0.15586510596752859,mean_p|train_n=12|p=20,266,445,-1.55047,0.95916000000000001
304251752,20,20,mean_p,12,0.27538434299127162,0.021979663965989767,mean_p|train_n=12|p=20,267,446,-1.55047,0.95916000000000001
4068196484,20,20,mean_p,12,0.30311105322655296,0.014965444450139382,mean_p|train_n=12|p=20,268,447,-1.55047,0.95916000000000001
2322979867,20,20,mean_p,12,0.27497375570605137,0.022105127806867415,mean_p|train_n=12|p=20,269,449,-1.55047,0.95916000000000001
2132306496,20,20,mean_p,12,0.40550027846371739,0.0036194706443927181,mean_p|train_n=12|p=20,270,453,-1.55047,0.95916000000000001
4275192945,20,20,mean_p,12,0.27279296044614054,0.022783619864792513,mean_p|train_n=12|p=20,271,454,-1.55047,0.95916000000000001
3487639485,20,20,mean_p,12,0.22227898107567481,0.045893077944075163,mean_p|train_n=12|p=20,272,456,-1.55047,0.95916000000000001
3322902892,20,20,mean_p,12,0.27770375788653523,0.021284172955528421,mean_p|train_n=12|p=20,273,458,-1.55047,0.95916000000000001
1378143268,20,20,mean_p,12,0.34393653634840332,0.0084975889452003021,mean_p|train_n=12|p=20,274,460,-1.55047,0.95916000000000001
3458951915,20,20,mean_p,12,0.20164504810973788,0.061090804004529667,mean_p|train_n=12|p=20,275,461,-1.55047,0.95916000000000001
2362168181,20,20,mean_p,12,0.39209060289255471,0.0043589245347919097,mean_p|train_n=12|p=20,276,463,-1.55047,0.95916000000000001
3841810637,20,20,mean_p,12,0.31555995855947627,0.012593305553913841,mean_p|train_n=12|p=20,277,464,-1.55047,0.95916000000000001
1778536754,20,20,mean_p,12,0.21484680263291897,0.050873703989763625,mean_p|train_n=12|p=20,278,465,-1.55047,0.95916000000000001
2896225605,20,20,mean_p,12,0.37503660989299614,0.0055214687561024409,mean_p|train_n=12|p=20,279,466,-1.55047,0.95916000000000001
3228806187,20,20,mean_p,12,0.37823575264075338,0.0052819448272049827,mean_p|train_n=12|p=20,280,467,-1.55047,0.95916000000000001
109656100,20,20,mean_p,12,0.19342112738801195,0.068468178972449334,mean_p|train_n=12|p=20,281,468,-1.55047,0.95916000000000001
3119222225,20,20,mean_p,12,0.30248805258642869,0.015095255103977008,mean_p|train_n=12|p=20,282,469,-1.55047,0.95916000000000001
1851568793,20,20,mean_p,12,0.25261515290967906,0.030137361830535166,mean_p|train_n=12|p=20,283,470,-1.55047,0.95916000000000001
180812479,20,20,mean_p,12,0.27544946385007629,0.021959830409113788,mean_p|train_n=12|p=20,284,472,-1.55047,0.95916000000000001
3032070409,20,20,mean_p,12,0.25200087924246029,0.030395096621927888,mean_p|train_n=12|p=20,285,473,-1.55047,0.95916000000000001
2863202453,20,20,mean_p,12,0.29550367475276645,0.016629936902201815,mean_p|train_n=12|p=20,286,475,-1.55047,0.95916000000000001
1953446955,20,20,mean_p,12,0.28393761761421654,0.019522040257242496,mean_p|train_n=12|p=20,287,476,-1.55047,0.95916000000000001
2036240762,20,20,mean_p,12,0.37113093834403499,0.0058286651293959794,mean_p|train_n=12|p=20,288,477,-1.55047,0.95916000000000001
10420966,20,20,mean_p,12,0.23750778696659741,0.037158710834121179,mean_p|train_n=12|p=20,289,478,-1.55047,0.95916000000000001
3691116640,20,20,mean_p,12,0.27518892246811977,0.022039289884740191,mean_p|train_n=12|p=20,290,481,-1.55047,0.95916000000000001
1765717233,20,20,mean_p,12,0.21955659950156731,0.047658191287503981,mean_p|train_n=12|p=20,291,482,-1.55047,0.95916000000000001
108726223,20,20,mean_p,12,0.24133772964085662,0.035237256343253476,mean_p|train_n=12|p=20,292,483,-1.55047,0.95916000000000001
3411116609,20,20,mean_p,12,0.2954600449695608,0.016639998349541052,mean_p|train_n=12|p=20,293,484,-1.55047,0.95916000000000001
1231152646,20,20,mean_p,12,0.30746245404479211,0.014089370051419116,mean_p|train_n=12|p=20,294,485,-1.55047,0.95916000000000001
1368658720,20,20,mean_p,12,0.26243463141064549,0.02630183693312433,mean_p|train_n=12|p=20,295,486,-1.55047,0.95916000000000001
2288493279,20,20,mean_p,12,0.34131603629028595,0.0088119637417954175,mean_p|train_n=12|p=20,296,489,-1.55047,0.95916000000000001
409380418,20,20,mean_p,12,0.22400239862145152,0.044809611468585461,mean_p|train_n=12|p=20,297,490,-1.55047,0.95916000000000001
592994520,20,20,mean_p,12,0.2693371121955056,0.023901711809778133,mean_p|train_n=12|p=20,298,491,-1.55047,0.95916000000000001
367989912,20,20,mean_p,12,0.46864877662865706,0.0015081801346261332,mean_p|train_n=12|p=20,299,492,-1.55047,0.95916000000000001
960439795,20,20,mean_p,12,0.15241344732313522,0.12088700340846724,mean_p|train_n=12|p=20,300,493,-1.55047,0.95916000000000001
2789599590,20,20,mean_p,12,0.30333604970771827,0.014918838252651903,mean_p|train_n=12|p=20,301,494,-1.55047,0.95916000000000001
4197872721,20,20,mean_p,12,0.29566430673841199,0.01659294602542602,mean_p|train_n=12|p=20,302,495,-1.55047,0.95916000000000001
3414895577,20,20,mean_p,12,0.22075764545016557,0.046871250340990517,mean_p|train_n=12|p=20,303,496,-1.55047,0.95916000000000001
1404666643,20,20,mean_p,12,0.2555751859413074,0.028925711991169414,mean_p|train_n=12|p=20,304,497,-1.55047,0.95916000000000001
1253101078,20,20,mean_p,12,0.18098451007249428,0.081351333148825131,mean_p|train_n=12|p=20,305,498,-1.55047,0.95916000000000001
4144613520,20,20,mean_p,12,0.30337215294100173,0.014911373285815084,mean_p|train_n=12|p=20,306,500,-1.55047,0.95916000000000001
3692040675,20,20,mean_p,12,0.34052273769638441,0.0089094077406517893,mean_p|train_n=12|p=20,307,501,-1.55047,0.95916000000000001
2403592662,20,20,mean_p,12,0.33511822743347064,0.0096025644113765709,mean_p|train_n=12|p=20,308,503,-1.55047,0.95916000000000001
91801003,20,20,mean_p,12,0.21561046210900753,0.050337966862486157,mean_p|train_n=12|p=20,309,504,-1.55047,0.95916000000000001
4286583163,20,20,mean_p,12,0.45997462580586818,0.001700892271323835,mean_p|train_n=12|p=20,310,506,-1.55047,0.95916000000000001
1777511001,20,20,mean_p,12,0.35444539651927814,0.0073455797208356096,mean_p|train_n=12|p=20,311,508,-1.55047,0.95916000000000001
9114705,20,20,mean_p,12,0.23715045540608398,0.037343239393119759,mean_p|train_n=12|p=20,312,509,-1.55047,0.95916000000000001
1916533542,20,20,mean_p,12,0.2126809287613875,0.052424369834193005,mean_p|train_n=12|p=20,313,511,-1.55047,0.95916000000000001
1632641265,20,20,mean_p,12,0.23260328414111839,0.039773030905044575,mean_p|train_n=12|p=20,314,512,-1.55047,0.95916000000000001
1342169378,20,20,mean_p,12,0.25516389363757624,0.029091109437055274,mean_p|train_n=12|p=20,315,514,-1.55047,0.95916000000000001
2637724640,20,20,mean_p,12,0.14229295868091604,0.13909484193220395,mean_p|train_n=12|p=20,316,517,-1.55047,0.95916000000000001
394711001,20,20,mean_p,12,0.39924966607287343,0.0039470942347362798,mean_p|train_n=12|p=20,317,519,-1.55047,0.95916000000000001
1565199926,20,20,mean_p,12,0.26440546306994267,0.025592958471703741,mean_p|train_n=12|p=20,318,520,-1.55047,0.95916000000000001
1621686796,20,20,mean_p,12,0.23943254101779474,0.036180325049788312,mean_p|train_n=12|p=20,319,523,-1.55047,0.95916000000000001
3562241796,20,20,mean_p,12,0.44705345479275138,0.0020345576901619243,mean_p|train_n=12|p=20,320,524,-1.55047,0.95916000000000001
4206507993,20,20,mean_p,12,0.22842037923085012,0.042147545154679729,mean_p|train_n=12|p=20,321,527,-1.55047,0.95916000000000001
3035525224,20,20,mean_p,12,0.30007292326785429,0.015609212182320914,mean_p|train_n=12|p=20,322,529,-1.55047,0.95916000000000001
396443661,20,20,mean_p,12,0.40248432504893772,0.0037740087915089089,mean_p|train_n=12|p=20,323,530,-1.55047,0.95916000000000001
2380806019,20,20,mean_p,12,0.32171550257087922,0.011563243552261298,mean_p|train_n=12|p=20,324,531,-1.55047,0.95916000000000001
656783711,20,20,mean_p,12,0.39130642260044912,0.0044065691130334671,mean_p|train_n=12|p=20,325,532,-1.55047,0.95916000000000001
72159253,20,20,mean_p,12,0.34304827547358385,0.0086028744017074363,mean_p|train_n=12|p=20,326,533,-1.55047,0.95916000000000001
1675600141,20,20,mean_p,12,0.36291777410080334,0.0065315654144522013,mean_p|train_n=12|p=20,327,534,-1.55047,0.95916000000000001
858059419,20,20,mean_p,12,0.33783679930309057,0.0092474032321787115,mean_p|train_n=12|p=20,328,537,-1.55047,0.95916000000000001
2083214381,20,20,mean_p,12,0.17100447047284703,0.093422288115518018,mean_p|train_n=12|p=20,329,538,-1.55047,0.95916000000000001
1522884566,20,20,mean_p,12,0.28189054253262347,0.020083982027833652,mean_p|train_n=12|p=20,330,540,-1.55047,0.95916000000000001
3944390111,20,20,mean_p,12,0.20843423563307267,0.055603337351210924,mean_p|train_n=12|p=20,331,542,-1.55047,0.95916000000000001
3477342975,20,20,mean_p,12,0.36832066055455148,0.0060602238047420369,mean_p|train_n=12|p=20,332,543,-1.55047,0.95916000000000001
2474216965,20,20,mean_p,12,0.1815154451520456,0.080754759236367005,mean_p|train_n=12|p=20,333,546,-1.55047,0.95916000000000001
380217083,20,20,mean_p,12,0.39008427117212008,0.0044818639676663255,mean_p|train_n=12|p=20,334,547,-1.55047,0.95916000000000001
2076575489,20,20,mean_p,12,0.37922871843383998,0.0052097347334622672,mean_p|train_n=12|p=20,335,548,-1.55047,0.95916000000000001
3358116570,20,20,mean_p,12,0.38377363514724305,0.0048916174490433936,mean_p|train_n=12|p=20,336,549,-1.55047,0.95916000000000001
1564144277,20,20,mean_p,12,0.33305236902474655,0.0098815468929425859,mean_p|train_n=12|p=20,337,551,-1.55047,0.95916000000000001
3901030257,20,20,mean_p,12,0.23259192925284031,0.03977929215716762,mean_p|train_n=12|p=20,338,552,-1.55047,0.95916000000000001
2004529793,20,20,mean_p,12,0.32762638639719388,0.010653507267326813,mean_p|train_n=12|p=20,339,556,-1.55047,0.95916000000000001
2301252072,20,20,mean_p,12,0.46647725457636147,0.0015542722083952761,mean_p|train_n=12|p=20,340,561,-1.55047,0.95916000000000001
3198195858,20,20,mean_p,12,0.30364625070462331,0.014854820534819558,mean_p|train_n=12|p=20,341,563,-1.55047,0.95916000000000001
3747593384,20,20,mean_p,12,0.38384043189458633,0.0048870899100997784,mean_p|train_n=12|p=20,342,565,-1.55047,0.95916000000000001
1830329248,20,20,mean_p,12,0.20883110960943213,0.055298256621664113,mean_p|train_n=12|p=20,343,568,-1.55047,0.95916000000000001
612433243,20,20,mean_p,12,0.23482848960962266,0.038564847276537917,mean_p|train_n=12|p=20,344,570,-1.55047,0.95916000000000001
1318217482,20,20,mean_p,12,0.28480870398400204,0.019287713282045569,mean_p|train_n=12|p=20,345,571,-1.55047,0.95916000000000001
2856343923,20,20,mean_p,12,0.44727120674562304,0.0020284252659401093,mean_p|train_n=12|p=20,346,572,-1.55047,0.95916000000000001
2718068357,20,20,mean_p,12,0.32736575685383984,0.010692068997871574,mean_p|train_n=12|p=20,347,575,-1.55047,0.95916000000000001
703849466,20,20,mean_p,12,0.29402736235408555,0.016973792459668638,mean_p|train_n=12|p=20,348,577,-1.55047,0.95916000000000001
2105596263,20,20,mean_p,12,0.32991369740855075,0.010320996291267625,mean_p|train_n=12|p=20,349,579,-1.55047,0.95916000000000001
874466672,20,20,mean_p,12,0.22301339828944605,0.045428202560464884,mean_p|train_n=12|p=20,350,580,-1.55047,0.95916000000000001
2108958165,20,20,mean_p,12,0.57649180368343989,0.00033819991704560966,mean_p|train_n=12|p=20,351,583,-1.55047,0.95916000000000001
439221750,20,20,mean_p,12,0.35600800743140504,0.0071881680423380064,mean_p|train_n=12|p=20,352,584,-1.55047,0.95916000000000001
1560025406,20,20,mean_p,12,0.44753694753687628,0.0020209663969685755,mean_p|train_n=12|p=20,353,585,-1.55047,0.95916000000000001
809311832,20,20,mean_p,12,0.25360313858032091,0.029727402669068873,mean_p|train_n=12|p=20,354,586,-1.55047,0.95916000000000001
1815781877,20,20,mean_p,12,0.62225134305816654,0.00017933853509090593,mean_p|train_n=12|p=20,355,587,-1.55047,0.95916000000000001
5802784,20,20,mean_p,12,0.18921595489256801,0.072578240985673281,mean_p|train_n=12|p=20,356,589,-1.55047,0.95916000000000001
334638867,20,20,mean_p,12,0.3880240241779005,0.0046117164150246467,mean_p|train_n=12|p=20,357,590,-1.55047,0.95916000000000001
690709172,20,20,mean_p,12,0.17470270693750475,0.088753379276334185,mean_p|train_n=12|p=20,358,591,-1.55047,0.95916000000000001
269138065,20,20,mean_p,12,0.29948203362200343,0.015737599696475941,mean_p|train_n=12|p=20,359,593,-1.55047,0.95916000000000001
3089687515,20,20,mean_p,12,0.41289911077397867,0.0032666277680845511,mean_p|train_n=12|p=20,360,597,-1.55047,0.95916000000000001
751288002,20,20,mean_p,12,0.13830764485215316,0.14699582682041795,mean_p|train_n=12|p=20,361,598,-1.55047,0.95916000000000001
2376503862,20,20,mean_p,12,0.273902837951016,0.022435750285877354,mean_p|train_n=12|p=20,362,600,-1.55047,0.95916000000000001
3757241726,20,20,mean_p,12,0.28855644057649787,0.018311213186368216,mean_p|train_n=12|p=20,363,601,-1.55047,0.95916000000000001
2459480193,20,20,mean_p,12,0.39890372019677911,0.0039660692846386842,mean_p|train_n=12|p=20,364,602,-1.55047,0.95916000000000001
3838562124,20,20,mean_p,12,0.47217287969725791,0.0014362697095366337,mean_p|train_n=12|p=20,365,605,-1.55047,0.95916000000000001
269696148,20,20,mean_p,12,0.24696592952419966,0.032592445360220011,mean_p|train_n=12|p=20,366,606,-1.55047,0.95916000000000001
2470211446,20,20,mean_p,12,0.37707430635938149,0.0053676781069067437,mean_p|train_n=12|p=20,367,607,-1.55047,0.95916000000000001
3557830222,20,20,mean_p,12,0.32900307060473388,0.010452114090673025,mean_p|train_n=12|p=20,368,609,-1.55047,0.95916000000000001
1357833762,20,20,mean_p,12,0.23969873314896789,0.036047058221255729,mean_p|train_n=12|p=20,369,610,-1.55047,0.95916000000000001
2207191704,20,20,mean_p,12,0.48181705632011473,0.0012565282945638143,mean_p|train_n=12|p=20,370,611,-1.55047,0.95916000000000001
3084044457,20,20,mean_p,12,0.29601221486915874,0.016513110415270947,mean_p|train_n=12|p=20,371,612,-1.55047,0.95916000000000001
3570764635,20,20,mean_p,12,0.38624103909968194,0.0047271265992698975,mean_p|train_n=12|p=20,372,613,-1.55047,0.95916000000000001
2716318851,20,20,mean_p,12,0.36896602854181382,0.0060062466192179701,mean_p|train_n=12|p=20,373,614,-1.55047,0.95916000000000001
1077740446,20,20,mean_p,12,0.30760697632894701,0.014061170196975153,mean_p|train_n=12|p=20,374,615,-1.55047,0.95916000000000001
791196783,20,20,mean_p,12,0.29028341614553421,0.017878031161823616,mean_p|train_n=12|p=20,375,616,-1.55047,0.95916000000000001
2392841747,20,20,mean_p,12,0.25665936732080735,0.028494210962742152,mean_p|train_n=12|p=20,376,617,-1.55047,0.95916000000000001
2259676229,20,20,mean_p,12,0.32102496079995141,0.011674469337428984,mean_p|train_n=12|p=20,377,621,-1.55047,0.95916000000000001
2418896239,20,20,mean_p,12,0.2913885678270004,0.017606215520057235,mean_p|train_n=12|p=20,378,622,-1.55047,0.95916000000000001
3635441378,20,20,mean_p,12,0.45082876417773587,0.0019308137436290802,mean_p|train_n=12|p=20,379,623,-1.55047,0.95916000000000001
713803420,20,20,mean_p,12,0.56704773110419393,0.00038550718725389186,mean_p|train_n=12|p=20,380,624,-1.55047,0.95916000000000001
101443978,20,20,mean_p,12,0.21202423047624869,0.052903808345539483,mean_p|train_n=12|p=20,381,625,-1.55047,0.95916000000000001
3523696833,20,20,mean_p,12,0.4181708033042944,0.0030364133898383864,mean_p|train_n=12|p=20,382,626,-1.55047,0.95916000000000001
655081512,20,20,mean_p,12,0.33404025944468313,0.0097471408751417053,mean_p|train_n=12|p=20,383,627,-1.55047,0.95916000000000001
2934593266,20,20,mean_p,12,0.43251383936906934,0.0024888986732799216,mean_p|train_n=12|p=20,384,629,-1.55047,0.95916000000000001
826884430,20,20,mean_p,12,0.3593758783420003,0.0068602764674406897,mean_p|train_n=12|p=20,385,632,-1.55047,0.95916000000000001
505436229,20,20,mean_p,12,0.36690058113348245,0.0061807103721439266,mean_p|train_n=12|p=20,386,633,-1.55047,0.95916000000000001
1146334308,20,20,mean_p,12,0.4376308888612101,0.0023184594714230366,mean_p|train_n=12|p=20,387,635,-1.55047,0.95916000000000001
2790259724,20,20,mean_p,12,0.5187519544565804,0.00075301222681145314,mean_p|train_n=12|p=20,388,637,-1.55047,0.95916000000000001
473947871,20,20,mean_p,12,0.38193996703687821,0.0050175564542089129,mean_p|train_n=12|p=20,389,638,-1.55047,0.95916000000000001
2449713749,20,20,mean_p,12,0.40271869812038058,0.0037617665559007496,mean_p|train_n=12|p=20,390,639,-1.55047,0.95916000000000001
3152671987,20,20,mean_p,12,0.3469232376641001,0.0081529351035962358,mean_p|train_n=12|p=20,391,642,-1.55047,0.95916000000000001
3039966867,20,20,mean_p,12,0.31545058995903885,0.012612413637221348,mean_p|train_n=12|p=20,392,643,-1.55047,0.95916000000000001
976495937,20,20,mean_p,12,0.21928517416346582,0.047837855148365797,mean_p|train_n=12|p=20,393,645,-1.55047,0.95916000000000001
3918162060,20,20,mean_p,12,0.27876439569492351,0.020973509324069835,mean_p|train_n=12|p=20,394,647,-1.55047,0.95916000000000001
2487303171,20,20,mean_p,12,0.22367655176774875,0.045012483151978776,mean_p|train_n=12|p=20,395,650,-1.55047,0.95916000000000001
2742382276,20,20,mean_p,12,0.33362205453931271,0.0098038145471866147,mean_p|train_n=12|p=20,396,651,-1.55047,0.95916000000000001
2256480131,20,20,mean_p,12,0.22338581350308159,0.045194271534635871,mean_p|train_n=12|p=20,397,652,-1.55047,0.95916000000000001
2698318776,20,20,mean_p,12,0.26020463381972009,0.027127639420909452,mean_p|train_n=12|p=20,398,654,-1.55047,0.95916000000000001
1180319841,20,20,mean_p,12,0.51705627841795943,0.00077092302171080749,mean_p|train_n=12|p=20,399,656,-1.55047,0.95916000000000001
1431497259,20,20,mean_p,12,0.27126600385131266,0.023271046862704814,mean_p|train_n=12|p=20,400,657,-1.55047,0.95916000000000001
3919440467,20,20,mean_p,12,0.25605998799055685,0.02873196035481566,mean_p|train_n=12|p=20,401,658,-1.55047,0.95916000000000001
1668296502,20,20,mean_p,12,0.39801857310737854,0.004015035719148569,mean_p|train_n=12|p=20,402,661,-1.55047,0.95916000000000001
364099256,20,20,mean_p,12,0.38145166585208962,0.0050516369782860884,mean_p|train_n=12|p=20,403,662,-1.55047,0.95916000000000001
1783456975,20,20,mean_p,12,0.19545432665399121,0.066565269996782792,mean_p|train_n=12|p=20,404,663,-1.55047,0.95916000000000001
1623844617,20,20,mean_p,12,0.29177777535960792,0.017511475907835673,mean_p|train_n=12|p=20,405,664,-1.55047,0.95916000000000001
1280076758,20,20,mean_p,12,0.483806519626164,0.0012223469969611332,mean_p|train_n=12|p=20,406,666,-1.55047,0.95916000000000001
4093847505,20,20,mean_p,12,0.22550139598434046,0.043888053017146045,mean_p|train_n=12|p=20,407,667,-1.55047,0.95916000000000001
2702998999,20,20,mean_p,12,0.39380470394280481,0.0042565666064722603,mean_p|train_n=12|p=20,408,668,-1.55047,0.95916000000000001
695650189,20,20,mean_p,12,0.17980924462872588,0.082687617254816811,mean_p|train_n=12|p=20,409,670,-1.55047,0.95916000000000001
1352997504,20,20,mean_p,12,0.25092188277725869,0.030853165892989157,mean_p|train_n=12|p=20,410,671,-1.55047,0.95916000000000001
4134050744,20,20,mean_p,12,0.26345833217865483,0.025931210350887003,mean_p|train_n=12|p=20,411,673,-1.55047,0.95916000000000001
2301564535,20,20,mean_p,12,0.33426134521602657,0.0097173126008362146,mean_p|train_n=12|p=20,412,674,-1.55047,0.95916000000000001
2663816155,20,20,mean_p,12,0.31063197337615145,0.013483702692691403,mean_p|train_n=12|p=20,413,675,-1.55047,0.95916000000000001
3711296483,20,20,mean_p,12,0.4624790308440313,0.0016428533096085407,mean_p|train_n=12|p=20,414,676,-1.55047,0.95916000000000001
3795676004,20,20,mean_p,12,0.31773915701273953,0.01221854967595699,mean_p|train_n=12|p=20,415,678,-1.55047,0.95916000000000001
3299109103,20,20,mean_p,12,0.45013410951430421,0.0019494972158578545,mean_p|train_n=12|p=20,416,679,-1.55047,0.95916000000000001
196847621,20,20,mean_p,12,0.33739106018612575,0.0093047222183063362,mean_p|train_n=12|p=20,417,680,-1.55047,0.95916000000000001
2671903506,20,20,mean_p,12,0.55601395633556827,0.00044922345396434914,mean_p|train_n=12|p=20,418,682,-1.55047,0.95916000000000001
2102588164,20,20,mean_p,12,0.3045048398982983,0.01467905802854712,mean_p|train_n=12|p=20,419,683,-1.55047,0.95916000000000001
2216406105,20,20,mean_p,12,0.25360027094570675,0.029728584471472613,mean_p|train_n=12|p=20,420,685,-1.55047,0.95916000000000001
615850100,20,20,mean_p,12,0.33917674378686474,0.0090772129860462441,mean_p|train_n=12|p=20,421,688,-1.55047,0.95916000000000001
2695550478,20,20,mean_p,12,0.46009815484077093,0.0016979820266270968,mean_p|train_n=12|p=20,422,689,-1.55047,0.95916000000000001
243955217,20,20,mean_p,12,0.41004186290058342,0.0033986152027960567,mean_p|train_n=12|p=20,423,690,-1.55047,0.95916000000000001
3572759242,20,20,mean_p,12,0.39412257753814833,0.0042378506166262661,mean_p|train_n=12|p=20,424,691,-1.55047,0.95916000000000001
473721111,20,20,mean_p,12,0.41140717289749584,0.0033348938169372611,mean_p|train_n=12|p=20,425,692,-1.55047,0.95916000000000001
2852965154,20,20,mean_p,12,0.29828390846574115,0.016001176900142383,mean_p|train_n=12|p=20,426,693,-1.55047,0.95916000000000001
3805123545,20,20,mean_p,12,0.34345245389729917,0.0085548064036683417,mean_p|train_n=12|p=20,427,694,-1.55047,0.95916000000000001
151693365,20,20,mean_p,12,0.40871116609263825,0.003461892587641261,mean_p|train_n=12|p=20,428,699,-1.55047,0.95916000000000001
3942988512,20,20,mean_p,12,0.26212422113477551,0.026415262874011539,mean_p|train_n=12|p=20,429,700,-1.55047,0.95916000000000001
3169935809,20,20,mean_p,12,0.27719889733746628,0.021433660269838294,mean_p|train_n=12|p=20,430,701,-1.55047,0.95916000000000001
2728486811,20,20,mean_p,12,0.19294913026425517,0.068917653633673012,mean_p|train_n=12|p=20,431,702,-1.55047,0.95916000000000001
3737993596,20,20,mean_p,12,0.40294246687566942,0.0037501152848159027,mean_p|train_n=12|p=20,432,703,-1.55047,0.95916000000000001
1356283747,20,20,mean_p,12,0.28046277345497622,0.020485466131983772,mean_p|train_n=12|p=20,433,704,-1.55047,0.95916000000000001
82309177,20,20,mean_p,12,0.34286927121819144,0.0086242491673868184,mean_p|train_n=12|p=20,434,705,-1.55047,0.95916000000000001
91989964,20,20,mean_p,12,0.25572695883084445,0.028864915723959887,mean_p|train_n=12|p=20,435,708,-1.55047,0.95916000000000001
4224077090,20,20,mean_p,12,0.23516004189982023,0.0383879987624621,mean_p|train_n=12|p=20,436,709,-1.55047,0.95916000000000001
3691237421,20,20,mean_p,12,0.32590519608982832,0.010910765070359612,mean_p|train_n=12|p=20,437,710,-1.55047,0.95916000000000001
2390090357,20,20,mean_p,12,0.28566936493083572,0.019058953315922025,mean_p|train_n=12|p=20,438,711,-1.55047,0.95916000000000001
647723074,20,20,mean_p,12,0.31315519420586602,0.013020206282334294,mean_p|train_n=12|p=20,439,712,-1.55047,0.95916000000000001
3737857772,20,20,mean_p,12,0.25425173141983987,0.029461309591647267,mean_p|train_n=12|p=20,440,714,-1.55047,0.95916000000000001
1749439242,20,20,mean_p,12,0.25349740185103309,0.029771009711570498,mean_p|train_n=12|p=20,441,715,-1.55047,0.95916000000000001
56897721,20,20,mean_p,12,0.12138829976508869,0.18585301591206235,mean_p|train_n=12|p=20,442,718,-1.55047,0.95916000000000001
3098184549,20,20,mean_p,12,0.25776632055553261,0.028060287267972335,mean_p|train_n=12|p=20,443,719,-1.55047,0.95916000000000001
440743835,20,20,mean_p,12,0.37004783397273211,0.0059168429618111284,mean_p|train_n=12|p=20,444,720,-1.55047,0.95916000000000001
299170486,20,20,mean_p,12,0.39197315377858333,0.0043660274749668156,mean_p|train_n=12|p=20,445,723,-1.55047,0.95916000000000001
3956920303,20,20,mean_p,12,0.21767387705448599,0.048918448523172044,mean_p|train_n=12|p=20,446,724,-1.55047,0.95916000000000001
592904710,20,20,mean_p,12,0.5456333018780074,0.00051875248486632128,mean_p|train_n=12|p=20,447,726,-1.55047,0.95916000000000001
923947072,20,20,mean_p,12,0.33400302163185358,0.0097521738987340102,mean_p|train_n=12|p=20,448,727,-1.55047,0.95916000000000001
1534142280,20,20,mean_p,12,0.25289731674723376,0.030019706144256295,mean_p|train_n=12|p=20,449,728,-1.55047,0.95916000000000001
122562552,20,20,mean_p,12,0.42365303538733656,0.0028141974934557021,mean_p|train_n=12|p=20,450,731,-1.55047,0.95916000000000001
2640539726,20,20,mean_p,12,0.46438774771839775,0.0015999527837120386,mean_p|train_n=12|p=20,451,732,-1.55047,0.95916000000000001
1382510932,20,20,mean_p,12,0.28929076560741973,0.018125752336970034,mean_p|train_n=12|p=20,452,733,-1.55047,0.95916000000000001
3698235550,20,20,mean_p,12,0.38172778650512462,0.0050323370568403254,mean_p|train_n=12|p=20,453,734,-1.55047,0.95916000000000001
2095713437,20,20,mean_p,12,0.32094067976793117,0.01168811756283223,mean_p|train_n=12|p=20,454,736,-1.55047,0.95916000000000001
1178804964,20,20,mean_p,12,0.31142873244049568,0.013335588948191828,mean_p|train_n=12|p=20,455,737,-1.55047,0.95916000000000001
3992593739,20,20,mean_p,12,0.4894789438756435,0.0011299080764770443,mean_p|train_n=12|p=20,456,739,-1.55047,0.95916000000000001
318531132,20,20,mean_p,12,0.31774795304034448,0.012217059851083501,mean_p|train_n=12|p=20,457,740,-1.55047,0.95916000000000001
1184355619,20,20,mean_p,12,0.26785827196798534,0.024396780061459702,mean_p|train_n=12|p=20,458,741,-1.55047,0.95916000000000001
280662243,20,20,mean_p,12,0.36941921541872691,0.0059686306350994209,mean_p|train_n=12|p=20,459,742,-1.55047,0.95916000000000001
1888178158,20,20,mean_p,12,0.23516698662807128,0.038384303159728801,mean_p|train_n=12|p=20,460,746,-1.55047,0.95916000000000001
1669169981,20,20,mean_p,12,0.50499525499337972,0.00091122496898532967,mean_p|train_n=12|p=20,461,747,-1.55047,0.95916000000000001
2402096750,20,20,mean_p,12,0.39410030251837325,0.0042391594557096646,mean_p|train_n=12|p=20,462,748,-1.55047,0.95916000000000001
731330816,20,20,mean_p,12,0.26921613055515969,0.023941832479408464,mean_p|train_n=12|p=20,463,749,-1.55047,0.95916000000000001
4121360119,20,20,mean_p,12,0.22926196462369947,0.041658673374182498,mean_p|train_n=12|p=20,464,750,-1.55047,0.95916000000000001
3221744929,20,20,mean_p,12,0.24853364665098954,0.031891749818880023,mean_p|train_n=12|p=20,465,752,-1.55047,0.95916000000000001
577239648,20,20,mean_p,12,0.43074352880132027,0.002550736212589002,mean_p|train_n=12|p=20,466,754,-1.55047,0.95916000000000001
82610826,20,20,mean_p,12,0.51370734363948689,0.00080755779107548429,mean_p|train_n=12|p=20,467,755,-1.55047,0.95916000000000001
943405428,20,20,mean_p,12,0.44401897715363325,0.0021219707085540825,mean_p|train_n=12|p=20,468,756,-1.55047,0.95916000000000001
450496105,20,20,mean_p,12,0.38587951522536906,0.0047508774091117702,mean_p|train_n=12|p=20,469,759,-1.55047,0.95916000000000001
2462935667,20,20,mean_p,12,0.46829691299525422,0.0015155548064943953,mean_p|train_n=12|p=20,470,760,-1.55047,0.95916000000000001
3842775421,20,20,mean_p,12,0.20226446980801724,0.060568462661551997,mean_p|train_n=12|p=20,471,762,-1.55047,0.95916000000000001
117614285,20,20,mean_p,12,0.47587767880536047,0.0013643660000024834,mean_p|train_n=12|p=20,472,763,-1.55047,0.95916000000000001
1933246407,20,20,mean_p,12,0.35755984904183802,0.0070351798416618209,mean_p|train_n=12|p=20,473,764,-1.55047,0.95916000000000001
3945466465,20,20,mean_p,12,0.28714731760485013,0.018672431914027048,mean_p|train_n=12|p=20,474,768,-1.55047,0.95916000000000001
710721590,20,20,mean_p,12,0.25704015119626644,0.028344192444256101,mean_p|train_n=12|p=20,475,769,-1.55047,0.95916000000000001
1245145879,20,20,mean_p,12,0.41057968683973478,0.0033733699585812042,mean_p|train_n=12|p=20,476,771,-1.55047,0.95916000000000001
1981248318,20,20,mean_p,12,0.42431497134507029,0.0027884914699649902,mean_p|train_n=12|p=20,477,773,-1.55047,0.95916000000000001
1260586720,20,20,mean_p,12,0.44594513143422371,0.0020660592899339981,mean_p|train_n=12|p=20,478,774,-1.55047,0.95916000000000001
3443202918,20,20,mean_p,12,0.35633549283071386,0.0071556083596508967,mean_p|train_n=12|p=20,479,776,-1.55047,0.95916000000000001
802778356,20,20,mean_p,12,0.27754047523007741,0.021332405915640111,mean_p|train_n=12|p=20,480,777,-1.55047,0.95916000000000001
562223092,20,20,mean_p,12,0.36861421777939679,0.0060356114312127432,mean_p|train_n=12|p=20,481,778,-1.55047,0.95916000000000001
372850852,20,20,mean_p,12,0.28360512593935389,0.019612231157198536,mean_p|train_n=12|p=20,482,783,-1.55047,0.95916000000000001
738697153,20,20,mean_p,12,0.41158140911983143,0.0033268483451551418,mean_p|train_n=12|p=20,483,784,-1.55047,0.95916000000000001
1056768680,20,20,mean_p,12,0.3228370133439995,0.011384855045630716,mean_p|train_n=12|p=20,484,788,-1.55047,0.95916000000000001
3688290892,20,20,mean_p,12,0.2963082838301957,0.016445473114194416,mean_p|train_n=12|p=20,485,790,-1.55047,0.95916000000000001
1633632031,20,20,mean_p,12,0.34518779171057468,0.0083514601114630417,mean_p|train_n=12|p=20,486,791,-1.55047,0.95916000000000001
2359185564,20,20,mean_p,12,0.38780815998008056,0.004625537707166047,mean_p|train_n=12|p=20,487,794,-1.55047,0.95916000000000001
1123823546,20,20,mean_p,12,0.14754640887484585,0.12932488578353052,mean_p|train_n=12|p=20,488,796,-1.55047,0.95916000000000001
1103569246,20,20,mean_p,12,0.36765045052387346,0.0061167922364265435,mean_p|train_n=12|p=20,489,798,-1.55047,0.95916000000000001
425864505,20,20,mean_p,12,0.29099217135792405,0.017703231900263728,mean_p|train_n=12|p=20,490,799,-1.55047,0.95916000000000001
1760626588,20,20,mean_p,12,0.21416389731036728,0.051357616316107295,mean_p|train_n=12|p=20,491,800,-1.55047,0.95916000000000001
3649138850,20,20,mean_p,12,0.20153401512088515,0.061184910069445556,mean_p|train_n=12|p=20,492,801,-1.55047,0.95916000000000001
4281034086,20,20,mean_p,12,0.19772805991040501,0.06449981361401988,mean_p|train_n=12|p=20,493,802,-1.55047,0.95916000000000001
2090368288,20,20,mean_p,12,0.17424546198850788,0.089317752554522414,mean_p|train_n=12|p=20,494,803,-1.55047,0.95916000000000001
690252012,20,20,mean_p,12,0.24899229963817676,0.031689616419352667,mean_p|train_n=12|p=20,495,804,-1.55047,0.95916000000000001
1406059358,20,20,mean_p,12,0.29214423158888908,0.017422740358945081,mean_p|train_n=12|p=20,496,805,-1.55047,0.95916000000000001
3298590234,20,20,mean_p,12,0.29835833169759751,0.01598467659819082,mean_p|train_n=12|p=20,497,806,-1.55047,0.95916000000000001
3005386126,20,20,mean_p,12,0.25411671814403058,0.029516503414206516,mean_p|train_n=12|p=20,498,808,-1.55047,0.95916000000000001
2773405746,20,20,mean_p,12,0.46178195154377322,0.0016588060955560085,mean_p|train_n=12|p=20,499,809,-1.55047,0.95916000000000001
1372426540,20,50,mean_p,12,0.24007590701420328,0.035859069425703584,mean_p|train_n=12|p=50,0,2,-1.3777999999999999,0.93608999999999998
1783326620,20,50,mean_p,12,0.14285368909554558,0.13801779724686414,mean_p|train_n=12|p=50,1,3,-1.3777999999999999,0.93608999999999998
3442846284,20,50,mean_p,12,0.2327532007112508,0.039690457048898509,mean_p|train_n=12|p=50,2,5,-1.3777999999999999,0.93608999999999998
1786056570,20,50,mean_p,12,0.29978839263654422,0.01567090324799425,mean_p|train_n=12|p=50,3,6,-1.3777999999999999,0.93608999999999998
3238787778,20,50,mean_p,12,0.18200114393702449,0.080212846545446304,mean_p|train_n=12|p=50,4,7,-1.3777999999999999,0.93608999999999998
707574821,20,50,mean_p,12,0.28950805500832882,0.018071234816059416,mean_p|train_n=12|p=50,5,11,-1.3777999999999999,0.93608999999999998
3235767872,20,50,mean_p,12,0.17951394857424133,0.083026807076305498,mean_p|train_n=12|p=50,6,12,-1.3777999999999999,0.93608999999999998
3690540800,20,50,mean_p,12,0.31731189036827467,0.012291137025883076,mean_p|train_n=12|p=50,7,14,-1.3777999999999999,0.93608999999999998
1531810360,20,50,mean_p,12,0.11198655735170282,0.21172578050353136,mean_p|train_n=12|p=50,8,16,-1.3777999999999999,0.93608999999999998
407499905,20,50,mean_p,12,0.27994283895952454,0.020633655156106913,mean_p|train_n=12|p=50,9,18,-1.3777999999999999,0.93608999999999998
2833724062,20,50,mean_p,12,0.13358980807404477,0.15693117016391489,mean_p|train_n=12|p=50,10,23,-1.3777999999999999,0.93608999999999998
289381378,20,50,mean_p,12,0.19476124653146759,0.067207920197741827,mean_p|train_n=12|p=50,11,24,-1.3777999999999999,0.93608999999999998
3219626110,20,50,mean_p,12,0.10204763822601488,0.24300320306688156,mean_p|train_n=12|p=50,12,26,-1.3777999999999999,0.93608999999999998
3753855109,20,50,mean_p,12,0.2410791768672243,0.03536378395116261,mean_p|train_n=12|p=50,13,27,-1.3777999999999999,0.93608999999999998
2920211084,20,50,mean_p,12,0.36439629643955868,0.0063990527353584917,mean_p|train_n=12|p=50,14,30,-1.3777999999999999,0.93608999999999998
36643198,20,50,mean_p,12,0.18074583812315376,0.081620945748197921,mean_p|train_n=12|p=50,15,32,-1.3777999999999999,0.93608999999999998
974638609,20,50,mean_p,12,0.19199188184084384,0.069838305400674552,mean_p|train_n=12|p=50,16,34,-1.3777999999999999,0.93608999999999998
1548419614,20,50,mean_p,12,0.22904326599167396,0.041785166077375202,mean_p|train_n=12|p=50,17,35,-1.3777999999999999,0.93608999999999998
150380151,20,50,mean_p,12,0.33535220243567365,0.0095714681626659498,mean_p|train_n=12|p=50,18,37,-1.3777999999999999,0.93608999999999998
2644336020,20,50,mean_p,12,0.46487058835903772,0.001589279114089532,mean_p|train_n=12|p=50,19,39,-1.3777999999999999,0.93608999999999998
2082443298,20,50,mean_p,12,0.19480959891470734,0.067162885396478106,mean_p|train_n=12|p=50,20,40,-1.3777999999999999,0.93608999999999998
1844443629,20,50,mean_p,12,0.31992937418731998,0.011853135183759413,mean_p|train_n=12|p=50,21,41,-1.3777999999999999,0.93608999999999998
331527953,20,50,mean_p,12,0.28271689287647173,0.019855219806372084,mean_p|train_n=12|p=50,22,42,-1.3777999999999999,0.93608999999999998
343253331,20,50,mean_p,12,0.11852578938219913,0.19337647650316978,mean_p|train_n=12|p=50,23,43,-1.3777999999999999,0.93608999999999998
2975564368,20,50,mean_p,12,0.15037045382190231,0.12435969801301944,mean_p|train_n=12|p=50,24,46,-1.3777999999999999,0.93608999999999998
1350932878,20,50,mean_p,12,0.16871803442445249,0.096430899217929356,mean_p|train_n=12|p=50,25,47,-1.3777999999999999,0.93608999999999998
1645772821,20,50,mean_p,12,0.22928440899759334,0.041645713498824899,mean_p|train_n=12|p=50,26,49,-1.3777999999999999,0.93608999999999998
2042776086,20,50,mean_p,12,0.22819766228435787,0.04227787732350808,mean_p|train_n=12|p=50,27,51,-1.3777999999999999,0.93608999999999998
4211136266,20,50,mean_p,12,0.13825828117802078,0.14709645428881238,mean_p|train_n=12|p=50,28,52,-1.3777999999999999,0.93608999999999998
2375920927,20,50,mean_p,12,0.31711109979433227,0.012325397661685264,mean_p|train_n=12|p=50,29,53,-1.3777999999999999,0.93608999999999998
2855937071,20,50,mean_p,12,0.1255352964008617,0.17546972901115057,mean_p|train_n=12|p=50,30,54,-1.3777999999999999,0.93608999999999998
200350148,20,50,mean_p,12,0.31665103549195572,0.012404258356814716,mean_p|train_n=12|p=50,31,55,-1.3777999999999999,0.93608999999999998
1201082090,20,50,mean_p,12,0.32394325135326485,0.011211592102984724,mean_p|train_n=12|p=50,32,56,-1.3777999999999999,0.93608999999999998
1718906898,20,50,mean_p,12,0.21162868875015611,0.053194696436067786,mean_p|train_n=12|p=50,33,58,-1.3777999999999999,0.93608999999999998
736304232,20,50,mean_p,12,0.40190730931435148,0.0038043186681330997,mean_p|train_n=12|p=50,34,59,-1.3777999999999999,0.93608999999999998
720989637,20,50,mean_p,12,0.28897914370899747,0.018204224907756486,mean_p|train_n=12|p=50,35,61,-1.3777999999999999,0.93608999999999998
4232820973,20,50,mean_p,12,0.26638419072019437,0.024900459674242818,mean_p|train_n=12|p=50,36,63,-1.3777999999999999,0.93608999999999998
654514979,20,50,mean_p,12,0.39260255935989807,0.0043280977940796557,mean_p|train_n=12|p=50,37,66,-1.3777999999999999,0.93608999999999998
2852772039,20,50,mean_p,12,0.070431366781856061,0.37666990216712076,mean_p|train_n=12|p=50,38,67,-1.3777999999999999,0.93608999999999998
4039928504,20,50,mean_p,12,0.14946204773557825,0.12593568488451912,mean_p|train_n=12|p=50,39,68,-1.3777999999999999,0.93608999999999998
3455879962,20,50,mean_p,12,0.1050215635772315,0.23318852933145928,mean_p|train_n=12|p=50,40,69,-1.3777999999999999,0.93608999999999998
2286624001,20,50,mean_p,12,0.17823538726612106,0.084511545299364096,mean_p|train_n=12|p=50,41,70,-1.3777999999999999,0.93608999999999998
3062918349,20,50,mean_p,12,0.22906481183582,0.041772687179070053,mean_p|train_n=12|p=50,42,72,-1.3777999999999999,0.93608999999999998
1469124877,20,50,mean_p,12,0.19474917218148532,0.067219170806457368,mean_p|train_n=12|p=50,43,73,-1.3777999999999999,0.93608999999999998
4222814093,20,50,mean_p,12,0.10448229435057763,0.23493834641249967,mean_p|train_n=12|p=50,44,75,-1.3777999999999999,0.93608999999999998
2017777975,20,50,mean_p,12,0.29555736901576823,0.016617562839338566,mean_p|train_n=12|p=50,45,78,-1.3777999999999999,0.93608999999999998
4205940710,20,50,mean_p,12,0.26075395379623989,0.026921841830640052,mean_p|train_n=12|p=50,46,79,-1.3777999999999999,0.93608999999999998
2130072952,20,50,mean_p,12,0.13151550256292194,0.16150938992998537,mean_p|train_n=12|p=50,47,80,-1.3777999999999999,0.93608999999999998
1246716837,20,50,mean_p,12,0.25040673045707351,0.031074293281563241,mean_p|train_n=12|p=50,48,83,-1.3777999999999999,0.93608999999999998
3780637366,20,50,mean_p,12,0.21253260421572584,0.05253227650161537,mean_p|train_n=12|p=50,49,84,-1.3777999999999999,0.93608999999999998
2540267347,20,50,mean_p,12,0.20710494441035232,0.05663748884398144,mean_p|train_n=12|p=50,50,85,-1.3777999999999999,0.93608999999999998
4232714977,20,50,mean_p,12,0.19665257389315971,0.065468671866211525,mean_p|train_n=12|p=50,51,86,-1.3777999999999999,0.93608999999999998
2294326319,20,50,mean_p,12,0.38388218906521393,0.004884261703350417,mean_p|train_n=12|p=50,52,90,-1.3777999999999999,0.93608999999999998
2669205810,20,50,mean_p,12,0.218215405180683,0.048552584245940417,mean_p|train_n=12|p=50,53,91,-1.3777999999999999,0.93608999999999998
3706817458,20,50,mean_p,12,0.27471886202973378,0.022183376137407236,mean_p|train_n=12|p=50,54,92,-1.3777999999999999,0.93608999999999998
536750630,20,50,mean_p,12,0.44296107294492748,0.0021533201413303118,mean_p|train_n=12|p=50,55,93,-1.3777999999999999,0.93608999999999998
990708909,20,50,mean_p,12,0.21346968444851777,0.051854259450043225,mean_p|train_n=12|p=50,56,96,-1.3777999999999999,0.93608999999999998
2463037387,20,50,mean_p,12,0.42371557110924946,0.0028117588407342111,mean_p|train_n=12|p=50,57,98,-1.3777999999999999,0.93608999999999998
1906364401,20,50,mean_p,12,0.22753337425710515,0.042669011978635221,mean_p|train_n=12|p=50,58,99,-1.3777999999999999,0.93608999999999998
1122867043,20,50,mean_p,12,0.10746116242585144,0.22543395732597346,mean_p|train_n=12|p=50,59,100,-1.3777999999999999,0.93608999999999998
1213040224,20,50,mean_p,12,0.10835386229816266,0.22266130291807013,mean_p|train_n=12|p=50,60,101,-1.3777999999999999,0.93608999999999998
3075303085,20,50,mean_p,12,0.23376523099802154,0.039137499089863463,mean_p|train_n=12|p=50,61,105,-1.3777999999999999,0.93608999999999998
3414304508,20,50,mean_p,12,0.26601927590997776,0.025026745112875108,mean_p|train_n=12|p=50,62,106,-1.3777999999999999,0.93608999999999998
3154562223,20,50,mean_p,12,0.27942441550153557,0.020782480815039469,mean_p|train_n=12|p=50,63,107,-1.3777999999999999,0.93608999999999998
1629037326,20,50,mean_p,12,0.15884894996221036,0.11056916391744137,mean_p|train_n=12|p=50,64,110,-1.3777999999999999,0.93608999999999998
2518453777,20,50,mean_p,12,0.21602737544902575,0.05004787036254274,mean_p|train_n=12|p=50,65,111,-1.3777999999999999,0.93608999999999998
1386019666,20,50,mean_p,12,0.32931245070445125,0.010407381816364997,mean_p|train_n=12|p=50,66,112,-1.3777999999999999,0.93608999999999998
1442309280,20,50,mean_p,12,0.24421014133100774,0.033861675560299051,mean_p|train_n=12|p=50,67,113,-1.3777999999999999,0.93608999999999998
1681715963,20,50,mean_p,12,0.3802161318749297,0.0051389073689298076,mean_p|train_n=12|p=50,68,115,-1.3777999999999999,0.93608999999999998
1407317941,20,50,mean_p,12,0.15958404929701789,0.10944811510794264,mean_p|train_n=12|p=50,69,117,-1.3777999999999999,0.93608999999999998
1852785227,20,50,mean_p,12,0.10384701828568513,0.23701653823825997,mean_p|train_n=12|p=50,70,118,-1.3777999999999999,0.93608999999999998
2030482427,20,50,mean_p,12,0.2523925307865621,0.030230515365701309,mean_p|train_n=12|p=50,71,119,-1.3777999999999999,0.93608999999999998
4043744969,20,50,mean_p,12,0.26147334831978941,0.026654686675483204,mean_p|train_n=12|p=50,72,121,-1.3777999999999999,0.93608999999999998
1153446008,20,50,mean_p,12,0.21154682200321581,0.053255102118056605,mean_p|train_n=12|p=50,73,125,-1.3777999999999999,0.93608999999999998
708915003,20,50,mean_p,12,0.18039610489911878,0.082017632044754096,mean_p|train_n=12|p=50,74,126,-1.3777999999999999,0.93608999999999998
3314546444,20,50,mean_p,12,0.26053671173936677,0.027003042247551137,mean_p|train_n=12|p=50,75,128,-1.3777999999999999,0.93608999999999998
1299114799,20,50,mean_p,12,0.31683526408629892,0.012372618913541904,mean_p|train_n=12|p=50,76,129,-1.3777999999999999,0.93608999999999998
1773228688,20,50,mean_p,12,0.28951171646985052,0.018070317568133754,mean_p|train_n=12|p=50,77,130,-1.3777999999999999,0.93608999999999998
146899265,20,50,mean_p,12,0.23125012312209595,0.040526166911318148,mean_p|train_n=12|p=50,78,131,-1.3777999999999999,0.93608999999999998
1404396771,20,50,mean_p,12,0.38320516876641142,0.0049303187091594971,mean_p|train_n=12|p=50,79,133,-1.3777999999999999,0.93608999999999998
2400039562,20,50,mean_p,12,0.23499781405686387,0.038474428813311631,mean_p|train_n=12|p=50,80,134,-1.3777999999999999,0.93608999999999998
1154979339,20,50,mean_p,12,0.09706157402574192,0.26039407365369477,mean_p|train_n=12|p=50,81,137,-1.3777999999999999,0.93608999999999998
1482311483,20,50,mean_p,12,0.12562104904776195,0.17526125732424661,mean_p|train_n=12|p=50,82,140,-1.3777999999999999,0.93608999999999998
2192272493,20,50,mean_p,12,0.12994114088324149,0.16507312707995464,mean_p|train_n=12|p=50,83,143,-1.3777999999999999,0.93608999999999998
3049546338,20,50,mean_p,12,0.43584752024216006,0.002376492551376886,mean_p|train_n=12|p=50,84,145,-1.3777999999999999,0.93608999999999998
2380126004,20,50,mean_p,12,0.12817823473378437,0.16915706105328759,mean_p|train_n=12|p=50,85,146,-1.3777999999999999,0.93608999999999998
1439820419,20,50,mean_p,12,0.37660454845648461,0.0054027477135991809,mean_p|train_n=12|p=50,86,147,-1.3777999999999999,0.93608999999999998
2232441300,20,50,mean_p,12,0.48568718622157264,0.0011908903298345607,mean_p|train_n=12|p=50,87,148,-1.3777999999999999,0.93608999999999998
690719715,20,50,mean_p,12,0.26232849832317284,0.026340563755847392,mean_p|train_n=12|p=50,88,150,-1.3777999999999999,0.93608999999999998
1765185143,20,50,mean_p,12,0.23266271963711693,0.039740273376411395,mean_p|train_n=12|p=50,89,151,-1.3777999999999999,0.93608999999999998
2064104397,20,50,mean_p,12,0.11760733340480826,0.1958543846636687,mean_p|train_n=12|p=50,90,152,-1.3777999999999999,0.93608999999999998
3360927479,20,50,mean_p,12,0.23777718881461571,0.037020192921731886,mean_p|train_n=12|p=50,91,153,-1.3777999999999999,0.93608999999999998
2737384704,20,50,mean_p,12,0.33354653245994637,0.009814084107432345,mean_p|train_n=12|p=50,92,155,-1.3777999999999999,0.93608999999999998
3990217509,20,50,mean_p,12,0.33771899047654591,0.0092625182189159643,mean_p|train_n=12|p=50,93,156,-1.3777999999999999,0.93608999999999998
3934838374,20,50,mean_p,12,0.35894500055389261,0.0069013771371417348,mean_p|train_n=12|p=50,94,160,-1.3777999999999999,0.93608999999999998
3658669760,20,50,mean_p,12,0.47165235121968763,0.0014466713979833011,mean_p|train_n=12|p=50,95,161,-1.3777999999999999,0.93608999999999998
1984931174,20,50,mean_p,12,0.1388969612743591,0.14579981301078312,mean_p|train_n=12|p=50,96,163,-1.3777999999999999,0.93608999999999998
2115532597,20,50,mean_p,12,0.41422542363141346,0.0032071143897773671,mean_p|train_n=12|p=50,97,164,-1.3777999999999999,0.93608999999999998
1355776469,20,50,mean_p,12,0.48303200221671788,0.00123554216018094,mean_p|train_n=12|p=50,98,166,-1.3777999999999999,0.93608999999999998
31602235,20,50,mean_p,12,0.33057223368793209,0.010227202109140925,mean_p|train_n=12|p=50,99,167,-1.3777999999999999,0.93608999999999998
3287928152,20,50,mean_p,12,0.28567729794574259,0.019056857423956547,mean_p|train_n=12|p=50,100,170,-1.3777999999999999,0.93608999999999998
2868281222,20,50,mean_p,12,0.24785448448495359,0.032193434581756539,mean_p|train_n=12|p=50,101,172,-1.3777999999999999,0.93608999999999998
2523092534,20,50,mean_p,12,0.20183407600668243,0.060930926156605628,mean_p|train_n=12|p=50,102,173,-1.3777999999999999,0.93608999999999998
819840658,20,50,mean_p,12,0.12265611414280593,0.18261506820593748,mean_p|train_n=12|p=50,103,176,-1.3777999999999999,0.93608999999999998
1982584677,20,50,mean_p,12,0.16248052067288726,0.10514044028354153,mean_p|train_n=12|p=50,104,177,-1.3777999999999999,0.93608999999999998
1983385032,20,50,mean_p,12,0.31456352526712722,0.012768470194810011,mean_p|train_n=12|p=50,105,178,-1.3777999999999999,0.93608999999999998
2326581538,20,50,mean_p,12,0.26605202810802986,0.025015384501897164,mean_p|train_n=12|p=50,106,180,-1.3777999999999999,0.93608999999999998
3405652243,20,50,mean_p,12,0.25923216261516935,0.027495831914478786,mean_p|train_n=12|p=50,107,181,-1.3777999999999999,0.93608999999999998
1220066919,20,50,mean_p,12,0.23342510209012271,0.039322475507428449,mean_p|train_n=12|p=50,108,184,-1.3777999999999999,0.93608999999999998
4068027982,20,50,mean_p,12,0.29806205111939738,0.016050465811458286,mean_p|train_n=12|p=50,109,185,-1.3777999999999999,0.93608999999999998
3112810691,20,50,mean_p,12,0.12835068884103187,0.16875313664745645,mean_p|train_n=12|p=50,110,186,-1.3777999999999999,0.93608999999999998
4020744046,20,50,mean_p,12,0.2167540989715456,0.049546193054620533,mean_p|train_n=12|p=50,111,188,-1.3777999999999999,0.93608999999999998
2366981359,20,50,mean_p,12,0.38038057818011023,0.0051272054946598948,mean_p|train_n=12|p=50,112,189,-1.3777999999999999,0.93608999999999998
2484839600,20,50,mean_p,12,0.43795194127029113,0.0023081635601175589,mean_p|train_n=12|p=50,113,191,-1.3777999999999999,0.93608999999999998
3084647357,20,50,mean_p,12,0.13228061351260662,0.1598053629252387,mean_p|train_n=12|p=50,114,194,-1.3777999999999999,0.93608999999999998
2253485866,20,50,mean_p,12,0.25152805717198368,0.030594981914016144,mean_p|train_n=12|p=50,115,195,-1.3777999999999999,0.93608999999999998
2430776529,20,50,mean_p,12,0.17882509704227451,0.083823470213209988,mean_p|train_n=12|p=50,116,197,-1.3777999999999999,0.93608999999999998
18916828,20,50,mean_p,12,0.31370466451336143,0.012921404556683167,mean_p|train_n=12|p=50,117,198,-1.3777999999999999,0.93608999999999998
4129134133,20,50,mean_p,12,0.1200254212066848,0.18939781284633281,mean_p|train_n=12|p=50,118,199,-1.3777999999999999,0.93608999999999998
1415356858,20,50,mean_p,12,0.2878840896315526,0.018482685554317018,mean_p|train_n=12|p=50,119,202,-1.3777999999999999,0.93608999999999998
3395428748,20,50,mean_p,12,0.30013466324599525,0.01559585800711987,mean_p|train_n=12|p=50,120,203,-1.3777999999999999,0.93608999999999998
2006661884,20,50,mean_p,12,0.23679428439814779,0.037528080531056114,mean_p|train_n=12|p=50,121,205,-1.3777999999999999,0.93608999999999998
10427820,20,50,mean_p,12,0.19005809239473104,0.071735852770060046,mean_p|train_n=12|p=50,122,206,-1.3777999999999999,0.93608999999999998
1126077234,20,50,mean_p,12,0.23331588750319496,0.039382056229877893,mean_p|train_n=12|p=50,123,208,-1.3777999999999999,0.93608999999999998
885888809,20,50,mean_p,12,0.10815487255851215,0.22327638070496961,mean_p|train_n=12|p=50,124,209,-1.3777999999999999,0.93608999999999998
1078627309,20,50,mean_p,12,0.077421107679917459,0.34188377116269136,mean_p|train_n=12|p=50,125,210,-1.3777999999999999,0.93608999999999998
4012175766,20,50,mean_p,12,0.33893096856535526,0.0091081933236333117,mean_p|train_n=12|p=50,126,213,-1.3777999999999999,0.93608999999999998
3522643050,20,50,mean_p,12,0.30982878048963258,0.013634677531022205,mean_p|train_n=12|p=50,127,216,-1.3777999999999999,0.93608999999999998
1321034588,20,50,mean_p,12,0.22756054299678805,0.04265294420323127,mean_p|train_n=12|p=50,128,218,-1.3777999999999999,0.93608999999999998
2687008951,20,50,mean_p,12,0.17465645580424094,0.088810304136198642,mean_p|train_n=12|p=50,129,219,-1.3777999999999999,0.93608999999999998
371681404,20,50,mean_p,12,0.067463200639309787,0.39249222679734791,mean_p|train_n=12|p=50,130,221,-1.3777999999999999,0.93608999999999998
2125607996,20,50,mean_p,12,0.093114730543461199,0.27503848135752479,mean_p|train_n=12|p=50,131,222,-1.3777999999999999,0.93608999999999998
1174398403,20,50,mean_p,12,0.24674778297465066,0.03269115909942092,mean_p|train_n=12|p=50,132,223,-1.3777999999999999,0.93608999999999998
2035255486,20,50,mean_p,12,0.17850076969359197,0.084201200104078652,mean_p|train_n=12|p=50,133,224,-1.3777999999999999,0.93608999999999998
3701187393,20,50,mean_p,12,0.20942275236219091,0.054846560209956957,mean_p|train_n=12|p=50,134,228,-1.3777999999999999,0.93608999999999998
3401686764,20,50,mean_p,12,0.31376719426845817,0.012910208536086158,mean_p|train_n=12|p=50,135,231,-1.3777999999999999,0.93608999999999998
796544141,20,50,mean_p,12,0.25395470057764913,0.029582873179636579,mean_p|train_n=12|p=50,136,232,-1.3777999999999999,0.93608999999999998
1067653113,20,50,mean_p,12,0.35350361426851828,0.0074421114678417978,mean_p|train_n=12|p=50,137,233,-1.3777999999999999,0.93608999999999998
3244132437,20,50,mean_p,12,0.27854462940662778,0.021037504813356044,mean_p|train_n=12|p=50,138,234,-1.3777999999999999,0.93608999999999998
908797532,20,50,mean_p,12,0.10806276337935319,0.22356166539011812,mean_p|train_n=12|p=50,139,235,-1.3777999999999999,0.93608999999999998
184110159,20,50,mean_p,12,0.1319973447295863,0.16043414264564754,mean_p|train_n=12|p=50,140,237,-1.3777999999999999,0.93608999999999998
268959844,20,50,mean_p,12,0.22572561678749276,0.043751844934854657,mean_p|train_n=12|p=50,141,239,-1.3777999999999999,0.93608999999999998
922143937,20,50,mean_p,12,0.31747156918836089,0.01226395922957153,mean_p|train_n=12|p=50,142,240,-1.3777999999999999,0.93608999999999998
1514765709,20,50,mean_p,12,0.26745500296374436,0.024533552105303759,mean_p|train_n=12|p=50,143,241,-1.3777999999999999,0.93608999999999998
759371176,20,50,mean_p,12,0.11925563048844152,0.19142980697252476,mean_p|train_n=12|p=50,144,244,-1.3777999999999999,0.93608999999999998
690184558,20,50,mean_p,12,0.27387696755503932,0.022443798082828224,mean_p|train_n=12|p=50,145,246,-1.3777999999999999,0.93608999999999998
113297349,20,50,mean_p,12,0.32092910824088472,0.011689992667595048,mean_p|train_n=12|p=50,146,248,-1.3777999999999999,0.93608999999999998
2301537319,20,50,mean_p,12,0.26299530269445909,0.026098196901765083,mean_p|train_n=12|p=50,147,250,-1.3777999999999999,0.93608999999999998
3518374211,20,50,mean_p,12,0.20233139662506261,0.060512293140064274,mean_p|train_n=12|p=50,148,251,-1.3777999999999999,0.93608999999999998
1525309998,20,50,mean_p,12,0.37262059951154114,0.0057095312049175867,mean_p|train_n=12|p=50,149,252,-1.3777999999999999,0.93608999999999998
3321847069,20,50,mean_p,12,0.28335056178076412,0.019681565157330026,mean_p|train_n=12|p=50,150,255,-1.3777999999999999,0.93608999999999998
4056031777,20,50,mean_p,12,0.15387948197890572,0.11845494737879614,mean_p|train_n=12|p=50,151,256,-1.3777999999999999,0.93608999999999998
3702221780,20,50,mean_p,12,0.15231786195538327,0.12104729629760892,mean_p|train_n=12|p=50,152,257,-1.3777999999999999,0.93608999999999998
4026848210,20,50,mean_p,12,0.24247547553864496,0.034685836530916454,mean_p|train_n=12|p=50,153,260,-1.3777999999999999,0.93608999999999998
391320566,20,50,mean_p,12,0.11951631180524221,0.19073926444252237,mean_p|train_n=12|p=50,154,261,-1.3777999999999999,0.93608999999999998
3297338697,20,50,mean_p,12,0.17654913722329954,0.086510391965364655,mean_p|train_n=12|p=50,155,263,-1.3777999999999999,0.93608999999999998
2659288412,20,50,mean_p,12,0.12023131450108034,0.18885798788087071,mean_p|train_n=12|p=50,156,264,-1.3777999999999999,0.93608999999999998
3631079277,20,50,mean_p,12,0.43800129271576083,0.0023065849555310861,mean_p|train_n=12|p=50,157,266,-1.3777999999999999,0.93608999999999998
4272323293,20,50,mean_p,12,0.20182727187209823,0.060936673757638109,mean_p|train_n=12|p=50,158,267,-1.3777999999999999,0.93608999999999998
4046901669,20,50,mean_p,12,0.16025116614880458,0.10844058280171108,mean_p|train_n=12|p=50,159,269,-1.3777999999999999,0.93608999999999998
315406617,20,50,mean_p,12,0.21531694332974577,0.050543211065186354,mean_p|train_n=12|p=50,160,270,-1.3777999999999999,0.93608999999999998
2213750419,20,50,mean_p,12,0.44237482674367062,0.002170891691348072,mean_p|train_n=12|p=50,161,271,-1.3777999999999999,0.93608999999999998
1533551617,20,50,mean_p,12,0.16785481918129191,0.097591791441967529,mean_p|train_n=12|p=50,162,272,-1.3777999999999999,0.93608999999999998
2976598161,20,50,mean_p,12,0.13456397062776215,0.15482609852540863,mean_p|train_n=12|p=50,163,273,-1.3777999999999999,0.93608999999999998
873615947,20,50,mean_p,12,0.23926756606105445,0.036263165540523931,mean_p|train_n=12|p=50,164,274,-1.3777999999999999,0.93608999999999998
343684824,20,50,mean_p,12,0.20434965340555489,0.058842686761620161,mean_p|train_n=12|p=50,165,276,-1.3777999999999999,0.93608999999999998
3162605606,20,50,mean_p,12,0.18780183035748735,0.074015097647379763,mean_p|train_n=12|p=50,166,278,-1.3777999999999999,0.93608999999999998
900364774,20,50,mean_p,12,0.38486333710744625,0.0048182776907875766,mean_p|train_n=12|p=50,167,279,-1.3777999999999999,0.93608999999999998
429971783,20,50,mean_p,12,0.48341735973349653,0.0012289592590034406,mean_p|train_n=12|p=50,168,281,-1.3777999999999999,0.93608999999999998
4126371965,20,50,mean_p,12,0.28413177011561452,0.019469566842783451,mean_p|train_n=12|p=50,169,282,-1.3777999999999999,0.93608999999999998
781649369,20,50,mean_p,12,0.13440144044545246,0.15517533774235592,mean_p|train_n=12|p=50,170,283,-1.3777999999999999,0.93608999999999998
448451950,20,50,mean_p,12,0.15165716767181006,0.12216108165869821,mean_p|train_n=12|p=50,171,288,-1.3777999999999999,0.93608999999999998
3746384250,20,50,mean_p,12,0.27447838874233077,0.022257451542999851,mean_p|train_n=12|p=50,172,292,-1.3777999999999999,0.93608999999999998
226771036,20,50,mean_p,12,0.14328188291975116,0.13720094671995881,mean_p|train_n=12|p=50,173,293,-1.3777999999999999,0.93608999999999998
2024099295,20,50,mean_p,12,0.25280640086029704,0.030057565688897475,mean_p|train_n=12|p=50,174,294,-1.3777999999999999,0.93608999999999998
3900314440,20,50,mean_p,12,0.17922257427745605,0.083362855955419812,mean_p|train_n=12|p=50,175,295,-1.3777999999999999,0.93608999999999998
152355006,20,50,mean_p,12,0.21422288129782152,0.051315638784600839,mean_p|train_n=12|p=50,176,297,-1.3777999999999999,0.93608999999999998
3295798992,20,50,mean_p,12,0.2390669207889983,0.036364173184750992,mean_p|train_n=12|p=50,177,298,-1.3777999999999999,0.93608999999999998
164861382,20,50,mean_p,12,0.15338830693829036,0.11926427502101397,mean_p|train_n=12|p=50,178,299,-1.3777999999999999,0.93608999999999998
3115225869,20,50,mean_p,12,0.39790047457275718,0.0040216144927243116,mean_p|train_n=12|p=50,179,300,-1.3777999999999999,0.93608999999999998
1306992628,20,50,mean_p,12,0.17724557646293265,0.085679179275430589,mean_p|train_n=12|p=50,180,301,-1.3777999999999999,0.93608999999999998
1402141074,20,50,mean_p,12,0.17871859542281002,0.083947320765030448,mean_p|train_n=12|p=50,181,304,-1.3777999999999999,0.93608999999999998
3992684234,20,50,mean_p,12,0.19542590286406805,0.066591504370820467,mean_p|train_n=12|p=50,182,305,-1.3777999999999999,0.93608999999999998
637252692,20,50,mean_p,12,0.34132181537950546,0.0088112577979426177,mean_p|train_n=12|p=50,183,307,-1.3777999999999999,0.93608999999999998
4218775035,20,50,mean_p,12,0.26860003879684502,0.024147191689207363,mean_p|train_n=12|p=50,184,308,-1.3777999999999999,0.93608999999999998
3489800223,20,50,mean_p,12,0.10622624762709935,0.22932651050056846,mean_p|train_n=12|p=50,185,309,-1.3777999999999999,0.93608999999999998
383386689,20,50,mean_p,12,0.12530857640177742,0.17602209911773165,mean_p|train_n=12|p=50,186,311,-1.3777999999999999,0.93608999999999998
1030592234,20,50,mean_p,12,0.049703355005662239,0.5020604201186295,mean_p|train_n=12|p=50,187,317,-1.3777999999999999,0.93608999999999998
423236310,20,50,mean_p,12,0.24194020591126603,0.034944177062743657,mean_p|train_n=12|p=50,188,324,-1.3777999999999999,0.93608999999999998
643040053,20,50,mean_p,12,0.29982816533523521,0.015662265215690474,mean_p|train_n=12|p=50,189,326,-1.3777999999999999,0.93608999999999998
363694314,20,50,mean_p,12,0.27229605341875107,0.022941108790053889,mean_p|train_n=12|p=50,190,327,-1.3777999999999999,0.93608999999999998
3424385298,20,50,mean_p,12,0.13331059063532599,0.15753979267022022,mean_p|train_n=12|p=50,191,329,-1.3777999999999999,0.93608999999999998
2958983615,20,50,mean_p,12,0.1932457244694426,0.068634868828575057,mean_p|train_n=12|p=50,192,330,-1.3777999999999999,0.93608999999999998
1681158139,20,50,mean_p,12,0.19559081006959658,0.066439443459267,mean_p|train_n=12|p=50,193,333,-1.3777999999999999,0.93608999999999998
2698672273,20,50,mean_p,12,0.1893313033076845,0.072462276143905269,mean_p|train_n=12|p=50,194,336,-1.3777999999999999,0.93608999999999998
1946483592,20,50,mean_p,12,0.17149538169727538,0.092788663607836608,mean_p|train_n=12|p=50,195,337,-1.3777999999999999,0.93608999999999998
2716309919,20,50,mean_p,12,0.37386896459223923,0.0056115720599138521,mean_p|train_n=12|p=50,196,338,-1.3777999999999999,0.93608999999999998
1022181441,20,50,mean_p,12,0.10222807718957987,0.24239611077811493,mean_p|train_n=12|p=50,197,339,-1.3777999999999999,0.93608999999999998
3235202506,20,50,mean_p,12,0.23510685459797021,0.038416313921669457,mean_p|train_n=12|p=50,198,340,-1.3777999999999999,0.93608999999999998
2170052713,20,50,mean_p,12,0.13303835446130508,0.15813547035262082,mean_p|train_n=12|p=50,199,341,-1.3777999999999999,0.93608999999999998
1425395999,20,50,mean_p,12,0.17722100930763554,0.08570836426767206,mean_p|train_n=12|p=50,200,343,-1.3777999999999999,0.93608999999999998
261367507,20,50,mean_p,12,0.42371498782646533,0.0028117815767540787,mean_p|train_n=12|p=50,201,345,-1.3777999999999999,0.93608999999999998
3351422793,20,50,mean_p,12,0.20681274468225844,0.056867378356614207,mean_p|train_n=12|p=50,202,346,-1.3777999999999999,0.93608999999999998
4001314084,20,50,mean_p,12,0.37182193678965475,0.0057730973323396337,mean_p|train_n=12|p=50,203,348,-1.3777999999999999,0.93608999999999998
2681136465,20,50,mean_p,12,0.19986144312937465,0.062620165750883278,mean_p|train_n=12|p=50,204,349,-1.3777999999999999,0.93608999999999998
3673388274,20,50,mean_p,12,0.5584395164405016,0.00043436927278833434,mean_p|train_n=12|p=50,205,350,-1.3777999999999999,0.93608999999999998
3040465852,20,50,mean_p,12,0.40502559045025882,0.003643367376643549,mean_p|train_n=12|p=50,206,353,-1.3777999999999999,0.93608999999999998
910395524,20,50,mean_p,12,0.43187762354777554,0.0025109474117367882,mean_p|train_n=12|p=50,207,357,-1.3777999999999999,0.93608999999999998
224251820,20,50,mean_p,12,0.34980881884016529,0.007833233194354236,mean_p|train_n=12|p=50,208,358,-1.3777999999999999,0.93608999999999998
1447397359,20,50,mean_p,12,0.1208261499415075,0.1873070362691934,mean_p|train_n=12|p=50,209,361,-1.3777999999999999,0.93608999999999998
2861170502,20,50,mean_p,12,0.20485613920599283,0.058430976735449128,mean_p|train_n=12|p=50,210,363,-1.3777999999999999,0.93608999999999998
1614493109,20,50,mean_p,12,0.31862492955141597,0.01206943045885461,mean_p|train_n=12|p=50,211,364,-1.3777999999999999,0.93608999999999998
3826658000,20,50,mean_p,12,0.33276278845693918,0.0099212954917671653,mean_p|train_n=12|p=50,212,366,-1.3777999999999999,0.93608999999999998
344896692,20,50,mean_p,12,0.15324592198456818,0.11949992023285839,mean_p|train_n=12|p=50,213,367,-1.3777999999999999,0.93608999999999998
1245807783,20,50,mean_p,12,0.27096431034398327,0.023368578574321359,mean_p|train_n=12|p=50,214,368,-1.3777999999999999,0.93608999999999998
1037946573,20,50,mean_p,12,0.17728403790476749,0.085633508273417758,mean_p|train_n=12|p=50,215,370,-1.3777999999999999,0.93608999999999998
1748467753,20,50,mean_p,12,0.073233088915909447,0.36232047015362484,mean_p|train_n=12|p=50,216,371,-1.3777999999999999,0.93608999999999998
1380102995,20,50,mean_p,12,0.24312167870048609,0.034376498800223962,mean_p|train_n=12|p=50,217,372,-1.3777999999999999,0.93608999999999998
676432604,20,50,mean_p,12,0.24441175014913546,0.033767167975849138,mean_p|train_n=12|p=50,218,374,-1.3777999999999999,0.93608999999999998
3786098874,20,50,mean_p,12,0.25050972490353474,0.031029956872276863,mean_p|train_n=12|p=50,219,375,-1.3777999999999999,0.93608999999999998
3017936608,20,50,mean_p,12,0.2471424861920509,0.032512769796199346,mean_p|train_n=12|p=50,220,376,-1.3777999999999999,0.93608999999999998
82736233,20,50,mean_p,12,0.10739112263350817,0.22565295046016015,mean_p|train_n=12|p=50,221,377,-1.3777999999999999,0.93608999999999998
2037816262,20,50,mean_p,12,0.18421938760782727,0.077783731021672242,mean_p|train_n=12|p=50,222,379,-1.3777999999999999,0.93608999999999998
4150403846,20,50,mean_p,12,0.20742003186287347,0.056390633579886391,mean_p|train_n=12|p=50,223,382,-1.3777999999999999,0.93608999999999998
4005248292,20,50,mean_p,12,0.20113154958248947,0.061527236622672718,mean_p|train_n=12|p=50,224,384,-1.3777999999999999,0.93608999999999998
1750671617,20,50,mean_p,12,0.22557214622125188,0.043845028430356314,mean_p|train_n=12|p=50,225,385,-1.3777999999999999,0.93608999999999998
1842224664,20,50,mean_p,12,0.064945661603948948,0.40643224428711544,mean_p|train_n=12|p=50,226,386,-1.3777999999999999,0.93608999999999998
3164565421,20,50,mean_p,12,0.10909964106641701,0.22037113601351585,mean_p|train_n=12|p=50,227,389,-1.3777999999999999,0.93608999999999998
1437895029,20,50,mean_p,12,0.17782004982297445,0.084999549403898755,mean_p|train_n=12|p=50,228,390,-1.3777999999999999,0.93608999999999998
240622653,20,50,mean_p,12,0.1861880191979986,0.075689637933087514,mean_p|train_n=12|p=50,229,391,-1.3777999999999999,0.93608999999999998
4039798986,20,50,mean_p,12,0.14671048784210067,0.13083226185213567,mean_p|train_n=12|p=50,230,392,-1.3777999999999999,0.93608999999999998
3075716880,20,50,mean_p,12,0.30338224335833031,0.014909287585759363,mean_p|train_n=12|p=50,231,394,-1.3777999999999999,0.93608999999999998
3990090888,20,50,mean_p,12,0.52594038436107204,0.00068159024719125058,mean_p|train_n=12|p=50,232,396,-1.3777999999999999,0.93608999999999998
3588760986,20,50,mean_p,12,0.32516510517232228,0.01102328398554187,mean_p|train_n=12|p=50,233,398,-1.3777999999999999,0.93608999999999998
300195121,20,50,mean_p,12,0.22948113280107316,0.041532293245429786,mean_p|train_n=12|p=50,234,399,-1.3777999999999999,0.93608999999999998
959672943,20,50,mean_p,12,0.27252213131880187,0.022869321495384391,mean_p|train_n=12|p=50,235,400,-1.3777999999999999,0.93608999999999998
3499753368,20,50,mean_p,12,0.1458461975269823,0.13240927140355141,mean_p|train_n=12|p=50,236,401,-1.3777999999999999,0.93608999999999998
217835837,20,50,mean_p,12,0.15275393225329267,0.1203177463750839,mean_p|train_n=12|p=50,237,402,-1.3777999999999999,0.93608999999999998
2640005070,20,50,mean_p,12,0.43128511722049423,0.0025316569735044205,mean_p|train_n=12|p=50,238,403,-1.3777999999999999,0.93608999999999998
2494270352,20,50,mean_p,12,0.27514331391286084,0.022053229046948508,mean_p|train_n=12|p=50,239,406,-1.3777999999999999,0.93608999999999998
3048322827,20,50,mean_p,12,0.13416977711417494,0.15567448997259209,mean_p|train_n=12|p=50,240,407,-1.3777999999999999,0.93608999999999998
3983888182,20,50,mean_p,12,0.081782058305179012,0.32182734828319265,mean_p|train_n=12|p=50,241,409,-1.3777999999999999,0.93608999999999998
155252342,20,50,mean_p,12,0.17589279149343587,0.087301131943216398,mean_p|train_n=12|p=50,242,411,-1.3777999999999999,0.93608999999999998
554531188,20,50,mean_p,12,0.38493753752893811,0.004813323983866637,mean_p|train_n=12|p=50,243,413,-1.3777999999999999,0.93608999999999998
2461812301,20,50,mean_p,12,0.2212336797535214,0.046562954243674112,mean_p|train_n=12|p=50,244,414,-1.3777999999999999,0.93608999999999998
1735067842,20,50,mean_p,12,0.28424666844263941,0.019438579836595554,mean_p|train_n=12|p=50,245,415,-1.3777999999999999,0.93608999999999998
163777874,20,50,mean_p,12,0.30066882400787509,0.015480796589621574,mean_p|train_n=12|p=50,246,416,-1.3777999999999999,0.93608999999999998
3486320426,20,50,mean_p,12,0.088858610461972035,0.29175469768302309,mean_p|train_n=12|p=50,247,417,-1.3777999999999999,0.93608999999999998
3817140053,20,50,mean_p,12,0.22615596746893812,0.04349160167984667,mean_p|train_n=12|p=50,248,418,-1.3777999999999999,0.93608999999999998
3500616314,20,50,mean_p,12,0.12603505078562802,0.17425826439703462,mean_p|train_n=12|p=50,249,419,-1.3777999999999999,0.93608999999999998
2834054540,20,50,mean_p,12,0.072707779449206533,0.36496864010918922,mean_p|train_n=12|p=50,250,421,-1.3777999999999999,0.93608999999999998
2246255938,20,50,mean_p,12,0.27823035823455988,0.02112935935286215,mean_p|train_n=12|p=50,251,422,-1.3777999999999999,0.93608999999999998
3241396563,20,50,mean_p,12,0.16509982232896675,0.10139114417762299,mean_p|train_n=12|p=50,252,424,-1.3777999999999999,0.93608999999999998
1280542099,20,50,mean_p,12,0.26971180587673832,0.02377787966940369,mean_p|train_n=12|p=50,253,426,-1.3777999999999999,0.93608999999999998
2527174443,20,50,mean_p,12,0.28333908718881562,0.019684696184828446,mean_p|train_n=12|p=50,254,427,-1.3777999999999999,0.93608999999999998
1084089824,20,50,mean_p,12,0.2254035769864271,0.043947608188544249,mean_p|train_n=12|p=50,255,428,-1.3777999999999999,0.93608999999999998
2638989730,20,50,mean_p,12,0.31573032564336051,0.012563597915293856,mean_p|train_n=12|p=50,256,429,-1.3777999999999999,0.93608999999999998
191058861,20,50,mean_p,12,0.14597090904233084,0.13218055092878309,mean_p|train_n=12|p=50,257,432,-1.3777999999999999,0.93608999999999998
3463873105,20,50,mean_p,12,0.27101076556761677,0.023353533911051542,mean_p|train_n=12|p=50,258,435,-1.3777999999999999,0.93608999999999998
3802145136,20,50,mean_p,12,0.23770431984256518,0.037057608818040634,mean_p|train_n=12|p=50,259,436,-1.3777999999999999,0.93608999999999998
3324662531,20,50,mean_p,12,0.35863772506233083,0.0069308379319551958,mean_p|train_n=12|p=50,260,437,-1.3777999999999999,0.93608999999999998
121077693,20,50,mean_p,12,0.29879888343308425,0.015887350187054946,mean_p|train_n=12|p=50,261,438,-1.3777999999999999,0.93608999999999998
922256870,20,50,mean_p,12,0.21511102065377213,0.050687702630570597,mean_p|train_n=12|p=50,262,439,-1.3777999999999999,0.93608999999999998
1888330208,20,50,mean_p,12,0.15520338075095436,0.11630075639900575,mean_p|train_n=12|p=50,263,442,-1.3777999999999999,0.93608999999999998
1358630649,20,50,mean_p,12,0.20314070725985114,0.059837174148668057,mean_p|train_n=12|p=50,264,443,-1.3777999999999999,0.93608999999999998
1381764876,20,50,mean_p,12,0.23054722478871881,0.040922993854946993,mean_p|train_n=12|p=50,265,444,-1.3777999999999999,0.93608999999999998
645829071,20,50,mean_p,12,0.061320996253124468,0.42737667436581844,mean_p|train_n=12|p=50,266,445,-1.3777999999999999,0.93608999999999998
304251752,20,50,mean_p,12,0.20500317647893054,0.058311994125541743,mean_p|train_n=12|p=50,267,446,-1.3777999999999999,0.93608999999999998
4068196484,20,50,mean_p,12,0.20733266831445621,0.056458970549028681,mean_p|train_n=12|p=50,268,447,-1.3777999999999999,0.93608999999999998
2322979867,20,50,mean_p,12,0.19505770489276267,0.066932276864225995,mean_p|train_n=12|p=50,269,449,-1.3777999999999999,0.93608999999999998
2132306496,20,50,mean_p,12,0.36701649419845644,0.0061707865869994154,mean_p|train_n=12|p=50,270,453,-1.3777999999999999,0.93608999999999998
4275192945,20,50,mean_p,12,0.15788901625363436,0.11205039773152589,mean_p|train_n=12|p=50,271,454,-1.3777999999999999,0.93608999999999998
3487639485,20,50,mean_p,12,0.1259160232980791,0.17454604032639423,mean_p|train_n=12|p=50,272,456,-1.3777999999999999,0.93608999999999998
3322902892,20,50,mean_p,12,0.19695704813645815,0.065192916920213825,mean_p|train_n=12|p=50,273,458,-1.3777999999999999,0.93608999999999998
1378143268,20,50,mean_p,12,0.22786766813841625,0.042471728582808697,mean_p|train_n=12|p=50,274,460,-1.3777999999999999,0.93608999999999998
3458951915,20,50,mean_p,12,0.098442079483641795,0.25545806886167477,mean_p|train_n=12|p=50,275,461,-1.3777999999999999,0.93608999999999998
2362168181,20,50,mean_p,12,0.34960077108514109,0.0078558580586422632,mean_p|train_n=12|p=50,276,463,-1.3777999999999999,0.93608999999999998
3841810637,20,50,mean_p,12,0.25344330253094921,0.029793345623752257,mean_p|train_n=12|p=50,277,464,-1.3777999999999999,0.93608999999999998
1778536754,20,50,mean_p,12,0.10824644707794011,0.22299311287799647,mean_p|train_n=12|p=50,278,465,-1.3777999999999999,0.93608999999999998
2896225605,20,50,mean_p,12,0.31230097011498248,0.013175308906357635,mean_p|train_n=12|p=50,279,466,-1.3777999999999999,0.93608999999999998
3228806187,20,50,mean_p,12,0.31303510301494242,0.013041900601938328,mean_p|train_n=12|p=50,280,467,-1.3777999999999999,0.93608999999999998
109656100,20,50,mean_p,12,0.10458557415361833,0.23460221128580896,mean_p|train_n=12|p=50,281,468,-1.3777999999999999,0.93608999999999998
3119222225,20,50,mean_p,12,0.23953238908993613,0.03613027931535507,mean_p|train_n=12|p=50,282,469,-1.3777999999999999,0.93608999999999998
1851568793,20,50,mean_p,12,0.14671251300565716,0.13082858882350595,mean_p|train_n=12|p=50,283,470,-1.3777999999999999,0.93608999999999998
180812479,20,50,mean_p,12,0.16120098340903616,0.10702207653238394,mean_p|train_n=12|p=50,284,472,-1.3777999999999999,0.93608999999999998
3032070409,20,50,mean_p,12,0.17703954559648644,0.085924245469240004,mean_p|train_n=12|p=50,285,473,-1.3777999999999999,0.93608999999999998
2863202453,20,50,mean_p,12,0.21925597610188921,0.047857222448113169,mean_p|train_n=12|p=50,286,475,-1.3777999999999999,0.93608999999999998
1953446955,20,50,mean_p,12,0.16885655061797794,0.09624590621032024,mean_p|train_n=12|p=50,287,476,-1.3777999999999999,0.93608999999999998
2036240762,20,50,mean_p,12,0.25237073559550455,0.03023965076006125,mean_p|train_n=12|p=50,288,477,-1.3777999999999999,0.93608999999999998
10420966,20,50,mean_p,12,0.15460713194680603,0.11726605492078297,mean_p|train_n=12|p=50,289,478,-1.3777999999999999,0.93608999999999998
3691116640,20,50,mean_p,12,0.19436742350682798,0.067575848402048125,mean_p|train_n=12|p=50,290,481,-1.3777999999999999,0.93608999999999998
1765717233,20,50,mean_p,12,0.12195287398782959,0.18440408497412297,mean_p|train_n=12|p=50,291,482,-1.3777999999999999,0.93608999999999998
108726223,20,50,mean_p,12,0.16537535640179146,0.10100459779240176,mean_p|train_n=12|p=50,292,483,-1.3777999999999999,0.93608999999999998
3411116609,20,50,mean_p,12,0.22708800134062979,0.042933273081378814,mean_p|train_n=12|p=50,293,484,-1.3777999999999999,0.93608999999999998
1231152646,20,50,mean_p,12,0.2381712296746743,0.036818518996365943,mean_p|train_n=12|p=50,294,485,-1.3777999999999999,0.93608999999999998
1368658720,20,50,mean_p,12,0.19337502929880873,0.068511947902915593,mean_p|train_n=12|p=50,295,486,-1.3777999999999999,0.93608999999999998
2288493279,20,50,mean_p,12,0.28271812321674694,0.0198548811558939,mean_p|train_n=12|p=50,296,489,-1.3777999999999999,0.93608999999999998
409380418,20,50,mean_p,12,0.11834555073929783,0.19386025848970578,mean_p|train_n=12|p=50,297,490,-1.3777999999999999,0.93608999999999998
592994520,20,50,mean_p,12,0.18068098045640618,0.081694365625761031,mean_p|train_n=12|p=50,298,491,-1.3777999999999999,0.93608999999999998
367989912,20,50,mean_p,12,0.38888738178867455,0.0045568492653963585,mean_p|train_n=12|p=50,299,492,-1.3777999999999999,0.93608999999999998
960439795,20,50,mean_p,12,0.055945174657564753,0.46044364823656159,mean_p|train_n=12|p=50,300,493,-1.3777999999999999,0.93608999999999998
2789599590,20,50,mean_p,12,0.23051674506547754,0.040940289056628054,mean_p|train_n=12|p=50,301,494,-1.3777999999999999,0.93608999999999998
4197872721,20,50,mean_p,12,0.21678467881855162,0.049525193552204042,mean_p|train_n=12|p=50,302,495,-1.3777999999999999,0.93608999999999998
3414895577,20,50,mean_p,12,0.1380212014547238,0.14758070018540129,mean_p|train_n=12|p=50,303,496,-1.3777999999999999,0.93608999999999998
1404666643,20,50,mean_p,12,0.17590534934384233,0.087285935119193317,mean_p|train_n=12|p=50,304,497,-1.3777999999999999,0.93608999999999998
1253101078,20,50,mean_p,12,0.08873991012938294,0.29223518576808405,mean_p|train_n=12|p=50,305,498,-1.3777999999999999,0.93608999999999998
4144613520,20,50,mean_p,12,0.21968352165081359,0.047574409733267445,mean_p|train_n=12|p=50,306,500,-1.3777999999999999,0.93608999999999998
3692040675,20,50,mean_p,12,0.24555058241558228,0.033238252661363592,mean_p|train_n=12|p=50,307,501,-1.3777999999999999,0.93608999999999998
2403592662,20,50,mean_p,12,0.25594563088700512,0.028777546005353358,mean_p|train_n=12|p=50,308,503,-1.3777999999999999,0.93608999999999998
91801003,20,50,mean_p,12,0.13204275131381354,0.16033318611750322,mean_p|train_n=12|p=50,309,504,-1.3777999999999999,0.93608999999999998
4286583163,20,50,mean_p,12,0.42015537013135767,0.0029540144474571486,mean_p|train_n=12|p=50,310,506,-1.3777999999999999,0.93608999999999998
1777511001,20,50,mean_p,12,0.29208738409303742,0.017436476172879842,mean_p|train_n=12|p=50,311,508,-1.3777999999999999,0.93608999999999998
9114705,20,50,mean_p,12,0.16208607802568933,0.10571693727417467,mean_p|train_n=12|p=50,312,509,-1.3777999999999999,0.93608999999999998
1916533542,20,50,mean_p,12,0.13822792951067947,0.14715836012376524,mean_p|train_n=12|p=50,313,511,-1.3777999999999999,0.93608999999999998
1632641265,20,50,mean_p,12,0.13736422370863849,0.14893095235311551,mean_p|train_n=12|p=50,314,512,-1.3777999999999999,0.93608999999999998
1342169378,20,50,mean_p,12,0.14950883556920147,0.12585402733100801,mean_p|train_n=12|p=50,315,514,-1.3777999999999999,0.93608999999999998
2637724640,20,50,mean_p,12,0.063034105412480862,0.41734659100304933,mean_p|train_n=12|p=50,316,517,-1.3777999999999999,0.93608999999999998
394711001,20,50,mean_p,12,0.34570962519735476,0.0082912624133775238,mean_p|train_n=12|p=50,317,519,-1.3777999999999999,0.93608999999999998
1565199926,20,50,mean_p,12,0.18625003082995695,0.07562459825470276,mean_p|train_n=12|p=50,318,520,-1.3777999999999999,0.93608999999999998
1621686796,20,50,mean_p,12,0.14908096680674959,0.12660275141846589,mean_p|train_n=12|p=50,319,523,-1.3777999999999999,0.93608999999999998
3562241796,20,50,mean_p,12,0.30490765471046155,0.014597315692143894,mean_p|train_n=12|p=50,320,524,-1.3777999999999999,0.93608999999999998
4206507993,20,50,mean_p,12,0.13817663438939093,0.14726304185108677,mean_p|train_n=12|p=50,321,527,-1.3777999999999999,0.93608999999999998
3035525224,20,50,mean_p,12,0.23312339136506416,0.039487290081398625,mean_p|train_n=12|p=50,322,529,-1.3777999999999999,0.93608999999999998
396443661,20,50,mean_p,12,0.32331991155166306,0.011308894915840096,mean_p|train_n=12|p=50,323,530,-1.3777999999999999,0.93608999999999998
2380806019,20,50,mean_p,12,0.24830275066075824,0.031993995611929123,mean_p|train_n=12|p=50,324,531,-1.3777999999999999,0.93608999999999998
656783711,20,50,mean_p,12,0.32323555758344391,0.011322127208524237,mean_p|train_n=12|p=50,325,532,-1.3777999999999999,0.93608999999999998
72159253,20,50,mean_p,12,0.24583550186288958,0.033107226407608097,mean_p|train_n=12|p=50,326,533,-1.3777999999999999,0.93608999999999998
1675600141,20,50,mean_p,12,0.29203882802252062,0.017448217140419834,mean_p|train_n=12|p=50,327,534,-1.3777999999999999,0.93608999999999998
858059419,20,50,mean_p,12,0.25290585539439231,0.030016152898406694,mean_p|train_n=12|p=50,328,537,-1.3777999999999999,0.93608999999999998
2083214381,20,50,mean_p,12,0.092968100161727338,0.27559812858873672,mean_p|train_n=12|p=50,329,538,-1.3777999999999999,0.93608999999999998
1522884566,20,50,mean_p,12,0.23097372171483904,0.040681750416706977,mean_p|train_n=12|p=50,330,540,-1.3777999999999999,0.93608999999999998
3944390111,20,50,mean_p,12,0.11653798951722405,0.19877940688162005,mean_p|train_n=12|p=50,331,542,-1.3777999999999999,0.93608999999999998
3477342975,20,50,mean_p,12,0.26220446863269742,0.026385893117419741,mean_p|train_n=12|p=50,332,543,-1.3777999999999999,0.93608999999999998
2474216965,20,50,mean_p,12,0.099257505578156241,0.25258657877068319,mean_p|train_n=12|p=50,333,546,-1.3777999999999999,0.93608999999999998
380217083,20,50,mean_p,12,0.32961035479282136,0.010364489753293052,mean_p|train_n=12|p=50,334,547,-1.3777999999999999,0.93608999999999998
2076575489,20,50,mean_p,12,0.27320682364622983,0.022653276257064838,mean_p|train_n=12|p=50,335,548,-1.3777999999999999,0.93608999999999998
3358116570,20,50,mean_p,12,0.33526400632681269,0.0095831779488321969,mean_p|train_n=12|p=50,336,549,-1.3777999999999999,0.93608999999999998
1564144277,20,50,mean_p,12,0.29098451197814379,0.017705111756668002,mean_p|train_n=12|p=50,337,551,-1.3777999999999999,0.93608999999999998
3901030257,20,50,mean_p,12,0.15231963641300603,0.12104431866685961,mean_p|train_n=12|p=50,338,552,-1.3777999999999999,0.93608999999999998
2004529793,20,50,mean_p,12,0.23243137702375063,0.039867928585446841,mean_p|train_n=12|p=50,339,556,-1.3777999999999999,0.93608999999999998
2301252072,20,50,mean_p,12,0.36919511706301211,0.0059872019908041299,mean_p|train_n=12|p=50,340,561,-1.3777999999999999,0.93608999999999998
3198195858,20,50,mean_p,12,0.22406464507279752,0.044770961079926445,mean_p|train_n=12|p=50,341,563,-1.3777999999999999,0.93608999999999998
3747593384,20,50,mean_p,12,0.31443048079683611,0.012792041938919415,mean_p|train_n=12|p=50,342,565,-1.3777999999999999,0.93608999999999998
1830329248,20,50,mean_p,12,0.12014589567223108,0.18908175774046837,mean_p|train_n=12|p=50,343,568,-1.3777999999999999,0.93608999999999998
612433243,20,50,mean_p,12,0.15290890149201794,0.1200595416267097,mean_p|train_n=12|p=50,344,570,-1.3777999999999999,0.93608999999999998
1318217482,20,50,mean_p,12,0.20379621617390251,0.059295879978179138,mean_p|train_n=12|p=50,345,571,-1.3777999999999999,0.93608999999999998
2856343923,20,50,mean_p,12,0.38074717958705528,0.0051012142429434828,mean_p|train_n=12|p=50,346,572,-1.3777999999999999,0.93608999999999998
2718068357,20,50,mean_p,12,0.24470006149478102,0.033632475227840644,mean_p|train_n=12|p=50,347,575,-1.3777999999999999,0.93608999999999998
703849466,20,50,mean_p,12,0.19374406719541654,0.068162339150020027,mean_p|train_n=12|p=50,348,577,-1.3777999999999999,0.93608999999999998
2105596263,20,50,mean_p,12,0.27413435508310835,0.022363857975816605,mean_p|train_n=12|p=50,349,579,-1.3777999999999999,0.93608999999999998
874466672,20,50,mean_p,12,0.13466834740882366,0.15460223189699263,mean_p|train_n=12|p=50,350,580,-1.3777999999999999,0.93608999999999998
2108958165,20,50,mean_p,12,0.57742766601846129,0.00033384051682506556,mean_p|train_n=12|p=50,351,583,-1.3777999999999999,0.93608999999999998
439221750,20,50,mean_p,12,0.26252830340978506,0.026267704332729409,mean_p|train_n=12|p=50,352,584,-1.3777999999999999,0.93608999999999998
1560025406,20,50,mean_p,12,0.41672965190139866,0.0030976867199457459,mean_p|train_n=12|p=50,353,585,-1.3777999999999999,0.93608999999999998
809311832,20,50,mean_p,12,0.2009094246032172,0.061716989819547,mean_p|train_n=12|p=50,354,586,-1.3777999999999999,0.93608999999999998
1815781877,20,50,mean_p,12,0.60101670021633946,0.00024072373146684012,mean_p|train_n=12|p=50,355,587,-1.3777999999999999,0.93608999999999998
5802784,20,50,mean_p,12,0.11016348870968515,0.217144937859506,mean_p|train_n=12|p=50,356,589,-1.3777999999999999,0.93608999999999998
334638867,20,50,mean_p,12,0.31439372565625134,0.012798561585713707,mean_p|train_n=12|p=50,357,590,-1.3777999999999999,0.93608999999999998
690709172,20,50,mean_p,12,0.072412767282809029,0.36646432225908865,mean_p|train_n=12|p=50,358,591,-1.3777999999999999,0.93608999999999998
269138065,20,50,mean_p,12,0.22310025373982295,0.045373536641632052,mean_p|train_n=12|p=50,359,593,-1.3777999999999999,0.93608999999999998
3089687515,20,50,mean_p,12,0.398675497297582,0.0039786371688847744,mean_p|train_n=12|p=50,360,597,-1.3777999999999999,0.93608999999999998
751288002,20,50,mean_p,12,0.059092180539093417,0.44078785809636783,mean_p|train_n=12|p=50,361,598,-1.3777999999999999,0.93608999999999998
2376503862,20,50,mean_p,12,0.18916844720354789,0.072626056498754143,mean_p|train_n=12|p=50,362,600,-1.3777999999999999,0.93608999999999998
3757241726,20,50,mean_p,12,0.19354155882985313,0.068353964369196343,mean_p|train_n=12|p=50,363,601,-1.3777999999999999,0.93608999999999998
2459480193,20,50,mean_p,12,0.31734698188211924,0.012285159189975574,mean_p|train_n=12|p=50,364,602,-1.3777999999999999,0.93608999999999998
3838562124,20,50,mean_p,12,0.41856818626875214,0.0030197320892919105,mean_p|train_n=12|p=50,365,605,-1.3777999999999999,0.93608999999999998
269696148,20,50,mean_p,12,0.14908553333848334,0.12659473701256119,mean_p|train_n=12|p=50,366,606,-1.3777999999999999,0.93608999999999998
2470211446,20,50,mean_p,12,0.29687724889826672,0.016316269160783086,mean_p|train_n=12|p=50,367,607,-1.3777999999999999,0.93608999999999998
3557830222,20,50,mean_p,12,0.2483038337936323,0.031993515212575568,mean_p|train_n=12|p=50,368,609,-1.3777999999999999,0.93608999999999998
1357833762,20,50,mean_p,12,0.15359857316111725,0.1189171367214103,mean_p|train_n=12|p=50,369,610,-1.3777999999999999,0.93608999999999998
2207191704,20,50,mean_p,12,0.46625628000742558,0.0015590408008051505,mean_p|train_n=12|p=50,370,611,-1.3777999999999999,0.93608999999999998
3084044457,20,50,mean_p,12,0.2075465147613314,0.056291843452763363,mean_p|train_n=12|p=50,371,612,-1.3777999999999999,0.93608999999999998
3570764635,20,50,mean_p,12,0.32403999801206623,0.011196565268004879,mean_p|train_n=12|p=50,372,613,-1.3777999999999999,0.93608999999999998
2716318851,20,50,mean_p,12,0.30799887943164317,0.013984983979560873,mean_p|train_n=12|p=50,373,614,-1.3777999999999999,0.93608999999999998
1077740446,20,50,mean_p,12,0.22504933526620668,0.044163958347715797,mean_p|train_n=12|p=50,374,615,-1.3777999999999999,0.93608999999999998
791196783,20,50,mean_p,12,0.21932340063404959,0.047812511082420808,mean_p|train_n=12|p=50,375,616,-1.3777999999999999,0.93608999999999998
2392841747,20,50,mean_p,12,0.14284239023448037,0.13803941742313022,mean_p|train_n=12|p=50,376,617,-1.3777999999999999,0.93608999999999998
2259676229,20,50,mean_p,12,0.24372489463381219,0.034090229149604544,mean_p|train_n=12|p=50,377,621,-1.3777999999999999,0.93608999999999998
2418896239,20,50,mean_p,12,0.21407218412471901,0.051422954672802043,mean_p|train_n=12|p=50,378,622,-1.3777999999999999,0.93608999999999998
3635441378,20,50,mean_p,12,0.43981114004732325,0.0022494331360232087,mean_p|train_n=12|p=50,379,623,-1.3777999999999999,0.93608999999999998
713803420,20,50,mean_p,12,0.5798836227957832,0.00032266563267657793,mean_p|train_n=12|p=50,380,624,-1.3777999999999999,0.93608999999999998
101443978,20,50,mean_p,12,0.13072215414848534,0.16329549744193006,mean_p|train_n=12|p=50,381,625,-1.3777999999999999,0.93608999999999998
3523696833,20,50,mean_p,12,0.34701333396553519,0.0081427584447352173,mean_p|train_n=12|p=50,382,626,-1.3777999999999999,0.93608999999999998
655081512,20,50,mean_p,12,0.25558887560893573,0.028920223016721688,mean_p|train_n=12|p=50,383,627,-1.3777999999999999,0.93608999999999998
2934593266,20,50,mean_p,12,0.39242631751221407,0.0043386852644499967,mean_p|train_n=12|p=50,384,629,-1.3777999999999999,0.93608999999999998
826884430,20,50,mean_p,12,0.2825912789404974,0.019889825389391401,mean_p|train_n=12|p=50,385,632,-1.3777999999999999,0.93608999999999998
505436229,20,50,mean_p,12,0.35379825481692828,0.007411775525726797,mean_p|train_n=12|p=50,386,633,-1.3777999999999999,0.93608999999999998
1146334308,20,50,mean_p,12,0.40377757102516354,0.0037069505349555023,mean_p|train_n=12|p=50,387,635,-1.3777999999999999,0.93608999999999998
2790259724,20,50,mean_p,12,0.4988464899538772,0.00099230428294371843,mean_p|train_n=12|p=50,388,637,-1.3777999999999999,0.93608999999999998
473947871,20,50,mean_p,12,0.31733292277668701,0.012287553808047375,mean_p|train_n=12|p=50,389,638,-1.3777999999999999,0.93608999999999998
2449713749,20,50,mean_p,12,0.34635864492749341,0.0082169978319611182,mean_p|train_n=12|p=50,390,639,-1.3777999999999999,0.93608999999999998
3152671987,20,50,mean_p,12,0.25006633001926248,0.031221277916273882,mean_p|train_n=12|p=50,391,642,-1.3777999999999999,0.93608999999999998
3039966867,20,50,mean_p,12,0.23618090382605397,0.037848552163606414,mean_p|train_n=12|p=50,392,643,-1.3777999999999999,0.93608999999999998
976495937,20,50,mean_p,12,0.11308511343775522,0.20852579031142052,mean_p|train_n=12|p=50,393,645,-1.3777999999999999,0.93608999999999998
3918162060,20,50,mean_p,12,0.21909241174459418,0.04796586103009777,mean_p|train_n=12|p=50,394,647,-1.3777999999999999,0.93608999999999998
2487303171,20,50,mean_p,12,0.1498121538792522,0.12532593672418907,mean_p|train_n=12|p=50,395,650,-1.3777999999999999,0.93608999999999998
2742382276,20,50,mean_p,12,0.22852266275041347,0.042087824365611495,mean_p|train_n=12|p=50,396,651,-1.3777999999999999,0.93608999999999998
2256480131,20,50,mean_p,12,0.13559673651739454,0.15262521891752542,mean_p|train_n=12|p=50,397,652,-1.3777999999999999,0.93608999999999998
2698318776,20,50,mean_p,12,0.16948961411848074,0.095404935867966903,mean_p|train_n=12|p=50,398,654,-1.3777999999999999,0.93608999999999998
1180319841,20,50,mean_p,12,0.47838992378922895,0.0013176669903908879,mean_p|train_n=12|p=50,399,656,-1.3777999999999999,0.93608999999999998
1431497259,20,50,mean_p,12,0.19375945714576254,0.068147798265224116,mean_p|train_n=12|p=50,400,657,-1.3777999999999999,0.93608999999999998
3919440467,20,50,mean_p,12,0.17992355610498306,0.082556686491100734,mean_p|train_n=12|p=50,401,658,-1.3777999999999999,0.93608999999999998
1668296502,20,50,mean_p,12,0.3474829913293388,0.0080899145155444146,mean_p|train_n=12|p=50,402,661,-1.3777999999999999,0.93608999999999998
364099256,20,50,mean_p,12,0.32709093293340719,0.01073288207172968,mean_p|train_n=12|p=50,403,662,-1.3777999999999999,0.93608999999999998
1783456975,20,50,mean_p,12,0.11040983728502454,0.21640462746178574,mean_p|train_n=12|p=50,404,663,-1.3777999999999999,0.93608999999999998
1623844617,20,50,mean_p,12,0.21201207112235471,0.052912726797874413,mean_p|train_n=12|p=50,405,664,-1.3777999999999999,0.93608999999999998
1280076758,20,50,mean_p,12,0.46617113812438993,0.0015608820497736182,mean_p|train_n=12|p=50,406,666,-1.3777999999999999,0.93608999999999998
4093847505,20,50,mean_p,12,0.1301041268895666,0.16470057103964186,mean_p|train_n=12|p=50,407,667,-1.3777999999999999,0.93608999999999998
2702998999,20,50,mean_p,12,0.34156940279799552,0.0087810668439027018,mean_p|train_n=12|p=50,408,668,-1.3777999999999999,0.93608999999999998
695650189,20,50,mean_p,12,0.099361207390510242,0.25222371806778099,mean_p|train_n=12|p=50,409,670,-1.3777999999999999,0.93608999999999998
1352997504,20,50,mean_p,12,0.16311090752128254,0.10422561929389278,mean_p|train_n=12|p=50,410,671,-1.3777999999999999,0.93608999999999998
4134050744,20,50,mean_p,12,0.17289400325934917,0.091006912128051065,mean_p|train_n=12|p=50,411,673,-1.3777999999999999,0.93608999999999998
2301564535,20,50,mean_p,12,0.23966913825918126,0.036061850364514085,mean_p|train_n=12|p=50,412,674,-1.3777999999999999,0.93608999999999998
2663816155,20,50,mean_p,12,0.23344395869805759,0.039312197637531403,mean_p|train_n=12|p=50,413,675,-1.3777999999999999,0.93608999999999998
3711296483,20,50,mean_p,12,0.41538348853154916,0.0031560378642189598,mean_p|train_n=12|p=50,414,676,-1.3777999999999999,0.93608999999999998
3795676004,20,50,mean_p,12,0.2234005057983221,0.045185067372365689,mean_p|train_n=12|p=50,415,678,-1.3777999999999999,0.93608999999999998
3299109103,20,50,mean_p,12,0.40849506581156614,0.0034722792273332742,mean_p|train_n=12|p=50,416,679,-1.3777999999999999,0.93608999999999998
196847621,20,50,mean_p,12,0.24523143858015301,0.033385633551235298,mean_p|train_n=12|p=50,417,680,-1.3777999999999999,0.93608999999999998
2671903506,20,50,mean_p,12,0.5081321180517534,0.00087244852776761483,mean_p|train_n=12|p=50,418,682,-1.3777999999999999,0.93608999999999998
2102588164,20,50,mean_p,12,0.31567993041318104,0.012572378241119923,mean_p|train_n=12|p=50,419,683,-1.3777999999999999,0.93608999999999998
2216406105,20,50,mean_p,12,0.18084923264158101,0.08150403797649286,mean_p|train_n=12|p=50,420,685,-1.3777999999999999,0.93608999999999998
615850100,20,50,mean_p,12,0.25511018514092576,0.029112777516826102,mean_p|train_n=12|p=50,421,688,-1.3777999999999999,0.93608999999999998
2695550478,20,50,mean_p,12,0.41662658643675299,0.0031021158293808196,mean_p|train_n=12|p=50,422,689,-1.3777999999999999,0.93608999999999998
243955217,20,50,mean_p,12,0.31190191680625823,0.013248397398654587,mean_p|train_n=12|p=50,423,690,-1.3777999999999999,0.93608999999999998
3572759242,20,50,mean_p,12,0.27620817198705366,0.021730068916911725,mean_p|train_n=12|p=50,424,691,-1.3777999999999999,0.93608999999999998
473721111,20,50,mean_p,12,0.33394580900176751,0.0097599117618925348,mean_p|train_n=12|p=50,425,692,-1.3777999999999999,0.93608999999999998
2852965154,20,50,mean_p,12,0.15404841680014211,0.11817785831060203,mean_p|train_n=12|p=50,426,693,-1.3777999999999999,0.93608999999999998
3805123545,20,50,mean_p,12,0.26047110917379629,0.027027611190676561,mean_p|train_n=12|p=50,427,694,-1.3777999999999999,0.93608999999999998
151693365,20,50,mean_p,12,0.37219996582661918,0.0057429220034418823,mean_p|train_n=12|p=50,428,699,-1.3777999999999999,0.93608999999999998
3942988512,20,50,mean_p,12,0.19313192307993249,0.068743234181786766,mean_p|train_n=12|p=50,429,700,-1.3777999999999999,0.93608999999999998
3169935809,20,50,mean_p,12,0.17187942016100644,0.092295978378700225,mean_p|train_n=12|p=50,430,701,-1.3777999999999999,0.93608999999999998
2728486811,20,50,mean_p,12,0.10331859205266465,0.23875918823340897,mean_p|train_n=12|p=50,431,702,-1.3777999999999999,0.93608999999999998
3737993596,20,50,mean_p,12,0.34591309295884004,0.0082679085159030937,mean_p|train_n=12|p=50,432,703,-1.3777999999999999,0.93608999999999998
1356283747,20,50,mean_p,12,0.1710550898706574,0.09335675352951249,mean_p|train_n=12|p=50,433,704,-1.3777999999999999,0.93608999999999998
82309177,20,50,mean_p,12,0.27588782926036376,0.02182678442392056,mean_p|train_n=12|p=50,434,705,-1.3777999999999999,0.93608999999999998
91989964,20,50,mean_p,12,0.1614038906348923,0.10672145805223794,mean_p|train_n=12|p=50,435,708,-1.3777999999999999,0.93608999999999998
4224077090,20,50,mean_p,12,0.14007036824827948,0.14344729167938167,mean_p|train_n=12|p=50,436,709,-1.3777999999999999,0.93608999999999998
3691237421,20,50,mean_p,12,0.27084934695224849,0.023405851496434454,mean_p|train_n=12|p=50,437,710,-1.3777999999999999,0.93608999999999998
2390090357,20,50,mean_p,12,0.19455611782287488,0.06739931053331169,mean_p|train_n=12|p=50,438,711,-1.3777999999999999,0.93608999999999998
647723074,20,50,mean_p,12,0.22928452189238063,0.041645648321082487,mean_p|train_n=12|p=50,439,712,-1.3777999999999999,0.93608999999999998
3737857772,20,50,mean_p,12,0.14465201290985352,0.13461954043285493,mean_p|train_n=12|p=50,440,714,-1.3777999999999999,0.93608999999999998
1749439242,20,50,mean_p,12,0.18753333563156158,0.074291104606761416,mean_p|train_n=12|p=50,441,715,-1.3777999999999999,0.93608999999999998
56897721,20,50,mean_p,12,0.044769358343846009,0.53760290280210143,mean_p|train_n=12|p=50,442,718,-1.3777999999999999,0.93608999999999998
3098184549,20,50,mean_p,12,0.16424485876772882,0.1026000134117821,mean_p|train_n=12|p=50,443,719,-1.3777999999999999,0.93608999999999998
440743835,20,50,mean_p,12,0.31778850619866555,0.012210193519536481,mean_p|train_n=12|p=50,444,720,-1.3777999999999999,0.93608999999999998
299170486,20,50,mean_p,12,0.33629359112638213,0.0094473680396399678,mean_p|train_n=12|p=50,445,723,-1.3777999999999999,0.93608999999999998
3956920303,20,50,mean_p,12,0.13011544495022867,0.16467473127767618,mean_p|train_n=12|p=50,446,724,-1.3777999999999999,0.93608999999999998
592904710,20,50,mean_p,12,0.57053403312363982,0.0003673185401836116,mean_p|train_n=12|p=50,447,726,-1.3777999999999999,0.93608999999999998
923947072,20,50,mean_p,12,0.24491774956997689,0.033531132221048775,mean_p|train_n=12|p=50,448,727,-1.3777999999999999,0.93608999999999998
1534142280,20,50,mean_p,12,0.19474980867388517,0.067218577690083214,mean_p|train_n=12|p=50,449,728,-1.3777999999999999,0.93608999999999998
122562552,20,50,mean_p,12,0.3374238225988585,0.0093004971267421944,mean_p|train_n=12|p=50,450,731,-1.3777999999999999,0.93608999999999998
2640539726,20,50,mean_p,12,0.46116214961580465,0.0016731204289392048,mean_p|train_n=12|p=50,451,732,-1.3777999999999999,0.93608999999999998
1382510932,20,50,mean_p,12,0.22056266766487237,0.046998113114699293,mean_p|train_n=12|p=50,452,733,-1.3777999999999999,0.93608999999999998
3698235550,20,50,mean_p,12,0.3133020889961643,0.012993718988286622,mean_p|train_n=12|p=50,453,734,-1.3777999999999999,0.93608999999999998
2095713437,20,50,mean_p,12,0.24153173112146975,0.035142615475147021,mean_p|train_n=12|p=50,454,736,-1.3777999999999999,0.93608999999999998
1178804964,20,50,mean_p,12,0.22704677403169798,0.042957817828138622,mean_p|train_n=12|p=50,455,737,-1.3777999999999999,0.93608999999999998
3992593739,20,50,mean_p,12,0.48449125525414888,0.0012107988244463147,mean_p|train_n=12|p=50,456,739,-1.3777999999999999,0.93608999999999998
318531132,20,50,mean_p,12,0.22527969629857397,0.044023146501317584,mean_p|train_n=12|p=50,457,740,-1.3777999999999999,0.93608999999999998
1184355619,20,50,mean_p,12,0.18553102995863283,0.076382153239116457,mean_p|train_n=12|p=50,458,741,-1.3777999999999999,0.93608999999999998
280662243,20,50,mean_p,12,0.29168593330927128,0.017533785738799219,mean_p|train_n=12|p=50,459,742,-1.3777999999999999,0.93608999999999998
1888178158,20,50,mean_p,12,0.1635961762850982,0.10352682026527202,mean_p|train_n=12|p=50,460,746,-1.3777999999999999,0.93608999999999998
1669169981,20,50,mean_p,12,0.45821755406853082,0.0017428316321200592,mean_p|train_n=12|p=50,461,747,-1.3777999999999999,0.93608999999999998
2402096750,20,50,mean_p,12,0.32601974257287886,0.010893453054263149,mean_p|train_n=12|p=50,462,748,-1.3777999999999999,0.93608999999999998
731330816,20,50,mean_p,12,0.18265445291733587,0.079489655830483785,mean_p|train_n=12|p=50,463,749,-1.3777999999999999,0.93608999999999998
4121360119,20,50,mean_p,12,0.12791048394783561,0.16978610733792351,mean_p|train_n=12|p=50,464,750,-1.3777999999999999,0.93608999999999998
3221744929,20,50,mean_p,12,0.14994421899549179,0.12509669849812916,mean_p|train_n=12|p=50,465,752,-1.3777999999999999,0.93608999999999998
577239648,20,50,mean_p,12,0.35033360815723946,0.0077764522406785557,mean_p|train_n=12|p=50,466,754,-1.3777999999999999,0.93608999999999998
82610826,20,50,mean_p,12,0.48858989995445673,0.0011439200989144616,mean_p|train_n=12|p=50,467,755,-1.3777999999999999,0.93608999999999998
943405428,20,50,mean_p,12,0.41449754296168095,0.003195038743106381,mean_p|train_n=12|p=50,468,756,-1.3777999999999999,0.93608999999999998
450496105,20,50,mean_p,12,0.34825415714114588,0.0080038889008275851,mean_p|train_n=12|p=50,469,759,-1.3777999999999999,0.93608999999999998
2462935667,20,50,mean_p,12,0.44416651030018894,0.0021176351964495859,mean_p|train_n=12|p=50,470,760,-1.3777999999999999,0.93608999999999998
3842775421,20,50,mean_p,12,0.11960244218091035,0.19051165375574342,mean_p|train_n=12|p=50,471,762,-1.3777999999999999,0.93608999999999998
117614285,20,50,mean_p,12,0.42166690096575954,0.0028927592608950742,mean_p|train_n=12|p=50,472,763,-1.3777999999999999,0.93608999999999998
1933246407,20,50,mean_p,12,0.24730758395571736,0.032438441578797175,mean_p|train_n=12|p=50,473,764,-1.3777999999999999,0.93608999999999998
3945466465,20,50,mean_p,12,0.18538580542587821,0.076536083705221025,mean_p|train_n=12|p=50,474,768,-1.3777999999999999,0.93608999999999998
710721590,20,50,mean_p,12,0.17883789708659037,0.083808597368794729,mean_p|train_n=12|p=50,475,769,-1.3777999999999999,0.93608999999999998
1245145879,20,50,mean_p,12,0.26969283794814003,0.023784132916472207,mean_p|train_n=12|p=50,476,771,-1.3777999999999999,0.93608999999999998
1981248318,20,50,mean_p,12,0.37333962681310284,0.0056529022432499753,mean_p|train_n=12|p=50,477,773,-1.3777999999999999,0.93608999999999998
1260586720,20,50,mean_p,12,0.37940606887363881,0.005196941816864884,mean_p|train_n=12|p=50,478,774,-1.3777999999999999,0.93608999999999998
3443202918,20,50,mean_p,12,0.26419582275220149,0.025667445730314587,mean_p|train_n=12|p=50,479,776,-1.3777999999999999,0.93608999999999998
802778356,20,50,mean_p,12,0.178750646493996,0.083910029392716801,mean_p|train_n=12|p=50,480,777,-1.3777999999999999,0.93608999999999998
562223092,20,50,mean_p,12,0.31561720709489149,0.012583315053219225,mean_p|train_n=12|p=50,481,778,-1.3777999999999999,0.93608999999999998
372850852,20,50,mean_p,12,0.18504263809706051,0.076901056987267402,mean_p|train_n=12|p=50,482,783,-1.3777999999999999,0.93608999999999998
738697153,20,50,mean_p,12,0.37761198566292553,0.0053278171546280381,mean_p|train_n=12|p=50,483,784,-1.3777999999999999,0.93608999999999998
1056768680,20,50,mean_p,12,0.24294924638108029,0.034458771347784023,mean_p|train_n=12|p=50,484,788,-1.3777999999999999,0.93608999999999998
3688290892,20,50,mean_p,12,0.19783419856899165,0.064404978746703048,mean_p|train_n=12|p=50,485,790,-1.3777999999999999,0.93608999999999998
1633632031,20,50,mean_p,12,0.27114220849432363,0.023311018178834159,mean_p|train_n=12|p=50,486,791,-1.3777999999999999,0.93608999999999998
2359185564,20,50,mean_p,12,0.29687868483178581,0.016315944368031486,mean_p|train_n=12|p=50,487,794,-1.3777999999999999,0.93608999999999998
1123823546,20,50,mean_p,12,0.067096815571123833,0.39449083505985799,mean_p|train_n=12|p=50,488,796,-1.3777999999999999,0.93608999999999998
1103569246,20,50,mean_p,12,0.32121979917739696,0.011642978753062253,mean_p|train_n=12|p=50,489,798,-1.3777999999999999,0.93608999999999998
425864505,20,50,mean_p,12,0.18878610491045378,0.073012024884691329,mean_p|train_n=12|p=50,490,799,-1.3777999999999999,0.93608999999999998
1760626588,20,50,mean_p,12,0.12134438612534437,0.18596619252806518,mean_p|train_n=12|p=50,491,800,-1.3777999999999999,0.93608999999999998
3649138850,20,50,mean_p,12,0.11053854862174757,0.21601883707776875,mean_p|train_n=12|p=50,492,801,-1.3777999999999999,0.93608999999999998
4281034086,20,50,mean_p,12,0.10769969761042122,0.22468972355227915,mean_p|train_n=12|p=50,493,802,-1.3777999999999999,0.93608999999999998
2090368288,20,50,mean_p,12,0.090557423015457272,0.2849639924891188,mean_p|train_n=12|p=50,494,803,-1.3777999999999999,0.93608999999999998
690252012,20,50,mean_p,12,0.1581551497056064,0.11163776143105997,mean_p|train_n=12|p=50,495,804,-1.3777999999999999,0.93608999999999998
1406059358,20,50,mean_p,12,0.14989636833477604,0.1251797090491058,mean_p|train_n=12|p=50,496,805,-1.3777999999999999,0.93608999999999998
3298590234,20,50,mean_p,12,0.19243117042882069,0.069414294178236996,mean_p|train_n=12|p=50,497,806,-1.3777999999999999,0.93608999999999998
3005386126,20,50,mean_p,12,0.15822536260553027,0.11152915084880237,mean_p|train_n=12|p=50,498,808,-1.3777999999999999,0.93608999999999998
2773405746,20,50,mean_p,12,0.42140404203634202,0.0029033197007774115,mean_p|train_n=12|p=50,499,809,-1.3777999999999999,0.93608999999999998
