seed,n,p,objective,train_n,X,p_succ,angle_id,eval_index,trial,delta_gamma,delta_beta
1216935791,12,2,mean_p,12,0.63501989810729398,0.0050825253555953206,mean_p|train_n=12|p=2,0,1,-1.7764899999999999,1.29064
2260314959,12,2,mean_p,12,0.63070275977256574,0.0052683499048486876,mean_p|train_n=12|p=2,1,3,-1.7764899999999999,1.29064
1769420166,12,2,mean_p,12,0.67717951772593843,0.0035791824114688509,mean_p|train_n=12|p=2,2,4,-1.7764899999999999,1.29064
1744918561,12,2,mean_p,12,0.5999137870924075,0.0068060551402419536,mean_p|train_n=12|p=2,3,6,-1.7764899999999999,1.29064
389127389,12,2,mean_p,12,0.53968875866933308,0.011231815058557158,mean_p|train_n=12|p=2,4,9,-1.7764899999999999,1.29064
3394316332,12,2,mean_p,12,0.65243048514514301,0.0043973015271687064,mean_p|train_n=12|p=2,5,10,-1.7764899999999999,1.29064
1040504255,12,2,mean_p,12,0.59327567299283568,0.0071924147131433164,mean_p|train_n=12|p=2,6,12,-1.7764899999999999,1.29064
2732655119,12,2,mean_p,12,0.65216326080781084,0.0044070863216257271,mean_p|train_n=12|p=2,7,18,-1.7764899999999999,1.29064
1877312817,12,2,mean_p,12,0.73902759110340976,0.0021397662314572544,mean_p|train_n=12|p=2,8,21,-1.7764899999999999,1.29064
3679680443,12,2,mean_p,12,0.61224829475416709,0.0061424097171611331,mean_p|train_n=12|p=2,9,22,-1.7764899999999999,1.29064
1216935791,12,5,mean_p,12,0.43056633648193948,0.027838088498789434,mean_p|train_n=12|p=5,0,1,-1.6801600000000001,1.1049500000000001
2260314959,12,5,mean_p,12,0.44449298191092684,0.024793129852069003,mean_p|train_n=12|p=5,1,3,-1.6801600000000001,1.1049500000000001
1769420166,12,5,mean_p,12,0.40424882581404814,0.034650358527279899,mean_p|train_n=12|p=5,2,4,-1.6801600000000001,1.1049500000000001
1744918561,12,5,mean_p,12,0.48089827312514427,0.018315650137578791,mean_p|train_n=12|p=5,3,6,-1.6801600000000001,1.1049500000000001
389127389,12,5,mean_p,12,0.35129258353919396,0.05382756588544943,mean_p|train_n=12|p=5,4,9,-1.6801600000000001,1.1049500000000001
3394316332,12,5,mean_p,12,0.46906019496438756,0.020210903967781753,mean_p|train_n=12|p=5,5,10,-1.6801600000000001,1.1049500000000001
1040504255,12,5,mean_p,12,0.37330791204366198,0.044820577735493076,mean_p|train_n=12|p=5,6,12,-1.6801600000000001,1.1049500000000001
2732655119,12,5,mean_p,12,0.40760584334230882,0.033696203858748316,mean_p|train_n=12|p=5,7,18,-1.6801600000000001,1.1049500000000001
1877312817,12,5,mean_p,12,0.61107859027878908,0.0062024629027776623,mean_p|train_n=12|p=5,8,21,-1.6801600000000001,1.1049500000000001
3679680443,12,5,mean_p,12,0.40064126679877798,0.035705863000658158,mean_p|train_n=12|p=5,9,22,-1.6801600000000001,1.1049500000000001
1216935791,12,10,mean_p,12,0.35724963014974165,0.051225445563373169,mean_p|train_n=12|p=10,0,1,-1.61155,1.08521
2260314959,12,10,mean_p,12,0.26921038492856941,0.1065406121811249,mean_p|train_n=12|p=10,1,3,-1.61155,1.08521
1769420166,12,10,mean_p,12,0.26773007417088168,0.10786054321897644,mean_p|train_n=12|p=10,2,4,-1.61155,1.08521
1744918561,12,10,mean_p,12,0.39273277355640895,0.038133604548296174,mean_p|train_n=12|p=10,3,6,-1.61155,1.08521
389127389,12,10,mean_p,12,0.23137613707870097,0.14594395442414526,mean_p|train_n=12|p=10,4,9,-1.61155,1.08521
3394316332,12,10,mean_p,12,0.4244184371360662,0.029298665298694224,mean_p|train_n=12|p=10,5,10,-1.61155,1.08521
1040504255,12,10,mean_p,12,0.24832106211771268,0.12675787237570718,mean_p|train_n=12|p=10,6,12,-1.61155,1.08521
2732655119,12,10,mean_p,12,0.23571015075794555,0.14077647683810834,mean_p|train_n=12|p=10,7,18,-1.61155,1.08521
1877312817,12,10,mean_p,12,0.55390962627517915,0.0099788168394123571,mean_p|train_n=12|p=10,8,21,-1.61155,1.08521
3679680443,12,10,mean_p,12,0.28157480725865963,0.096128118916554317,mean_p|train_n=12|p=10,9,22,-1.61155,1.08521
1216935791,12,20,mean_p,12,0.23636583984051793,0.14001079032488778,mean_p|train_n=12|p=20,0,1,-1.55047,0.95916000000000001
2260314959,12,20,mean_p,12,0.18921859925982262,0.20724034691967136,mean_p|train_n=12|p=20,1,3,-1.55047,0.95916000000000001
1769420166,12,20,mean_p,12,0.15227849250654654,0.28178331416566899,mean_p|train_n=12|p=20,2,4,-1.55047,0.95916000000000001
1744918561,12,20,mean_p,12,0.34225739397762833,0.058028734312360677,mean_p|train_n=12|p=20,3,6,-1.55047,0.95916000000000001
389127389,12,20,mean_p,12,0.13496623578556957,0.32542684482749284,mean_p|train_n=12|p=20,4,9,-1.55047,0.95916000000000001
3394316332,12,20,mean_p,12,0.33850231628625832,0.059869797656679553,mean_p|train_n=12|p=20,5,10,-1.55047,0.95916000000000001
1040504255,12,20,mean_p,12,0.17791011023501749,0.22767987455073552,mean_p|train_n=12|p=20,6,12,-1.55047,0.95916000000000001
2732655119,12,20,mean_p,12,0.15669702056721485,0.27161513049638208,mean_p|train_n=12|p=20,7,18,-1.55047,0.95916000000000001
1877312817,12,20,mean_p,12,0.54230363848361063,0.010990161051924218,mean_p|train_n=12|p=20,8,21,-1.55047,0.95916000000000001
3679680443,12,20,mean_p,12,0.15853270807624398,0.26749938932256612,mean_p|train_n=12|p=20,9,22,-1.55047,0.95916000000000001
1216935791,12,50,mean_p,12,0.11196124452969242,0.39405394936606064,mean_p|train_n=12|p=50,0,1,-1.3777999999999999,0.93608999999999998
2260314959,12,50,mean_p,12,0.098257433340668388,0.44163021943470149,mean_p|train_n=12|p=50,1,3,-1.3777999999999999,0.93608999999999998
1769420166,12,50,mean_p,12,0.051304202169936121,0.65263559234098423,mean_p|train_n=12|p=50,2,4,-1.3777999999999999,0.93608999999999998
1744918561,12,50,mean_p,12,0.30079221636805176,0.081927602297079793,mean_p|train_n=12|p=50,3,6,-1.3777999999999999,0.93608999999999998
389127389,12,50,mean_p,12,0.051305396119529167,0.65262911105332222,mean_p|train_n=12|p=50,4,9,-1.3777999999999999,0.93608999999999998
3394316332,12,50,mean_p,12,0.24950411254954674,0.12551664925511272,mean_p|train_n=12|p=50,5,10,-1.3777999999999999,0.93608999999999998
1040504255,12,50,mean_p,12,0.088803163442107924,0.47776134549583477,mean_p|train_n=12|p=50,6,12,-1.3777999999999999,0.93608999999999998
2732655119,12,50,mean_p,12,0.077469173389635007,0.52499293722591656,mean_p|train_n=12|p=50,7,18,-1.3777999999999999,0.93608999999999998
1877312817,12,50,mean_p,12,0.63540787395357357,0.0050661500133938504,mean_p|train_n=12|p=50,8,21,-1.3777999999999999,0.93608999999999998
3679680443,12,50,mean_p,12,0.06714552792946385,0.57206606246105485,mean_p|train_n=12|p=50,9,22,-1.3777999999999999,0.93608999999999998
1216935791,12,2,median_rt,12,0.63373315413236031,0.0051372149331166544,median_rt|train_n=12|p=2,0,1,-1.8710800000000001,1.3204899999999999
2260314959,12,2,median_rt,12,0.6290372066201112,0.0053418438527479423,median_rt|train_n=12|p=2,1,3,-1.8710800000000001,1.3204899999999999
1769420166,12,2,median_rt,12,0.67620639364595814,0.0036082706606422803,median_rt|train_n=12|p=2,2,4,-1.8710800000000001,1.3204899999999999
1744918561,12,2,median_rt,12,0.60062390535562782,0.0067659730019123373,median_rt|train_n=12|p=2,3,6,-1.8710800000000001,1.3204899999999999
389127389,12,2,median_rt,12,0.53850964390924649,0.011342514176611052,median_rt|train_n=12|p=2,4,9,-1.8710800000000001,1.3204899999999999
3394316332,12,2,median_rt,12,0.65245414243094657,0.0043964363298961045,median_rt|train_n=12|p=2,5,10,-1.8710800000000001,1.3204899999999999
1040504255,12,2,median_rt,12,0.59399433529199019,0.0071495491134924288,median_rt|train_n=12|p=2,6,12,-1.8710800000000001,1.3204899999999999
2732655119,12,2,median_rt,12,0.64730367946625067,0.0045888737992430461,median_rt|train_n=12|p=2,7,18,-1.8710800000000001,1.3204899999999999
1877312817,12,2,median_rt,12,0.74877669634363564,0.0019730997981792708,median_rt|train_n=12|p=2,8,21,-1.8710800000000001,1.3204899999999999
3679680443,12,2,median_rt,12,0.6146315741163958,0.0060218442534610526,median_rt|train_n=12|p=2,9,22,-1.8710800000000001,1.3204899999999999
1216935791,12,5,median_rt,12,0.4421910539741114,0.025272415159455917,median_rt|train_n=12|p=5,0,1,-1.8490899999999999,1.12846
2260314959,12,5,median_rt,12,0.45725668474914372,0.022295861918842762,median_rt|train_n=12|p=5,1,3,-1.8490899999999999,1.12846
1769420166,12,5,median_rt,12,0.39963517074422111,0.036005920264776663,median_rt|train_n=12|p=5,2,4,-1.8490899999999999,1.12846
1744918561,12,5,median_rt,12,0.48467407145064673,0.017749364022901466,median_rt|train_n=12|p=5,3,6,-1.8490899999999999,1.12846
389127389,12,5,median_rt,12,0.34789229515994174,0.055371693561842343,median_rt|train_n=12|p=5,4,9,-1.8490899999999999,1.12846
3394316332,12,5,median_rt,12,0.47091155108604138,0.019902057370550424,median_rt|train_n=12|p=5,5,10,-1.8490899999999999,1.12846
1040504255,12,5,median_rt,12,0.38309453944633726,0.041316605117578856,median_rt|train_n=12|p=5,6,12,-1.8490899999999999,1.12846
2732655119,12,5,median_rt,12,0.40286126515256021,0.03505258904051816,median_rt|train_n=12|p=5,7,18,-1.8490899999999999,1.12846
1877312817,12,5,median_rt,12,0.62874689599930944,0.005354758581208801,median_rt|train_n=12|p=5,8,21,-1.8490899999999999,1.12846
3679680443,12,5,median_rt,12,0.40225242910278042,0.035230551049324169,median_rt|train_n=12|p=5,9,22,-1.8490899999999999,1.12846
1216935791,12,10,median_rt,12,0.36138761981699047,0.049492322760428725,median_rt|train_n=12|p=10,0,1,-1.6489799999999999,1.0959300000000001
2260314959,12,10,median_rt,12,0.26857508775000782,0.10710508987898321,median_rt|train_n=12|p=10,1,3,-1.6489799999999999,1.0959300000000001
1769420166,12,10,median_rt,12,0.2661764107983346,0.10926347145265569,median_rt|train_n=12|p=10,2,4,-1.6489799999999999,1.0959300000000001
1744918561,12,10,median_rt,12,0.39495061793976732,0.037436583379572855,median_rt|train_n=12|p=10,3,6,-1.6489799999999999,1.0959300000000001
389127389,12,10,median_rt,12,0.2302070698136737,0.14737003995513553,median_rt|train_n=12|p=10,4,9,-1.6489799999999999,1.0959300000000001
3394316332,12,10,median_rt,12,0.42649699299627636,0.028796476054313465,median_rt|train_n=12|p=10,5,10,-1.6489799999999999,1.0959300000000001
1040504255,12,10,median_rt,12,0.25194583394228753,0.1229931601846186,median_rt|train_n=12|p=10,6,12,-1.6489799999999999,1.0959300000000001
2732655119,12,10,median_rt,12,0.23388038419558502,0.14293542177215074,median_rt|train_n=12|p=10,7,18,-1.6489799999999999,1.0959300000000001
1877312817,12,10,median_rt,12,0.5596089667394889,0.0095168008660288586,median_rt|train_n=12|p=10,8,21,-1.6489799999999999,1.0959300000000001
3679680443,12,10,median_rt,12,0.28094098131087092,0.096636246150395816,median_rt|train_n=12|p=10,9,22,-1.6489799999999999,1.0959300000000001
1216935791,12,20,median_rt,12,0.24237181870488564,0.13318819999985421,median_rt|train_n=12|p=20,0,1,-1.6032299999999999,0.94359999999999999
2260314959,12,20,median_rt,12,0.18719772459284476,0.21075332608168437,median_rt|train_n=12|p=20,1,3,-1.6032299999999999,0.94359999999999999
1769420166,12,20,median_rt,12,0.15193421641963994,0.28259138756543017,median_rt|train_n=12|p=20,2,4,-1.6032299999999999,0.94359999999999999
1744918561,12,20,median_rt,12,0.34217074673575426,0.05807057136274079,median_rt|train_n=12|p=20,3,6,-1.6032299999999999,0.94359999999999999
389127389,12,20,median_rt,12,0.13280280300563144,0.33133588438051731,median_rt|train_n=12|p=20,4,9,-1.6032299999999999,0.94359999999999999
3394316332,12,20,median_rt,12,0.33973929085750093,0.059256963467219002,median_rt|train_n=12|p=20,5,10,-1.6032299999999999,0.94359999999999999
1040504255,12,20,median_rt,12,0.18235125759730123,0.21942273326421477,median_rt|train_n=12|p=20,6,12,-1.6032299999999999,0.94359999999999999
2732655119,12,20,median_rt,12,0.15484065771240652,0.27584162954450403,median_rt|train_n=12|p=20,7,18,-1.6032299999999999,0.94359999999999999
1877312817,12,20,median_rt,12,0.54421418534099175,0.010816891506639333,median_rt|train_n=12|p=20,8,21,-1.6032299999999999,0.94359999999999999
3679680443,12,20,median_rt,12,0.16010445037220586,0.26402502716882575,median_rt|train_n=12|p=20,9,22,-1.6032299999999999,0.94359999999999999
1216935791,12,50,median_rt,12,0.11307502011729327,0.39042024190995173,median_rt|train_n=12|p=50,0,1,-1.42242,0.96752000000000005
2260314959,12,50,median_rt,12,0.096333308476888424,0.4487551181137851,median_rt|train_n=12|p=50,1,3,-1.42242,0.96752000000000005
1769420166,12,50,median_rt,12,0.049747464918569101,0.66114124339041713,median_rt|train_n=12|p=50,2,4,-1.42242,0.96752000000000005
1744918561,12,50,median_rt,12,0.30499678157401172,0.079111904929572041,median_rt|train_n=12|p=50,3,6,-1.42242,0.96752000000000005
389127389,12,50,median_rt,12,0.050656901722666146,0.65615892001321363,median_rt|train_n=12|p=50,4,9,-1.42242,0.96752000000000005
3394316332,12,50,median_rt,12,0.24957394545095243,0.12544376360937809,median_rt|train_n=12|p=50,5,10,-1.42242,0.96752000000000005
1040504255,12,50,median_rt,12,0.090878577565988827,0.46958462212454494,median_rt|train_n=12|p=50,6,12,-1.42242,0.96752000000000005
2732655119,12,50,median_rt,12,0.077001104364652823,0.52704087030636471,median_rt|train_n=12|p=50,7,18,-1.42242,0.96752000000000005
1877312817,12,50,median_rt,12,0.66288591294858235,0.0040310434371957238,median_rt|train_n=12|p=50,8,21,-1.42242,0.96752000000000005
3679680443,12,50,median_rt,12,0.066340228054113243,0.57591079250661059,median_rt|train_n=12|p=50,9,22,-1.42242,0.96752000000000005
1216935791,12,2,mean_p,16,0.63563707346902421,0.0050565009638140037,mean_p|train_n=16|p=2,0,1,-1.7445407881123725,1.2828648966057541
2260314959,12,2,mean_p,16,0.63162207671483017,0.0052282182388856957,mean_p|train_n=16|p=2,1,3,-1.7445407881123725,1.2828648966057541
1769420166,12,2,mean_p,16,0.67785546754952897,0.0035591153082891558,mean_p|train_n=16|p=2,2,4,-1.7445407881123725,1.2828648966057541
1744918561,12,2,mean_p,16,0.6000393315752488,0.0067989516290966829,mean_p|train_n=16|p=2,3,6,-1.7445407881123725,1.2828648966057541
389127389,12,2,mean_p,16,0.5404551485809318,0.011160443870297613,mean_p|train_n=16|p=2,4,9,-1.7445407881123725,1.2828648966057541
3394316332,12,2,mean_p,16,0.65278348636980066,0.0043844091875324519,mean_p|train_n=16|p=2,5,10,-1.7445407881123725,1.2828648966057541
1040504255,12,2,mean_p,16,0.59319497056376913,0.00719724434253573,mean_p|train_n=16|p=2,6,12,-1.7445407881123725,1.2828648966057541
2732655119,12,2,mean_p,16,0.65406148925458185,0.0043380491945073938,mean_p|train_n=16|p=2,7,18,-1.7445407881123725,1.2828648966057541
1877312817,12,2,mean_p,16,0.73647212214261693,0.00218573548582322,mean_p|train_n=16|p=2,8,21,-1.7445407881123725,1.2828648966057541
3679680443,12,2,mean_p,16,0.61178799827851205,0.0061659718598720721,mean_p|train_n=16|p=2,9,22,-1.7445407881123725,1.2828648966057541
1216935791,12,5,mean_p,16,0.42977892643899951,0.028021012228734567,mean_p|train_n=16|p=5,0,1,-1.6151803414250507,1.0142976539482436
2260314959,12,5,mean_p,16,0.45358926750107159,0.022986470786331311,mean_p|train_n=16|p=5,1,3,-1.6151803414250507,1.0142976539482436
1769420166,12,5,mean_p,16,0.41381442994440792,0.03200024676864948,mean_p|train_n=16|p=5,2,4,-1.6151803414250507,1.0142976539482436
1744918561,12,5,mean_p,16,0.47424724068983393,0.019357455176473165,mean_p|train_n=16|p=5,3,6,-1.6151803414250507,1.0142976539482436
389127389,12,5,mean_p,16,0.35713373509129026,0.05127485008684788,mean_p|train_n=16|p=5,4,9,-1.6151803414250507,1.0142976539482436
3394316332,12,5,mean_p,16,0.46927105799932756,0.020175486941177094,mean_p|train_n=16|p=5,5,10,-1.6151803414250507,1.0142976539482436
1040504255,12,5,mean_p,16,0.37372066170023177,0.044666965577231627,mean_p|train_n=16|p=5,6,12,-1.6151803414250507,1.0142976539482436
2732655119,12,5,mean_p,16,0.42343511152137941,0.029539283884206451,mean_p|train_n=16|p=5,7,18,-1.6151803414250507,1.0142976539482436
1877312817,12,5,mean_p,16,0.5985425949122708,0.0068841242940217593,mean_p|train_n=16|p=5,8,21,-1.6151803414250507,1.0142976539482436
3679680443,12,5,mean_p,16,0.40551408955729507,0.034287604524600106,mean_p|train_n=16|p=5,9,22,-1.6151803414250507,1.0142976539482436
1216935791,12,10,mean_p,16,0.34980038679565695,0.054499823143355199,mean_p|train_n=16|p=10,0,1,-1.5490470126870117,1.0035407963998204
2260314959,12,10,mean_p,16,0.27908479070544162,0.098139825168133424,mean_p|train_n=16|p=10,1,3,-1.5490470126870117,1.0035407963998204
1769420166,12,10,mean_p,16,0.27338479687380574,0.10290481811818002,mean_p|train_n=16|p=10,2,4,-1.5490470126870117,1.0035407963998204
1744918561,12,10,mean_p,16,0.39077432629902337,0.038759884566962,mean_p|train_n=16|p=10,3,6,-1.5490470126870117,1.0035407963998204
389127389,12,10,mean_p,16,0.23445279390283844,0.14225649943117896,mean_p|train_n=16|p=10,4,9,-1.5490470126870117,1.0035407963998204
3394316332,12,10,mean_p,16,0.41208960198975514,0.032462654291579129,mean_p|train_n=16|p=10,5,10,-1.5490470126870117,1.0035407963998204
1040504255,12,10,mean_p,16,0.24745144602175473,0.12767806944895965,mean_p|train_n=16|p=10,6,12,-1.5490470126870117,1.0035407963998204
2732655119,12,10,mean_p,16,0.24523759655345581,0.13005094984543658,mean_p|train_n=16|p=10,7,18,-1.5490470126870117,1.0035407963998204
1877312817,12,10,mean_p,16,0.53389111453834326,0.011786724193539513,mean_p|train_n=16|p=10,8,21,-1.5490470126870117,1.0035407963998204
3679680443,12,10,mean_p,16,0.2825724844187652,0.095333705733341281,mean_p|train_n=16|p=10,9,22,-1.5490470126870117,1.0035407963998204
1216935791,12,20,mean_p,16,0.23561541605898353,0.14088744975403539,mean_p|train_n=16|p=20,0,1,-1.4699865275911022,0.91371400752453102
2260314959,12,20,mean_p,16,0.18990867455442864,0.20605421855057032,mean_p|train_n=16|p=20,1,3,-1.4699865275911022,0.91371400752453102
1769420166,12,20,mean_p,16,0.15776100029925733,0.26922195967276524,mean_p|train_n=16|p=20,2,4,-1.4699865275911022,0.91371400752453102
1744918561,12,20,mean_p,16,0.34097337612575046,0.058651811855035985,mean_p|train_n=16|p=20,3,6,-1.4699865275911022,0.91371400752453102
389127389,12,20,mean_p,16,0.13930897428350955,0.31388158783100506,mean_p|train_n=16|p=20,4,9,-1.4699865275911022,0.91371400752453102
3394316332,12,20,mean_p,16,0.34082765514376545,0.058722945236457026,mean_p|train_n=16|p=20,5,10,-1.4699865275911022,0.91371400752453102
1040504255,12,20,mean_p,16,0.17253764513078163,0.23808493787401422,mean_p|train_n=16|p=20,6,12,-1.4699865275911022,0.91371400752453102
2732655119,12,20,mean_p,16,0.15841415718813387,0.26776329483123584,mean_p|train_n=16|p=20,7,18,-1.4699865275911022,0.91371400752453102
1877312817,12,20,mean_p,16,0.52941824859332487,0.012233499908382794,mean_p|train_n=16|p=20,8,21,-1.4699865275911022,0.91371400752453102
3679680443,12,20,mean_p,16,0.16343850967554754,0.25680369821576299,mean_p|train_n=16|p=20,9,22,-1.4699865275911022,0.91371400752453102
1216935791,12,50,mean_p,16,0.11514351395274108,0.38376042102909952,mean_p|train_n=16|p=50,0,1,-1.2764379302282343,0.89727882170688023
2260314959,12,50,mean_p,16,0.10224633986805974,0.42721787651987664,mean_p|train_n=16|p=50,1,3,-1.2764379302282343,0.89727882170688023
1769420166,12,50,mean_p,16,0.055153745020328188,0.63206947991850393,mean_p|train_n=16|p=50,2,4,-1.2764379302282343,0.89727882170688023
1744918561,12,50,mean_p,16,0.2974840181392906,0.084213292567706488,mean_p|train_n=16|p=50,3,6,-1.2764379302282343,0.89727882170688023
389127389,12,50,mean_p,16,0.054263010821136846,0.63676982208781574,mean_p|train_n=16|p=50,4,9,-1.2764379302282343,0.89727882170688023
3394316332,12,50,mean_p,16,0.25047236276457929,0.12450983817649318,mean_p|train_n=16|p=50,5,10,-1.2764379302282343,0.89727882170688023
1040504255,12,50,mean_p,16,0.089923310143707483,0.47333065916952866,mean_p|train_n=16|p=50,6,12,-1.2764379302282343,0.89727882170688023
2732655119,12,50,mean_p,16,0.08037660772105415,0.51244913160640337,mean_p|train_n=16|p=50,7,18,-1.2764379302282343,0.89727882170688023
1877312817,12,50,mean_p,16,0.59983830568258911,0.0068103295732381691,mean_p|train_n=16|p=50,8,21,-1.2764379302282343,0.89727882170688023
3679680443,12,50,mean_p,16,0.070415648696373137,0.55671552293769988,mean_p|train_n=16|p=50,9,22,-1.2764379302282343,0.89727882170688023
1216935791,12,2,median_rt,16,0.63852504452432979,0.004936483655104444,median_rt|train_n=16|p=2,0,1,-1.7151374759136464,1.2515979633128551
2260314959,12,2,median_rt,16,0.63301069532460452,0.0051681786492680801,median_rt|train_n=16|p=2,1,3,-1.7151374759136464,1.2515979633128551
1769420166,12,2,median_rt,16,0.67899155614808337,0.0035256410777800133,median_rt|train_n=16|p=2,2,4,-1.7151374759136464,1.2515979633128551
1744918561,12,2,median_rt,16,0.6001510239414376,0.0067926381255449947,median_rt|train_n=16|p=2,3,6,-1.7151374759136464,1.2515979633128551
389127389,12,2,median_rt,16,0.54057179388412369,0.011149620942389473,median_rt|train_n=16|p=2,4,9,-1.7151374759136464,1.2515979633128551
3394316332,12,2,median_rt,16,0.65383352236844494,0.0043462826996521617,median_rt|train_n=16|p=2,5,10,-1.7151374759136464,1.2515979633128551
1040504255,12,2,median_rt,16,0.59410110151062756,0.0071432027287420315,median_rt|train_n=16|p=2,6,12,-1.7151374759136464,1.2515979633128551
2732655119,12,2,median_rt,16,0.65629719336257619,0.0042581240043322935,median_rt|train_n=16|p=2,7,18,-1.7151374759136464,1.2515979633128551
1877312817,12,2,median_rt,16,0.73238029796184811,0.002261407066669482,median_rt|train_n=16|p=2,8,21,-1.7151374759136464,1.2515979633128551
3679680443,12,2,median_rt,16,0.61136833209194841,0.006187532936207601,median_rt|train_n=16|p=2,9,22,-1.7151374759136464,1.2515979633128551
1216935791,12,5,median_rt,16,0.43936445745523328,0.025873634051244196,median_rt|train_n=16|p=5,0,1,-1.4047975833168846,1.2059117884029518
2260314959,12,5,median_rt,16,0.41666566041284131,0.031250261556845328,median_rt|train_n=16|p=5,1,3,-1.4047975833168846,1.2059117884029518
1769420166,12,5,median_rt,16,0.42422569618769873,0.029345673832580896,median_rt|train_n=16|p=5,2,4,-1.4047975833168846,1.2059117884029518
1744918561,12,5,median_rt,16,0.48641706002657653,0.017493894147280822,median_rt|train_n=16|p=5,3,6,-1.4047975833168846,1.2059117884029518
389127389,12,5,median_rt,16,0.36355481517390587,0.048608156088673478,median_rt|train_n=16|p=5,4,9,-1.4047975833168846,1.2059117884029518
3394316332,12,5,median_rt,16,0.4869086419532877,0.017422510041099796,median_rt|train_n=16|p=5,5,10,-1.4047975833168846,1.2059117884029518
1040504255,12,5,median_rt,16,0.37174857605195005,0.045405695584017247,median_rt|train_n=16|p=5,6,12,-1.4047975833168846,1.2059117884029518
2732655119,12,5,median_rt,16,0.40918670370239302,0.033256025178280892,median_rt|train_n=16|p=5,7,18,-1.4047975833168846,1.2059117884029518
1877312817,12,5,median_rt,16,0.6053336202061903,0.0065060451856423637,median_rt|train_n=16|p=5,8,21,-1.4047975833168846,1.2059117884029518
3679680443,12,5,median_rt,16,0.40744947056245179,0.033740060090057034,median_rt|train_n=16|p=5,9,22,-1.4047975833168846,1.2059117884029518
1216935791,12,10,median_rt,16,0.34950553311515486,0.054633649304711027,median_rt|train_n=16|p=10,0,1,-1.5156676026353346,1.0521434191026415
2260314959,12,10,median_rt,16,0.27300617230819429,0.10322940820206719,median_rt|train_n=16|p=10,1,3,-1.5156676026353346,1.0521434191026415
1769420166,12,10,median_rt,16,0.27330549870849064,0.10297271483753544,median_rt|train_n=16|p=10,2,4,-1.5156676026353346,1.0521434191026415
1744918561,12,10,median_rt,16,0.38981645711171103,0.03906993091339922,median_rt|train_n=16|p=10,3,6,-1.5156676026353346,1.0521434191026415
389127389,12,10,median_rt,16,0.23561982771966386,0.14088227996110431,median_rt|train_n=16|p=10,4,9,-1.5156676026353346,1.0521434191026415
3394316332,12,10,median_rt,16,0.42001149309724006,0.030392561533229182,median_rt|train_n=16|p=10,5,10,-1.5156676026353346,1.0521434191026415
1040504255,12,10,median_rt,16,0.24307322170047163,0.13241342815712887,median_rt|train_n=16|p=10,6,12,-1.5156676026353346,1.0521434191026415
2732655119,12,10,median_rt,16,0.24218670257334807,0.13339343485476737,median_rt|train_n=16|p=10,7,18,-1.5156676026353346,1.0521434191026415
1877312817,12,10,median_rt,16,0.54253654727132739,0.010968890633590649,median_rt|train_n=16|p=10,8,21,-1.5156676026353346,1.0521434191026415
3679680443,12,10,median_rt,16,0.28461963289737113,0.093724134309504659,median_rt|train_n=16|p=10,9,22,-1.5156676026353346,1.0521434191026415
1216935791,12,20,median_rt,16,0.23639946629898176,0.13997163520031475,median_rt|train_n=16|p=20,0,1,-1.4766668065883608,0.90688298797119526
2260314959,12,20,median_rt,16,0.18939003297364757,0.20694504406323491,median_rt|train_n=16|p=20,1,3,-1.4766668065883608,0.90688298797119526
1769420166,12,20,median_rt,16,0.15812006116390434,0.26841910508485278,median_rt|train_n=16|p=20,2,4,-1.4766668065883608,0.90688298797119526
1744918561,12,20,median_rt,16,0.34075865692057034,0.058756656658511694,median_rt|train_n=16|p=20,3,6,-1.4766668065883608,0.90688298797119526
389127389,12,20,median_rt,16,0.13897559594307221,0.31475317777067285,median_rt|train_n=16|p=20,4,9,-1.4766668065883608,0.90688298797119526
3394316332,12,20,median_rt,16,0.34128609046890862,0.058499451756371064,median_rt|train_n=16|p=20,5,10,-1.4766668065883608,0.90688298797119526
1040504255,12,20,median_rt,16,0.17273887564853022,0.23768676738816047,median_rt|train_n=16|p=20,6,12,-1.4766668065883608,0.90688298797119526
2732655119,12,20,median_rt,16,0.15787021141873656,0.26897751149331706,median_rt|train_n=16|p=20,7,18,-1.4766668065883608,0.90688298797119526
1877312817,12,20,median_rt,16,0.5283207568860685,0.012345686887285755,median_rt|train_n=16|p=20,8,21,-1.4766668065883608,0.90688298797119526
3679680443,12,20,median_rt,16,0.16408688754585854,0.25542246948472991,median_rt|train_n=16|p=20,9,22,-1.4766668065883608,0.90688298797119526
1216935791,12,50,median_rt,16,0.12088662392364026,0.36585921776947461,median_rt|train_n=16|p=50,0,1,-1.1455686394280304,0.92696840717594753
2260314959,12,50,median_rt,16,0.10333227864072285,0.42337637031314534,median_rt|train_n=16|p=50,1,3,-1.1455686394280304,0.92696840717594753
1769420166,12,50,median_rt,16,0.059372377054966473,0.61027503333676247,median_rt|train_n=16|p=50,2,4,-1.1455686394280304,0.92696840717594753
1744918561,12,50,median_rt,16,0.30064908507296834,0.082025197865857769,median_rt|train_n=16|p=50,3,6,-1.1455686394280304,0.92696840717594753
389127389,12,50,median_rt,16,0.059534684082686119,0.60945169846089786,median_rt|train_n=16|p=50,4,9,-1.1455686394280304,0.92696840717594753
3394316332,12,50,median_rt,16,0.25286458667159339,0.12205683235064387,median_rt|train_n=16|p=50,5,10,-1.1455686394280304,0.92696840717594753
1040504255,12,50,median_rt,16,0.091820911268093205,0.46591835263595693,median_rt|train_n=16|p=50,6,12,-1.1455686394280304,0.92696840717594753
2732655119,12,50,median_rt,16,0.083236611956318471,0.50040241474946123,median_rt|train_n=16|p=50,7,18,-1.1455686394280304,0.92696840717594753
1877312817,12,50,median_rt,16,0.59409159014732771,0.0071437678734077963,median_rt|train_n=16|p=50,8,21,-1.1455686394280304,0.92696840717594753
3679680443,12,50,median_rt,16,0.077316577521087837,0.52565971112066789,median_rt|train_n=16|p=50,9,22,-1.1455686394280304,0.92696840717594753
3167204076,13,2,mean_p,12,0.69413245416715141,0.0019212727997568819,mean_p|train_n=12|p=2,0,3,-1.7764899999999999,1.29064
4098688347,13,2,mean_p,12,0.54530147313696475,0.0073455225916551695,mean_p|train_n=12|p=2,1,4,-1.7764899999999999,1.29064
3089476378,13,2,mean_p,12,0.57238639270638714,0.0057547816074720263,mean_p|train_n=12|p=2,2,9,-1.7764899999999999,1.29064
3930431558,13,2,mean_p,12,0.63313216095502822,0.0033289476706878382,mean_p|train_n=12|p=2,3,10,-1.7764899999999999,1.29064
3526500894,13,2,mean_p,12,0.76454253690471918,0.0010187014506407848,mean_p|train_n=12|p=2,4,12,-1.7764899999999999,1.29064
3351074254,13,2,mean_p,12,0.58656131603491568,0.0050647363717104595,mean_p|train_n=12|p=2,5,19,-1.7764899999999999,1.29064
3396533951,13,2,mean_p,12,0.60027589109842139,0.0044759617276051754,mean_p|train_n=12|p=2,6,20,-1.7764899999999999,1.29064
1888579974,13,2,mean_p,12,0.6083044154941839,0.0041635867495201893,mean_p|train_n=12|p=2,7,21,-1.7764899999999999,1.29064
3915097278,13,2,mean_p,12,0.68628976355503402,0.0020619614468745761,mean_p|train_n=12|p=2,8,25,-1.7764899999999999,1.29064
3401147075,13,2,mean_p,12,0.7139792339394393,0.0016066484002600181,mean_p|train_n=12|p=2,9,27,-1.7764899999999999,1.29064
3167204076,13,5,mean_p,12,0.63293889104674639,0.0033347502120829081,mean_p|train_n=12|p=5,0,3,-1.6801600000000001,1.1049500000000001
4098688347,13,5,mean_p,12,0.35208510434716794,0.04189417990404961,mean_p|train_n=12|p=5,1,4,-1.6801600000000001,1.1049500000000001
3089476378,13,5,mean_p,12,0.34745992702846057,0.043677102078395758,mean_p|train_n=12|p=5,2,9,-1.6801600000000001,1.1049500000000001
3930431558,13,5,mean_p,12,0.39995456056207446,0.027215846373043109,mean_p|train_n=12|p=5,3,10,-1.6801600000000001,1.1049500000000001
3526500894,13,5,mean_p,12,0.59657617175164535,0.0046276958622075053,mean_p|train_n=12|p=5,4,12,-1.6801600000000001,1.1049500000000001
3351074254,13,5,mean_p,12,0.39173360776687055,0.029308503160547783,mean_p|train_n=12|p=5,5,19,-1.6801600000000001,1.1049500000000001
3396533951,13,5,mean_p,12,0.44716885366939529,0.017785001450626208,mean_p|train_n=12|p=5,6,20,-1.6801600000000001,1.1049500000000001
1888579974,13,5,mean_p,12,0.42164485393954332,0.022384081005236062,mean_p|train_n=12|p=5,7,21,-1.6801600000000001,1.1049500000000001
3915097278,13,5,mean_p,12,0.47986267625774431,0.013246777093651914,mean_p|train_n=12|p=5,8,25,-1.6801600000000001,1.1049500000000001
3401147075,13,5,mean_p,12,0.60521265590454254,0.0042812134250998996,mean_p|train_n=12|p=5,9,27,-1.6801600000000001,1.1049500000000001
3167204076,13,10,mean_p,12,0.68620430643546071,0.0020635498649805659,mean_p|train_n=12|p=10,0,3,-1.61155,1.08521
4098688347,13,10,mean_p,12,0.21059164406303216,0.14992455826380438,mean_p|train_n=12|p=10,1,4,-1.61155,1.08521
3089476378,13,10,mean_p,12,0.22069302686731668,0.13688067180157468,mean_p|train_n=12|p=10,2,9,-1.61155,1.08521
3930431558,13,10,mean_p,12,0.24848644980694301,0.1065554398630827,mean_p|train_n=12|p=10,3,10,-1.61155,1.08521
3526500894,13,10,mean_p,12,0.54315789220308763,0.0074887850776361661,mean_p|train_n=12|p=10,4,12,-1.61155,1.08521
3351074254,13,10,mean_p,12,0.27452201982953994,0.084272967754616665,mean_p|train_n=12|p=10,5,19,-1.61155,1.08521
3396533951,13,10,mean_p,12,0.32794356815345049,0.052074959194399001,mean_p|train_n=12|p=10,6,20,-1.61155,1.08521
1888579974,13,10,mean_p,12,0.28703931558930795,0.075284094113807765,mean_p|train_n=12|p=10,7,21,-1.61155,1.08521
3915097278,13,10,mean_p,12,0.34876614619455892,0.043166026280403245,mean_p|train_n=12|p=10,8,25,-1.61155,1.08521
3401147075,13,10,mean_p,12,0.57168306419405179,0.0057913691137653255,mean_p|train_n=12|p=10,9,27,-1.61155,1.08521
3167204076,13,20,mean_p,12,0.63854108343831917,0.0031705875174187219,mean_p|train_n=12|p=20,0,3,-1.55047,0.95916000000000001
4098688347,13,20,mean_p,12,0.11040162911186693,0.36979018072136383,mean_p|train_n=12|p=20,1,4,-1.55047,0.95916000000000001
3089476378,13,20,mean_p,12,0.10600461035679652,0.3847358214257659,mean_p|train_n=12|p=20,2,9,-1.55047,0.95916000000000001
3930431558,13,20,mean_p,12,0.15532132733343262,0.24669882419627681,mean_p|train_n=12|p=20,3,10,-1.55047,0.95916000000000001
3526500894,13,20,mean_p,12,0.45304928320825338,0.016867141610355189,mean_p|train_n=12|p=20,4,12,-1.55047,0.95916000000000001
3351074254,13,20,mean_p,12,0.19124159129531274,0.17848309153239786,mean_p|train_n=12|p=20,5,19,-1.55047,0.95916000000000001
3396533951,13,20,mean_p,12,0.24528949588503049,0.10966967425779323,mean_p|train_n=12|p=20,6,20,-1.55047,0.95916000000000001
1888579974,13,20,mean_p,12,0.21267513640117397,0.14713610661620247,mean_p|train_n=12|p=20,7,21,-1.55047,0.95916000000000001
3915097278,13,20,mean_p,12,0.25284605479441968,0.10245066739664301,mean_p|train_n=12|p=20,8,25,-1.55047,0.95916000000000001
3401147075,13,20,mean_p,12,0.51932937207962737,0.0092824294663243021,mean_p|train_n=12|p=20,9,27,-1.55047,0.95916000000000001
3167204076,13,50,mean_p,12,0.64149377420666076,0.0030873418154732254,mean_p|train_n=12|p=50,0,3,-1.3777999999999999,0.93608999999999998
4098688347,13,50,mean_p,12,0.035678712804101308,0.72506223283358029,mean_p|train_n=12|p=50,1,4,-1.3777999999999999,0.93608999999999998
3089476378,13,50,mean_p,12,0.033684896840737305,0.73820649754859069,mean_p|train_n=12|p=50,2,9,-1.3777999999999999,0.93608999999999998
3930431558,13,50,mean_p,12,0.070074550635630783,0.5318277056648486,mean_p|train_n=12|p=50,3,10,-1.3777999999999999,0.93608999999999998
3526500894,13,50,mean_p,12,0.373496513863874,0.034543194556318102,mean_p|train_n=12|p=50,4,12,-1.3777999999999999,0.93608999999999998
3351074254,13,50,mean_p,12,0.096089909039844074,0.42069051099961563,mean_p|train_n=12|p=50,5,19,-1.3777999999999999,0.93608999999999998
3396533951,13,50,mean_p,12,0.15130462401871286,0.25579143947959032,mean_p|train_n=12|p=50,6,20,-1.3777999999999999,0.93608999999999998
1888579974,13,50,mean_p,12,0.11377784886682693,0.35870952628922198,mean_p|train_n=12|p=50,7,21,-1.3777999999999999,0.93608999999999998
3915097278,13,50,mean_p,12,0.16200644414321275,0.23227668041801533,mean_p|train_n=12|p=50,8,25,-1.3777999999999999,0.93608999999999998
3401147075,13,50,mean_p,12,0.52244953998680588,0.009025083405971232,mean_p|train_n=12|p=50,9,27,-1.3777999999999999,0.93608999999999998
3167204076,13,2,median_rt,12,0.70184213342008894,0.0017923303259880987,median_rt|train_n=12|p=2,0,3,-1.8710800000000001,1.3204899999999999
4098688347,13,2,median_rt,12,0.54725861651407037,0.0072171151332269127,median_rt|train_n=12|p=2,1,4,-1.8710800000000001,1.3204899999999999
3089476378,13,2,median_rt,12,0.57416129901500246,0.0056634744607195761,median_rt|train_n=12|p=2,2,9,-1.8710800000000001,1.3204899999999999
3930431558,13,2,median_rt,12,0.63331465725556546,0.0033234778535687903,median_rt|train_n=12|p=2,3,10,-1.8710800000000001,1.3204899999999999
3526500894,13,2,median_rt,12,0.77165937312765054,0.00095542361026961322,median_rt|train_n=12|p=2,4,12,-1.8710800000000001,1.3204899999999999
3351074254,13,2,median_rt,12,0.58454022798091976,0.005157819623705857,median_rt|train_n=12|p=2,5,19,-1.8710800000000001,1.3204899999999999
3396533951,13,2,median_rt,12,0.59990266147905325,0.004491040354001467,median_rt|train_n=12|p=2,6,20,-1.8710800000000001,1.3204899999999999
1888579974,13,2,median_rt,12,0.60694448005472323,0.0042149223230949807,median_rt|train_n=12|p=2,7,21,-1.8710800000000001,1.3204899999999999
3915097278,13,2,median_rt,12,0.68707451789399654,0.002047432020792223,median_rt|train_n=12|p=2,8,25,-1.8710800000000001,1.3204899999999999
3401147075,13,2,median_rt,12,0.71628183493561415,0.0015736562478492597,median_rt|train_n=12|p=2,9,27,-1.8710800000000001,1.3204899999999999
3167204076,13,5,median_rt,12,0.66033426327874267,0.0026052807745605578,median_rt|train_n=12|p=5,0,3,-1.8490899999999999,1.12846
4098688347,13,5,median_rt,12,0.3573555451326032,0.039951068892937272,median_rt|train_n=12|p=5,1,4,-1.8490899999999999,1.12846
3089476378,13,5,median_rt,12,0.34296339951540156,0.045483144403886268,median_rt|train_n=12|p=5,2,9,-1.8490899999999999,1.12846
3930431558,13,5,median_rt,12,0.40642958960545161,0.025673349393509647,median_rt|train_n=12|p=5,3,10,-1.8490899999999999,1.12846
3526500894,13,5,median_rt,12,0.6165003325766617,0.0038671747573129581,median_rt|train_n=12|p=5,4,12,-1.8490899999999999,1.12846
3351074254,13,5,median_rt,12,0.39825871395583723,0.027634929045624996,median_rt|train_n=12|p=5,5,19,-1.8490899999999999,1.12846
3396533951,13,5,median_rt,12,0.45319516868416626,0.016844983284798651,median_rt|train_n=12|p=5,6,20,-1.8490899999999999,1.12846
1888579974,13,5,median_rt,12,0.42365639469993643,0.021982006169766803,median_rt|train_n=12|p=5,7,21,-1.8490899999999999,1.12846
3915097278,13,5,median_rt,12,0.48045699571025841,0.013176025438499833,median_rt|train_n=12|p=5,8,25,-1.8490899999999999,1.12846
3401147075,13,5,median_rt,12,0.61862628350481708,0.0037937973013204584,median_rt|train_n=12|p=5,9,27,-1.8490899999999999,1.12846
3167204076,13,10,median_rt,12,0.69562775463336912,0.0018955591481884871,median_rt|train_n=12|p=10,0,3,-1.6489799999999999,1.0959300000000001
4098688347,13,10,median_rt,12,0.21134560719386772,0.14890943855495722,median_rt|train_n=12|p=10,1,4,-1.6489799999999999,1.0959300000000001
3089476378,13,10,median_rt,12,0.21969187561562367,0.1381210983603943,median_rt|train_n=12|p=10,2,9,-1.6489799999999999,1.0959300000000001
3930431558,13,10,median_rt,12,0.2496953216458061,0.10540102621138314,median_rt|train_n=12|p=10,3,10,-1.6489799999999999,1.0959300000000001
3526500894,13,10,median_rt,12,0.55019861550769866,0.0070284291464671536,median_rt|train_n=12|p=10,4,12,-1.6489799999999999,1.0959300000000001
3351074254,13,10,median_rt,12,0.27567114136787563,0.083404854221916874,median_rt|train_n=12|p=10,5,19,-1.6489799999999999,1.0959300000000001
3396533951,13,10,median_rt,12,0.32997492419705909,0.05113043057651516,median_rt|train_n=12|p=10,6,20,-1.6489799999999999,1.0959300000000001
1888579974,13,10,median_rt,12,0.2865026567481635,0.075649033579296809,median_rt|train_n=12|p=10,7,21,-1.6489799999999999,1.0959300000000001
3915097278,13,10,median_rt,12,0.34826205646202718,0.043362545693763833,median_rt|train_n=12|p=10,8,25,-1.6489799999999999,1.0959300000000001
3401147075,13,10,median_rt,12,0.5766650909612876,0.0055371288812003667,median_rt|train_n=12|p=10,9,27,-1.6489799999999999,1.0959300000000001
3167204076,13,20,median_rt,12,0.65470985118139258,0.0027407224194342752,median_rt|train_n=12|p=20,0,3,-1.6032299999999999,0.94359999999999999
4098688347,13,20,median_rt,12,0.11006893824188875,0.37090041902892423,median_rt|train_n=12|p=20,1,4,-1.6032299999999999,0.94359999999999999
3089476378,13,20,median_rt,12,0.10796621343154311,0.37799504433797126,median_rt|train_n=12|p=20,2,9,-1.6032299999999999,0.94359999999999999
3930431558,13,20,median_rt,12,0.15636090629053459,0.24439864949787707,median_rt|train_n=12|p=20,3,10,-1.6032299999999999,0.94359999999999999
3526500894,13,20,median_rt,12,0.4624522868210183,0.015496865771480902,median_rt|train_n=12|p=20,4,12,-1.6032299999999999,0.94359999999999999
3351074254,13,20,median_rt,12,0.19298332686303504,0.17570373330563727,median_rt|train_n=12|p=20,5,19,-1.6032299999999999,0.94359999999999999
3396533951,13,20,median_rt,12,0.24776866926742316,0.10724685893315414,median_rt|train_n=12|p=20,6,20,-1.6032299999999999,0.94359999999999999
1888579974,13,20,median_rt,12,0.21063721837120028,0.14986300196431543,median_rt|train_n=12|p=20,7,21,-1.6032299999999999,0.94359999999999999
3915097278,13,20,median_rt,12,0.24992984708975169,0.10517851863389981,median_rt|train_n=12|p=20,8,25,-1.6032299999999999,0.94359999999999999
3401147075,13,20,median_rt,12,0.52413286050812957,0.008889221634175333,median_rt|train_n=12|p=20,9,27,-1.6032299999999999,0.94359999999999999
3167204076,13,50,median_rt,12,0.65241429406231455,0.0027980048473068009,median_rt|train_n=12|p=50,0,3,-1.42242,0.96752000000000005
4098688347,13,50,median_rt,12,0.036082235027577708,0.72243061861184632,median_rt|train_n=12|p=50,1,4,-1.42242,0.96752000000000005
3089476378,13,50,median_rt,12,0.034124327707163546,0.73528922041671152,median_rt|train_n=12|p=50,2,9,-1.42242,0.96752000000000005
3930431558,13,50,median_rt,12,0.073977374764588863,0.5134494411997903,median_rt|train_n=12|p=50,3,10,-1.42242,0.96752000000000005
3526500894,13,50,median_rt,12,0.38522642459506684,0.031078409440094889,median_rt|train_n=12|p=50,4,12,-1.42242,0.96752000000000005
3351074254,13,50,median_rt,12,0.096862916897670154,0.41777037031122943,median_rt|train_n=12|p=50,5,19,-1.42242,0.96752000000000005
3396533951,13,50,median_rt,12,0.16130189769625677,0.23375600462857765,median_rt|train_n=12|p=50,6,20,-1.42242,0.96752000000000005
1888579974,13,50,median_rt,12,0.11405233261434283,0.35782340863730139,median_rt|train_n=12|p=50,7,21,-1.42242,0.96752000000000005
3915097278,13,50,median_rt,12,0.16148864070836838,0.23336298829419513,median_rt|train_n=12|p=50,8,25,-1.42242,0.96752000000000005
3401147075,13,50,median_rt,12,0.53485458288105836,0.0080705931422951193,median_rt|train_n=12|p=50,9,27,-1.42242,0.96752000000000005
3167204076,13,2,mean_p,16,0.69201640029150491,0.0019582583104273072,mean_p|train_n=16|p=2,0,3,-1.7445407881123725,1.2828648966057541
4098688347,13,2,mean_p,16,0.54499158146724913,0.0073660629453994025,mean_p|train_n=16|p=2,1,4,-1.7445407881123725,1.2828648966057541
3089476378,13,2,mean_p,16,0.57215900016957488,0.0057665853269798497,mean_p|train_n=16|p=2,2,9,-1.7445407881123725,1.2828648966057541
3930431558,13,2,mean_p,16,0.63334148656809031,0.0033226744779430079,mean_p|train_n=16|p=2,3,10,-1.7445407881123725,1.2828648966057541
3526500894,13,2,mean_p,16,0.76262987409343608,0.0010364107763088462,mean_p|train_n=16|p=2,4,12,-1.7445407881123725,1.2828648966057541
3351074254,13,2,mean_p,16,0.58755169942195706,0.005019738438412023,mean_p|train_n=16|p=2,5,19,-1.7445407881123725,1.2828648966057541
3396533951,13,2,mean_p,16,0.60069941760754531,0.0044589123971797914,mean_p|train_n=16|p=2,6,20,-1.7445407881123725,1.2828648966057541
1888579974,13,2,mean_p,16,0.60912084069778516,0.0041330687319601394,mean_p|train_n=16|p=2,7,21,-1.7445407881123725,1.2828648966057541
3915097278,13,2,mean_p,16,0.68648385860937866,0.0020583582823394389,mean_p|train_n=16|p=2,8,25,-1.7445407881123725,1.2828648966057541
3401147075,13,2,mean_p,16,0.71355597632163481,0.0016127877573134405,mean_p|train_n=16|p=2,9,27,-1.7445407881123725,1.2828648966057541
3167204076,13,5,mean_p,16,0.60533099231510823,0.0042766507183592444,mean_p|train_n=16|p=5,0,3,-1.6151803414250507,1.0142976539482436
4098688347,13,5,mean_p,16,0.35041450129763718,0.042529611400635922,mean_p|train_n=16|p=5,1,4,-1.6151803414250507,1.0142976539482436
3089476378,13,5,mean_p,16,0.35191366455550599,0.041958949268495541,mean_p|train_n=16|p=5,2,9,-1.6151803414250507,1.0142976539482436
3930431558,13,5,mean_p,16,0.40623082183793918,0.025719373597979604,mean_p|train_n=16|p=5,3,10,-1.6151803414250507,1.0142976539482436
3526500894,13,5,mean_p,16,0.58497357033626174,0.0051377185868372588,mean_p|train_n=16|p=5,4,12,-1.6151803414250507,1.0142976539482436
3351074254,13,5,mean_p,16,0.39411040555370741,0.028687473534525977,mean_p|train_n=16|p=5,5,19,-1.6151803414250507,1.0142976539482436
3396533951,13,5,mean_p,16,0.44537543547613606,0.018074747943262852,mean_p|train_n=16|p=5,6,20,-1.6151803414250507,1.0142976539482436
1888579974,13,5,mean_p,16,0.43043330772092414,0.020679813708902664,mean_p|train_n=16|p=5,7,21,-1.6151803414250507,1.0142976539482436
3915097278,13,5,mean_p,16,0.48185712276009507,0.013010835366356518,mean_p|train_n=16|p=5,8,25,-1.6151803414250507,1.0142976539482436
3401147075,13,5,mean_p,16,0.5874640939213216,0.0050237026123848604,mean_p|train_n=16|p=5,9,27,-1.6151803414250507,1.0142976539482436
3167204076,13,10,mean_p,16,0.65287912241121149,0.0027863098352749142,mean_p|train_n=16|p=10,0,3,-1.5490470126870117,1.0035407963998204
4098688347,13,10,mean_p,16,0.21271477576928061,0.14708356090963956,mean_p|train_n=16|p=10,1,4,-1.5490470126870117,1.0035407963998204
3089476378,13,10,mean_p,16,0.22153904163894644,0.13584114774027201,mean_p|train_n=16|p=10,2,9,-1.5490470126870117,1.0035407963998204
3930431558,13,10,mean_p,16,0.25113956367183543,0.10403823051118068,mean_p|train_n=16|p=10,3,10,-1.5490470126870117,1.0035407963998204
3526500894,13,10,mean_p,16,0.51537258230465366,0.0096193586905487603,mean_p|train_n=16|p=10,4,12,-1.5490470126870117,1.0035407963998204
3351074254,13,10,mean_p,16,0.27232718800065714,0.085956262026921831,mean_p|train_n=16|p=10,5,19,-1.5490470126870117,1.0035407963998204
3396533951,13,10,mean_p,16,0.32455721334127036,0.053688474629443234,mean_p|train_n=16|p=10,6,20,-1.5490470126870117,1.0035407963998204
1888579974,13,10,mean_p,16,0.28894646916468125,0.074001375682608117,mean_p|train_n=16|p=10,7,21,-1.5490470126870117,1.0035407963998204
3915097278,13,10,mean_p,16,0.35335870529161711,0.041416137728846086,mean_p|train_n=16|p=10,8,25,-1.5490470126870117,1.0035407963998204
3401147075,13,10,mean_p,16,0.55392854481194087,0.0067961288349472956,mean_p|train_n=16|p=10,9,27,-1.5490470126870117,1.0035407963998204
3167204076,13,20,mean_p,16,0.63303591059237552,0.0033318361316502028,mean_p|train_n=16|p=20,0,3,-1.4699865275911022,0.91371400752453102
4098688347,13,20,mean_p,16,0.11131883072986105,0.36674652481515879,mean_p|train_n=16|p=20,1,4,-1.4699865275911022,0.91371400752453102
3089476378,13,20,mean_p,16,0.11028098729695499,0.37019239559905892,mean_p|train_n=16|p=20,2,9,-1.4699865275911022,0.91371400752453102
3930431558,13,20,mean_p,16,0.15243681861941308,0.25319509434756932,mean_p|train_n=16|p=20,3,10,-1.4699865275911022,0.91371400752453102
3526500894,13,20,mean_p,16,0.44806984231848668,0.017641194369730329,mean_p|train_n=16|p=20,4,12,-1.4699865275911022,0.91371400752453102
3351074254,13,20,mean_p,16,0.1911167006658544,0.17868406565598036,mean_p|train_n=16|p=20,5,19,-1.4699865275911022,0.91371400752453102
3396533951,13,20,mean_p,16,0.23687811448608839,0.11830512776509498,mean_p|train_n=16|p=20,6,20,-1.4699865275911022,0.91371400752453102
1888579974,13,20,mean_p,16,0.21514979977548657,0.14389143282712125,mean_p|train_n=16|p=20,7,21,-1.4699865275911022,0.91371400752453102
3915097278,13,20,mean_p,16,0.25660285405344357,0.099040533580003559,mean_p|train_n=16|p=20,8,25,-1.4699865275911022,0.91371400752453102
3401147075,13,20,mean_p,16,0.51230049172753322,0.0098893650291974906,mean_p|train_n=16|p=20,9,27,-1.4699865275911022,0.91371400752453102
3167204076,13,50,mean_p,16,0.62695093941004698,0.0035196258486482729,mean_p|train_n=16|p=50,0,3,-1.2764379302282343,0.89727882170688023
4098688347,13,50,mean_p,16,0.037026545977368222,0.71630946096048287,mean_p|train_n=16|p=50,1,4,-1.2764379302282343,0.89727882170688023
3089476378,13,50,mean_p,16,0.034723954484438643,0.73132703064274152,mean_p|train_n=16|p=50,2,9,-1.2764379302282343,0.89727882170688023
3930431558,13,50,mean_p,16,0.068552995503833411,0.53916959925267349,mean_p|train_n=16|p=50,3,10,-1.2764379302282343,0.89727882170688023
3526500894,13,50,mean_p,16,0.36165219014338656,0.038433855766541854,mean_p|train_n=16|p=50,4,12,-1.2764379302282343,0.89727882170688023
3351074254,13,50,mean_p,16,0.097578897816993776,0.41508374133758064,mean_p|train_n=16|p=50,5,19,-1.2764379302282343,0.89727882170688023
3396533951,13,50,mean_p,16,0.14427476172824721,0.27251888183749123,mean_p|train_n=16|p=50,6,20,-1.2764379302282343,0.89727882170688023
1888579974,13,50,mean_p,16,0.1169479960272776,0.34860763008568207,mean_p|train_n=16|p=50,7,21,-1.2764379302282343,0.89727882170688023
3915097278,13,50,mean_p,16,0.16500453838238818,0.22608559843735257,mean_p|train_n=16|p=50,8,25,-1.2764379302282343,0.89727882170688023
3401147075,13,50,mean_p,16,0.50168281782118751,0.01088227022205351,mean_p|train_n=16|p=50,9,27,-1.2764379302282343,0.89727882170688023
3167204076,13,2,median_rt,16,0.69036874754706357,0.0019875491904774094,median_rt|train_n=16|p=2,0,3,-1.7151374759136464,1.2515979633128551
4098688347,13,2,median_rt,16,0.54484348515465064,0.0073758993932973782,median_rt|train_n=16|p=2,1,4,-1.7151374759136464,1.2515979633128551
3089476378,13,2,median_rt,16,0.57223911401362515,0.0057624239375691257,median_rt|train_n=16|p=2,2,9,-1.7151374759136464,1.2515979633128551
3930431558,13,2,median_rt,16,0.6333961364839199,0.0033210386441428021,median_rt|train_n=16|p=2,3,10,-1.7151374759136464,1.2515979633128551
3526500894,13,2,median_rt,16,0.75921334154342091,0.0010688140253513761,median_rt|train_n=16|p=2,4,12,-1.7151374759136464,1.2515979633128551
3351074254,13,2,median_rt,16,0.58920435283852379,0.004945538770481657,median_rt|train_n=16|p=2,5,19,-1.7151374759136464,1.2515979633128551
3396533951,13,2,median_rt,16,0.60161845124629088,0.0044221391370678556,median_rt|train_n=16|p=2,6,20,-1.7151374759136464,1.2515979633128551
1888579974,13,2,median_rt,16,0.60963973936778337,0.0041137886414814254,median_rt|train_n=16|p=2,7,21,-1.7151374759136464,1.2515979633128551
3915097278,13,2,median_rt,16,0.68636454634191835,0.0020605724390856906,median_rt|train_n=16|p=2,8,25,-1.7151374759136464,1.2515979633128551
3401147075,13,2,median_rt,16,0.71262634470850084,0.0016263545500632191,median_rt|train_n=16|p=2,9,27,-1.7151374759136464,1.2515979633128551
3167204076,13,5,median_rt,16,0.6392810519187937,0.003149517024682399,median_rt|train_n=16|p=5,0,3,-1.4047975833168846,1.2059117884029518
4098688347,13,5,median_rt,16,0.35973657854798957,0.039103037204518472,median_rt|train_n=16|p=5,1,4,-1.4047975833168846,1.2059117884029518
3089476378,13,5,median_rt,16,0.37032752431770949,0.035543810963619589,median_rt|train_n=16|p=5,2,9,-1.4047975833168846,1.2059117884029518
3930431558,13,5,median_rt,16,0.39991451903085079,0.027225667915231327,median_rt|train_n=16|p=5,3,10,-1.4047975833168846,1.2059117884029518
3526500894,13,5,median_rt,16,0.58989169406161202,0.0049150028797683345,median_rt|train_n=16|p=5,4,12,-1.4047975833168846,1.2059117884029518
3351074254,13,5,median_rt,16,0.39583155675062176,0.028245987750750455,median_rt|train_n=16|p=5,5,19,-1.4047975833168846,1.2059117884029518
3396533951,13,5,median_rt,16,0.44401463964099841,0.018297745147163411,median_rt|train_n=16|p=5,6,20,-1.4047975833168846,1.2059117884029518
1888579974,13,5,median_rt,16,0.41702946241553374,0.023334639488504456,median_rt|train_n=16|p=5,7,21,-1.4047975833168846,1.2059117884029518
3915097278,13,5,median_rt,16,0.4974720741865411,0.011303105667576484,median_rt|train_n=16|p=5,8,25,-1.4047975833168846,1.2059117884029518
3401147075,13,5,median_rt,16,0.61338260189129334,0.0039773580987799307,median_rt|train_n=16|p=5,9,27,-1.4047975833168846,1.2059117884029518
3167204076,13,10,median_rt,16,0.66323329013835053,0.0025381045759326698,median_rt|train_n=16|p=10,0,3,-1.5156676026353346,1.0521434191026415
4098688347,13,10,median_rt,16,0.21055645363864162,0.14997210655944956,median_rt|train_n=16|p=10,1,4,-1.5156676026353346,1.0521434191026415
3089476378,13,10,median_rt,16,0.22558594452226252,0.13097675707200557,median_rt|train_n=16|p=10,2,9,-1.5156676026353346,1.0521434191026415
3930431558,13,10,median_rt,16,0.24740158407309176,0.1076021945450588,median_rt|train_n=16|p=10,3,10,-1.5156676026353346,1.0521434191026415
3526500894,13,10,median_rt,16,0.52646511033783594,0.0087043577352100519,median_rt|train_n=16|p=10,4,12,-1.5156676026353346,1.0521434191026415
3351074254,13,10,median_rt,16,0.27391032829424117,0.084738754381956091,median_rt|train_n=16|p=10,5,19,-1.5156676026353346,1.0521434191026415
3396533951,13,10,median_rt,16,0.32369537652560704,0.054107039102828991,median_rt|train_n=16|p=10,6,20,-1.5156676026353346,1.0521434191026415
1888579974,13,10,median_rt,16,0.28943636394295058,0.073675424024189792,median_rt|train_n=16|p=10,7,21,-1.5156676026353346,1.0521434191026415
3915097278,13,10,median_rt,16,0.3514543880296474,0.042132956236684838,median_rt|train_n=16|p=10,8,25,-1.5156676026353346,1.0521434191026415
3401147075,13,10,median_rt,16,0.55927230118893845,0.0064766346766359697,median_rt|train_n=16|p=10,9,27,-1.5156676026353346,1.0521434191026415
3167204076,13,20,median_rt,16,0.63555353037059548,0.0032571008479257918,median_rt|train_n=16|p=20,0,3,-1.4766668065883608,0.90688298797119526
4098688347,13,20,median_rt,16,0.11124031223115501,0.3670060983752868,median_rt|train_n=16|p=20,1,4,-1.4766668065883608,0.90688298797119526
3089476378,13,20,median_rt,16,0.11092674966076174,0.36804453500927908,median_rt|train_n=16|p=20,2,9,-1.4766668065883608,0.90688298797119526
3930431558,13,20,median_rt,16,0.15241968131114933,0.25323419646197787,median_rt|train_n=16|p=20,3,10,-1.4766668065883608,0.90688298797119526
3526500894,13,20,median_rt,16,0.44980551391888213,0.017367432724440343,median_rt|train_n=16|p=20,4,12,-1.4766668065883608,0.90688298797119526
3351074254,13,20,median_rt,16,0.19131877759809346,0.17835899629602223,median_rt|train_n=16|p=20,5,19,-1.4766668065883608,0.90688298797119526
3396533951,13,20,median_rt,16,0.23707514197940932,0.11809527545775964,median_rt|train_n=16|p=20,6,20,-1.4766668065883608,0.90688298797119526
1888579974,13,20,median_rt,16,0.21463087429216215,0.14456584363817604,median_rt|train_n=16|p=20,7,21,-1.4766668065883608,0.90688298797119526
3915097278,13,20,median_rt,16,0.25617563575916724,0.099422537509712083,median_rt|train_n=16|p=20,8,25,-1.4766668065883608,0.90688298797119526
3401147075,13,20,median_rt,16,0.51326155345036661,0.0098040924588723034,median_rt|train_n=16|p=20,9,27,-1.4766668065883608,0.90688298797119526
3167204076,13,50,median_rt,16,0.62155918278814337,0.0036948477258038513,median_rt|train_n=16|p=50,0,3,-1.1455686394280304,0.92696840717594753
4098688347,13,50,median_rt,16,0.039711092459360012,0.69918968097750112,median_rt|train_n=16|p=50,1,4,-1.1455686394280304,0.92696840717594753
3089476378,13,50,median_rt,16,0.038817518813158584,0.70484222299827692,median_rt|train_n=16|p=50,2,9,-1.1455686394280304,0.92696840717594753
3930431558,13,50,median_rt,16,0.071113968214019746,0.52686980760307756,median_rt|train_n=16|p=50,3,10,-1.1455686394280304,0.92696840717594753
3526500894,13,50,median_rt,16,0.3615356501480948,0.038474237580045235,median_rt|train_n=16|p=50,4,12,-1.1455686394280304,0.92696840717594753
3351074254,13,50,median_rt,16,0.10304925713061665,0.39511914505776435,median_rt|train_n=16|p=50,5,19,-1.1455686394280304,0.92696840717594753
3396533951,13,50,median_rt,16,0.14579021595452002,0.26882275958367535,median_rt|train_n=16|p=50,6,20,-1.1455686394280304,0.92696840717594753
1888579974,13,50,median_rt,16,0.12559248950464277,0.32248358605487804,median_rt|train_n=16|p=50,7,21,-1.1455686394280304,0.92696840717594753
3915097278,13,50,median_rt,16,0.16983058121412833,0.21646451433694294,median_rt|train_n=16|p=50,8,25,-1.1455686394280304,0.92696840717594753
3401147075,13,50,median_rt,16,0.49657020617975156,0.011395336357539181,median_rt|train_n=16|p=50,9,27,-1.1455686394280304,0.92696840717594753
952144826,14,2,mean_p,12,0.67173199226355151,0.0014758400713600385,mean_p|train_n=12|p=2,0,0,-1.7764899999999999,1.29064
572909483,14,2,mean_p,12,0.60384735610776852,0.0028518958559440198,mean_p|train_n=12|p=2,1,1,-1.7764899999999999,1.29064
2024934782,14,2,mean_p,12,0.59875975492991085,0.0029962286330433214,mean_p|train_n=12|p=2,2,4,-1.7764899999999999,1.29064
852662150,14,2,mean_p,12,0.59130914030862836,0.0032208831455718158,mean_p|train_n=12|p=2,3,5,-1.7764899999999999,1.29064
133992438,14,2,mean_p,12,0.61890782781657872,0.0024641237230723979,mean_p|train_n=12|p=2,4,6,-1.7764899999999999,1.29064
3582845499,14,2,mean_p,12,0.6678814491690831,0.0015320294139255135,mean_p|train_n=12|p=2,5,7,-1.7764899999999999,1.29064
3373522169,14,2,mean_p,12,0.7184350133885361,0.00093802228125089903,mean_p|train_n=12|p=2,6,9,-1.7764899999999999,1.29064
2265762536,14,2,mean_p,12,0.59604435625898966,0.0030762298378461395,mean_p|train_n=12|p=2,7,12,-1.7764899999999999,1.29064
986058476,14,2,mean_p,12,0.70629201658442986,0.0010553313566182712,mean_p|train_n=12|p=2,8,14,-1.7764899999999999,1.29064
33083159,14,2,mean_p,12,0.65800473349259148,0.0016861326225796342,mean_p|train_n=12|p=2,9,15,-1.7764899999999999,1.29064
952144826,14,5,mean_p,12,0.49226510829073866,0.0084214740005888432,mean_p|train_n=12|p=5,0,0,-1.6801600000000001,1.1049500000000001
572909483,14,5,mean_p,12,0.39864930303256774,0.020889326045256014,mean_p|train_n=12|p=5,1,1,-1.6801600000000001,1.1049500000000001
2024934782,14,5,mean_p,12,0.42946996606218785,0.015489350657271497,mean_p|train_n=12|p=5,2,4,-1.6801600000000001,1.1049500000000001
852662150,14,5,mean_p,12,0.46043523746939558,0.011469184905244187,mean_p|train_n=12|p=5,3,5,-1.6801600000000001,1.1049500000000001
133992438,14,5,mean_p,12,0.42898106462955937,0.015563011832508354,mean_p|train_n=12|p=5,4,6,-1.6801600000000001,1.1049500000000001
3582845499,14,5,mean_p,12,0.5300363248840384,0.0058371969094515776,mean_p|train_n=12|p=5,5,7,-1.6801600000000001,1.1049500000000001
3373522169,14,5,mean_p,12,0.63842835124055886,0.0020388948397837888,mean_p|train_n=12|p=5,6,9,-1.6801600000000001,1.1049500000000001
2265762536,14,5,mean_p,12,0.41625153112336261,0.017609265742534432,mean_p|train_n=12|p=5,7,12,-1.6801600000000001,1.1049500000000001
986058476,14,5,mean_p,12,0.44788180342252437,0.012955017298021052,mean_p|train_n=12|p=5,8,14,-1.6801600000000001,1.1049500000000001
33083159,14,5,mean_p,12,0.47365466186048449,0.010088354824726711,mean_p|train_n=12|p=5,9,15,-1.6801600000000001,1.1049500000000001
952144826,14,10,mean_p,12,0.38822926371134275,0.023112070308772523,mean_p|train_n=12|p=10,0,0,-1.61155,1.08521
572909483,14,10,mean_p,12,0.27085466735640346,0.072194595801877093,mean_p|train_n=12|p=10,1,1,-1.61155,1.08521
2024934782,14,10,mean_p,12,0.3112741816260981,0.048770800322602975,mean_p|train_n=12|p=10,2,4,-1.61155,1.08521
852662150,14,10,mean_p,12,0.40666082691964656,0.01932682447780321,mean_p|train_n=12|p=10,3,5,-1.61155,1.08521
133992438,14,10,mean_p,12,0.25317120785521025,0.085709747082009777,mean_p|train_n=12|p=10,4,6,-1.61155,1.08521
3582845499,14,10,mean_p,12,0.44950560754268015,0.012752478639196228,mean_p|train_n=12|p=10,5,7,-1.61155,1.08521
3373522169,14,10,mean_p,12,0.64439110615703299,0.0019242667406643601,mean_p|train_n=12|p=10,6,9,-1.61155,1.08521
2265762536,14,10,mean_p,12,0.31831310717839895,0.045550683091707164,mean_p|train_n=12|p=10,7,12,-1.61155,1.08521
986058476,14,10,mean_p,12,0.32094005897524086,0.044404176080312878,mean_p|train_n=12|p=10,8,14,-1.61155,1.08521
33083159,14,10,mean_p,12,0.42573394424716532,0.016061214290040395,mean_p|train_n=12|p=10,9,15,-1.61155,1.08521
952144826,14,20,mean_p,12,0.34895989359548396,0.033832685090491275,mean_p|train_n=12|p=20,0,0,-1.55047,0.95916000000000001
572909483,14,20,mean_p,12,0.1673364803328671,0.1971395680823313,mean_p|train_n=12|p=20,1,1,-1.55047,0.95916000000000001
2024934782,14,20,mean_p,12,0.21977510492522456,0.11851557165050901,mean_p|train_n=12|p=20,2,4,-1.55047,0.95916000000000001
852662150,14,20,mean_p,12,0.36227283453066528,0.029732412036095085,mean_p|train_n=12|p=20,3,5,-1.55047,0.95916000000000001
133992438,14,20,mean_p,12,0.15014216792182955,0.23293666525790377,mean_p|train_n=12|p=20,4,6,-1.55047,0.95916000000000001
3582845499,14,20,mean_p,12,0.37451025037460978,0.026403198049405861,mean_p|train_n=12|p=20,5,7,-1.55047,0.95916000000000001
3373522169,14,20,mean_p,12,0.56833719967320528,0.0040252084289936173,mean_p|train_n=12|p=20,6,9,-1.55047,0.95916000000000001
2265762536,14,20,mean_p,12,0.21308612128706092,0.12646361778649012,mean_p|train_n=12|p=20,7,12,-1.55047,0.95916000000000001
986058476,14,20,mean_p,12,0.22540248892145781,0.11221715560018306,mean_p|train_n=12|p=20,8,14,-1.55047,0.95916000000000001
33083159,14,20,mean_p,12,0.3223279156315913,0.043810156579634184,mean_p|train_n=12|p=20,9,15,-1.55047,0.95916000000000001
952144826,14,50,mean_p,12,0.30718398969750493,0.050745515514660576,mean_p|train_n=12|p=50,0,0,-1.3777999999999999,0.93608999999999998
572909483,14,50,mean_p,12,0.061721476961609553,0.5493887687404182,mean_p|train_n=12|p=50,1,1,-1.3777999999999999,0.93608999999999998
2024934782,14,50,mean_p,12,0.15145640299130916,0.22998479016650042,mean_p|train_n=12|p=50,2,4,-1.3777999999999999,0.93608999999999998
852662150,14,50,mean_p,12,0.3146115870627923,0.047216593847140761,mean_p|train_n=12|p=50,3,5,-1.3777999999999999,0.93608999999999998
133992438,14,50,mean_p,12,0.06083449220089434,0.55413796192169429,mean_p|train_n=12|p=50,4,6,-1.3777999999999999,0.93608999999999998
3582845499,14,50,mean_p,12,0.30280806443599273,0.052946792456579114,mean_p|train_n=12|p=50,5,7,-1.3777999999999999,0.93608999999999998
3373522169,14,50,mean_p,12,0.53717332998237988,0.005446606590964095,mean_p|train_n=12|p=50,6,9,-1.3777999999999999,0.93608999999999998
2265762536,14,50,mean_p,12,0.11687769357879751,0.32168315362149319,mean_p|train_n=12|p=50,7,12,-1.3777999999999999,0.93608999999999998
986058476,14,50,mean_p,12,0.14308690009435357,0.24944322638163707,mean_p|train_n=12|p=50,8,14,-1.3777999999999999,0.93608999999999998
33083159,14,50,mean_p,12,0.25594397810558789,0.083434293985252234,mean_p|train_n=12|p=50,9,15,-1.3777999999999999,0.93608999999999998
952144826,14,2,median_rt,12,0.6707181096171283,0.00149043220168342,median_rt|train_n=12|p=2,0,0,-1.8710800000000001,1.3204899999999999
572909483,14,2,median_rt,12,0.60197148201890438,0.0029042860129992422,median_rt|train_n=12|p=2,1,1,-1.8710800000000001,1.3204899999999999
2024934782,14,2,median_rt,12,0.59898835745432166,0.0029895892481778246,median_rt|train_n=12|p=2,2,4,-1.8710800000000001,1.3204899999999999
852662150,14,2,median_rt,12,0.59371543765707924,0.0031465440879984074,median_rt|train_n=12|p=2,3,5,-1.8710800000000001,1.3204899999999999
133992438,14,2,median_rt,12,0.62170219955491302,0.0023982025139079426,median_rt|train_n=12|p=2,4,6,-1.8710800000000001,1.3204899999999999
3582845499,14,2,median_rt,12,0.66828339392935632,0.0015260653778034583,median_rt|train_n=12|p=2,5,7,-1.8710800000000001,1.3204899999999999
3373522169,14,2,median_rt,12,0.72313587085549202,0.0008961934532639137,median_rt|train_n=12|p=2,6,9,-1.8710800000000001,1.3204899999999999
2265762536,14,2,median_rt,12,0.59716352585508703,0.0030430012420057211,median_rt|train_n=12|p=2,7,12,-1.8710800000000001,1.3204899999999999
986058476,14,2,median_rt,12,0.70890413829660914,0.0010289168145410578,median_rt|train_n=12|p=2,8,14,-1.8710800000000001,1.3204899999999999
33083159,14,2,median_rt,12,0.65676832969373622,0.0017064849239951112,median_rt|train_n=12|p=2,9,15,-1.8710800000000001,1.3204899999999999
952144826,14,5,median_rt,12,0.49667177252890682,0.008068941718033731,median_rt|train_n=12|p=5,0,0,-1.8490899999999999,1.12846
572909483,14,5,median_rt,12,0.40156682891934919,0.020306204204199305,median_rt|train_n=12|p=5,1,1,-1.8490899999999999,1.12846
2024934782,14,5,median_rt,12,0.43469775288758733,0.014723163084070377,median_rt|train_n=12|p=5,2,4,-1.8490899999999999,1.12846
852662150,14,5,median_rt,12,0.46538889248571358,0.010930896243495178,median_rt|train_n=12|p=5,3,5,-1.8490899999999999,1.12846
133992438,14,5,median_rt,12,0.42722644117935227,0.015830271657659316,median_rt|train_n=12|p=5,4,6,-1.8490899999999999,1.12846
3582845499,14,5,median_rt,12,0.53389064931404451,0.0056229031361190685,median_rt|train_n=12|p=5,5,7,-1.8490899999999999,1.12846
3373522169,14,5,median_rt,12,0.65129306912800977,0.0017996062928826374,median_rt|train_n=12|p=5,6,9,-1.8490899999999999,1.12846
2265762536,14,5,median_rt,12,0.414111870007979,0.017978716239392088,median_rt|train_n=12|p=5,7,12,-1.8490899999999999,1.12846
986058476,14,5,median_rt,12,0.44820941810523468,0.012913896202037964,median_rt|train_n=12|p=5,8,14,-1.8490899999999999,1.12846
33083159,14,5,median_rt,12,0.47788965080625811,0.0096821615979248068,median_rt|train_n=12|p=5,9,15,-1.8490899999999999,1.12846
952144826,14,10,median_rt,12,0.38935888217771597,0.022860101976655015,median_rt|train_n=12|p=10,0,0,-1.6489799999999999,1.0959300000000001
572909483,14,10,median_rt,12,0.2726380042615057,0.070955972810553047,median_rt|train_n=12|p=10,1,1,-1.6489799999999999,1.0959300000000001
2024934782,14,10,median_rt,12,0.3127216517092663,0.048090537992571222,median_rt|train_n=12|p=10,2,4,-1.6489799999999999,1.0959300000000001
852662150,14,10,median_rt,12,0.40895431667323046,0.018901434844151604,median_rt|train_n=12|p=10,3,5,-1.6489799999999999,1.0959300000000001
133992438,14,10,median_rt,12,0.25354372243319584,0.085400473906599647,median_rt|train_n=12|p=10,4,6,-1.6489799999999999,1.0959300000000001
3582845499,14,10,median_rt,12,0.4501681769983425,0.012670748152014097,median_rt|train_n=12|p=10,5,7,-1.6489799999999999,1.0959300000000001
3373522169,14,10,median_rt,12,0.65037632127341038,0.0018156873322267815,median_rt|train_n=12|p=10,6,9,-1.6489799999999999,1.0959300000000001
2265762536,14,10,median_rt,12,0.31904439072795376,0.045228580560170491,median_rt|train_n=12|p=10,7,12,-1.6489799999999999,1.0959300000000001
986058476,14,10,median_rt,12,0.32161746693735221,0.044113237744075523,median_rt|train_n=12|p=10,8,14,-1.6489799999999999,1.0959300000000001
33083159,14,10,median_rt,12,0.42700530453648716,0.015864278682704663,median_rt|train_n=12|p=10,9,15,-1.6489799999999999,1.0959300000000001
952144826,14,20,median_rt,12,0.3479235998914475,0.034174631730878667,median_rt|train_n=12|p=20,0,0,-1.6032299999999999,0.94359999999999999
572909483,14,20,median_rt,12,0.16832228353184617,0.19526266485001684,median_rt|train_n=12|p=20,1,1,-1.6032299999999999,0.94359999999999999
2024934782,14,20,median_rt,12,0.22126547370818242,0.11681386019382772,median_rt|train_n=12|p=20,2,4,-1.6032299999999999,0.94359999999999999
852662150,14,20,median_rt,12,0.36341022548755442,0.029406050556595349,median_rt|train_n=12|p=20,3,5,-1.6032299999999999,0.94359999999999999
133992438,14,20,median_rt,12,0.15193562682592762,0.22891774798476408,median_rt|train_n=12|p=20,4,6,-1.6032299999999999,0.94359999999999999
3582845499,14,20,median_rt,12,0.3761019895574485,0.025998499054340277,median_rt|train_n=12|p=20,5,7,-1.6032299999999999,0.94359999999999999
3373522169,14,20,median_rt,12,0.57420193665373553,0.0038025235198298631,median_rt|train_n=12|p=20,6,9,-1.6032299999999999,0.94359999999999999
2265762536,14,20,median_rt,12,0.21214002794484627,0.12763001971031629,median_rt|train_n=12|p=20,7,12,-1.6032299999999999,0.94359999999999999
986058476,14,20,median_rt,12,0.22345832660349965,0.11435437187884608,median_rt|train_n=12|p=20,8,14,-1.6032299999999999,0.94359999999999999
33083159,14,20,median_rt,12,0.32530228968525982,0.042563716714206071,median_rt|train_n=12|p=20,9,15,-1.6032299999999999,0.94359999999999999
952144826,14,50,median_rt,12,0.31248548971151474,0.048200874919570161,median_rt|train_n=12|p=50,0,0,-1.42242,0.96752000000000005
572909483,14,50,median_rt,12,0.064749047597810722,0.53348267819307171,median_rt|train_n=12|p=50,1,1,-1.42242,0.96752000000000005
2024934782,14,50,median_rt,12,0.15287822470512027,0.22683337861644626,median_rt|train_n=12|p=50,2,4,-1.42242,0.96752000000000005
852662150,14,50,median_rt,12,0.31683653243440529,0.046208066887866217,median_rt|train_n=12|p=50,3,5,-1.42242,0.96752000000000005
133992438,14,50,median_rt,12,0.065765442558140014,0.5282467181311592,median_rt|train_n=12|p=50,4,6,-1.42242,0.96752000000000005
3582845499,14,50,median_rt,12,0.30586724840463086,0.051398088701804914,median_rt|train_n=12|p=50,5,7,-1.42242,0.96752000000000005
3373522169,14,50,median_rt,12,0.54910242361256467,0.0048512292394189346,median_rt|train_n=12|p=50,6,9,-1.42242,0.96752000000000005
2265762536,14,50,median_rt,12,0.11909544453110167,0.31483411361375524,median_rt|train_n=12|p=50,7,12,-1.42242,0.96752000000000005
986058476,14,50,median_rt,12,0.14277040597781113,0.25021051356395513,median_rt|train_n=12|p=50,8,14,-1.42242,0.96752000000000005
33083159,14,50,median_rt,12,0.25737217665623946,0.082285927149890081,median_rt|train_n=12|p=50,9,15,-1.42242,0.96752000000000005
952144826,14,2,mean_p,16,0.67239399991567994,0.0014663894239230198,mean_p|train_n=16|p=2,0,0,-1.7445407881123725,1.2828648966057541
572909483,14,2,mean_p,16,0.60470719219620039,0.0028281989179279373,mean_p|train_n=16|p=2,1,1,-1.7445407881123725,1.2828648966057541
2024934782,14,2,mean_p,16,0.5990385082374321,0.0029881346700104967,mean_p|train_n=16|p=2,2,4,-1.7445407881123725,1.2828648966057541
852662150,14,2,mean_p,16,0.59088253542991775,0.003234244593991964,mean_p|train_n=16|p=2,3,5,-1.7445407881123725,1.2828648966057541
133992438,14,2,mean_p,16,0.61825915598476866,0.0024796836893244438,mean_p|train_n=16|p=2,4,6,-1.7445407881123725,1.2828648966057541
3582845499,14,2,mean_p,16,0.66819905394758161,0.0015273148824435845,mean_p|train_n=16|p=2,5,7,-1.7445407881123725,1.2828648966057541
3373522169,14,2,mean_p,16,0.71719457407789278,0.00094938176671767395,mean_p|train_n=16|p=2,6,9,-1.7445407881123725,1.2828648966057541
2265762536,14,2,mean_p,16,0.59602558466671696,0.0030767902569687608,mean_p|train_n=16|p=2,7,12,-1.7445407881123725,1.2828648966057541
986058476,14,2,mean_p,16,0.70583606465389293,0.0010600111053866072,mean_p|train_n=16|p=2,8,14,-1.7445407881123725,1.2828648966057541
33083159,14,2,mean_p,16,0.65872948183774349,0.0016743156518918966,mean_p|train_n=16|p=2,9,15,-1.7445407881123725,1.2828648966057541
952144826,14,5,mean_p,16,0.49321735184938037,0.008344012729254802,mean_p|train_n=16|p=5,0,0,-1.6151803414250507,1.0142976539482436
572909483,14,5,mean_p,16,0.39840026076696627,0.020939870774427327,mean_p|train_n=16|p=5,1,1,-1.6151803414250507,1.0142976539482436
2024934782,14,5,mean_p,16,0.43056672304615856,0.015325371719226429,mean_p|train_n=16|p=5,2,4,-1.6151803414250507,1.0142976539482436
852662150,14,5,mean_p,16,0.45613360672422804,0.011958079402458622,mean_p|train_n=16|p=5,3,5,-1.6151803414250507,1.0142976539482436
133992438,14,5,mean_p,16,0.43387848078864838,0.014840682684535315,mean_p|train_n=16|p=5,4,6,-1.6151803414250507,1.0142976539482436
3582845499,14,5,mean_p,16,0.53097711151610272,0.0057841490271204063,mean_p|train_n=16|p=5,5,7,-1.6151803414250507,1.0142976539482436
3373522169,14,5,mean_p,16,0.61492424444755767,0.0025612442890752011,mean_p|train_n=16|p=5,6,9,-1.6151803414250507,1.0142976539482436
2265762536,14,5,mean_p,16,0.41611669519506134,0.017632321772730438,mean_p|train_n=16|p=5,7,12,-1.6151803414250507,1.0142976539482436
986058476,14,5,mean_p,16,0.45502828171287668,0.012087033801153951,mean_p|train_n=16|p=5,8,14,-1.6151803414250507,1.0142976539482436
33083159,14,5,mean_p,16,0.46996846430234568,0.010455758248516741,mean_p|train_n=16|p=5,9,15,-1.6151803414250507,1.0142976539482436
952144826,14,10,mean_p,16,0.38805938669980344,0.023150201904041361,mean_p|train_n=16|p=10,0,0,-1.5490470126870117,1.0035407963998204
572909483,14,10,mean_p,16,0.27066997813829341,0.072324101526355031,mean_p|train_n=16|p=10,1,1,-1.5490470126870117,1.0035407963998204
2024934782,14,10,mean_p,16,0.31116456762410355,0.048822705468171419,mean_p|train_n=16|p=10,2,4,-1.5490470126870117,1.0035407963998204
852662150,14,10,mean_p,16,0.39521719045763054,0.021596769452898078,mean_p|train_n=16|p=10,3,5,-1.5490470126870117,1.0035407963998204
133992438,14,10,mean_p,16,0.25800484781174182,0.081782282054043476,mean_p|train_n=16|p=10,4,6,-1.5490470126870117,1.0035407963998204
3582845499,14,10,mean_p,16,0.44291510112622406,0.01359470432385812,mean_p|train_n=16|p=10,5,7,-1.5490470126870117,1.0035407963998204
3373522169,14,10,mean_p,16,0.6253773906897212,0.0023141795692375477,mean_p|train_n=16|p=10,6,9,-1.5490470126870117,1.0035407963998204
2265762536,14,10,mean_p,16,0.31672708347172046,0.046257170517921109,mean_p|train_n=16|p=10,7,12,-1.5490470126870117,1.0035407963998204
986058476,14,10,mean_p,16,0.32322254330825462,0.04343146397223261,mean_p|train_n=16|p=10,8,14,-1.5490470126870117,1.0035407963998204
33083159,14,10,mean_p,16,0.4188050323543398,0.01717828172679968,mean_p|train_n=16|p=10,9,15,-1.5490470126870117,1.0035407963998204
952144826,14,20,mean_p,16,0.34666696970450134,0.034593922694442177,mean_p|train_n=16|p=20,0,0,-1.4699865275911022,0.91371400752453102
572909483,14,20,mean_p,16,0.16598594716225226,0.19974021574606721,mean_p|train_n=16|p=20,1,1,-1.4699865275911022,0.91371400752453102
2024934782,14,20,mean_p,16,0.2199055293555065,0.11836566770697599,mean_p|train_n=16|p=20,2,4,-1.4699865275911022,0.91371400752453102
852662150,14,20,mean_p,16,0.35992318248457295,0.030418133606161142,mean_p|train_n=16|p=20,3,5,-1.4699865275911022,0.91371400752453102
133992438,14,20,mean_p,16,0.14664802714206296,0.24097036215238304,mean_p|train_n=16|p=20,4,6,-1.4699865275911022,0.91371400752453102
3582845499,14,20,mean_p,16,0.37336459396093219,0.026698373881398996,mean_p|train_n=16|p=20,5,7,-1.4699865275911022,0.91371400752453102
3373522169,14,20,mean_p,16,0.55039520671069808,0.0047907495375128428,mean_p|train_n=16|p=20,6,9,-1.4699865275911022,0.91371400752453102
2265762536,14,20,mean_p,16,0.21688406668137633,0.12188758291045351,mean_p|train_n=16|p=20,7,12,-1.4699865275911022,0.91371400752453102
986058476,14,20,mean_p,16,0.22825581254954588,0.10915261692164144,mean_p|train_n=16|p=20,8,14,-1.4699865275911022,0.91371400752453102
33083159,14,20,mean_p,16,0.32472825318547688,0.042801478867542077,mean_p|train_n=16|p=20,9,15,-1.4699865275911022,0.91371400752453102
952144826,14,50,mean_p,16,0.30376992829822169,0.052454887172320296,mean_p|train_n=16|p=50,0,0,-1.2764379302282343,0.89727882170688023
572909483,14,50,mean_p,16,0.061161663787901437,0.55238142313674743,mean_p|train_n=16|p=50,1,1,-1.2764379302282343,0.89727882170688023
2024934782,14,50,mean_p,16,0.15212589575160856,0.22849546852947605,mean_p|train_n=16|p=50,2,4,-1.2764379302282343,0.89727882170688023
852662150,14,50,mean_p,16,0.31331114798169052,0.047816221072960692,mean_p|train_n=16|p=50,3,5,-1.2764379302282343,0.89727882170688023
133992438,14,50,mean_p,16,0.057366188522427419,0.57310578361189535,mean_p|train_n=16|p=50,4,6,-1.2764379302282343,0.89727882170688023
3582845499,14,50,mean_p,16,0.30067296503201763,0.054055247598511477,mean_p|train_n=16|p=50,5,7,-1.2764379302282343,0.89727882170688023
3373522169,14,50,mean_p,16,0.50892048469094842,0.0071646563060864159,mean_p|train_n=16|p=50,6,9,-1.2764379302282343,0.89727882170688023
2265762536,14,50,mean_p,16,0.11535923090925977,0.32645833181579897,mean_p|train_n=16|p=50,7,12,-1.2764379302282343,0.89727882170688023
986058476,14,50,mean_p,16,0.14489855136790289,0.24509624401287791,mean_p|train_n=16|p=50,8,14,-1.2764379302282343,0.89727882170688023
33083159,14,50,mean_p,16,0.25500220369803672,0.084200297926710535,mean_p|train_n=16|p=50,9,15,-1.2764379302282343,0.89727882170688023
952144826,14,2,median_rt,16,0.67299066958949483,0.0014579233885279219,median_rt|train_n=16|p=2,0,0,-1.7151374759136464,1.2515979633128551
572909483,14,2,median_rt,16,0.60664758449669554,0.0027754430717778153,median_rt|train_n=16|p=2,1,1,-1.7151374759136464,1.2515979633128551
2024934782,14,2,median_rt,16,0.59968715141796647,0.0029693850094701423,median_rt|train_n=16|p=2,2,4,-1.7151374759136464,1.2515979633128551
852662150,14,2,median_rt,16,0.5912410766918974,0.0032230112205260458,median_rt|train_n=16|p=2,3,5,-1.7151374759136464,1.2515979633128551
133992438,14,2,median_rt,16,0.61741946949781035,0.0024999716102482991,median_rt|train_n=16|p=2,4,6,-1.7151374759136464,1.2515979633128551
3582845499,14,2,median_rt,16,0.66809711030658636,0.0015288265526561815,median_rt|train_n=16|p=2,5,7,-1.7151374759136464,1.2515979633128551
3373522169,14,2,median_rt,16,0.71571959244619354,0.00096306827922434056,median_rt|train_n=16|p=2,6,9,-1.7151374759136464,1.2515979633128551
2265762536,14,2,median_rt,16,0.59634213921297985,0.0030673532762580781,median_rt|train_n=16|p=2,7,12,-1.7151374759136464,1.2515979633128551
986058476,14,2,median_rt,16,0.70478256704352427,0.0010709033979723461,median_rt|train_n=16|p=2,8,14,-1.7151374759136464,1.2515979633128551
33083159,14,2,median_rt,16,0.66008872928187701,0.001652376073001267,median_rt|train_n=16|p=2,9,15,-1.7151374759136464,1.2515979633128551
952144826,14,5,median_rt,16,0.49891741465053929,0.0078950066405870309,median_rt|train_n=16|p=5,0,0,-1.4047975833168846,1.2059117884029518
572909483,14,5,median_rt,16,0.40714247188547364,0.019236703375968282,median_rt|train_n=16|p=5,1,1,-1.4047975833168846,1.2059117884029518
2024934782,14,5,median_rt,16,0.4317626160237325,0.015148548509771449,median_rt|train_n=16|p=5,2,4,-1.4047975833168846,1.2059117884029518
852662150,14,5,median_rt,16,0.46178612959262727,0.011319814961663868,median_rt|train_n=16|p=5,3,5,-1.4047975833168846,1.2059117884029518
133992438,14,5,median_rt,16,0.4300341499751355,0.015404780118870118,median_rt|train_n=16|p=5,4,6,-1.4047975833168846,1.2059117884029518
3582845499,14,5,median_rt,16,0.52446598475266593,0.0061614098194266338,median_rt|train_n=16|p=5,5,7,-1.4047975833168846,1.2059117884029518
3373522169,14,5,median_rt,16,0.65623947841456975,0.0017152651235985458,median_rt|train_n=16|p=5,6,9,-1.4047975833168846,1.2059117884029518
2265762536,14,5,median_rt,16,0.43836992418834553,0.014207741627373243,median_rt|train_n=16|p=5,7,12,-1.4047975833168846,1.2059117884029518
986058476,14,5,median_rt,16,0.45913718505968498,0.011614568840140862,median_rt|train_n=16|p=5,8,14,-1.4047975833168846,1.2059117884029518
33083159,14,5,median_rt,16,0.49566308776951284,0.0081483110598016724,median_rt|train_n=16|p=5,9,15,-1.4047975833168846,1.2059117884029518
952144826,14,10,median_rt,16,0.38622983162188673,0.023564883468782709,median_rt|train_n=16|p=10,0,0,-1.5156676026353346,1.0521434191026415
572909483,14,10,median_rt,16,0.26878869830951285,0.073656580072890943,median_rt|train_n=16|p=10,1,1,-1.5156676026353346,1.0521434191026415
2024934782,14,10,median_rt,16,0.30968284666017182,0.049529784245715941,median_rt|train_n=16|p=10,2,4,-1.5156676026353346,1.0521434191026415
852662150,14,10,median_rt,16,0.40246013882939718,0.020130935907475046,median_rt|train_n=16|p=10,3,5,-1.5156676026353346,1.0521434191026415
133992438,14,10,median_rt,16,0.25469630681857286,0.08445061295246703,median_rt|train_n=16|p=10,4,6,-1.5156676026353346,1.0521434191026415
3582845499,14,10,median_rt,16,0.44949902547481396,0.01275329320153612,median_rt|train_n=16|p=10,5,7,-1.5156676026353346,1.0521434191026415
3373522169,14,10,median_rt,16,0.63320457443482536,0.0021449146516802596,median_rt|train_n=16|p=10,6,9,-1.5156676026353346,1.0521434191026415
2265762536,14,10,median_rt,16,0.31781762154418486,0.045770228303064694,median_rt|train_n=16|p=10,7,12,-1.5156676026353346,1.0521434191026415
986058476,14,10,median_rt,16,0.3214247111248052,0.044195829396382266,median_rt|train_n=16|p=10,8,14,-1.5156676026353346,1.0521434191026415
33083159,14,10,median_rt,16,0.42334011060034321,0.01643868209462648,median_rt|train_n=16|p=10,9,15,-1.5156676026353346,1.0521434191026415
952144826,14,20,median_rt,16,0.3461558901457405,0.034765919038439896,median_rt|train_n=16|p=20,0,0,-1.4766668065883608,0.90688298797119526
572909483,14,20,median_rt,16,0.1663085705702286,0.19911585552179439,median_rt|train_n=16|p=20,1,1,-1.4766668065883608,0.90688298797119526
2024934782,14,20,median_rt,16,0.22016728747616371,0.11806538663998248,median_rt|train_n=16|p=20,2,4,-1.4766668065883608,0.90688298797119526
852662150,14,20,median_rt,16,0.35992003527604172,0.03041906261150364,median_rt|train_n=16|p=20,3,5,-1.4766668065883608,0.90688298797119526
133992438,14,20,median_rt,16,0.14702593411302564,0.24008828627734918,median_rt|train_n=16|p=20,4,6,-1.4766668065883608,0.90688298797119526
3582845499,14,20,median_rt,16,0.37361126166008285,0.026634542989440024,median_rt|train_n=16|p=20,5,7,-1.4766668065883608,0.90688298797119526
3373522169,14,20,median_rt,16,0.55159026960578839,0.0047355123051009106,median_rt|train_n=16|p=20,6,9,-1.4766668065883608,0.90688298797119526
2265762536,14,20,median_rt,16,0.21691167418103885,0.12185493300984021,median_rt|train_n=16|p=20,7,12,-1.4766668065883608,0.90688298797119526
986058476,14,20,median_rt,16,0.22799404744080445,0.10943023715686205,median_rt|train_n=16|p=20,8,14,-1.4766668065883608,0.90688298797119526
33083159,14,20,median_rt,16,0.32570804326943842,0.042396453407566495,median_rt|train_n=16|p=20,9,15,-1.4766668065883608,0.90688298797119526
952144826,14,50,median_rt,16,0.306358469921446,0.051153665092769543,median_rt|train_n=16|p=50,0,0,-1.1455686394280304,0.92696840717594753
572909483,14,50,median_rt,16,0.063410567192927272,0.54045711830039289,median_rt|train_n=16|p=50,1,1,-1.1455686394280304,0.92696840717594753
2024934782,14,50,median_rt,16,0.15621442509746464,0.21960732002230465,median_rt|train_n=16|p=50,2,4,-1.1455686394280304,0.92696840717594753
852662150,14,50,median_rt,16,0.31314365717400455,0.047894001927538718,median_rt|train_n=16|p=50,3,5,-1.1455686394280304,0.92696840717594753
133992438,14,50,median_rt,16,0.058479442899210747,0.56694779402226825,median_rt|train_n=16|p=50,4,6,-1.1455686394280304,0.92696840717594753
3582845499,14,50,median_rt,16,0.30589018013964481,0.051386652309099154,median_rt|train_n=16|p=50,5,7,-1.1455686394280304,0.92696840717594753
3373522169,14,50,median_rt,16,0.47248564011929323,0.010203451329856224,median_rt|train_n=16|p=50,6,9,-1.1455686394280304,0.92696840717594753
2265762536,14,50,median_rt,16,0.11781294033894532,0.31877686490318108,median_rt|train_n=16|p=50,7,12,-1.1455686394280304,0.92696840717594753
986058476,14,50,median_rt,16,0.14751436163571136,0.23895302510690397,median_rt|train_n=16|p=50,8,14,-1.1455686394280304,0.92696840717594753
33083159,14,50,median_rt,16,0.25769260007013084,0.082030463988475688,median_rt|train_n=16|p=50,9,15,-1.1455686394280304,0.92696840717594753
2661918620,15,2,mean_p,12,0.65261278886395735,0.0011302112475716321,mean_p|train_n=12|p=2,0,0,-1.7764899999999999,1.29064
2272909853,15,2,mean_p,12,0.68839927584077487,0.00077905395140832976,mean_p|train_n=12|p=2,1,2,-1.7764899999999999,1.29064
2173970664,15,2,mean_p,12,0.58033288991832221,0.0023962707686477095,mean_p|train_n=12|p=2,2,3,-1.7764899999999999,1.29064
1732944157,15,2,mean_p,12,0.69520887297738243,0.00072580363635228664,mean_p|train_n=12|p=2,3,5,-1.7764899999999999,1.29064
2969377203,15,2,mean_p,12,0.62764304008406679,0.0014652417186100134,mean_p|train_n=12|p=2,4,6,-1.7764899999999999,1.29064
3439503854,15,2,mean_p,12,0.5525683525664129,0.0031981974181517106,mean_p|train_n=12|p=2,5,11,-1.7764899999999999,1.29064
2384609918,15,2,mean_p,12,0.583031252204398,0.0023299766575882149,mean_p|train_n=12|p=2,6,12,-1.7764899999999999,1.29064
697797893,15,2,mean_p,12,0.56665506316419834,0.0027624691193012581,mean_p|train_n=12|p=2,7,14,-1.7764899999999999,1.29064
1817987089,15,2,mean_p,12,0.6720027953232931,0.00092385756965323901,mean_p|train_n=12|p=2,8,15,-1.7764899999999999,1.29064
1869633411,15,2,mean_p,12,0.68543647812657027,0.00080342603222351898,mean_p|train_n=12|p=2,9,19,-1.7764899999999999,1.29064
2661918620,15,5,mean_p,12,0.44213007082126649,0.010082861471755118,mean_p|train_n=12|p=5,0,0,-1.6801600000000001,1.1049500000000001
2272909853,15,5,mean_p,12,0.55620664900513839,0.0030794752850732787,mean_p|train_n=12|p=5,1,2,-1.6801600000000001,1.1049500000000001
2173970664,15,5,mean_p,12,0.34889579516470592,0.026581440004724365,mean_p|train_n=12|p=5,2,3,-1.6801600000000001,1.1049500000000001
1732944157,15,5,mean_p,12,0.59198038366673178,0.0021229619731224728,mean_p|train_n=12|p=5,3,5,-1.6801600000000001,1.1049500000000001
2969377203,15,5,mean_p,12,0.47416300897241304,0.0072267107433473341,mean_p|train_n=12|p=5,4,6,-1.6801600000000001,1.1049500000000001
3439503854,15,5,mean_p,12,0.3992931779331842,0.01574025071618966,mean_p|train_n=12|p=5,5,11,-1.6801600000000001,1.1049500000000001
2384609918,15,5,mean_p,12,0.42372840175048948,0.012208874117893384,mean_p|train_n=12|p=5,6,12,-1.6801600000000001,1.1049500000000001
697797893,15,5,mean_p,12,0.41293617723599035,0.013658637070528163,mean_p|train_n=12|p=5,7,14,-1.6801600000000001,1.1049500000000001
1817987089,15,5,mean_p,12,0.49943890446453837,0.0055565935609426138,mean_p|train_n=12|p=5,8,15,-1.6801600000000001,1.1049500000000001
1869633411,15,5,mean_p,12,0.52830786202619218,0.0041157813867037599,mean_p|train_n=12|p=5,9,19,-1.6801600000000001,1.1049500000000001
2661918620,15,10,mean_p,12,0.31265053672359872,0.038747363257807872,mean_p|train_n=12|p=10,0,0,-1.61155,1.08521
2272909853,15,10,mean_p,12,0.50886294938758336,0.0050379613141546039,mean_p|train_n=12|p=10,1,2,-1.61155,1.08521
2173970664,15,10,mean_p,12,0.22015790242049332,0.1013649974608709,mean_p|train_n=12|p=10,2,3,-1.61155,1.08521
1732944157,15,10,mean_p,12,0.57567096320908639,0.0025152814423634248,mean_p|train_n=12|p=10,3,5,-1.61155,1.08521
2969377203,15,10,mean_p,12,0.37284891817023313,0.020721413473846696,mean_p|train_n=12|p=10,4,6,-1.61155,1.08521
3439503854,15,10,mean_p,12,0.30664260607284777,0.041244938878470042,mean_p|train_n=12|p=10,5,11,-1.61155,1.08521
2384609918,15,10,mean_p,12,0.3265048116069395,0.033549331405331159,mean_p|train_n=12|p=10,6,12,-1.61155,1.08521
697797893,15,10,mean_p,12,0.29614421852027928,0.046001882859755878,mean_p|train_n=12|p=10,7,14,-1.61155,1.08521
1817987089,15,10,mean_p,12,0.40109596319966684,0.015447964368743312,mean_p|train_n=12|p=10,8,15,-1.61155,1.08521
1869633411,15,10,mean_p,12,0.44069818093528268,0.010234094610711654,mean_p|train_n=12|p=10,9,19,-1.61155,1.08521
2661918620,15,20,mean_p,12,0.20750188581728324,0.11562070766605136,mean_p|train_n=12|p=20,0,0,-1.55047,0.95916000000000001
2272909853,15,20,mean_p,12,0.39790277164145116,0.015969449878928878,mean_p|train_n=12|p=20,1,2,-1.55047,0.95916000000000001
2173970664,15,20,mean_p,12,0.11096072684081254,0.31547314343644162,mean_p|train_n=12|p=20,2,3,-1.55047,0.95916000000000001
1732944157,15,20,mean_p,12,0.48832197245906678,0.0062374428751931724,mean_p|train_n=12|p=20,3,5,-1.55047,0.95916000000000001
2969377203,15,20,mean_p,12,0.29376210493794819,0.047155453118810572,mean_p|train_n=12|p=20,4,6,-1.55047,0.95916000000000001
3439503854,15,20,mean_p,12,0.21637730421242837,0.10542876416871613,mean_p|train_n=12|p=20,5,11,-1.55047,0.95916000000000001
2384609918,15,20,mean_p,12,0.23871894661014384,0.083575031327263488,mean_p|train_n=12|p=20,6,12,-1.55047,0.95916000000000001
697797893,15,20,mean_p,12,0.22095970373293411,0.1005234812095204,mean_p|train_n=12|p=20,7,14,-1.55047,0.95916000000000001
1817987089,15,20,mean_p,12,0.33544802132618706,0.0305704093344141,mean_p|train_n=12|p=20,8,15,-1.55047,0.95916000000000001
1869633411,15,20,mean_p,12,0.35138754974566966,0.025901630959469377,mean_p|train_n=12|p=20,9,19,-1.55047,0.95916000000000001
2661918620,15,50,mean_p,12,0.11554867624635541,0.3007777715637473,mean_p|train_n=12|p=50,0,0,-1.3777999999999999,0.93608999999999998
2272909853,15,50,mean_p,12,0.31535747492771543,0.037672037552264684,mean_p|train_n=12|p=50,1,2,-1.3777999999999999,0.93608999999999998
2173970664,15,50,mean_p,12,0.043750247824591026,0.63452384362648451,mean_p|train_n=12|p=50,2,3,-1.3777999999999999,0.93608999999999998
1732944157,15,50,mean_p,12,0.51875352907235206,0.0045456334358929453,mean_p|train_n=12|p=50,3,5,-1.3777999999999999,0.93608999999999998
2969377203,15,50,mean_p,12,0.20958375358848313,0.11314491838209416,mean_p|train_n=12|p=50,4,6,-1.3777999999999999,0.93608999999999998
3439503854,15,50,mean_p,12,0.13000644999421168,0.25879887482647512,mean_p|train_n=12|p=50,5,11,-1.3777999999999999,0.93608999999999998
2384609918,15,50,mean_p,12,0.15217389057200217,0.20552583235155136,mean_p|train_n=12|p=50,6,12,-1.3777999999999999,0.93608999999999998
697797893,15,50,mean_p,12,0.14082891024739924,0.23125658410495276,mean_p|train_n=12|p=50,7,14,-1.3777999999999999,0.93608999999999998
1817987089,15,50,mean_p,12,0.28609276000415906,0.051069601077963794,mean_p|train_n=12|p=50,8,15,-1.3777999999999999,0.93608999999999998
1869633411,15,50,mean_p,12,0.27204222369767833,0.059102650654873884,mean_p|train_n=12|p=50,9,19,-1.3777999999999999,0.93608999999999998
2661918620,15,2,median_rt,12,0.65052034604998599,0.0011550690463316686,median_rt|train_n=12|p=2,0,0,-1.8710800000000001,1.3204899999999999
2272909853,15,2,median_rt,12,0.69402406695291519,0.00073479987206097406,median_rt|train_n=12|p=2,1,2,-1.8710800000000001,1.3204899999999999
2173970664,15,2,median_rt,12,0.57917314915456497,0.002425340066326795,median_rt|train_n=12|p=2,2,3,-1.8710800000000001,1.3204899999999999
1732944157,15,2,median_rt,12,0.70232324004275137,0.00067405381558326876,median_rt|train_n=12|p=2,3,5,-1.8710800000000001,1.3204899999999999
2969377203,15,2,median_rt,12,0.62864331878004265,0.0014500820182289838,median_rt|train_n=12|p=2,4,6,-1.8710800000000001,1.3204899999999999
3439503854,15,2,median_rt,12,0.55177543625995795,0.0032246727098979118,median_rt|train_n=12|p=2,5,11,-1.8710800000000001,1.3204899999999999
2384609918,15,2,median_rt,12,0.58381766515747124,0.0023110032798082446,median_rt|train_n=12|p=2,6,12,-1.8710800000000001,1.3204899999999999
697797893,15,2,median_rt,12,0.56625318186850537,0.0027740360890335636,median_rt|train_n=12|p=2,7,14,-1.8710800000000001,1.3204899999999999
1817987089,15,2,median_rt,12,0.67323017622154968,0.0009121428214008253,median_rt|train_n=12|p=2,8,15,-1.8710800000000001,1.3204899999999999
1869633411,15,2,median_rt,12,0.68609058790845101,0.00079798053801689753,median_rt|train_n=12|p=2,9,19,-1.8710800000000001,1.3204899999999999
2661918620,15,5,median_rt,12,0.44653697741803428,0.0096312938723679218,median_rt|train_n=12|p=5,0,0,-1.8490899999999999,1.12846
2272909853,15,5,median_rt,12,0.55970519949017483,0.0029694717184326068,median_rt|train_n=12|p=5,1,2,-1.8490899999999999,1.12846
2173970664,15,5,median_rt,12,0.34981775585732983,0.026327852553249285,median_rt|train_n=12|p=5,2,3,-1.8490899999999999,1.12846
1732944157,15,5,median_rt,12,0.60733883730918592,0.0018096387470654222,median_rt|train_n=12|p=5,3,5,-1.8490899999999999,1.12846
2969377203,15,5,median_rt,12,0.48544355529880362,0.0064269353283008699,median_rt|train_n=12|p=5,4,6,-1.8490899999999999,1.12846
3439503854,15,5,median_rt,12,0.41006166390661419,0.014073012920129777,median_rt|train_n=12|p=5,5,11,-1.8490899999999999,1.12846
2384609918,15,5,median_rt,12,0.4278628876474953,0.01169517034312019,median_rt|train_n=12|p=5,6,12,-1.8490899999999999,1.12846
697797893,15,5,median_rt,12,0.42243771939597063,0.012373815250765693,median_rt|train_n=12|p=5,7,14,-1.8490899999999999,1.12846
1817987089,15,5,median_rt,12,0.5114126628455401,0.0049061601974251202,median_rt|train_n=12|p=5,8,15,-1.8490899999999999,1.12846
1869633411,15,5,median_rt,12,0.53595283839573704,0.0038012968935208454,median_rt|train_n=12|p=5,9,19,-1.8490899999999999,1.12846
2661918620,15,10,median_rt,12,0.31174215929393678,0.039115049762180366,median_rt|train_n=12|p=10,0,0,-1.6489799999999999,1.0959300000000001
2272909853,15,10,median_rt,12,0.51004978230064946,0.0049761761303369944,median_rt|train_n=12|p=10,1,2,-1.6489799999999999,1.0959300000000001
2173970664,15,10,median_rt,12,0.2196955660653481,0.10185343274033351,median_rt|train_n=12|p=10,2,3,-1.6489799999999999,1.0959300000000001
1732944157,15,10,median_rt,12,0.58177671373786244,0.0023605672405920962,median_rt|train_n=12|p=10,3,5,-1.6489799999999999,1.0959300000000001
2969377203,15,10,median_rt,12,0.37641882819310651,0.019966393533577535,median_rt|train_n=12|p=10,4,6,-1.6489799999999999,1.0959300000000001
3439503854,15,10,median_rt,12,0.30724296116535232,0.04098828912483321,median_rt|train_n=12|p=10,5,11,-1.6489799999999999,1.0959300000000001
2384609918,15,10,median_rt,12,0.32803156246574683,0.033020975775990946,median_rt|train_n=12|p=10,6,12,-1.6489799999999999,1.0959300000000001
697797893,15,10,median_rt,12,0.29727365205474815,0.045464844198834412,median_rt|train_n=12|p=10,7,14,-1.6489799999999999,1.0959300000000001
1817987089,15,10,median_rt,12,0.40285626441579947,0.015167803965615189,median_rt|train_n=12|p=10,8,15,-1.6489799999999999,1.0959300000000001
1869633411,15,10,median_rt,12,0.44512429577869,0.0097738017937757365,median_rt|train_n=12|p=10,9,19,-1.6489799999999999,1.0959300000000001
2661918620,15,20,median_rt,12,0.20871564103250609,0.11417078109527157,median_rt|train_n=12|p=20,0,0,-1.6032299999999999,0.94359999999999999
2272909853,15,20,median_rt,12,0.40086148673099253,0.015485670913263699,median_rt|train_n=12|p=20,1,2,-1.6032299999999999,0.94359999999999999
2173970664,15,20,median_rt,12,0.11217934487982008,0.31150124333821994,median_rt|train_n=12|p=20,2,3,-1.6032299999999999,0.94359999999999999
1732944157,15,20,median_rt,12,0.49275863752632382,0.0059562517040404276,median_rt|train_n=12|p=20,3,5,-1.6032299999999999,0.94359999999999999
2969377203,15,20,median_rt,12,0.29592275986335564,0.046107926610016135,median_rt|train_n=12|p=20,4,6,-1.6032299999999999,0.94359999999999999
3439503854,15,20,median_rt,12,0.21630809132326481,0.10550466020362739,median_rt|train_n=12|p=20,5,11,-1.6032299999999999,0.94359999999999999
2384609918,15,20,median_rt,12,0.2387529825694186,0.083545461116368833,median_rt|train_n=12|p=20,6,12,-1.6032299999999999,0.94359999999999999
697797893,15,20,median_rt,12,0.22036523454162524,0.10114672280613932,median_rt|train_n=12|p=20,7,14,-1.6032299999999999,0.94359999999999999
1817987089,15,20,median_rt,12,0.33635829869112205,0.03028244534431427,median_rt|train_n=12|p=20,8,15,-1.6032299999999999,0.94359999999999999
1869633411,15,20,median_rt,12,0.35887240078628824,0.023962362906699286,median_rt|train_n=12|p=20,9,19,-1.6032299999999999,0.94359999999999999
2661918620,15,50,median_rt,12,0.11624510095234084,0.2986077440500674,median_rt|train_n=12|p=50,0,0,-1.42242,0.96752000000000005
2272909853,15,50,median_rt,12,0.31935671202507171,0.036137720571093025,median_rt|train_n=12|p=50,1,2,-1.42242,0.96752000000000005
2173970664,15,50,median_rt,12,0.048904448743166379,0.60141521379635088,median_rt|train_n=12|p=50,2,3,-1.42242,0.96752000000000005
1732944157,15,50,median_rt,12,0.52686114998757405,0.0041781579562069097,median_rt|train_n=12|p=50,3,5,-1.42242,0.96752000000000005
2969377203,15,50,median_rt,12,0.21556940686489001,0.10631808262395991,median_rt|train_n=12|p=50,4,6,-1.42242,0.96752000000000005
3439503854,15,50,median_rt,12,0.13002880910023557,0.25873871825733707,median_rt|train_n=12|p=50,5,11,-1.42242,0.96752000000000005
2384609918,15,50,median_rt,12,0.15895463954889422,0.19153506049323776,median_rt|train_n=12|p=50,6,12,-1.42242,0.96752000000000005
697797893,15,50,median_rt,12,0.14146225460938947,0.229738759451599,median_rt|train_n=12|p=50,7,14,-1.42242,0.96752000000000005
1817987089,15,50,median_rt,12,0.28922784356898384,0.049431768984257295,median_rt|train_n=12|p=50,8,15,-1.42242,0.96752000000000005
1869633411,15,50,median_rt,12,0.28563318265815701,0.05131421198091464,median_rt|train_n=12|p=50,9,19,-1.42242,0.96752000000000005
2661918620,15,2,mean_p,16,0.65355920397698819,0.0011191444231706663,mean_p|train_n=16|p=2,0,0,-1.7445407881123725,1.2828648966057541
2272909853,15,2,mean_p,16,0.68705508823087114,0.00079001829112465571,mean_p|train_n=16|p=2,1,2,-1.7445407881123725,1.2828648966057541
2173970664,15,2,mean_p,16,0.5810292549597329,0.0023789838209245721,mean_p|train_n=16|p=2,2,3,-1.7445407881123725,1.2828648966057541
1732944157,15,2,mean_p,16,0.69337630256836025,0.00073976540826443721,mean_p|train_n=16|p=2,3,5,-1.7445407881123725,1.2828648966057541
2969377203,15,2,mean_p,16,0.62757619336099735,0.001466260443807231,mean_p|train_n=16|p=2,4,6,-1.7445407881123725,1.2828648966057541
3439503854,15,2,mean_p,16,0.55309621785355756,0.0031806927507940178,mean_p|train_n=16|p=2,5,11,-1.7445407881123725,1.2828648966057541
2384609918,15,2,mean_p,16,0.58312907087351828,0.0023276081803737993,mean_p|train_n=16|p=2,6,12,-1.7445407881123725,1.2828648966057541
697797893,15,2,mean_p,16,0.56714615717378136,0.0027483998836083973,mean_p|train_n=16|p=2,7,14,-1.7445407881123725,1.2828648966057541
1817987089,15,2,mean_p,16,0.67193435842605176,0.0009245151768751173,mean_p|train_n=16|p=2,8,15,-1.7445407881123725,1.2828648966057541
1869633411,15,2,mean_p,16,0.68544764114519596,0.00080333278861633372,mean_p|train_n=16|p=2,9,19,-1.7445407881123725,1.2828648966057541
2661918620,15,5,mean_p,16,0.44243657768708006,0.010050780397433411,mean_p|train_n=16|p=5,0,0,-1.6151803414250507,1.0142976539482436
2272909853,15,5,mean_p,16,0.54360572288518727,0.0035105533220746838,mean_p|train_n=16|p=5,1,2,-1.6151803414250507,1.0142976539482436
2173970664,15,5,mean_p,16,0.35583593865043778,0.024730940578601576,mean_p|train_n=16|p=5,2,3,-1.6151803414250507,1.0142976539482436
1732944157,15,5,mean_p,16,0.57295396536541954,0.0025873492440548615,mean_p|train_n=16|p=5,3,5,-1.6151803414250507,1.0142976539482436
2969377203,15,5,mean_p,16,0.46873420684710509,0.0076463496984705056,mean_p|train_n=16|p=5,4,6,-1.6151803414250507,1.0142976539482436
3439503854,15,5,mean_p,16,0.39718884609896943,0.016088429461400728,mean_p|train_n=16|p=5,5,11,-1.6151803414250507,1.0142976539482436
2384609918,15,5,mean_p,16,0.42357835306361197,0.0122279358932827,mean_p|train_n=16|p=5,6,12,-1.6151803414250507,1.0142976539482436
697797893,15,5,mean_p,16,0.41238269696073271,0.013737464332026366,mean_p|train_n=16|p=5,7,14,-1.6151803414250507,1.0142976539482436
1817987089,15,5,mean_p,16,0.49364456839901755,0.0059016393438942744,mean_p|train_n=16|p=5,8,15,-1.6151803414250507,1.0142976539482436
1869633411,15,5,mean_p,16,0.52107860849114818,0.0044370633683522096,mean_p|train_n=16|p=5,9,19,-1.6151803414250507,1.0142976539482436
2661918620,15,10,mean_p,16,0.31463924368271107,0.037954410249568089,mean_p|train_n=16|p=10,0,0,-1.5490470126870117,1.0035407963998204
2272909853,15,10,mean_p,16,0.49822620717799343,0.005627098342438617,mean_p|train_n=16|p=10,1,2,-1.5490470126870117,1.0035407963998204
2173970664,15,10,mean_p,16,0.22182890234503938,0.09961911915682381,mean_p|train_n=16|p=10,2,3,-1.5490470126870117,1.0035407963998204
1732944157,15,10,mean_p,16,0.5563684544594818,0.0030742989624185538,mean_p|train_n=16|p=10,3,5,-1.5490470126870117,1.0035407963998204
2969377203,15,10,mean_p,16,0.36617397980059707,0.022210571152548306,mean_p|train_n=16|p=10,4,6,-1.5490470126870117,1.0035407963998204
3439503854,15,10,mean_p,16,0.30727598854281535,0.040974216469974914,mean_p|train_n=16|p=10,5,11,-1.5490470126870117,1.0035407963998204
2384609918,15,10,mean_p,16,0.32335180563506599,0.034667387131905807,mean_p|train_n=16|p=10,6,12,-1.5490470126870117,1.0035407963998204
697797893,15,10,mean_p,16,0.29584513327304052,0.046145155329211617,mean_p|train_n=16|p=10,7,14,-1.5490470126870117,1.0035407963998204
1817987089,15,10,mean_p,16,0.4007524985361306,0.015503228802060023,mean_p|train_n=16|p=10,8,15,-1.5490470126870117,1.0035407963998204
1869633411,15,10,mean_p,16,0.4269474240971976,0.011807019530595996,mean_p|train_n=16|p=10,9,19,-1.5490470126870117,1.0035407963998204
2661918620,15,20,mean_p,16,0.20963524287162807,0.11308436305203948,mean_p|train_n=16|p=20,0,0,-1.4699865275911022,0.91371400752453102
2272909853,15,20,mean_p,16,0.39830869269082325,0.015902193711956062,mean_p|train_n=16|p=20,1,2,-1.4699865275911022,0.91371400752453102
2173970664,15,20,mean_p,16,0.11140087529044265,0.31403273739391568,mean_p|train_n=16|p=20,2,3,-1.4699865275911022,0.91371400752453102
1732944157,15,20,mean_p,16,0.48429021725398985,0.006504467828739066,mean_p|train_n=16|p=20,3,5,-1.4699865275911022,0.91371400752453102
2969377203,15,20,mean_p,16,0.28742595906551988,0.050366581102914372,mean_p|train_n=16|p=20,4,6,-1.4699865275911022,0.91371400752453102
3439503854,15,20,mean_p,16,0.21620397734460284,0.10561893027227204,mean_p|train_n=16|p=20,5,11,-1.4699865275911022,0.91371400752453102
2384609918,15,20,mean_p,16,0.23610962627374885,0.085873428683840985,mean_p|train_n=16|p=20,6,12,-1.4699865275911022,0.91371400752453102
697797893,15,20,mean_p,16,0.22008036548622539,0.10144674758640229,mean_p|train_n=16|p=20,7,14,-1.4699865275911022,0.91371400752453102
1817987089,15,20,mean_p,16,0.33115788535164231,0.031964885133601038,mean_p|train_n=16|p=20,8,15,-1.4699865275911022,0.91371400752453102
1869633411,15,20,mean_p,16,0.34063457344783649,0.028965540539285132,mean_p|train_n=16|p=20,9,19,-1.4699865275911022,0.91371400752453102
2661918620,15,50,mean_p,16,0.11659120887603477,0.29753511847846476,mean_p|train_n=16|p=50,0,0,-1.2764379302282343,0.89727882170688023
2272909853,15,50,mean_p,16,0.31358761323507284,0.038371681607357676,mean_p|train_n=16|p=50,1,2,-1.2764379302282343,0.89727882170688023
2173970664,15,50,mean_p,16,0.036319552624371872,0.68548961301803557,mean_p|train_n=16|p=50,2,3,-1.2764379302282343,0.89727882170688023
1732944157,15,50,mean_p,16,0.50337214860727397,0.005333941697187968,mean_p|train_n=16|p=50,3,5,-1.2764379302282343,0.89727882170688023
2969377203,15,50,mean_p,16,0.20446654009471485,0.11932778380211297,mean_p|train_n=16|p=50,4,6,-1.2764379302282343,0.89727882170688023
3439503854,15,50,mean_p,16,0.1315348749153385,0.25471871645209776,mean_p|train_n=16|p=50,5,11,-1.2764379302282343,0.89727882170688023
2384609918,15,50,mean_p,16,0.14812546732045431,0.21436153990797091,mean_p|train_n=16|p=50,6,12,-1.2764379302282343,0.89727882170688023
697797893,15,50,mean_p,16,0.1423591041773645,0.22760646425413852,mean_p|train_n=16|p=50,7,14,-1.2764379302282343,0.89727882170688023
1817987089,15,50,mean_p,16,0.28303513724531837,0.052719223865723856,mean_p|train_n=16|p=50,8,15,-1.2764379302282343,0.89727882170688023
1869633411,15,50,mean_p,16,0.26053890852525835,0.066611559658125832,mean_p|train_n=16|p=50,9,19,-1.2764379302282343,0.89727882170688023
2661918620,15,2,median_rt,16,0.65583610279884319,0.0010929616214228025,median_rt|train_n=16|p=2,0,0,-1.7151374759136464,1.2515979633128551
2272909853,15,2,median_rt,16,0.68561828005921521,0.00080190880466995084,median_rt|train_n=16|p=2,1,2,-1.7151374759136464,1.2515979633128551
2173970664,15,2,median_rt,16,0.58222953245220888,0.0023494796923058578,median_rt|train_n=16|p=2,2,3,-1.7151374759136464,1.2515979633128551
1732944157,15,2,median_rt,16,0.69164915531129223,0.00075316974612344453,median_rt|train_n=16|p=2,3,5,-1.7151374759136464,1.2515979633128551
2969377203,15,2,median_rt,16,0.62801138459810568,0.0014596409343205184,median_rt|train_n=16|p=2,4,6,-1.7151374759136464,1.2515979633128551
3439503854,15,2,median_rt,16,0.55437312426056118,0.0031387441198751399,median_rt|train_n=16|p=2,5,11,-1.7151374759136464,1.2515979633128551
2384609918,15,2,median_rt,16,0.58313362414176029,0.0023274979910415678,median_rt|train_n=16|p=2,6,12,-1.7151374759136464,1.2515979633128551
697797893,15,2,median_rt,16,0.56809422528497677,0.0027214412757255693,median_rt|train_n=16|p=2,7,14,-1.7151374759136464,1.2515979633128551
1817987089,15,2,median_rt,16,0.67255999360768459,0.00091852085331914758,median_rt|train_n=16|p=2,8,15,-1.7151374759136464,1.2515979633128551
1869633411,15,2,median_rt,16,0.68599160213134336,0.00079880222294008473,median_rt|train_n=16|p=2,9,19,-1.7151374759136464,1.2515979633128551
2661918620,15,5,median_rt,16,0.46285985194198093,0.0081279217084439925,median_rt|train_n=16|p=5,0,0,-1.4047975833168846,1.2059117884029518
2272909853,15,5,median_rt,16,0.58308943581081996,0.0023285675713574038,median_rt|train_n=16|p=5,1,2,-1.4047975833168846,1.2059117884029518
2173970664,15,5,median_rt,16,0.35715756509894131,0.024393431372761506,median_rt|train_n=16|p=5,2,3,-1.4047975833168846,1.2059117884029518
1732944157,15,5,median_rt,16,0.59769507653843512,0.0020004965443579481,median_rt|train_n=16|p=5,3,5,-1.4047975833168846,1.2059117884029518
2969377203,15,5,median_rt,16,0.46689299530741607,0.0077941373490872656,median_rt|train_n=16|p=5,4,6,-1.4047975833168846,1.2059117884029518
3439503854,15,5,median_rt,16,0.39578062957675436,0.016325721436450006,median_rt|train_n=16|p=5,5,11,-1.4047975833168846,1.2059117884029518
2384609918,15,5,median_rt,16,0.43218126833362069,0.011181681561677927,median_rt|train_n=16|p=5,6,12,-1.4047975833168846,1.2059117884029518
697797893,15,5,median_rt,16,0.40693653056440859,0.014537792624268277,median_rt|train_n=16|p=5,7,14,-1.4047975833168846,1.2059117884029518
1817987089,15,5,median_rt,16,0.51480246939620744,0.0047362565953382538,median_rt|train_n=16|p=5,8,15,-1.4047975833168846,1.2059117884029518
1869633411,15,5,median_rt,16,0.53272357934426429,0.0039310932717006915,median_rt|train_n=16|p=5,9,19,-1.4047975833168846,1.2059117884029518
2661918620,15,10,median_rt,16,0.3164677458964601,0.037239662587722176,median_rt|train_n=16|p=10,0,0,-1.5156676026353346,1.0521434191026415
2272909853,15,10,median_rt,16,0.50699372830029965,0.0051368301093927503,median_rt|train_n=16|p=10,1,2,-1.5156676026353346,1.0521434191026415
2173970664,15,10,median_rt,16,0.22329575213551384,0.098111340726527052,median_rt|train_n=16|p=10,2,3,-1.5156676026353346,1.0521434191026415
1732944157,15,10,median_rt,16,0.56366225889843713,0.0028497797079290316,median_rt|train_n=16|p=10,3,5,-1.5156676026353346,1.0521434191026415
2969377203,15,10,median_rt,16,0.36403691773831137,0.022709602024681565,median_rt|train_n=16|p=10,4,6,-1.5156676026353346,1.0521434191026415
3439503854,15,10,median_rt,16,0.30687248234480363,0.04114647824270086,median_rt|train_n=16|p=10,5,11,-1.5156676026353346,1.0521434191026415
2384609918,15,10,median_rt,16,0.32338351982963692,0.034655957824422122,median_rt|train_n=16|p=10,6,12,-1.5156676026353346,1.0521434191026415
697797893,15,10,median_rt,16,0.29556530636954792,0.046279606387304197,median_rt|train_n=16|p=10,7,14,-1.5156676026353346,1.0521434191026415
1817987089,15,10,median_rt,16,0.39939399233239409,0.015723760614234559,median_rt|train_n=16|p=10,8,15,-1.5156676026353346,1.0521434191026415
1869633411,15,10,median_rt,16,0.43020511369117809,0.011413802340964469,median_rt|train_n=16|p=10,9,19,-1.5156676026353346,1.0521434191026415
2661918620,15,20,median_rt,16,0.21009781979042716,0.11254178867254323,median_rt|train_n=16|p=20,0,0,-1.4766668065883608,0.90688298797119526
2272909853,15,20,median_rt,16,0.3991205366705427,0.015768529635206325,median_rt|train_n=16|p=20,1,2,-1.4766668065883608,0.90688298797119526
2173970664,15,20,median_rt,16,0.11166102158832261,0.31318449087023315,median_rt|train_n=16|p=20,2,3,-1.4766668065883608,0.90688298797119526
1732944157,15,20,median_rt,16,0.48507960365044078,0.006451301444019333,median_rt|train_n=16|p=20,3,5,-1.4766668065883608,0.90688298797119526
2969377203,15,20,median_rt,16,0.287296083844024,0.050434639034938097,median_rt|train_n=16|p=20,4,6,-1.4766668065883608,0.90688298797119526
3439503854,15,20,median_rt,16,0.21630200980388004,0.10551133156074524,median_rt|train_n=16|p=20,5,11,-1.4766668065883608,0.90688298797119526
2384609918,15,20,median_rt,16,0.2360542235312735,0.085922908932879641,median_rt|train_n=16|p=20,6,12,-1.4766668065883608,0.90688298797119526
697797893,15,20,median_rt,16,0.21977224898230266,0.10177225856263322,median_rt|train_n=16|p=20,7,14,-1.4766668065883608,0.90688298797119526
1817987089,15,20,median_rt,16,0.33086527292066598,0.032062281655080058,median_rt|train_n=16|p=20,8,15,-1.4766668065883608,0.90688298797119526
1869633411,15,20,median_rt,16,0.34176799299428107,0.028626202443096702,median_rt|train_n=16|p=20,9,19,-1.4766668065883608,0.90688298797119526
2661918620,15,50,median_rt,16,0.11875924003225452,0.2909032661196107,median_rt|train_n=16|p=50,0,0,-1.1455686394280304,0.92696840717594753
2272909853,15,50,median_rt,16,0.32482022079346151,0.034142125559002118,median_rt|train_n=16|p=50,1,2,-1.1455686394280304,0.92696840717594753
2173970664,15,50,median_rt,16,0.032097996111028135,0.71624747763225471,median_rt|train_n=16|p=50,2,3,-1.1455686394280304,0.92696840717594753
1732944157,15,50,median_rt,16,0.48913885679613572,0.0061846906388572905,median_rt|train_n=16|p=50,3,5,-1.1455686394280304,0.92696840717594753
2969377203,15,50,median_rt,16,0.20606743921752183,0.11735802574736007,median_rt|train_n=16|p=50,4,6,-1.1455686394280304,0.92696840717594753
3439503854,15,50,median_rt,16,0.13263684227269612,0.25181696143562149,median_rt|train_n=16|p=50,5,11,-1.1455686394280304,0.92696840717594753
2384609918,15,50,median_rt,16,0.15179213103433911,0.206343233465026,median_rt|train_n=16|p=50,6,12,-1.1455686394280304,0.92696840717594753
697797893,15,50,median_rt,16,0.14490787312284811,0.22165409221775706,median_rt|train_n=16|p=50,7,14,-1.1455686394280304,0.92696840717594753
1817987089,15,50,median_rt,16,0.28457759778529296,0.051880494221761754,median_rt|train_n=16|p=50,8,15,-1.1455686394280304,0.92696840717594753
1869633411,15,50,median_rt,16,0.26399292521632284,0.064261840964356096,median_rt|train_n=16|p=50,9,19,-1.1455686394280304,0.92696840717594753
1862614280,16,2,mean_p,12,0.5583016996756508,0.0020462140779195525,mean_p|train_n=12|p=2,0,1,-1.7764899999999999,1.29064
951336262,16,2,mean_p,12,0.70950661900936174,0.00038253890368881191,mean_p|train_n=12|p=2,1,2,-1.7764899999999999,1.29064
2976445846,16,2,mean_p,12,0.58457656607336828,0.0015289690755423365,mean_p|train_n=12|p=2,2,4,-1.7764899999999999,1.29064
4167835561,16,2,mean_p,12,0.71649144449207991,0.00035402451552951961,mean_p|train_n=12|p=2,3,5,-1.7764899999999999,1.29064
3698130403,16,2,mean_p,12,0.6941198733619719,0.00045371753141138513,mean_p|train_n=12|p=2,4,6,-1.7764899999999999,1.29064
1302011608,16,2,mean_p,12,0.62248658648392508,0.0010041667782396287,mean_p|train_n=12|p=2,5,10,-1.7764899999999999,1.29064
3006075672,16,2,mean_p,12,0.62422222548368078,0.00098502256326168957,mean_p|train_n=12|p=2,6,12,-1.7764899999999999,1.29064
2926131869,16,2,mean_p,12,0.61097987148321709,0.0011408478045654097,mean_p|train_n=12|p=2,7,13,-1.7764899999999999,1.29064
834749582,16,2,mean_p,12,0.73768256231783602,0.00027987669927849327,mean_p|train_n=12|p=2,8,15,-1.7764899999999999,1.29064
3148342419,16,2,mean_p,12,0.67544205986731687,0.00055814478893801334,mean_p|train_n=12|p=2,9,16,-1.7764899999999999,1.29064
1862614280,16,5,mean_p,12,0.34010268707425528,0.023009237843022091,mean_p|train_n=12|p=5,0,1,-1.6801600000000001,1.1049500000000001
951336262,16,5,mean_p,12,0.61554155617511408,0.0010845671552010036,mean_p|train_n=12|p=5,1,2,-1.6801600000000001,1.1049500000000001
2976445846,16,5,mean_p,12,0.42387830813174648,0.0090865419481995918,mean_p|train_n=12|p=5,2,4,-1.6801600000000001,1.1049500000000001
4167835561,16,5,mean_p,12,0.60706837645280198,0.0011914267544310719,mean_p|train_n=12|p=5,3,5,-1.6801600000000001,1.1049500000000001
3698130403,16,5,mean_p,12,0.53790964434368471,0.0025654821278066836,mean_p|train_n=12|p=5,4,6,-1.6801600000000001,1.1049500000000001
1302011608,16,5,mean_p,12,0.42541814013055979,0.0089326859570936137,mean_p|train_n=12|p=5,5,10,-1.6801600000000001,1.1049500000000001
3006075672,16,5,mean_p,12,0.5088861447814137,0.0035396481702874437,mean_p|train_n=12|p=5,6,12,-1.6801600000000001,1.1049500000000001
2926131869,16,5,mean_p,12,0.40499913457688674,0.011202882898191178,mean_p|train_n=12|p=5,7,13,-1.6801600000000001,1.1049500000000001
834749582,16,5,mean_p,12,0.54581990317974349,0.0023500082699122529,mean_p|train_n=12|p=5,8,15,-1.6801600000000001,1.1049500000000001
3148342419,16,5,mean_p,12,0.52418478563007409,0.0029872701556529317,mean_p|train_n=12|p=5,9,16,-1.6801600000000001,1.1049500000000001
1862614280,16,10,mean_p,12,0.19655404323836195,0.11305802523912475,mean_p|train_n=12|p=10,0,1,-1.61155,1.08521
951336262,16,10,mean_p,12,0.50723927840584671,0.0036048914806963428,mean_p|train_n=12|p=10,1,2,-1.61155,1.08521
2976445846,16,10,mean_p,12,0.35097396945570875,0.020395808232380408,mean_p|train_n=12|p=10,2,4,-1.61155,1.08521
4167835561,16,10,mean_p,12,0.50047882502794017,0.0038855614665544492,mean_p|train_n=12|p=10,3,5,-1.61155,1.08521
3698130403,16,10,mean_p,12,0.44270176590587784,0.0073745551747377491,mean_p|train_n=12|p=10,4,6,-1.61155,1.08521
1302011608,16,10,mean_p,12,0.27566450039414825,0.047018358852505875,mean_p|train_n=12|p=10,5,10,-1.61155,1.08521
3006075672,16,10,mean_p,12,0.40460412214556979,0.011252068459901119,mean_p|train_n=12|p=10,6,12,-1.61155,1.08521
2926131869,16,10,mean_p,12,0.26145789801077851,0.055041882834812497,mean_p|train_n=12|p=10,7,13,-1.61155,1.08521
834749582,16,10,mean_p,12,0.45192461449146498,0.0066575458204666772,mean_p|train_n=12|p=10,8,15,-1.61155,1.08521
3148342419,16,10,mean_p,12,0.40726731533276322,0.010924590061121441,mean_p|train_n=12|p=10,9,16,-1.61155,1.08521
1862614280,16,20,mean_p,12,0.090441347439717532,0.36676768592448061,mean_p|train_n=12|p=20,0,1,-1.55047,0.95916000000000001
951336262,16,20,mean_p,12,0.42090419016511166,0.0093912502920667218,mean_p|train_n=12|p=20,1,2,-1.55047,0.95916000000000001
2976445846,16,20,mean_p,12,0.26092866432477563,0.055365895024991639,mean_p|train_n=12|p=20,2,4,-1.55047,0.95916000000000001
4167835561,16,20,mean_p,12,0.45990972834214799,0.0060933205216567058,mean_p|train_n=12|p=20,3,5,-1.55047,0.95916000000000001
3698130403,16,20,mean_p,12,0.37920538658243663,0.014912994783393701,mean_p|train_n=12|p=20,4,6,-1.55047,0.95916000000000001
1302011608,16,20,mean_p,12,0.15779959944865798,0.17376463650260501,mean_p|train_n=12|p=20,5,10,-1.55047,0.95916000000000001
3006075672,16,20,mean_p,12,0.31250951741266125,0.031246701690197623,mean_p|train_n=12|p=20,6,12,-1.55047,0.95916000000000001
2926131869,16,20,mean_p,12,0.17435358400690118,0.14462036783230492,mean_p|train_n=12|p=20,7,13,-1.55047,0.95916000000000001
834749582,16,20,mean_p,12,0.38193628821215253,0.014468101039768292,mean_p|train_n=12|p=20,8,15,-1.55047,0.95916000000000001
3148342419,16,20,mean_p,12,0.31994657239138735,0.028772907875955218,mean_p|train_n=12|p=20,9,16,-1.55047,0.95916000000000001
1862614280,16,50,mean_p,12,0.023082914660562316,0.77414373735473452,mean_p|train_n=12|p=50,0,1,-1.3777999999999999,0.93608999999999998
951336262,16,50,mean_p,12,0.36328173078839993,0.017793477540969976,mean_p|train_n=12|p=50,1,2,-1.3777999999999999,0.93608999999999998
2976445846,16,50,mean_p,12,0.16396766969713275,0.16227552006069024,mean_p|train_n=12|p=50,2,4,-1.3777999999999999,0.93608999999999998
4167835561,16,50,mean_p,12,0.40047949657280713,0.011778732045655488,mean_p|train_n=12|p=50,3,5,-1.3777999999999999,0.93608999999999998
3698130403,16,50,mean_p,12,0.29786442842712019,0.036757160820216815,mean_p|train_n=12|p=50,4,6,-1.3777999999999999,0.93608999999999998
1302011608,16,50,mean_p,12,0.05937686384463442,0.51762176220674427,mean_p|train_n=12|p=50,5,10,-1.3777999999999999,0.93608999999999998
3006075672,16,50,mean_p,12,0.23571469400176814,0.073229304090352304,mean_p|train_n=12|p=50,6,12,-1.3777999999999999,0.93608999999999998
2926131869,16,50,mean_p,12,0.085692114056605248,0.38660338513660808,mean_p|train_n=12|p=50,7,13,-1.3777999999999999,0.93608999999999998
834749582,16,50,mean_p,12,0.31385891139626559,0.030782568332617225,mean_p|train_n=12|p=50,8,15,-1.3777999999999999,0.93608999999999998
3148342419,16,50,mean_p,12,0.24654592408863782,0.064940631072976387,mean_p|train_n=12|p=50,9,16,-1.3777999999999999,0.93608999999999998
1862614280,16,2,median_rt,12,0.55872078696398719,0.0020367256966345414,median_rt|train_n=12|p=2,0,1,-1.8710800000000001,1.3204899999999999
951336262,16,2,median_rt,12,0.71781142651027907,0.00034887967591880825,median_rt|train_n=12|p=2,1,2,-1.8710800000000001,1.3204899999999999
2976445846,16,2,median_rt,12,0.58536513760452513,0.001515655719271396,median_rt|train_n=12|p=2,2,4,-1.8710800000000001,1.3204899999999999
4167835561,16,2,median_rt,12,0.72203941856873244,0.00033289834137593835,median_rt|train_n=12|p=2,3,5,-1.8710800000000001,1.3204899999999999
3698130403,16,2,median_rt,12,0.69368405973147906,0.00045591580519124928,median_rt|train_n=12|p=2,4,6,-1.8710800000000001,1.3204899999999999
1302011608,16,2,median_rt,12,0.62302239458290998,0.00099821740999277023,median_rt|train_n=12|p=2,5,10,-1.8710800000000001,1.3204899999999999
3006075672,16,2,median_rt,12,0.62531847950104757,0.00097311931607627035,median_rt|train_n=12|p=2,6,12,-1.8710800000000001,1.3204899999999999
2926131869,16,2,median_rt,12,0.61052022322549104,0.0011466783097586059,median_rt|train_n=12|p=2,7,13,-1.8710800000000001,1.3204899999999999
834749582,16,2,median_rt,12,0.7441286246660257,0.00026056700040765331,median_rt|train_n=12|p=2,8,15,-1.8710800000000001,1.3204899999999999
3148342419,16,2,median_rt,12,0.67721560654973034,0.00054727375586269159,median_rt|train_n=12|p=2,9,16,-1.8710800000000001,1.3204899999999999
1862614280,16,5,median_rt,12,0.33771267031548707,0.023627278535713805,median_rt|train_n=12|p=5,0,1,-1.8490899999999999,1.12846
951336262,16,5,median_rt,12,0.63278390517869654,0.00089579579668144522,median_rt|train_n=12|p=5,1,2,-1.8490899999999999,1.12846
2976445846,16,5,median_rt,12,0.4355183548766402,0.0079860970632606148,median_rt|train_n=12|p=5,2,4,-1.8490899999999999,1.12846
4167835561,16,5,median_rt,12,0.61346326089220893,0.0011098556971986247,median_rt|train_n=12|p=5,3,5,-1.8490899999999999,1.12846
3698130403,16,5,median_rt,12,0.54773428235590071,0.0023006408229587745,median_rt|train_n=12|p=5,4,6,-1.8490899999999999,1.12846
1302011608,16,5,median_rt,12,0.42600832078053502,0.0088744096592052821,median_rt|train_n=12|p=5,5,10,-1.8490899999999999,1.12846
3006075672,16,5,median_rt,12,0.52069005951837488,0.0031053229876721097,median_rt|train_n=12|p=5,6,12,-1.8490899999999999,1.12846
2926131869,16,5,median_rt,12,0.40396145973186381,0.0113325524158907,median_rt|train_n=12|p=5,7,13,-1.8490899999999999,1.12846
834749582,16,5,median_rt,12,0.55925467327608458,0.0020247018983720424,median_rt|train_n=12|p=5,8,15,-1.8490899999999999,1.12846
3148342419,16,5,median_rt,12,0.53195738842396489,0.0027405511657563868,median_rt|train_n=12|p=5,9,16,-1.8490899999999999,1.12846
1862614280,16,10,median_rt,12,0.19543421148510279,0.11447088557059745,median_rt|train_n=12|p=10,0,1,-1.6489799999999999,1.0959300000000001
951336262,16,10,median_rt,12,0.51073475751641062,0.0034678179523970312,median_rt|train_n=12|p=10,1,2,-1.6489799999999999,1.0959300000000001
2976445846,16,10,median_rt,12,0.35534434472528664,0.019430818502195382,median_rt|train_n=12|p=10,2,4,-1.6489799999999999,1.0959300000000001
4167835561,16,10,median_rt,12,0.50371847715848617,0.0037484356883149871,median_rt|train_n=12|p=10,3,5,-1.6489799999999999,1.0959300000000001
3698130403,16,10,median_rt,12,0.44784574369508368,0.0069656229681395601,median_rt|train_n=12|p=10,4,6,-1.6489799999999999,1.0959300000000001
1302011608,16,10,median_rt,12,0.27626536801512636,0.046706077909692209,median_rt|train_n=12|p=10,5,10,-1.6489799999999999,1.0959300000000001
3006075672,16,10,median_rt,12,0.40588941743301776,0.011092814917285872,median_rt|train_n=12|p=10,6,12,-1.6489799999999999,1.0959300000000001
2926131869,16,10,median_rt,12,0.2617161645725764,0.054884453707931283,median_rt|train_n=12|p=10,7,13,-1.6489799999999999,1.0959300000000001
834749582,16,10,median_rt,12,0.45745500477168427,0.0062614822005326257,median_rt|train_n=12|p=10,8,15,-1.6489799999999999,1.0959300000000001
3148342419,16,10,median_rt,12,0.40956346219281581,0.010649906722996734,median_rt|train_n=12|p=10,9,16,-1.6489799999999999,1.0959300000000001
1862614280,16,20,median_rt,12,0.089003570169322546,0.37266284102932234,median_rt|train_n=12|p=20,0,1,-1.6032299999999999,0.94359999999999999
951336262,16,20,median_rt,12,0.42397384745244937,0.0090769192654596743,median_rt|train_n=12|p=20,1,2,-1.6032299999999999,0.94359999999999999
2976445846,16,20,median_rt,12,0.26590704479673183,0.052391888761228612,median_rt|train_n=12|p=20,2,4,-1.6032299999999999,0.94359999999999999
4167835561,16,20,median_rt,12,0.46297138262459719,0.005889896010492863,median_rt|train_n=12|p=20,3,5,-1.6032299999999999,0.94359999999999999
3698130403,16,20,median_rt,12,0.38078028283788223,0.014654783597498817,median_rt|train_n=12|p=20,4,6,-1.6032299999999999,0.94359999999999999
1302011608,16,20,median_rt,12,0.15865655477445653,0.17212101088153137,median_rt|train_n=12|p=20,5,10,-1.6032299999999999,0.94359999999999999
3006075672,16,20,median_rt,12,0.31324894461912295,0.030991510575086478,median_rt|train_n=12|p=20,6,12,-1.6032299999999999,0.94359999999999999
2926131869,16,20,median_rt,12,0.17440684128523556,0.14453497417309402,median_rt|train_n=12|p=20,7,13,-1.6032299999999999,0.94359999999999999
834749582,16,20,median_rt,12,0.38459673053957788,0.014047452297027278,median_rt|train_n=12|p=20,8,15,-1.6032299999999999,0.94359999999999999
3148342419,16,20,median_rt,12,0.31978270395270886,0.028825246127363823,median_rt|train_n=12|p=20,9,16,-1.6032299999999999,0.94359999999999999
1862614280,16,50,median_rt,12,0.024786469735995985,0.75965511419046661,median_rt|train_n=12|p=50,0,1,-1.42242,0.96752000000000005
951336262,16,50,median_rt,12,0.36772204901265876,0.016938468112440441,median_rt|train_n=12|p=50,1,2,-1.42242,0.96752000000000005
2976445846,16,50,median_rt,12,0.16767851715436857,0.15573269072284027,median_rt|train_n=12|p=50,2,4,-1.42242,0.96752000000000005
4167835561,16,50,median_rt,12,0.42262848089747862,0.0092133676937506785,median_rt|train_n=12|p=50,3,5,-1.42242,0.96752000000000005
3698130403,16,50,median_rt,12,0.31822122487762067,0.029328770479929014,median_rt|train_n=12|p=50,4,6,-1.42242,0.96752000000000005
1302011608,16,50,median_rt,12,0.060134033297256306,0.51329334728747944,median_rt|train_n=12|p=50,5,10,-1.42242,0.96752000000000005
3006075672,16,50,median_rt,12,0.23830625369268132,0.071154555790423693,median_rt|train_n=12|p=50,6,12,-1.42242,0.96752000000000005
2926131869,16,50,median_rt,12,0.089842339726794562,0.36921231107914776,median_rt|train_n=12|p=50,7,13,-1.42242,0.96752000000000005
834749582,16,50,median_rt,12,0.32584453326818708,0.026951090663119692,median_rt|train_n=12|p=50,8,15,-1.42242,0.96752000000000005
3148342419,16,50,median_rt,12,0.24784774726171346,0.064009774830292354,median_rt|train_n=12|p=50,9,16,-1.42242,0.96752000000000005
1862614280,16,2,mean_p,16,0.55848398678687894,0.0020420815713048882,mean_p|train_n=16|p=2,0,1,-1.7445407881123725,1.2828648966057541
951336262,16,2,mean_p,16,0.70733716430649329,0.00039185441466825304,mean_p|train_n=16|p=2,1,2,-1.7445407881123725,1.2828648966057541
2976445846,16,2,mean_p,16,0.58456816538236545,0.0015291115310966507,mean_p|train_n=16|p=2,2,4,-1.7445407881123725,1.2828648966057541
4167835561,16,2,mean_p,16,0.7150350480314368,0.00035978913266967213,mean_p|train_n=16|p=2,3,5,-1.7445407881123725,1.2828648966057541
3698130403,16,2,mean_p,16,0.69452620984624336,0.00045167749163847173,mean_p|train_n=16|p=2,4,6,-1.7445407881123725,1.2828648966057541
1302011608,16,2,mean_p,16,0.62261221212688023,0.0010027687141239614,mean_p|train_n=16|p=2,5,10,-1.7445407881123725,1.2828648966057541
3006075672,16,2,mean_p,16,0.62421312272610285,0.00098512200907892441,mean_p|train_n=16|p=2,6,12,-1.7445407881123725,1.2828648966057541
2926131869,16,2,mean_p,16,0.61144171400100678,0.0011350193245203272,mean_p|train_n=16|p=2,7,13,-1.7445407881123725,1.2828648966057541
834749582,16,2,mean_p,16,0.73607726423463848,0.00028490405427098386,mean_p|train_n=16|p=2,8,15,-1.7445407881123725,1.2828648966057541
3148342419,16,2,mean_p,16,0.67530312316290741,0.00055900547336911821,mean_p|train_n=16|p=2,9,16,-1.7445407881123725,1.2828648966057541
1862614280,16,5,mean_p,16,0.34308239591091028,0.022261300162837894,mean_p|train_n=16|p=5,0,1,-1.6151803414250507,1.0142976539482436
951336262,16,5,mean_p,16,0.59966899603636625,0.0012933209588644812,mean_p|train_n=16|p=5,1,2,-1.6151803414250507,1.0142976539482436
2976445846,16,5,mean_p,16,0.41462280421621989,0.010068796993238366,mean_p|train_n=16|p=5,2,4,-1.6151803414250507,1.0142976539482436
4167835561,16,5,mean_p,16,0.59510790700333904,0.001360425329439766,mean_p|train_n=16|p=5,3,5,-1.6151803414250507,1.0142976539482436
3698130403,16,5,mean_p,16,0.53134008728838,0.0027593775921947805,mean_p|train_n=16|p=5,4,6,-1.6151803414250507,1.0142976539482436
1302011608,16,5,mean_p,16,0.42610563967215953,0.0088648366665815305,mean_p|train_n=16|p=5,5,10,-1.6151803414250507,1.0142976539482436
3006075672,16,5,mean_p,16,0.49692446612162688,0.0040417856895665696,mean_p|train_n=16|p=5,6,12,-1.6151803414250507,1.0142976539482436
2926131869,16,5,mean_p,16,0.41062717820493194,0.010525008062880732,mean_p|train_n=16|p=5,7,13,-1.6151803414250507,1.0142976539482436
834749582,16,5,mean_p,16,0.5440923072626489,0.0023954677130594787,mean_p|train_n=16|p=5,8,15,-1.6151803414250507,1.0142976539482436
3148342419,16,5,mean_p,16,0.52289779509821299,0.003030213747276266,mean_p|train_n=16|p=5,9,16,-1.6151803414250507,1.0142976539482436
1862614280,16,10,mean_p,16,0.20133635214661266,0.10721795031933684,mean_p|train_n=16|p=10,0,1,-1.5490470126870117,1.0035407963998204
951336262,16,10,mean_p,16,0.49550334146837055,0.0041059920131646674,mean_p|train_n=16|p=10,1,2,-1.5490470126870117,1.0035407963998204
2976445846,16,10,mean_p,16,0.33954953438778407,0.023150825536971779,mean_p|train_n=16|p=10,2,4,-1.5490470126870117,1.0035407963998204
4167835561,16,10,mean_p,16,0.49578207477243164,0.0040933189580652151,mean_p|train_n=16|p=10,3,5,-1.5490470126870117,1.0035407963998204
3698130403,16,10,mean_p,16,0.43291821221613758,0.0082197407333152936,mean_p|train_n=16|p=10,4,6,-1.5490470126870117,1.0035407963998204
1302011608,16,10,mean_p,16,0.27712589992174308,0.046262453840020465,mean_p|train_n=16|p=10,5,10,-1.5490470126870117,1.0035407963998204
3006075672,16,10,mean_p,16,0.40110440990148066,0.011697381644006482,mean_p|train_n=16|p=10,6,12,-1.5490470126870117,1.0035407963998204
2926131869,16,10,mean_p,16,0.26525162806262231,0.052774102577150844,mean_p|train_n=16|p=10,7,13,-1.5490470126870117,1.0035407963998204
834749582,16,10,mean_p,16,0.43978881255219765,0.0076166852735376177,mean_p|train_n=16|p=10,8,15,-1.5490470126870117,1.0035407963998204
3148342419,16,10,mean_p,16,0.40549943615218764,0.011140895583743753,mean_p|train_n=16|p=10,9,16,-1.5490470126870117,1.0035407963998204
1862614280,16,20,mean_p,16,0.092589506502487609,0.3581331314661802,mean_p|train_n=16|p=20,0,1,-1.4699865275911022,0.91371400752453102
951336262,16,20,mean_p,16,0.41517013419016635,0.010007863675473294,mean_p|train_n=16|p=20,1,2,-1.4699865275911022,0.91371400752453102
2976445846,16,20,mean_p,16,0.25810280738236785,0.057128524610444292,mean_p|train_n=16|p=20,2,4,-1.4699865275911022,0.91371400752453102
4167835561,16,20,mean_p,16,0.44240991368589283,0.0073984633986113159,mean_p|train_n=16|p=20,3,5,-1.4699865275911022,0.91371400752453102
3698130403,16,20,mean_p,16,0.36168645659211091,0.01811108382447843,mean_p|train_n=16|p=20,4,6,-1.4699865275911022,0.91371400752453102
1302011608,16,20,mean_p,16,0.15892478884675137,0.17160974423342906,mean_p|train_n=16|p=20,5,10,-1.4699865275911022,0.91371400752453102
3006075672,16,20,mean_p,16,0.30850009485596164,0.032667468765664454,mean_p|train_n=16|p=20,6,12,-1.4699865275911022,0.91371400752453102
2926131869,16,20,mean_p,16,0.17349078455373207,0.14601084624776922,mean_p|train_n=16|p=20,7,13,-1.4699865275911022,0.91371400752453102
834749582,16,20,mean_p,16,0.37035761517901389,0.016450533212475745,mean_p|train_n=16|p=20,8,15,-1.4699865275911022,0.91371400752453102
3148342419,16,20,mean_p,16,0.32079614630576803,0.028503080508205169,mean_p|train_n=16|p=20,9,16,-1.4699865275911022,0.91371400752453102
1862614280,16,50,mean_p,16,0.02279289790381088,0.77663769318289377,mean_p|train_n=16|p=50,0,1,-1.2764379302282343,0.89727882170688023
951336262,16,50,mean_p,16,0.35995592360239453,0.018462032793720894,mean_p|train_n=16|p=50,1,2,-1.2764379302282343,0.89727882170688023
2976445846,16,50,mean_p,16,0.16254801387723072,0.1648506839756835,mean_p|train_n=16|p=50,2,4,-1.2764379302282343,0.89727882170688023
4167835561,16,50,mean_p,16,0.36327855219356986,0.017794104803153805,mean_p|train_n=16|p=50,3,5,-1.2764379302282343,0.89727882170688023
3698130403,16,50,mean_p,16,0.2796053802520615,0.045007645850405321,mean_p|train_n=16|p=50,4,6,-1.2764379302282343,0.89727882170688023
1302011608,16,50,mean_p,16,0.060384570549430958,0.51186911713849281,mean_p|train_n=16|p=50,5,10,-1.2764379302282343,0.89727882170688023
3006075672,16,50,mean_p,16,0.23498101201896321,0.073827586570265349,mean_p|train_n=16|p=50,6,12,-1.2764379302282343,0.89727882170688023
2926131869,16,50,mean_p,16,0.083252437534250073,0.39720646217300193,mean_p|train_n=16|p=50,7,13,-1.2764379302282343,0.89727882170688023
834749582,16,50,mean_p,16,0.30096291029807432,0.03551552040200897,mean_p|train_n=16|p=50,8,15,-1.2764379302282343,0.89727882170688023
3148342419,16,50,mean_p,16,0.24685107709624018,0.064721226877136231,mean_p|train_n=16|p=50,9,16,-1.2764379302282343,0.89727882170688023
1862614280,16,2,median_rt,16,0.55896040404557878,0.0020313204087018225,median_rt|train_n=16|p=2,0,1,-1.7151374759136464,1.2515979633128551
951336262,16,2,median_rt,16,0.7050204721867227,0.00040205275744438338,median_rt|train_n=16|p=2,1,2,-1.7151374759136464,1.2515979633128551
2976445846,16,2,median_rt,16,0.58575095906073738,0.0015091842400233989,median_rt|train_n=16|p=2,2,4,-1.7151374759136464,1.2515979633128551
4167835561,16,2,median_rt,16,0.7137816142673421,0.00036482549469264204,median_rt|train_n=16|p=2,3,5,-1.7151374759136464,1.2515979633128551
3698130403,16,2,median_rt,16,0.69532279359716676,0.00044770476773593428,median_rt|train_n=16|p=2,4,6,-1.7151374759136464,1.2515979633128551
1302011608,16,2,median_rt,16,0.62349618906265225,0.00099298598420254221,median_rt|train_n=16|p=2,5,10,-1.7151374759136464,1.2515979633128551
3006075672,16,2,median_rt,16,0.6240736192775761,0.00098664731308275916,median_rt|train_n=16|p=2,6,12,-1.7151374759136464,1.2515979633128551
2926131869,16,2,median_rt,16,0.61272063742354033,0.0011190341667651263,median_rt|train_n=16|p=2,7,13,-1.7151374759136464,1.2515979633128551
834749582,16,2,median_rt,16,0.73379228891180448,0.00029221611814806819,median_rt|train_n=16|p=2,8,15,-1.7151374759136464,1.2515979633128551
3148342419,16,2,median_rt,16,0.67543076670569802,0.00055821469825489511,median_rt|train_n=16|p=2,9,16,-1.7151374759136464,1.2515979633128551
1862614280,16,5,median_rt,16,0.36129749905820824,0.018189377938161114,median_rt|train_n=16|p=5,0,1,-1.4047975833168846,1.2059117884029518
951336262,16,5,median_rt,16,0.61622944955536108,0.0010763244937423461,median_rt|train_n=16|p=5,1,2,-1.4047975833168846,1.2059117884029518
2976445846,16,5,median_rt,16,0.43952856631667347,0.0076387004817179216,median_rt|train_n=16|p=5,2,4,-1.4047975833168846,1.2059117884029518
4167835561,16,5,median_rt,16,0.62046648442330654,0.001026917678031027,median_rt|train_n=16|p=5,3,5,-1.4047975833168846,1.2059117884029518
3698130403,16,5,median_rt,16,0.5448259830997132,0.0023760555329483376,median_rt|train_n=16|p=5,4,6,-1.4047975833168846,1.2059117884029518
1302011608,16,5,median_rt,16,0.44219359819278581,0.0074162337347549387,median_rt|train_n=16|p=5,5,10,-1.4047975833168846,1.2059117884029518
3006075672,16,5,median_rt,16,0.50371328055424447,0.0037486517250802792,median_rt|train_n=16|p=5,6,12,-1.4047975833168846,1.2059117884029518
2926131869,16,5,median_rt,16,0.41008658809700171,0.010588298558483041,median_rt|train_n=16|p=5,7,13,-1.4047975833168846,1.2059117884029518
834749582,16,5,median_rt,16,0.5441216461502032,0.0023946884057408063,median_rt|train_n=16|p=5,8,15,-1.4047975833168846,1.2059117884029518
3148342419,16,5,median_rt,16,0.52023607210092349,0.0031209973473262961,median_rt|train_n=16|p=5,9,16,-1.4047975833168846,1.2059117884029518
1862614280,16,10,median_rt,16,0.2012718219882316,0.10729470963402717,median_rt|train_n=16|p=10,0,1,-1.5156676026353346,1.0521434191026415
951336262,16,10,median_rt,16,0.50148138445868851,0.0038425982105525724,median_rt|train_n=16|p=10,1,2,-1.5156676026353346,1.0521434191026415
2976445846,16,10,median_rt,16,0.34270095772380105,0.022355671271555896,median_rt|train_n=16|p=10,2,4,-1.5156676026353346,1.0521434191026415
4167835561,16,10,median_rt,16,0.49249331285598269,0.0042453728938099877,median_rt|train_n=16|p=10,3,5,-1.5156676026353346,1.0521434191026415
3698130403,16,10,median_rt,16,0.43056174332103081,0.008437387678590421,median_rt|train_n=16|p=10,4,6,-1.5156676026353346,1.0521434191026415
1302011608,16,10,median_rt,16,0.27723892693446511,0.046204499736770176,median_rt|train_n=16|p=10,5,10,-1.5156676026353346,1.0521434191026415
3006075672,16,10,median_rt,16,0.4024709898134598,0.011521434492572327,median_rt|train_n=16|p=10,6,12,-1.5156676026353346,1.0521434191026415
2926131869,16,10,median_rt,16,0.26204296648114672,0.05468589332851867,median_rt|train_n=16|p=10,7,13,-1.5156676026353346,1.0521434191026415
834749582,16,10,median_rt,16,0.43918811692519749,0.0076675964750989173,median_rt|train_n=16|p=10,8,15,-1.5156676026353346,1.0521434191026415
3148342419,16,10,median_rt,16,0.40326945751585325,0.011419859249657851,median_rt|train_n=16|p=10,9,16,-1.5156676026353346,1.0521434191026415
1862614280,16,20,median_rt,16,0.092365126993023947,0.35902543704823475,median_rt|train_n=16|p=20,0,1,-1.4766668065883608,0.90688298797119526
951336262,16,20,median_rt,16,0.41529992023967749,0.0099934689853731357,median_rt|train_n=16|p=20,1,2,-1.4766668065883608,0.90688298797119526
2976445846,16,20,median_rt,16,0.2586955480251697,0.056754210258644279,median_rt|train_n=16|p=20,2,4,-1.4766668065883608,0.90688298797119526
4167835561,16,20,median_rt,16,0.44221812801522598,0.0074142164640357347,median_rt|train_n=16|p=20,3,5,-1.4766668065883608,0.90688298797119526
3698130403,16,20,median_rt,16,0.36165506902924266,0.018117389375888731,median_rt|train_n=16|p=20,4,6,-1.4766668065883608,0.90688298797119526
1302011608,16,20,median_rt,16,0.1590791354260449,0.17131624109735433,median_rt|train_n=16|p=20,5,10,-1.4766668065883608,0.90688298797119526
3006075672,16,20,median_rt,16,0.30808850204926558,0.032816927154289376,median_rt|train_n=16|p=20,6,12,-1.4766668065883608,0.90688298797119526
2926131869,16,20,median_rt,16,0.17366598656131854,0.14572741496659264,median_rt|train_n=16|p=20,7,13,-1.4766668065883608,0.90688298797119526
834749582,16,20,median_rt,16,0.36989251789761318,0.016535605825275967,median_rt|train_n=16|p=20,8,15,-1.4766668065883608,0.90688298797119526
3148342419,16,20,median_rt,16,0.32070313580774129,0.02853249715892249,median_rt|train_n=16|p=20,9,16,-1.4766668065883608,0.90688298797119526
1862614280,16,50,median_rt,16,0.024730648312320663,0.76012554662447074,median_rt|train_n=16|p=50,0,1,-1.1455686394280304,0.92696840717594753
951336262,16,50,median_rt,16,0.35962989450379801,0.018528908243800379,median_rt|train_n=16|p=50,1,2,-1.1455686394280304,0.92696840717594753
2976445846,16,50,median_rt,16,0.16553812096696721,0.15947366036443622,median_rt|train_n=16|p=50,2,4,-1.1455686394280304,0.92696840717594753
4167835561,16,50,median_rt,16,0.33317883651366792,0.024845676178318173,median_rt|train_n=16|p=50,3,5,-1.1455686394280304,0.92696840717594753
3698130403,16,50,median_rt,16,0.28134006893481239,0.044150050461751432,median_rt|train_n=16|p=50,4,6,-1.1455686394280304,0.92696840717594753
1302011608,16,50,median_rt,16,0.06241433667604767,0.50047524404568833,median_rt|train_n=16|p=50,5,10,-1.1455686394280304,0.92696840717594753
3006075672,16,50,median_rt,16,0.23789097822637134,0.071483017611823088,median_rt|train_n=16|p=50,6,12,-1.1455686394280304,0.92696840717594753
2926131869,16,50,median_rt,16,0.084192725448977851,0.39308586526514155,median_rt|train_n=16|p=50,7,13,-1.1455686394280304,0.92696840717594753
834749582,16,50,median_rt,16,0.29918433625731239,0.03622301943285737,median_rt|train_n=16|p=50,8,15,-1.1455686394280304,0.92696840717594753
3148342419,16,50,median_rt,16,0.25049505250089354,0.062157796016997335,median_rt|train_n=16|p=50,9,16,-1.1455686394280304,0.92696840717594753
