gamma,step_index,certified,failed,failure_reason,residual_inf,krawczyk_contraction,box_radius,re_phi_m,im_phi_m,phi_pref_conv2,full_conv2_exponent,lambda_abs_n_max,gap_to_exact,z_distance_from_previous,jacobian_cond,iterate_used,iterate_converged,matches_exact_tol,z_real,z_imag
-0.001,0,True,False,,8.881784197001252e-16,4.119405532735372e-06,9.930133163329966e-15,0.0004221811219571208,9.978165752053791e-17,-0.689609375,-0.6891871938780428,-0.6891100295771402,-7.716430090265458e-05,0.0,1.0037584076014616,True,True,True,"[5.339284901847091, -0.0014594175309075724, -5.7792003328982275, 0.0057154529280749565, -0.001459417530907574, 8.948634858601775e-06, 0.005715452928074951, -5.751556610255777e-06]","[2.2116042197189665, 0.007328608646363924, -3.1963024118014785e-31, 0.0007569433481038027, -0.007328608646363931, 3.706645923157494e-06, -0.0007569433481038041, -1.996637105574538e-22]"
-0.011,1,True,False,,9.71445146547012e-17,3.054593698632744e-06,1.0152208913185922e-15,0.004745738080747325,1.7571855124638848e-16,-0.689609375,-0.6848636369192527,-0.6840979329287088,-0.0007657039905438756,0.0534369528656523,1.0518933241522397,False,False,True,"[5.339284901847089, -0.012026555361696618, -5.7792003328982275, 0.04777189541741482, -0.012026555361696575, 0.0006079808909629098, 0.04777189541741482, -0.00039886297239356724]","[2.211604219718965, 0.0597103185232957, -9.597394691799545e-30, 0.004763246846260884, -0.05971031852329555, -0.000251833930700515, -0.004763246846260887, 4.8371420025600475e-20]"
-0.020999999999999998,2,True,False,,1.7763568394002505e-15,1.106462753659172e-05,1.7763528183468742e-14,0.009252898289601325,2.0134496101569079e-16,-0.689609375,-0.6803564767103987,-0.6790610364267653,-0.0012954402836333756,0.04634320130892326,1.1073449290563169,False,False,True,"[5.339284901847083, -0.021406887902872734, -5.779200332898222, 0.08596393110881066, -0.02140688790287274, 0.0019178159497555043, 0.08596393110881062, -0.0012845666097052644]","[2.2116042197189616, 0.1050942547670409, -4.4223479971566994e-30, 0.005562108743719259, -0.10509425476704085, -0.0007943853765241701, -0.005562108743719317, 1.7680446202187935e-18]"
-0.031,3,True,False,,8.881784197001252e-15,7.198384359264624e-06,8.88178459946776e-14,0.013935938055045033,-4.333861218470165e-17,-0.689609375,-0.675673436944955,-0.6740118576005782,-0.001661579344376718,0.04354956816060195,1.1669635500482007,False,False,True,"[5.33928490184708, -0.03042209864184781, -5.779200332898219, 0.12300277830857659, -0.030422098641847747, 0.003834580630696267, 0.12300277830857663, -0.002622228242445883]","[2.211604219718962, 0.14770048508969189, 4.187844252232079e-29, 0.0034254371428917366, -0.14770048508969172, 0.0015883353032475735, -0.0034254371428917934, -1.218706338790543e-18]"
-0.041,4,True,False,,8.881784197001252e-16,6.303717204727452e-06,9.930124472944092e-15,0.018779480781347557,-1.3546010586132253e-17,-0.689609375,-0.6708298942186524,-0.6689621722068573,-0.001867722011795081,0.041795993898139545,1.2290134881192836,False,False,True,"[5.33928490184709, -0.039266097504422434, -5.7792003328982275, 0.15910800998827943, -0.039266097504422275, 0.006286044853908551, 0.1591080099882796, -0.004387143161208586]","[2.2116042197189647, 0.1885500724811466, 7.43690566241704e-30, -0.001637827845516487, -0.18855007248114633, -0.0026037650321744997, 0.0016378278455170142, -1.0032194671210816e-17]"
-0.051000000000000004,5,True,False,,4.440892098500626e-15,6.646747925522484e-06,5.420799910267228e-15,0.023761253644245417,1.2543055063352655e-16,-0.689609375,-0.6658481213557546,-0.6639229025480159,-0.00192521880773866,0.040527643020426024,1.2920424646135047,False,False,True,"[5.33928490184708, -0.048027408965168446, -5.7792003328982275, 0.19408272940164703, -0.048027408965168536, 0.009197863842187208, 0.19408272940164667, -0.006547230172499227]","[2.211604219718959, 0.22811936954691261, -2.2063147759850608e-29, -0.009529300596173237, -0.2281193695469129, 0.0038098799482950358, 0.009529300596172826, 3.2671854720707305e-18]"
-0.061000000000000006,6,True,False,,2.7755575615628914e-16,7.81569901837854e-06,3.552924494267607e-15,0.028853968114229023,1.8151284946781722e-16,-0.689609375,-0.660755406885771,-0.6589040517177328,-0.001851355168038138,0.039539737762199365,1.3548515577438223,False,False,True,"[5.339284901847084, -0.05675609273336213, -5.779200332898224, 0.22763700868027215, -0.05675609273336227, 0.012492315402211648, 0.2276370086802717, -0.009061125807915096]","[2.211604219718962, 0.26668361389291745, -9.891969143700163e-30, -0.020023951525405172, -0.2666836138929177, 0.0051744864650383575, 0.02002395152540471, 1.2254040109453975e-17]"
-0.07100000000000001,7,True,False,,4.510281037539698e-16,4.4334394838474225e-06,5.495444115697426e-16,0.03402781734973387,-7.402773355912421e-17,-0.689609375,-0.6555815576502662,-0.653914676283799,-0.0016668813664671989,0.03873398314263678,1.416530133506502,False,False,True,"[5.339284901847089, -0.0654839419214106, -5.7792003328982275, 0.2595153315366208, -0.0654839419214104, 0.01609341237824105, 0.2595153315366206, -0.011881717102164594]","[2.211604219718965, 0.3044214741746657, -2.297978824220656e-28, -0.03279700735600145, -0.3044214741746655, -0.006666109671930489, 0.032797007356001134, 8.600716125543474e-18]"
-0.081,8,True,False,,1.7763568394002505e-15,6.739864205502031e-06,1.986026675333913e-14,0.03925293060042262,3.095785342252856e-16,-0.689609375,-0.6503564443995773,-0.64896288969417,-0.0013935547054072517,0.03805571157037867,1.4764516986562253,False,False,True,"[5.3392849018470825, -0.07423269748029662, -5.779200332898224, 0.28954834031861254, -0.07423269748029673, 0.01993226078752837, 0.2895483403186125, -0.014960961503348982]","[2.211604219718963, 0.34145789488858824, 7.489802192205368e-30, -0.047473344508446993, -0.3414578948885885, -0.008256212746951676, 0.047473344508447084, -6.194693138162022e-18]"
-0.091,9,True,False,,3.552713678800501e-15,7.68547067035179e-06,3.5527182738206446e-14,0.04450128875859066,2.3386088140219045e-16,-0.689609375,-0.6451080862414094,-0.6440558890888269,-0.0010521971525824236,0.037471448514481476,1.5342328931943146,False,False,True,"[5.339284901847086, -0.08301800970147671, -5.779200332898223, 0.31766104656686633, -0.08301800970147667, 0.02395031253633838, 0.3176610465668663, -0.01825383239151813]","[2.211604219718963, 0.37788491429657467, -5.183537502501646e-30, -0.06367475008138361, -0.3778849142965745, -0.00992054427562568, 0.06367475008138394, -1.9333687711651276e-17]"
-0.10099999999999999,10,True,False,,8.881784197001252e-16,5.769556239317983e-06,1.2560728067796728e-14,0.049747911672346434,3.336212919565526e-16,-0.689609375,-0.6398614633276536,-0.6391999989757535,-0.0006614643519000651,0.036959246221873195,1.58967770544543,False,False,True,"[5.339284901847088, -0.09185157738400183, -5.779200332898227, 0.34385815084878046, -0.09185157738400193, 0.028100245998538685, 0.3438581508487804, -0.021720624513999254]","[2.2116042197189643, 0.41377298979927135, -3.192911961406007e-30, -0.08105287798168788, -0.4137729897992717, -0.01163950299861504, 0.08105287798168767, 9.889211395651918e-18]"
-0.11099999999999999,11,True,False,,5.329070518200751e-15,6.289893967470357e-06,5.3475405003872825e-14,0.05497137988238843,-1.2434842332523205e-16,-0.689609375,-0.6346379951176115,-0.6344007261949988,-0.00023726892261277666,0.03650395721138421,1.6427239401564115,False,False,True,"[5.339284901847098, -0.10074240079898013, -5.779200332898233, 0.36820150223975684, -0.10074240079898013, 0.03234518652609366, 0.3682015022397569, -0.02532776977415851]","[2.2116042197189674, 0.4491776808880839, 1.1094334704257764e-29, -0.09930617885330084, -0.4491776808880839, 0.013397814936595476, 0.09930617885330079, 4.983577480656575e-18]"
-0.12099999999999998,12,True,False,,5.329070518200751e-15,4.67207263024359e-06,5.329075902842673e-14,0.06015387232221092,-1.9812536092649226e-16,-0.689609375,-0.629455502677789,-0.6296628216107636,0.00020731893297454285,0.03609470072780316,1.6933994283118123,False,False,True,"[5.33928490184709, -0.10969756219959044, -5.7792003328982275, 0.3907884769699029, -0.10969756219959091, 0.03665712350122726, 0.3907884769699032, -0.029047665638524074]","[2.211604219718962, 0.48414384317276443, 3.2077050614575574e-30, -0.11818455575900165, -0.48414384317276543, -0.01518387771179385, 0.11818455575900152, 1.567797299000143e-17]"
-0.13099999999999998,13,True,False,,1.1546319456101628e-14,7.627823332551717e-06,1.1957473878916876e-13,0.06528091231562017,-1.3821655511758251e-16,-0.689609375,-0.6243284626843798,-0.6249903449407715,0.0006618822563917437,0.035723405928075776,1.7417887154049252,False,False,True,"[5.339284901847094, -0.11872273613532336, -5.779200332898233, 0.41173490683194697, -0.11872273613532341, 0.04101514356448628, 0.4117349068319477, -0.03285800118599091]","[2.211604219718966, 0.5187083910004425, -3.8797309489629785e-29, -0.1374866454486929, -0.5187083910004424, -0.016989028727089694, 0.13748664544869393, -4.7218168390801644e-17]"
-0.141,14,True,False,,7.993605777301127e-15,7.15724857964185e-06,8.005934828911793e-14,0.07034097292350971,6.705082063635345e-16,-0.689609375,-0.6192684020764903,-0.6203867300026096,0.0011183279261193224,0.03538392633418181,1.7880097590088064,False,False,True,"[5.339284901847086, -0.12782253641244146, -5.779200332898224, 0.43116310984635964, -0.12782253641244157, 0.04540381237259281, 0.43116310984635936, -0.036740914802262756]","[2.2116042197189665, 0.5529021898203946, -1.1339332579323392e-29, -0.15705364389989557, -0.5529021898203946, -0.018806874868171293, 0.1570536438998953, 2.6111666230206533e-17]"
-0.151,15,True,False,,3.552713678800501e-15,5.770074300192337e-06,3.972054321541374e-14,0.07532504105036852,2.2230652451677506e-16,-0.689609375,-0.6142843339496314,-0.6158548484008282,0.001570514451196714,0.0350714766645466,1.8321976003850704,False,False,True,"[5.339284901847092, -0.13700075973193182, -5.7792003328982275, 0.44919422872166465, -0.13700075973193215, 0.04981183143384737, 0.4491942287216649, -0.04068216873296444]","[2.211604219718967, 0.5867513950123833, -1.8119351946406006e-29, -0.1767621526412502, -0.5867513950123839, -0.020632736146542065, 0.17676215264125, 2.7555498536969855e-17]"
-0.161,16,True,False,,5.329070518200751e-15,4.873443426367796e-06,5.402575752634914e-14,0.0802261970084488,-3.056584410226354e-16,-0.689609375,-0.6093831779915512,-0.6113970702915901,0.0020138923000388997,0.04332192721851356,1.8744938602796573,False,False,True,"[5.339284901847094, -0.14626056147878952, -5.7792003328982275, 0.4659437466736619, -0.14626056147878985, 0.054230983418557664, 0.4659437466736619, -0.044670422801000614]","[2.211604219718966, 0.6202784251777747, -6.92202197755156e-29, -0.19651735290681216, -0.6202784251777754, 0.022463208832796965, 0.1965173529068119, 3.766817992724974e-17]"
-0.171,17,True,False,,5.329070518200751e-15,7.665731973895496e-06,5.3290729147209435e-14,0.08503923695815307,-2.851425732704756e-16,-0.689609375,-0.6045701380418469,-0.6070153213492482,0.0024451833074012885,0.046967891913445574,1.9150398550207746,False,False,True,"[5.339284901847094, -0.15560458552484002, -5.779200332898233, 0.4815191602378018, -0.15560458552484036, 0.05865533035921447, 0.48151916023780156, -0.048696630933686064]","[2.211604219718966, 0.6535026862779012, -4.1016584993824894e-21, -0.2162470636259761, -0.653502686277902, -0.02429583334026093, 0.21624706362597593, -3.190845080277107e-17]"
-0.18100000000000002,18,True,False,,3.552713678800501e-15,9.622373561034811e-06,5.024302828110797e-15,0.08976034789260845,5.281214818270138e-16,-0.689609375,-0.5998490271073915,-0.6027111354357229,0.0028621083283313364,0.05061848945109664,1.953972432661855,False,False,True,"[5.339284901847086, -0.16503506200715523, -5.7792003328982275, 0.49601902972331574, -0.16503506200715556, 0.06308061535141221, 0.4960190297233157, -0.052753555655750455]","[2.2116042197189665, 0.686441121282565, -3.1029529919967285e-29, -0.23589682468166134, -0.6864411212825656, 0.02612884640139545, 0.23589682468166184, -5.2576499215126014e-17]"
-0.19100000000000003,19,True,False,,1.6653345369377348e-15,4.530763782806701e-06,1.6930901285524597e-14,0.09438683515935153,1.6243507140233282e-16,-0.689609375,-0.5952225398406484,-0.5984857027557609,0.0032631629151124164,0.054270397184842514,1.9914215869379168,False,False,True,"[5.339284901847089, -0.17455388227581123, -5.7792003328982275, 0.5095328624967536, -0.1745538822758108, 0.06750382056409049, 0.5095328624967529, -0.05683538450357456]","[2.211604219718965, 0.7191086347149437, -9.365230965397976e-21, -0.25542594828861975, -0.7191086347149422, -0.027960997989646186, 0.25542594828861886, 4.746657981364422e-17]"
-0.20100000000000004,20,True,False,,3.552713678800501e-15,7.704512497108334e-06,3.662056739158869e-14,0.09891689787575886,2.0898689956433444e-16,-0.689609375,-0.5906924771242411,-0.5943399134844854,0.0036474363602443383,0.03380418766779442,2.0275093233579304,False,False,True,"[5.339284901847085, -0.18416265722791691, -5.779200332898225, 0.5221414689404376, -0.1841626572279172, 0.07192284220002051, 0.5221414689404377, -0.060937429832600726]","[2.2116042197189643, 0.751518425639896, 7.449647823163877e-30, -0.27480440418014956, -0.7515184256398963, -0.029791416683668467, 0.2748044041801495, 3.67936203190356e-18]"
-0.21100000000000005,21,True,False,,3.552713678800501e-15,9.612716767062025e-06,3.662052905551e-14,0.10334944584677053,3.1674373801447173e-16,-0.689609375,-0.5862599291532294,-0.5902743969959319,0.004014467842702429,0.03359469915986973,2.0623492038510602,False,False,True,"[5.3392849018470905, -0.19386276333113786, -5.779200332898228, 0.5339175625449172, -0.19386276333113808, 0.07633625169965744, 0.5339175625449173, -0.06505589483640588]","[2.211604219718965, 0.783682252421366, -6.958788312898579e-30, -0.29401038839691757, -0.7836822524213661, -0.03161951075472434, 0.2940103883969172, 1.7341514724364456e-17]"
-0.22100000000000006,22,True,False,,3.552713678800501e-15,7.528490601806123e-06,3.552713424805359e-14,0.1076839513720218,3.1032571555968147e-17,-0.689609375,-0.5819254236279782,-0.5862895569145683,0.004364133286590133,0.06521347589443927,2.0960462552177113,False,False,True,"[5.339284901847089, -0.20365537937727957, -5.7792003328982275, 0.5449264641985608, -0.20365537937727932, 0.08074312008535939, 0.5449264641985608, -0.06918769126595853]","[2.211604219718965, 0.8156106458056029, -7.07110475680311e-30, -0.313028436833221, -0.8156106458056019, 0.033444895407675326, 0.31302843683322024, 1.329115416796966e-17]"
-0.23100000000000007,23,True,False,,5.329070518200751e-15,5.102911588577009e-06,5.3290712849756894e-14,0.1119203298340039,-4.677791493449859e-16,-0.689609375,-0.5776890451659961,-0.5823856022686482,0.004696557102652155,0.033208134245892626,2.128697410599301,False,False,True,"[5.33928490184709, -0.21354151615429984, -5.779200332898233, 0.5552268282149113, -0.2135415161543001, 0.08514288841078886, 0.5552268282149128, -0.07333029716926907]","[2.211604219718962, 0.8473130823005971, 4.442929423454801e-28, -0.3318479656924033, -0.8473130823005981, 0.03526733911936788, 0.3318479656924048, -7.823623880007014e-17]"
-0.24100000000000008,24,True,False,,8.326672684688674e-16,6.970475016352702e-06,8.16799102719808e-16,0.11605884374663922,-1.0665612916840805e-17,-0.689609375,-0.5735505312533608,-0.5785625750543021,0.005012043800941335,0.033029061243950775,2.160391877165363,False,False,True,"[5.339284901847084, -0.2235220406378296, -5.7792003328982275, 0.5648713439171965, -0.22352204063782935, 0.08953527188839296, 0.5648713439171973, -0.07748164549762968]","[2.211604219718962, 0.8787981266501024, -2.591653350404699e-29, -0.35046214327826686, -0.8787981266501026, 0.03708672392693488, 0.3504621432782669, 1.7582291548309194e-17]"
-0.25100000000000006,25,True,False,,1.7763568394002505e-15,4.7820170483389175e-06,1.7763564771936365e-14,0.12010002578499179,2.8851629101312743e-16,-0.689609375,-0.5695093492150082,-0.5748203745294714,0.005311025314463258,0.032858346464607724,2.1912117070980286,False,False,True,"[5.339284901847083, -0.23359769589127585, -5.779200332898226, 0.5739073889620054, -0.23359769589127605, 0.09392018867351569, 0.5739073889620054, -0.08164003650921837]","[2.211604219718961, 0.9100735499662126, 9.790630397144089e-30, -0.36886701761566404, -0.9100735499662128, 0.03890301592921004, 0.36886701761566354, 3.4860139660517703e-17]"
-0.26100000000000007,26,True,False,,1.0658141036401503e-14,6.62237363926969e-06,1.0658141789820782e-13,0.12404461710307624,9.623720392400204e-16,-0.689609375,-0.5655647578969237,-0.571158778553821,0.005594020656897292,0.07973950779564659,2.2212323786999884,False,False,True,"[5.3392849018470905, -0.2437691175694773, -5.7792003328982275, 0.5823776240320876, -0.2437691175694773, 0.09829770676337782, 0.5823776240320873, -0.08580406855208164]","[2.2116042197189705, 0.941146428484044, -1.0014654071545746e-27, -0.38706084115484274, -0.941146428484044, -0.04071624329156463, 0.3870608411548426, -2.8831021460732585e-19]"
-0.2710000000000001,27,True,False,,4.440892098500626e-15,8.298799288081841e-06,5.97461586376684e-15,0.12789351793449788,2.265332294325915e-16,-0.689609375,-0.5617158570655021,-0.5675774622785034,0.005861605213001275,0.032539252490399205,2.2505232503290054,False,False,True,"[5.339284901847094, -0.25403684770794294, -5.779200332898233, 0.5903205263685776, -0.254036847707943, 0.10266800426103753, 0.590320526368578, -0.08997258308696632]","[2.211604219718966, 0.9720232267383568, -5.096419094310201e-30, -0.4050435472543939, -0.9720232267383577, -0.04252647978670041, 0.4050435472543944, -2.8829186380745575e-17]"
-0.2810000000000001,28,True,False,,3.552713678800501e-15,5.284776434335518e-06,3.5527143887635925e-14,0.13164774805020862,7.740035913542151e-16,-0.689609375,-0.5579616269497913,-0.564076014471851,0.006114387522059617,0.08696983692463416,2.2791482045782785,False,False,True,"[5.339284901847086, -0.26440134632322887, -5.7792003328982275, 0.5977708639812594, -0.26440134632322854, 0.10703133954547231, 0.5977708639812591, -0.0941446207878614]","[2.2116042197189665, 1.0027098681039313, 4.7660197408489546e-27, -0.4228163436637703, -1.0027098681039295, 0.044333832438694376, 0.42281634366377047, -4.513483201149879e-17]"
-0.2910000000000001,29,True,False,,3.552713678800501e-15,4.792848567918439e-06,3.552713380169401e-14,0.135308415125045,3.226191764359024e-17,-0.689609375,-0.554300959874955,-0.560653951746024,0.006352991871068969,0.032246143457812286,2.3071661229302314,False,False,True,"[5.339284901847089, -0.27486300123369134, -5.779200332898224, 0.6047601146288755, -0.27486300123369134, 0.11138802881914255, 0.6047601146288749, -0.09831938630050627]","[2.211604219718965, 1.0332117950010322, 3.97056834426244e-29, -0.4403813963566382, -1.0332117950010322, 0.046138432222894064, 0.4403813963566372, 1.2406957843304963e-17]"
-0.3010000000000001,30,True,False,,3.552713678800501e-15,5.0335503847480936e-06,3.552713422545949e-14,0.13887668945231535,8.300462808147906e-17,-0.689609375,-0.5507326855476846,-0.5573107309271823,0.006578045379497688,0.09417939130094993,2.334631330387888,False,False,True,"[5.339284901847089, -0.28542213642229064, -5.779200332898224, 0.6113168346518897, -0.28542213642229086, 0.1157384291760134, 0.6113168346518892, -0.1024962198015842]","[2.211604219718965, 1.0635340205833845, -8.279991598810179e-30, -0.45774158329650105, -1.0635340205833852, -0.047940427052462695, 0.45774158329650083, -9.219411322942335e-18]"
-0.3110000000000001,31,True,False,,6.217248937900877e-15,6.038976529912154e-06,6.233095529330267e-14,0.14235378375779262,5.110944537242859e-17,-0.689609375,-0.5472555912422074,-0.5540457597889946,0.0067901685467872674,0.09777697012134869,2.361593932074339,False,False,True,"[5.339284901847092, -0.2960790191965528, -5.7792003328982275, 0.6174669829972171, -0.2960790191965524, 0.12008292581953615, 0.6174669829972169, -0.10667457392748371]","[2.211604219718967, 1.0936811733567167, -1.2506460439810985e-29, -0.474900302470893, -1.093681173356716, 0.04973997648389425, 0.4749003024708934, -6.786262143122704e-17]"
-0.3210000000000001,32,True,False,,5.329070518200751e-15,7.85178606235509e-06,5.329074272683797e-14,0.14574093711411995,2.1718817747698747e-16,-0.689609375,-0.54386843788588,-0.5508584063472248,0.006989968461344809,0.03184727693344144,2.3881004190446258,False,False,True,"[5.33928490184709, -0.3068338663496325, -5.7792003328982275, 0.6232342056235195, -0.3068338663496318, 0.12442192241399952, 0.6232342056235197, -0.11085399496498796]","[2.211604219718962, 1.1236575358910403, 6.092239865318572e-31, -0.4918613221533624, -1.123657535891039, 0.05153724772041153, 0.49186132215336253, -8.11434380379662e-18]"
-0.3310000000000001,33,True,False,,5.329070518200751e-15,6.855619577008957e-06,5.402573172408023e-14,0.14903940215605638,2.432443739682848e-16,-0.689609375,-0.5405699728439436,-0.5477480068921858,0.007178034048242243,0.1049591751281121,2.414193819028325,False,False,True,"[5.339284901847089, -0.31768684948680037, -5.7792003328982275, 0.6286400851142969, -0.31768684948680065, 0.12875583381133227, 0.6286400851142964, -0.1150341074424797]","[2.211604219718965, 1.1534670785682253, 5.187833349776034e-27, -0.5086286641136356, -1.153467078568226, -0.05333241259931, 0.5086286641136353, -1.232400011317467e-17]"
-0.34100000000000014,34,True,False,,1.5543122344752192e-15,6.540528717725336e-06,1.5943919032596273e-14,0.15225043495576518,1.1106746748642835e-16,-0.689609375,-0.5373589400442348,-0.5447138729162105,0.00735493287197575,0.03160442278366516,2.43991406497366,False,False,True,"[5.33928490184709, -0.32863809965065777, -5.779200332898233, 0.6337043598717836, -0.32863809965065777, 0.1330850805854466, 0.6337043598717843, -0.11921460144842708]","[2.211604219718962, 1.1831134891323605, -5.740815121899398e-30, -0.5252065126033885, -1.1831134891323605, -0.05512564532800818, 0.5252065126033897, -7.061768533146912e-17]"
-0.35100000000000015,35,True,False,,3.552713678800501e-15,4.53753455089286e-06,3.552716913898544e-14,0.1553752870439078,3.550474460249005e-16,-0.689609375,-0.5342340879560922,-0.5417552970754346,0.007521209119342398,0.11212621059536147,2.465298302741571,False,False,True,"[5.339284901847086, -0.3396877113539413, -5.779200332898224, 0.63844511678582, -0.3396877113539417, 0.13741008494651205, 0.63844511678582, -0.12339522214829199]","[2.2116042197189665, 1.2126001986726835, 5.4657915449196764e-30, -0.5415991435563013, -1.2126001986726844, 0.056917120791684345, 0.5415991435563005, 5.831352403013985e-17]"
-0.36100000000000015,36,True,False,,1.7763568394002505e-15,4.5308537073407215e-06,1.986028441270916e-14,0.15841519916322555,-3.0022712006242165e-16,-0.689609375,-0.5311941758367744,-0.5388715583087792,0.007677382472004779,0.11570485298636811,2.49038114113027,False,False,True,"[5.339284901847094, -0.3508357461094016, -5.779200332898233, 0.642878960806414, -0.3508357461094018, 0.14173126771167915, 0.6428789608064145, -0.12757576108231783]","[2.211604219718966, 1.2419304045592263, 2.2256729540616047e-29, -0.557810869676659, -1.2419304045592263, -0.058707013298509296, 0.5578108696766606, -1.3055207902747304e-16]"
-0.37100000000000016,37,True,False,,2.6645352591003757e-15,5.070541732179573e-06,2.6645362218568057e-14,0.1613713964217236,-3.07897176723953e-16,-0.689609375,-0.5282379785782764,-0.5360619262223482,0.007823947644071794,0.03126919477918215,2.515194911731167,False,False,True,"[5.3392849018470905, -0.3620822355307074, -5.77920033289823, 0.6470211644162159, -0.3620822355307069, 0.14604904608646704, 0.647021164416216, -0.13175604891286952]","[2.211604219718965, 1.2711070907630242, 1.119808644461099e-30, -0.5738459980410183, -1.271107090763023, -0.06049549566066785, 0.5738459980410185, 1.2901027703360373e-17]"
-0.38100000000000017,38,True,False,,3.1086244689504383e-15,4.23784743027103e-06,3.233018144340073e-14,0.16424508457691167,4.3502924587707836e-16,-0.689609375,-0.5253642904230883,-0.5333256648342867,0.007961374411198374,0.12285402789455133,2.5397697731691466,False,False,True,"[5.339284901847089, -0.37342718406582986, -5.7792003328982275, 0.6508857996081336, -0.3734271840658296, 0.15036383206930853, 0.6508857996081332, -0.13593594935712644]","[2.211604219718965, 1.3001330459216784, -8.802798997854067e-20, -0.5897087975705945, -1.3001330459216787, 0.06228273853349814, 0.5897087975705937, 3.932631137002579e-17]"
-0.3910000000000002,39,True,False,,2.6645352591003757e-15,8.271222601676949e-06,2.9790409578494987e-15,0.1670374472341276,2.406929293655687e-16,-0.689609375,-0.5225719277658724,-0.5306620357634011,0.00809010799752874,0.031062523778198067,2.564134072734823,False,False,True,"[5.339284901847092, -0.3848705714142649, -5.7792003328982275, 0.6544858546262671, -0.38487057141426456, 0.15467603133562496, 0.6544858546262667, -0.14011535409340836]","[2.211604219718967, 1.329010879453036, 3.8839515322290884e-29, -0.605403474299797, -1.329010879453035, 0.06406890995326184, 0.6054034742997977, -7.92706309277718e-17]"
-0.4010000000000002,40,True,False,,4.440892098500626e-15,5.747907459888341e-06,5.420803056985981e-15,0.16974964378321167,2.783450103868278e-16,-0.689609375,-0.5198597312167883,-0.5280703009344627,0.00821056971767442,0.12999455452889064,2.5883143341728547,False,False,True,"[5.339284901847084, -0.3964123546711868, -5.779200332898224, 0.6578333374237942, -0.39641235467118635, 0.1589860424910843, 0.6578333374237941, -0.14429417847070242]","[2.211604219718962, 1.3577430359724398, 1.767353649072653e-26, -0.6209341528072295, -1.3577430359724394, -0.06585417502783202, 0.6209341528072301, -1.140464507808873e-16]"
-0.4110000000000002,41,True,False,,3.1086244689504383e-15,4.262766270710632e-06,3.233018087966935e-14,0.17238280793106453,7.119554424954493e-16,-0.689609375,-0.5172265670689354,-0.5255497248639363,0.008323157795000813,0.030867623645696934,2.61233546361868,False,False,True,"[5.339284901847089, -0.40805247023488767, -5.7792003328982275, 0.6609393675264591, -0.4080524702348867, 0.16329425660895966, 0.6609393675264589, -0.1484723578835437]","[2.211604219718965, 1.386331808230025, 6.170978044509629e-29, -0.6363048625192741, -1.3863318082300224, -0.06763869574506354, 0.6363048625192737, -2.2890436786358938e-17]"
-0.4210000000000002,42,True,False,,3.552713678800501e-15,5.898091366079569e-06,5.024293857993121e-15,0.17493804671435753,-3.748083348612764e-16,-0.689609375,-0.5146713282856424,-0.5230995765817977,0.008428248296155294,0.13712897499582966,2.6362209907714163,False,False,True,"[5.3392849018470825, -0.4197908355082968, -5.779200332898224, 0.6638142577609593, -0.4197908355082968, 0.16760105698584482, 0.6638142577609593, -0.15264984470028456]","[2.211604219718963, 1.414779348752312, -6.324196958427766e-27, -0.6515195278652196, -1.414779348752312, 0.06942263087160297, 0.6515195278652192, -7.067908609545535e-17]"
-0.4310000000000002,43,True,False,,4.440892098500626e-15,1.0372397047069529e-05,5.420810655087879e-15,0.1774164398983057,8.588185211542355e-16,-0.689609375,-0.5121929351016943,-0.5207191312379835,0.008526196136289244,0.14069466811754236,2.659993080592656,False,False,True,"[5.339284901847089, -0.43162735042075945, -5.779200332898224, 0.666467587109717, -0.4316273504207582, 0.17190681906480137, 0.6664675871097168, -0.15682660565340786]","[2.211604219718965, 1.443087680345586, -4.4361210515416644e-26, -0.6665819614738621, -1.4430876803455843, -0.07120613592105864, 0.6665819614738616, 7.193125604824744e-17]"
-0.4410000000000002,44,True,False,,5.329070518200751e-15,6.976534392962478e-06,5.3290699254513734e-14,0.17981903968483914,-4.599243337812805e-17,-0.689609375,-0.5097903353151608,-0.5184076714358259,0.008617336120665064,0.1442597510456465,2.6836726377575046,False,False,True,"[5.339284901847092, -0.4435618987924213, -5.779200332898233, 0.6689082657833015, -0.44356189879242164, 0.17621191048641222, 0.6689082657833012, -0.16100261961706838]","[2.211604219718967, 1.4712587055961628, 2.2885156366166047e-30, -0.6814958597675627, -1.471258705596164, 0.07298936317514576, 0.6814958597675628, -2.95592794353466e-17]"
-0.45100000000000023,45,True,False,,3.552713678800501e-15,8.063763932626256e-06,3.5527160625030476e-14,0.1821468706677405,1.5447574942600437e-16,-0.689609375,-0.5074625043322595,-0.5161644883293386,0.00870198399707911,0.14782451772651384,2.707279576963665,False,False,True,"[5.339284901847089, -0.4555943495604268, -5.779200332898224, 0.6711445934555067, -0.45559434956042616, 0.18051669123707514, 0.6711445934555058, -0.16517787571034603]","[2.211604219718965, 1.499294215484015, -1.9965163453004985e-30, -0.6962648004408736, -1.4992942154840143, -0.07477246174511273, 0.6962648004408757, -2.1872922070695616e-16]"
-0.46100000000000024,46,True,False,,1.7763568394002505e-15,5.317040786423467e-06,1.986028079557995e-14,0.18440092998377844,4.442838421623822e-16,-0.689609375,-0.5052084450162215,-0.5139888825164823,0.008780437500260807,0.030424427638177886,2.730832685812272,False,False,True,"[5.3392849018470825, -0.46772455788334893, -5.779200332898224, 0.6731843114804096, -0.46772455788334893, 0.18482151387066922, 0.6731843114804091, -0.16935237167542558]","[2.211604219718963, 1.527195897210269, -8.897749228502416e-29, -0.71089224141469, -1.527195897210269, -0.07655557766355821, 0.7108922414146894, 3.7252962116751575e-17]"
-0.47100000000000025,47,True,False,,9.769962616701378e-15,9.48782581551268e-06,1.0252603091653672e-14,0.18658218761829248,-3.2598561206631307e-16,-0.689609375,-0.5030271873817075,-0.5118801647563644,0.008852977374656956,0.030342401375076367,2.754349775630549,False,False,True,"[5.33928490184709, -0.4799523661381271, -5.7792003328982275, 0.6750346498028212, -0.4799523661381261, 0.18912672378508819, 0.6750346498028217, -0.17352611248864755]","[2.211604219718962, 1.5549653413258904, 2.149544963086027e-29, -0.7253815209392581, -1.554965341325889, -0.07833885399897395, 0.7253815209392565, 1.6022082138291682e-16]"
-0.48100000000000026,48,True,False,,3.552713678800501e-15,7.51762675717934e-06,3.97205243854946e-15,0.18869158683124632,-4.434669428177814e-16,-0.689609375,-0.5009177881687537,-0.5098376565346913,0.008919868365937611,0.15851977770027256,2.777847992465466,False,False,True,"[5.339284901847092, -0.4922776048217899, -5.7792003328982275, 0.6767023691807488, -0.4922776048217899, 0.19343265953925995, 0.6767023691807489, -0.17769910916946932]","[2.211604219718967, 1.5826040482374681, 1.782516240339096e-26, -0.7397358585851123, -1.5826040482374681, 0.08012243098705905, 0.7397358585851127, -6.060112729559037e-17]"
-0.49100000000000027,49,True,False,,5.329070518200751e-15,9.55579022685702e-06,5.329078022057576e-14,0.19073004467613486,7.027090322760624e-16,-0.689609375,-0.4988793303238651,-0.5078606904986444,0.00898136017477924,0.16208611053550942,2.801343405269834,False,False,True,"[5.339284901847098, -0.5047000933686827, -5.779200332898233, 0.6781937992587175, -0.5047000933686835, 0.1977396531995451, 0.6781937992587177, -0.1818713777581842]","[2.2116042197189674, 1.6101134341563563, -3.37750388273228e-26, -0.7539583569132651, -1.6101134341563572, -0.08190644617420391, 0.7539583569132664, -1.066128947728331e-16]"
-0.5010000000000002,50,True,False,,1.7763568394002505e-15,7.030825786324503e-06,2.0947644207857846e-14,0.19269845258908247,3.8885165015138014e-16,-0.689609375,-0.4969109224109175,-0.5059486107795644,0.009037688368646934,0.16565351715383428,2.824851679903941,False,False,True,"[5.339284901847092, -0.5172196408924953, -5.7792003328982275, 0.6795148729621034, -0.5172196408924953, 0.20204803070692776, 0.6795148729621034, -0.18604293843801914]","[2.211604219718967, 1.637494836549203, -3.6965773958879776e-26, -0.7680520036579388, -1.637494836549203, 0.08369103456958506, 0.768052003657939, -1.4807125889598382e-17]"
-0.5110000000000002,51,True,False,,1.1546319456101628e-14,1.0407526920308996e-05,1.1580424567146407e-13,0.19459767702977482,2.0259089718351166e-16,-0.689609375,-0.49501169797022515,-0.5041007732194427,0.009089075249217538,0.03003317203921372,2.848387605200024,False,False,True,"[5.339284901847086, -0.5298360468612332, -5.779200332898224, 0.6806711576233855, -0.5298360468612353, 0.20635811225844714, 0.6806711576233859, -0.19021381478116456]","[2.2116042197189665, 1.6647495191408013, -8.848522022575291e-29, -0.7820196742886328, -1.6647495191408046, 0.08547632880315813, 0.7820196742886317, 9.428638089637723e-17]"
-0.5210000000000002,52,True,False,,3.1086244689504383e-15,4.070198470322077e-06,3.526596769728291e-15,0.19642856015927423,7.090861423332428e-16,-0.689609375,-0.49318081484072573,-0.5023165455151111,0.009135730674385334,0.029960189308954235,2.8719654142508597,False,False,True,"[5.339284901847089, -0.5425491017122522, -5.7792003328982275, 0.6816678832001102, -0.5425491017122499, 0.21067021269785355, 0.6816678832001124, -0.19438403310152763]","[2.211604219718965, 1.6918786765140659, 7.646297114028915e-28, -0.7958641348453184, -1.6918786765140625, 0.08726245928747545, 0.7958641348453201, 9.065496162822301e-17]"
-0.5310000000000002,53,True,False,,1.5543122344752192e-15,7.324658634787061e-06,1.910099724900052e-15,0.19819192054250867,-5.69578687111299e-17,-0.689609375,-0.4914174544574913,-0.5005953072921927,0.009177852834701405,0.029888795318179572,2.895598832997755,False,False,True,"[5.339284901847089, -0.5553585874136097, -5.7792003328982275, 0.6825099679001777, -0.5553585874136114, 0.21498464191175773, 0.682509967900177, -0.19855362189972248]","[2.211604219718965, 1.7188834383467178, 9.92877584873088e-30, -0.8095880449621599, -1.7188834383467217, 0.08904955438177349, 0.8095880449621611, -7.637098194301854e-17]"
-0.5410000000000003,54,True,False,,3.774758283725532e-15,7.773201333945475e-06,3.587240262549805e-15,0.19988855386566073,5.084704297932901e-16,-0.689609375,-0.48972082113433923,-0.4989364501193061,0.009215628984966862,0.02981892679382392,2.919301027205015,False,False,True,"[5.3392849018470825, -0.5682642779772681, -5.779200332898224, 0.6832020414917208, -0.5682642779772668, 0.21930170522848216, 0.6832020414917244, -0.2027226113880298]","[2.211604219718965, 1.7457648733197717, -1.667443162636989e-27, -0.8231939610126172, -1.7457648733197684, 0.09083774055718394, 0.8231939610126211, 1.5706753260340158e-16]"
-0.5510000000000003,55,True,False,,5.329070518200751e-15,7.294828481161927e-06,5.402583074633865e-14,0.20151923366049862,-1.4070018429731748e-16,-0.689609375,-0.48809014133950135,-0.49733937747159973,0.009249236132098382,0.18351573699777,2.9430846742452554,False,False,True,"[5.339284901847094, -0.5812659399289527, -5.7792003328982275, 0.6837484665417718, -0.5812659399289534, 0.22362170381762983, 0.6837484665417722, -0.2068910330849613]","[2.211604219718966, 1.7725239927287053, -1.8416043495371092e-29, -0.8366843393228888, -1.7725239927287073, -0.09262714256224153, 0.8366843393228887, -6.004988211600926e-17]"
-0.5610000000000003,56,True,False,,5.773159728050814e-15,8.218180514399674e-06,5.841088906501165e-14,0.20308471202929002,1.155811504674971e-15,-0.689609375,-0.48652466297070995,-0.49580350465151374,0.009278841680803784,0.02968353103403948,2.9669620671136516,False,False,True,"[5.339284901847085, -0.5943633327390117, -5.779200332898224, 0.6841533577988713, -0.5943633327390125, 0.2279449350889754, 0.6841533577988704, -0.21105891947061645]","[2.211604219718968, 1.799161753825085, -3.2609674979912864e-29, -0.850061539411884, -1.7991617538250868, -0.09441788358810858, 0.8500615394118839, 4.2434318503089216e-17]"
-0.5710000000000003,57,True,False,,1.7763568394002505e-15,5.535755169733893e-06,1.98602715111046e-14,0.20458572036523714,-7.683021057955369e-17,-0.689609375,-0.4850236546347628,-0.49432825867359925,0.009304604038836428,0.0296178944401011,2.990945100902396,False,False,True,"[5.339284901847094, -0.6075562092180672, -5.779200332898233, 0.6844205999099257, -0.6075562092180682, 0.23227169308978735, 0.6844205999099258, -0.21522630369537227]","[2.211604219718966, 1.825679062913176, -6.806133134208978e-28, -0.8633278272252015, -1.8256790629131776, -0.09621008543315085, 0.8633278272252002, 5.322566806807794e-18]"
-0.5810000000000003,58,True,False,,8.881784197001252e-15,4.029924455362925e-06,9.155134455043647e-14,0.20602297006442039,-3.190138435576037e-16,-0.689609375,-0.4835864049355796,-0.4929130781193146,0.009326673183735035,0.19426222961225964,3.015045376656148,False,False,True,"[5.339284901847098, -0.6208443158808321, -5.779200332898233, 0.6845538636394889, -0.6208443158808319, 0.2366022689000473, 0.6845538636394888, -0.2193932193355199]","[2.2116042197189674, 1.8520767782234475, 2.1688167504308855e-26, -0.8764853783378345, -1.8520767782234477, 0.09800386866664568, 0.876485378337835, -1.1100918916487926e-16]"
-0.5910000000000003,59,True,False,,1.7763568394002505e-15,8.25904753933022e-06,1.9860249445401825e-14,0.20739715322611108,1.6834374360058758e-16,-0.689609375,-0.4822122217738889,-0.49155741296692096,0.009345191193032065,0.029490492565597468,3.039273934119275,False,False,True,"[5.339284901847092, -0.63422739328111, -5.7792003328982275, 0.6845566207407069, -0.63422739328111, 0.240936951025374, 0.6845566207407077, -0.2235597001904595]","[2.211604219718967, 1.8783557125827348, 1.0556567834622046e-28, -0.889536281106408, -1.8783557125827348, 0.09979935279153204, 0.8895362811064091, -5.012006025563659e-17]"
-0.6010000000000003,60,True,False,,1.887379141862766e-15,3.683883233444913e-06,2.310224999800209e-15,0.2087089433390521,6.579901097035451e-17,-0.689609375,-0.48090043166094787,-0.4902607244009079,0.00936029273996003,0.029428634769558194,3.0636418274556325,False,False,True,"[5.339284901847089, -0.6477051763206835, -5.7792003328982275, 0.6844321576103555, -0.6477051763206836, 0.2452760257876563, 0.6844321576103553, -0.22772578011681707]","[2.211604219718965, 1.9045166358985934, 3.0130228301586292e-28, -0.9024825397564723, -1.9045166358985932, 0.1015966564062202, 0.9024825397564716, 4.477454396815101e-17]"
-0.6110000000000003,61,True,False,,3.1086244689504383e-15,6.644606889402067e-06,3.233021448929265e-14,0.20995899595186884,-5.429221767993477e-17,-0.689609375,-0.4796503790481311,-0.48902248460476067,0.00937210555662954,0.20503857023170605,3.088159638281677,False,False,True,"[5.339284901847089, -0.6612773945344377, -5.779200332898229, 0.6841835878457848, -0.661277394534439, 0.24961977771362265, 0.6841835878457851, -0.23189149289557417]","[2.211604219718965, 1.9305602774736568, -3.491115115769543e-20, -0.9153260773942652, -1.9305602774736608, -0.1033958973655398, 0.9153260773942645, 6.807232056715017e-17]"
-0.6210000000000003,62,True,False,,5.329070518200751e-15,4.857195234193291e-06,5.402579612757109e-14,0.21114794932626368,-8.026239426607571e-17,-0.689609375,-0.4784614256737363,-0.48784217654037487,0.009380750866638587,0.02930839197601418,3.1128377856551044,False,False,True,"[5.339284901847094, -0.6749437723539112, -5.7792003328982275, 0.6838138638087137, -0.6749437723539108, 0.2539684899217176, 0.6838138638087143, -0.2360568721288461]","[2.211604219718966, 1.9564873281642983, 9.013638643297123e-29, -0.9280687389355281, -1.9564873281642987, -0.10519719294099021, 0.9280687389355283, -3.29117005920242e-18]"
-0.6310000000000003,63,True,False,,3.552713678800501e-15,6.619664140094734e-06,3.972048965725359e-14,0.2122764250720719,6.353914462166807e-16,-0.689609375,-0.4773329499279281,-0.4867192937169405,0.00938634378901243,0.21224251625209564,3.1376864639042883,False,False,True,"[5.339284901847089, -0.6887040293511965, -5.7792003328982275, 0.6833257872894993, -0.688704029351195, 0.2583224445077576, 0.6833257872894997, -0.24022195116347378]","[2.211604219718965, 1.9822984423963899, 3.9039907051274876e-30, -0.9407122939463887, -1.9822984423963863, 0.10700065998048441, 0.9407122939463887, 5.241625276640938e-18]"
-0.6410000000000003,64,True,False,,5.329070518200751e-15,1.0041093396561992e-05,5.329068170641921e-14,0.21334502876353412,-9.767784753250465e-17,-0.689609375,-0.47626434623646585,-0.4856533399517329,0.009388993715267024,0.029192519722049084,3.1627156173643978,False,False,True,"[5.339284901847086, -0.7025578804648748, -5.779200332898224, 0.6827220193555568, -0.7025578804648748, 0.26268192292996057, 0.682722019355558, -0.24438676303900853]","[2.2116042197189665, 2.0079942400497424, 5.968212615787564e-29, -0.9532584393933302, -2.0079942400497424, 0.10880641506783381, 0.9532584393933292, 1.990294544477588e-16]"
-0.6510000000000004,65,True,False,,4.440892098500626e-15,5.61427766769167e-06,4.782991554816105e-15,0.21435435053642937,7.732854577507722e-16,-0.689609375,-0.4752550244635706,-0.4846438291248901,0.009388804661319528,0.21946440814543333,3.187935037142857,False,False,True,"[5.339284901847086, -0.7165050362096098, -5.779200332898224, 0.6820050894588039, -0.7165050362096098, 0.26704720639400564, 0.6820050894588034, -0.24855134045804245]","[2.2116042197189665, 2.033575308221775, 7.850896474182317e-20, -0.9657088023009343, -2.033575308221775, -0.11061457468224428, 0.9657088023009336, 6.57370691743972e-17]"
-0.6610000000000004,66,True,False,,4.440892098500626e-15,8.085979662287529e-06,5.9746042324494775e-15,0.21530496566594248,2.6780066044630803e-16,-0.689609375,-0.4743044093340575,-0.4836902849299564,0.00938587559589893,0.029080732511316855,3.2133544533040985,False,False,True,"[5.33928490184709, -0.7305452028707293, -5.7792003328982275, 0.6811774038692375, -0.7305452028707293, 0.2714185762388376, 0.6811774038692369, -0.25271571577715995]","[2.211604219718962, 2.0590422028797963, 2.5566171733666095e-29, -0.9780649423172362, -2.0590422028797963, -0.11242525535812213, 0.9780649423172373, -1.5851940445770464e-16]"
-0.6710000000000004,67,True,False,,8.881784197001252e-15,8.551620394356125e-06,8.881784263446966e-14,0.21619743512526823,-4.1232439766631343e-16,-0.689609375,-0.47341193987473174,-0.4827922406216975,0.009380300746965775,0.02902628898442688,3.2389833583573098,False,False,True,"[5.339284901847084, -0.7446780826851049, -5.779200332898224, 0.680241253494873, -0.7446780826851052, 0.2757963143239812, 0.6802412534948731, -0.25687992101705664]","[2.211604219718962, 2.084395450410633, 1.85744737605196e-29, -0.9903283541876255, -2.0843954504106326, -0.11423857384550591, 0.9903283541876261, -1.7541379321005368e-16]"
-0.6810000000000004,68,True,False,,5.329070518200751e-15,5.283364456952498e-06,5.68711493473221e-14,0.21703230612511304,6.580204892712624e-16,-0.689609375,-0.47257706887488693,-0.48194923876246737,0.00937216988758044,0.23033495297103362,3.2648310994132648,False,False,True,"[5.339284901847097, -0.7589033740094749, -5.779200332898238, 0.679198821142188, -0.7589033740094749, 0.28018070341919554, 0.6791988211421879, -0.26104398789063327]","[2.2116042197189705, 2.1096355490753975, -9.032420911481254e-20, -1.002500470138927, -2.1096355490753975, 0.11605464727146497, 1.002500470138927, -3.006633410577123e-16]"
-0.6910000000000004,69,True,False,,6.661338147750939e-16,7.079518717793001e-06,6.038013241004679e-15,0.2178101126344144,3.146246088133224e-16,-0.689609375,-0.47179926236558556,-0.4811608309682071,0.00936156860262155,0.02892015165057743,3.2909070545218384,False,False,True,"[5.339284901847084, -0.7732207714772106, -5.7792003328982275, 0.6780521882657508, -0.7732207714772115, 0.28457202759728295, 0.6780521882657503, -0.2652079478480482]","[2.211604219718962, 2.1347629703765003, -2.292352089310814e-29, -1.0145826621759584, -2.134762970376503, 0.11787359330280538, 1.0145826621759582, -7.005160309349911e-17]"
-0.7010000000000004,70,True,False,,6.217248937900877e-15,1.0357776373667526e-05,6.80866179305777e-15,0.21853137588256044,-6.332643162670482e-16,-0.689609375,-0.4710779991174395,-0.4804265776549615,0.009348578537521968,0.23760983921712744,3.3172205117492064,False,False,True,"[5.339284901847092, -0.7876299661444901, -5.7792003328982275, 0.6768033412509705, -0.7876299661444927, 0.28897057263095693, 0.6768033412509705, -0.26937183213794313]","[2.211604219718967, 2.1597781603434383, 2.600639394027464e-19, -1.0265762442932582, -2.159778160343445, -0.11969553031046198, 1.0265762442932596, 1.4296082365193622e-16]"
-0.7110000000000004,71,True,False,,3.552713678800501e-15,7.641922881579444e-06,3.972054743916572e-15,0.21919660484358672,-4.3589458102519223e-16,-0.689609375,-0.47041277015641325,-0.4797460477866697,0.009333277630256431,0.24125634498253026,3.343780446240833,False,False,True,"[5.339284901847094, -0.8021306456267405, -5.779200332898233, 0.6754541772695318, -0.8021306456267405, 0.2933766263946479, 0.6754541772695319, -0.27353567188417743]","[2.211604219718966, 2.184681540743293, 9.68873725262998e-28, -1.0384824746050683, -2.184681540743293, 0.12152057753592778, 1.0384824746050703, -1.3484448651713001e-16]"
-0.7210000000000004,72,True,False,,3.552713678800501e-15,6.348317863928846e-06,4.076196562790392e-15,0.21980629670283025,6.572299486933267e-16,-0.689609375,-0.4698030782971697,-0.4791188186248297,0.009315740327659972,0.028767408575384817,3.370596203859404,False,False,True,"[5.339284901847094, -0.8167224942260605, -5.779200332898233, 0.6740065097432986, -0.8167224942260605, 0.2977904792721845, 0.6740065097432988, -0.27769949817758643]","[2.211604219718966, 2.2094735102212844, 2.287858903737375e-29, -1.0503025573968598, -2.2094735102212844, 0.12334885526012283, 1.050302557396861, -2.848547194099346e-17]"
-0.7310000000000004,73,True,False,,6.217248937900877e-15,6.273126298269422e-06,6.60185985844055e-14,0.22036093730648998,5.829062824635895e-16,-0.689609375,-0.46924843769351,-0.478544475480528,0.009296037787017986,0.24856867573766797,3.3976766746046128,False,False,True,"[5.339284901847089, -0.8314051930504375, -5.779200332898224, 0.6724620734490291, -0.8314051930504357, 0.3022124245713011, 0.6724620734490313, -0.28186334218237963]","[2.211604219718965, 2.234154445376524, 1.1254514721164884e-19, -1.062037645101885, -2.23415444537652, -0.1251804849750887, 1.062037645101887, 8.143525237145163e-17]"
-0.7410000000000004,74,True,False,,6.217248937900877e-15,5.4739852341695235e-06,6.601857516429764e-14,0.22086100159469635,3.645765316144941e-16,-0.689609375,-0.4687483734053036,-0.4780226114692212,0.009274238063917584,0.028669596052340388,3.425031104626154,False,False,True,"[5.3392849018470825, -0.8461784201252806, -5.779200332898224, 0.6708225292931662, -0.8461784201252801, 0.3066427589459297, 0.6708225292931669, -0.2860272352569288]","[2.211604219718963, 2.258724701777287, -9.785916665380097e-29, -1.0736888402063567, -2.2587247017772873, -0.1270155895589077, 1.0736888402063587, -1.2424304121114965e-16]"
-0.7510000000000004,75,True,False,,5.329070518200751e-15,6.615571390345779e-06,5.329067987285647e-14,0.22130695401861933,1.9954973904401123e-16,-0.689609375,-0.46830242098138064,-0.4775528272685674,0.009250406287186763,0.02862182582221067,3.45266841444897,False,False,True,"[5.339284901847084, -0.8610418504979246, -5.7792003328982275, 0.6690894687832286, -0.8610418504979246, 0.3110817828273005, 0.6690894687832285, -0.29019120908879836]","[2.211604219718962, 2.2831846149201116, -3.0155296004317e-29, -1.0852571970868505, -2.2831846149201116, -0.12885429345426944, 1.085257197086851, -1.3423216389519795e-16]"
-0.7610000000000005,76,True,False,,4.440892098500626e-15,9.67787046014557e-06,5.4208010821335105e-15,0.2216992489421632,-2.2096571163528825e-16,-0.689609375,-0.4679101260578368,-0.4771347308795125,0.009224604821675753,0.25958912714058596,3.480597781075527,False,False,True,"[5.339284901847089, -0.8759951563356382, -5.7792003328982275, 0.6672644182198695, -0.8759951563356382, 0.31552980086483806, 0.6672644182198693, -0.2943552958439433]","[2.211604219718965, 2.307534501136558, 4.295191274231804e-25, -1.0967437237836615, -2.307534501136558, 0.13069672285109787, 1.0967437237836617, -5.1009974154150816e-17]"
-0.7710000000000005,77,True,False,,5.773159728050814e-15,1.2067062618823035e-05,7.856731419172571e-15,0.22203833102882042,6.107676455801534e-16,-0.689609375,-0.46757104397117955,-0.4767679373907894,0.00919689341960983,0.028528452170992164,3.50882833404636,False,False,True,"[5.339284901847099, -0.8910380070175938, -5.779200332898233, 0.6653488426314236, -0.8910380070175922, 0.3199871223779331, 0.6653488426314259, -0.29851952833012035]","[2.211604219718972, 2.331774658451084, 3.679785015114757e-29, -1.1081493837137102, -2.331774658451082, 0.13254300587367937, 1.1081493837137157, -9.854295894163392e-17]"
-0.7810000000000005,78,True,False,,5.329070518200751e-15,1.4910324033360102e-05,5.402563525845336e-14,0.2223246356142653,7.194133200740423e-16,-0.689609375,-0.46728473938573467,-0.4764520687469053,0.00916732936117065,0.26697365114477417,3.53736918744691,False,False,True,"[5.339284901847097, -0.9061700692212581, -5.779200332898238, 0.6633441494707724, -0.9061700692212581, 0.32445406181964165, 0.6633441494707724, -0.3026839401745946]","[2.2116042197189705, 2.3559053673933263, -3.799753792499317e-25, -1.1194750973266914, -2.3559053673933263, -0.13439327277273405, 1.1194750973266918, -1.00799286789133e-16]"
-0.7910000000000005,79,True,False,,3.3306690738754696e-16,4.781758324392295e-06,4.019718380834416e-15,0.2225585890652534,7.799203072030923e-17,-0.689609375,-0.4670507859347466,-0.47618675351964534,0.009135967584898763,0.02843783712320648,3.5662295841609413,False,False,True,"[5.339284901847089, -0.9213910070036265, -5.7792003328982275, 0.6612516920925635, -0.9213910070036265, 0.3289309392534368, 0.6612516920925637, -0.3068485660163399]","[2.211604219718965, 2.3799268917677554, 3.7923714164231796e-29, -1.1307217437079087, -2.3799268917677554, -0.136247656122894, 1.130721743707909, -1.9902146686178802e-16]"
-0.8010000000000005,80,True,False,,3.552713678800501e-15,5.518800390094869e-06,3.5527125822859284e-14,0.22274060912531268,-2.70444717946859e-17,-0.689609375,-0.4668687658746873,-0.4759716266830768,0.009102860808389512,0.028393518052539184,3.5954188592593033,False,False,True,"[5.339284901847089, -0.9367004818776707, -5.7792003328982275, 0.6590727730271736, -0.9367004818776707, 0.3334180808441417, 0.6590727730271738, -0.3110134417129566]","[2.211604219718965, 2.4038394793835045, 7.869823407294844e-29, -1.1418901621314856, -2.4038394793835045, -0.13810629102605257, 1.1418901621314852, -1.0381620252218402e-16]"
-0.8110000000000005,81,True,False,,4.440892098500626e-15,5.609315796314298e-06,5.420798400391367e-15,0.22287110524787557,6.037992482415016e-16,-0.689609375,-0.4667382697521244,-0.4758063293919838,0.009068059639859405,0.028349834842647838,3.6249462954207923,False,False,True,"[5.339284901847089, -0.9520981528843308, -5.779200332898224, 0.6568086470663287, -0.9520981528843312, 0.3379158193642208, 0.6568086470663282, -0.3151786045626191]","[2.211604219718965, 2.4276433627468554, -1.8171880074187536e-29, -1.1529811535672025, -2.4276433627468563, -0.13996931532107704, 1.152981153567203, -2.456659933060747e-16]"
-0.8210000000000005,82,True,False,,9.769962616701378e-15,1.0435928141164711e-05,9.769970313672128e-14,0.22295047891728614,1.1748046169145607e-15,-0.689609375,-0.4666588960827138,-0.47569050876363356,0.009031612680919732,0.28184225042770084,3.6548215370987043,False,False,True,"[5.339284901847089, -0.9675836766603664, -5.779200332898233, 0.6544605241739723, -0.9675836766603655, 0.3424244947166604, 0.6544605241739727, -0.31934409354142096]","[2.211604219718965, 2.451338759718761, 2.8505157431966656e-25, -1.1639954821444043, -2.451338759718756, 0.1418368698003946, 1.1639954821444047, 1.3330710457871763e-16]"
-0.8310000000000005,83,True,False,,3.552713678800501e-15,3.257987716968016e-06,3.5527129237670545e-14,0.2229791239582679,-1.921169265294605e-16,-0.689609375,-0.46663025104173206,-0.4756238176627368,0.008993566621004756,0.2855817396317884,3.6850540796184097,False,False,True,"[5.339284901847089, -0.9831567075024007, -5.7792003328982275, 0.6520295722347279, -0.9831567075024007, 0.34694445447567757, 0.652029572234727, -0.32350994955652673]","[2.211604219718965, 2.4749258741396063, -2.944599037677623e-20, -1.174933876576201, -2.4749258741396063, -0.14370909843396068, 1.1749338765762, 7.873819843749739e-17]"
-0.8410000000000005,84,True,False,,2.6645352591003757e-15,3.2423549173135287e-06,2.9310726884395196e-15,0.2229574268342922,2.6464459044159537e-16,-0.689609375,-0.46665194816570776,-0.4756059144894229,0.008953966323715146,0.028222438517638438,3.7156538890187645,False,False,True,"[5.339284901847089, -0.9988168974273705, -5.7792003328982275, 0.6495169196512215, -0.9988168974273717, 0.35147605444658386, 0.6495169196512208, -0.32767621571562006]","[2.211604219718965, 2.498404896423245, -3.017727550262049e-29, -1.1857970315471238, -2.4984048964232475, -0.14558614860115915, 1.1857970315471247, -2.2238837325134426e-16]"
-0.8510000000000005,85,True,False,,5.329070518200751e-15,3.7780064864026927e-06,5.3290727069303464e-14,0.22288576693539408,-3.137677231303859e-16,-0.689609375,-0.4667236080646059,-0.47563646297004136,0.008912854905435474,0.2930895405428083,3.7466306102767404,False,False,True,"[5.339284901847089, -1.0145638962296688, -5.7792003328982275, 0.6469236578005216, -1.0145638962296695, 0.356019659246152, 0.6469236578005221, -0.3318429376131512]","[2.211604219718965, 2.521776004122091, -3.958368311901121e-21, -1.196585609067303, -2.521776004122093, 0.1474681713312039, 1.1965856090673033, 1.256004326631631e-16]"
-0.8610000000000005,86,True,False,,1.5543122344752192e-15,1.1750742106144247e-05,2.0471498233851408e-15,0.22276451685587229,-4.580787804132968e-16,-0.689609375,-0.4668448581441277,-0.4757151319505514,0.00887027380642369,0.29685845602719596,3.777994585593186,False,False,True,"[5.33928490184708, -1.0303973515351774, -5.779200332898224, 0.6442508433590255, -1.0303973515351785, 0.36057564290492267, 0.644250843359025, -0.33601016363399644]","[2.211604219718959, 2.5450393624650856, -5.71682842538181e-23, -1.2073002397961023, -2.5450393624650847, -0.14935532155261694, 1.2073002397961028, -1.0709803186680705e-17]"
-0.8710000000000006,87,True,False,,4.440892098500626e-15,5.75538293880903e-06,5.420800029384533e-15,0.22259404266232286,-2.7864605407833103e-16,-0.689609375,-0.4670153323376771,-0.4758415951922483,0.008826262854571165,0.30063779718087924,3.809756047675062,False,False,True,"[5.339284901847084, -1.0463169088524364, -5.7792003328982275, 0.6414995005042604, -1.0463169088524382, 0.36514438949290934, 0.6414995005042607, -0.3401779452751234]","[2.211604219718962, 2.568195124870136, -3.533998534087187e-29, -1.2179415243381362, -2.5681951248701385, 0.15124775835240706, 1.217941524338136, 1.513844480130691e-17]"
-0.8810000000000006,88,True,False,,4.440892098500626e-15,5.9576789029798025e-06,5.687117976749195e-15,0.2223747041524865,1.325616255538999e-15,-0.689609375,-0.46723467084751347,-0.47601553116954637,0.008780860322032902,0.3044278863717595,3.8419256220669604,False,False,True,"[5.339284901847086, -1.0623222116211142, -5.7792003328982275, 0.6386706230013676, -1.0623222116211135, 0.36972629377027044, 0.6386706230013665, -0.34434633748595894]","[2.2116042197189665, 2.5912434334325316, 2.162079560074078e-29, -1.2285100345143891, -2.591243433432532, -0.15314564524558483, 1.2285100345143904, -3.511397552313867e-16]"
-0.8910000000000006,89,True,False,,6.217248937900877e-15,8.003784578443434e-06,6.601866327698277e-14,0.22210685510528305,-3.732865589397978e-16,-0.689609375,-0.4675025198947169,-0.47623662286951357,0.008734102974796654,0.028021404849176618,3.874513908317376,False,False,True,"[5.339284901847089, -1.0784129012579595, -5.7792003328982275, 0.6357651761812475, -1.078412901257958, 0.37432176186456695, 0.6357651761812481, -0.34851539902819845]","[2.211604219718965, 2.6141844193906847, -1.201821658192958e-28, -1.2390063146111399, -2.614184419390682, -0.15504915045569537, 1.239006314611141, -1.8722823845764283e-17]"
-0.9010000000000006,90,True,False,,4.440892098500626e-15,7.324211928319785e-06,5.4207960577427e-15,0.2217908435224769,6.00871560115955e-16,-0.689609375,-0.46781853147752306,-0.4765045575928301,0.008686026115307055,0.02798277123919196,3.907532009353377,False,False,True,"[5.339284901847089, -1.0945886172004322, -5.7792003328982275, 0.6327840988167756, -1.0945886172004327, 0.37893121197631857, 0.6327840988167767, -0.35268519285581873]","[2.211604219718965, 2.6370182035705625, 2.6067987149041625e-29, -1.2494308826092624, -2.6370182035705616, -0.15695844720706523, 1.2494308826092664, -1.5415690121670306e-16]"
-0.9110000000000006,91,True,False,,4.440892098500626e-15,4.829864344742371e-06,5.420799831845573e-15,0.22142701186236136,-2.9510316779485414e-16,-0.689609375,-0.4681823631376386,-0.47681902675581694,0.00863666361817833,0.31586600668905956,3.940991346369644,False,False,True,"[5.339284901847084, -1.1108489969481434, -5.7792003328982275, 0.6297283049028285, -1.1108489969481434, 0.38355507511464626, 0.629728304902828, -0.35685578651614647]","[2.211604219718962, 2.659744896810002, -2.0839789548517206e-25, -1.2597842313964116, -2.659744896810002, 0.1588737140295179, 1.2597842313964132, -2.5384202864696834e-16]"
-0.9210000000000006,92,True,False,,3.552713678800501e-15,4.434698929564472e-06,3.9720566223838057e-14,0.2210156972658207,1.9888331363503672e-16,-0.689609375,-0.46859367773417926,-0.4771797256931587,0.008586047958979437,0.31970250361682157,3.974903471205421,False,False,True,"[5.339284901847092, -1.127193676102223, -5.7792003328982275, 0.6265986853453754, -1.1271936761022243, 0.3881937958649183, 0.6265986853453753, -0.3610272525728722]","[2.211604219718967, 2.682364600363993, -2.4107288510334005e-24, -1.2700668299644762, -2.682364600363997, -0.1607951350763417, 1.270066829964477, -1.2618139130439468e-16]"
-0.9310000000000006,93,True,False,,3.552713678800501e-15,6.56278118028627e-06,3.552712165965039e-14,0.22055723177515785,2.8717354462349917e-16,-0.689609375,-0.4690521432248421,-0.4775863534609185,0.008534210236076367,0.027869799656235785,4.009280448001751,False,False,True,"[5.3392849018470825, -1.1436222884028222, -5.7792003328982275, 0.623396109564364, -1.1436222884028218, 0.3928478331903768, 0.6233961095643615, -0.365199669051947]","[2.211604219718963, 2.7048774062920713, -1.5079655974623023e-28, -1.2802791245946379, -2.7048774062920713, -0.16272290045633703, 1.280279124594634, -2.700119920586239e-16]"
-0.9410000000000006,94,True,False,,3.774758283725532e-15,4.988591171884795e-06,3.233020968610928e-14,0.22005194254603822,9.158976620202948e-17,-0.689609375,-0.46955743245396175,-0.4780386126394184,0.008481180185456627,0.3274134111149946,4.044134580959562,False,False,True,"[5.339284901847089, -1.160134465764773, -5.7792003328982275, 0.6201214270146341, -1.160134465764773, 0.3975176612698981, 0.6201214270146348, -0.369373119911391]","[2.211604219718965, 2.727283397828692, -6.931148110463647e-25, -1.2904215400322372, -2.727283397828692, 0.16465720658082575, 1.2904215400322367, 1.0710931508866693e-16]"
-0.9510000000000006,95,True,False,,7.549516567451064e-15,7.042767079005855e-06,8.164480341538562e-15,0.219500152052841,-1.1812738631613558e-15,-0.689609375,-0.47010922294715896,-0.47853620913553097,0.00842698618837201,0.3312886074965711,4.079478750302161,False,False,True,"[5.339284901847094, -1.1767298383116385, -5.779200332898233, 0.6167754686287217, -1.1767298383116411, 0.4022037703741051, 0.6167754686287215, -0.37354769553606243]","[2.211604219718966, 2.749582649737656, 7.725408029023798e-25, -1.3004944806536538, -2.749582649737661, -0.16659825652654792, 1.3004944806536538, -1.2605965860075347e-16]"
-0.9610000000000006,96,True,False,,4.440892098500626e-15,4.3580251490187975e-06,5.420803431378841e-15,0.21890217828783198,-6.455865498598653e-16,-0.689609375,-0.470707196712168,-0.4790788519838987,0.008371655271730727,0.3351775118952964,4.115325990330389,False,False,True,"[5.339284901847084, -1.193408034408126, -5.779200332898224, 0.6133590481849224, -1.1934080344081268, 0.4069066677822636, 0.6133590481849215, -0.37772349325855753]","[2.211604219718962, 2.7717752286512987, -9.632401922049027e-25, -1.310498331627205, -2.771775228651298, 0.1685462604154571, 1.310498331627205, -2.1376615965027974e-16]"
-0.9710000000000006,97,True,False,,4.3298697960381105e-15,5.146636005450355e-06,3.4953766122590265e-15,0.21825833495436398,9.939414465617003e-16,-0.689609375,-0.471351040045636,-0.47966625314657224,0.008315213100936247,0.027725603735477417,4.1516902306386285,False,False,True,"[5.339284901847089, -1.2101686806910745, -5.7792003328982275, 0.6098729636037318, -1.2101686806910719, 0.4116268787424604, 0.6098729636037296, -0.3819006179074245]","[2.211604219718965, 2.79386119339533, 1.8298609568385524e-30, -1.3204334600701255, -2.793861193395326, 0.17050143581243296, 1.3204334600701204, -1.7236276664435235e-16]"
-0.9810000000000006,98,True,False,,6.217248937900877e-15,5.228462473261824e-06,6.217253831361987e-14,0.21756893165448388,1.3111680267033526e-15,-0.689609375,-0.4720404433455161,-0.4802981273105194,0.008257683965003315,0.34299817061065313,4.188585464156042,False,False,True,"[5.3392849018470825, -1.2270114020990617, -5.779200332898224, 0.6063179981753261, -1.2270114020990577, 0.41636494747782593, 0.6063179981753265, -0.38607918238400507]","[2.211604219718965, 2.8158405953001004, -1.1203189451192945e-29, -1.3303002162035096, -2.815840595300094, -0.1724640081420764, 1.3303002162035096, -2.6558057483339136e-16]"
-0.9910000000000007,99,True,False,,1.0658141036401503e-14,9.556904232225254e-06,1.0658157859954004e-13,0.21683427407119155,-3.986100027303101e-16,-0.689609375,-0.4727751009288084,-0.4809741916824299,0.008199090753621463,0.02765608441288418,4.226026605448602,False,False,True,"[5.339284901847084, -1.2439358219007013, -5.7792003328982275, 0.6026949217204937, -1.2439358219007013, 0.42112143824167253, 0.6026949217204953, -0.39025930826927757]","[2.211604219718962, 2.8377134784989386, -1.8652881312444775e-28, -1.3400989345071457, -2.8377134784989386, -0.17443421112576477, 1.3400989345071472, 2.797446655096515e-16]"
-1.0010000000000006,100,True,False,,2.6645352591003757e-15,4.788026718843274e-06,2.9790424471586916e-14,0.21605466414566415,3.3783514556626375e-16,-0.689609375,-0.4735547108543358,-0.48169416578020136,0.008139454925865541,0.350878997374577,4.264028895087227,False,False,True,"[5.339284901847086, -1.2609415617217536, -5.7792003328982275, 0.5990044916870836, -1.2609415617217532, 0.42589693642466503, 0.5990044916870845, -0.39444112646215607]","[2.2116042197189665, 2.8594798802142942, 2.769536858074554e-20, -1.349829934875948, -2.8594798802142947, 0.17641228724024816, 1.3498299348759477, -2.7872716753532265e-18]"
-1.0110000000000006,101,True,False,,1.1546319456101628e-14,5.6043187964855505e-06,1.1957479448639666e-13,0.21523040024966905,4.1521694383734133e-16,-0.689609375,-0.4743789747503309,-0.4824577712204544,0.008078796470123495,0.3548431758952497,4.302608494500377,False,False,True,"[5.3392849018470825, -1.2780282415710702, -5.779200332898224, 0.5952474541837984, -1.2780282415710702, 0.4306920497173477, 0.5952474541837994, -0.3986247778508336]","[2.211604219718963, 2.881139831032221, 5.7383544916204345e-28, -1.3594935237798236, -2.881139831032224, -0.1783984881991929, 1.359493523779823, 2.706531021568199e-16]"
-1.0210000000000006,102,True,False,,8.881784197001252e-15,7.567144500189755e-06,1.0136537745506517e-14,0.21436177735346157,1.812473425618546e-15,-0.689609375,-0.4752475976465384,-0.48326473150137217,0.008017133854833769,0.35882387579506764,4.341782024851335,False,False,True,"[5.339284901847084, -1.2951954798655037, -5.779200332898224, 0.5914245449528815, -1.2951954798655012, 0.43550740933160736, 0.591424544952878, -0.4028104140188297]","[2.211604219718962, 2.9026933551659218, -2.478046389467574e-28, -1.3690899954286018, -2.9026933551659178, 0.18039307545912317, 1.3690899954285984, -4.2993041186775933e-16]"
-1.0310000000000006,103,True,False,,4.440892098500626e-15,6.423947550332803e-06,5.420797115502199e-15,0.2134490871893997,-3.2390855796765926e-16,-0.689609375,-0.47616028781060027,-0.4841147717801357,0.007954483969535409,0.36282163032605635,4.381567014747464,False,False,True,"[5.339284901847084, -1.3124428934537717, -5.7792003328982275, 0.5875364902829772, -1.3124428934537717, 0.4403436712849161, 0.587536490282978, -0.4069981979875595]","[2.211604219718962, 2.924140470708705, -2.432395559537791e-29, -1.37861963294369, -2.924140470708705, -0.1823963207513732, 1.3786196329436886, 6.226945325749797e-16]"
-1.0410000000000006,104,True,False,,9.769962616701378e-15,5.5776354555805565e-06,1.0555885958414497e-14,0.2124926184115416,7.56304997695837e-17,-0.689609375,-0.47711675658845837,-0.4850076186441532,0.007890862055694836,0.02748923970426333,4.421981748545103,False,False,True,"[5.339284901847094, -1.3297700976394382, -5.779200332898233, 0.5835840078632858, -1.3297700976394382, 0.44520151775148026, 0.5835840078632865, -0.41118830499732756]","[2.211604219718966, 2.9454811898771553, 1.0407162189075011e-29, -1.38808270953808, -2.9454811898771553, -0.18440850664174924, 1.3880827095380817, -1.4110157272494485e-16]"
-1.0510000000000006,105,True,False,,4.440892098500626e-15,1.084640179575065e-05,5.178925770179778e-15,0.21149265675140216,-1.113471989329716e-16,-0.689609375,-0.4781167182485978,-0.48594299987524076,0.00782628162664295,0.02745699847711087,4.46304543390695,False,False,True,"[5.339284901847094, -1.3471767062029398, -5.779200332898233, 0.5795678075798036, -1.347176706202939, 0.450081658484792, 0.5795678075798054, -0.4153809233288509]","[2.211604219718966, 2.9667155192446937, -6.607571462044282e-30, -1.3974794897062122, -2.9667155192446932, -0.18642992711977657, 1.3974794897062168, 7.082017882599334e-17]"
-1.0610000000000006,106,True,False,,5.329070518200751e-15,5.591839063518885e-06,5.958084168614644e-15,0.21044948517019257,1.8305312131105992e-16,-0.689609375,-0.4791598898298074,-0.48692064420585324,0.007760754376045842,0.3749228781221165,4.504778144582475,False,False,True,"[5.339284901847086, -1.3646623314228608, -5.7792003328982275, 0.5754885922543953, -1.3646623314228594, 0.4549848323163997, 0.5754885922543947, -0.41957625516753055]","[2.2116042197189665, 2.987843459966266, 2.4640275528990948e-25, -1.4068102304253023, -2.9878434599662667, 0.1884608882195012, 1.4068102304253032, -2.7380985023662276e-16]"
-1.0710000000000006,107,True,False,,9.769962616701378e-15,6.397587378321653e-06,1.0555866551834525e-14,0.2093633840076497,1.2676742461929174e-15,-0.689609375,-0.48024599099235027,-0.48794028106639725,0.007694290074046983,0.02739358416627992,4.547201108927713,False,False,True,"[5.3392849018470825, -1.3822265840963366, -5.779200332898224, 0.5713470583270956, -1.3822265840963333, 0.4599118087361181, 0.5713470583270936, -0.42377451751288875]","[2.211604219718963, 3.0088650079943577, 2.623574030345247e-29, -1.4160751823695854, -3.0088650079943515, 0.1905017086740413, 1.4160751823695819, -1.7510926878104654e-16]"
-1.0810000000000006,108,True,False,,4.440892098500626e-15,7.881450372070981e-06,5.420802547958855e-15,0.20823463112777896,1.2275329091579658e-18,-0.689609375,-0.481374743872221,-0.4890016403225898,0.007626896450368792,0.02736239716970408,4.590336682036951,False,False,True,"[5.339284901847089, -1.3998690735587977, -5.7792003328982275, 0.5671438964819924, -1.3998690735587977, 0.46486338955935463, 0.5671438964819944, -0.42797594313578324]","[2.211604219718965, 3.029780154286918, -1.0148242496425438e-28, -1.4252745911390412, -3.029780154286918, 0.19255272060621118, 1.4252745911390443, 4.51375227066352e-16]"
-1.0910000000000006,109,True,False,,5.773159728050814e-15,6.237733408171733e-06,6.5568987639006615e-15,0.20706350206166071,2.029946303631416e-16,-0.689609375,-0.4825458729383393,-0.49010445200175906,0.007558579063419779,0.027331548005608254,4.63420812127676,False,False,True,"[5.339284901847084, -1.4175894077029711, -5.779200332898224, 0.5628797922167849, -1.417589407702968, 0.46984041068773624, 0.5628797922167865, -0.4321807815862439]","[2.211604219718962, 3.0505888850075005, 1.3785035632353526e-29, -1.434408698504102, -3.0505888850074947, 0.19461427025780478, 1.4344086985041034, 3.9294664227194625e-16]"
-1.1010000000000006,110,True,False,,1.9539925233402755e-14,1.155136296898398e-05,1.9539902024550299e-13,0.20585027014753338,4.528847762052844e-16,-0.689609375,-0.4837591048524666,-0.49124844600689654,0.0074893411544299515,0.027301030208956002,4.6788402470158585,False,False,True,"[5.339284901847094, -1.4353871929972504, -5.779200332898238, 0.5585554263559783, -1.4353871929972528, 0.47484374396967927, 0.5585554263559787, -0.4363893002549835]","[2.211604219718966, 3.0712911817179727, 9.583928764867032e-29, -1.4434777436678043, -3.0712911817179775, 0.19668671876025856, 1.4434777436678095, -2.553668095125824e-16]"
-1.1110000000000007,111,True,False,,3.552713678800501e-15,4.0288686094076385e-06,3.9720536163439937e-14,0.20459520666839603,-6.938512664802791e-16,-0.689609375,-0.48501416833160393,-0.49243335181718206,0.007419183485578129,0.027270837498058365,4.724259349671504,False,False,True,"[5.339284901847089, -1.4532620345034668, -5.7792003328982275, 0.5541714755075566, -1.4532620345034668, 0.47987429916823165, 0.5541714755075575, -0.440601785491945]","[2.211604219718965, 3.0918870215642413, 1.561387978971181e-31, -1.4524819645470493, -3.0918870215642413, 0.19877044294976548, 1.4524819645470497, 1.566076432539282e-16]"
-1.1210000000000007,112,True,False,,1.2434497875801753e-14,1.7809312048055888e-05,1.0658129111078321e-13,0.20329858098729153,1.769076921166956e-17,-0.689609375,-0.48631079401270844,-0.49365889817362274,0.007348104160914304,0.027240963767795955,4.770492872249761,False,False,True,"[5.3392849018470825, -1.471213535894038, -5.779200332898224, 0.5497286124628087, -1.47121353589404, 0.4849330260441517, 0.5497286124627986, -0.44481854378554564]","[2.211604219718963, 3.112376377455106, -2.1396223038983447e-28, -1.4614215990744321, -3.1123763774551088, 0.20086583623011575, 1.461421599074417, -1.9712567200916524e-15]"
-1.1310000000000007,113,True,False,,8.881784197001252e-15,5.285880082283316e-06,8.881786261060583e-14,0.2019606606804784,2.0177230288443277e-15,-0.689609375,-0.48764871431952156,-0.49492481274833067,0.007276098428809108,0.40387119511463965,4.817570278673121,False,False,True,"[5.339284901847086, -1.489241299468622, -5.779200332898224, 0.5452275065387728, -1.4892412994686197, 0.49002091656286983, 0.5452275065387726, -0.44903990300657826]","[2.211604219718967, 3.132759218234811, -3.0632604388730317e-19, -1.4702968865223778, -3.1327592182348085, -0.2029733094868353, 1.4702968865223782, -3.185580768164786e-16]"
-1.1410000000000007,114,True,False,,4.440892098500626e-15,7.256966414842386e-06,5.420807526028455e-15,0.20058171166874528,-1.4936825831343571e-16,-0.689609375,-0.4890276633312547,-0.4962308217958608,0.007203158464606119,0.027182149672843627,4.865522186847867,False,False,True,"[5.339284901847089, -1.5073449261702168, -5.779200332898224, 0.5406688238628475, -1.5073449261702179, 0.495139007234885, 0.540668823862848, -0.4532662137211703]","[2.211604219718965, 3.1530355088493653, -2.5479111657431e-30, -1.4791080688513565, -3.1530355088493676, -0.2050932920566389, 1.4791080688513547, 4.3167815704045804e-17]"
-1.1510000000000007,115,True,False,,5.329070518200751e-15,5.9384441988253855e-06,5.691448567768437e-15,0.19916199834698803,-4.729089237448783e-16,-0.689609375,-0.49044737665301197,-0.49757664978492167,0.007129273131909697,0.027153197923749026,4.914381605240705,False,False,True,"[5.33928490184709, -1.5255240156008127, -5.7792003328982275, 0.5360532275986206, -1.525524015600811, 0.5002883815999806, 0.5360532275986204, -0.4574978505775576]","[2.211604219718962, 3.1732052105070667, -6.779358493264428e-30, -1.487855392083805, -3.173205210507064, -0.2072262327563985, 1.4878553920838067, 9.408807544738636e-17]"
-1.1610000000000007,116,True,False,,4.440892098500626e-15,5.1593788309647745e-06,4.965069748341111e-15,0.19770178371232808,5.45777617957871e-16,-0.689609375,-0.4919075912876719,-0.49896201900863013,0.007054427720958212,0.41663105888580887,4.96418342470973,False,False,True,"[5.339284901847088, -1.5437781660365542, -5.779200332898233, 0.531381378112265, -1.543778166036555, 0.505470172866701, 0.531381378112265, -0.46173521377196347]","[2.2116042197189647, 3.1932682808333417, -1.7561817327406626e-24, -1.4965391077059653, -3.1932682808333412, 0.20937260097646074, 1.4965391077059653, -1.5027579416621353e-16]"
-1.1710000000000007,117,True,False,,5.329070518200751e-15,6.78303531781511e-06,5.3290778095977044e-14,0.1962013294909275,3.6494863149954737e-16,-0.689609375,-0.49340804550907247,-0.5003866491713582,0.006978603662285754,0.02709617771228683,5.01496460659721,False,False,True,"[5.339284901847089, -1.5621069744425198, -5.7792003328982275, 0.5266539330783844, -1.5621069744425207, 0.5106855667196398, 0.5266539330783832, -0.4659787305993598]","[2.211604219718965, 3.2132246740203168, -4.369370450260826e-29, -1.5051594740995486, -3.2132246740203185, 0.21153288784346577, 1.5051594740995493, -3.8174896605590593e-16]"
-1.1810000000000007,118,True,False,,5.329070518200751e-15,8.29863315688733e-06,5.329066711962799e-14,0.19466089626373284,5.492448559492984e-16,-0.689609375,-0.49494847873626713,-0.5018502569500662,0.006901778213799115,0.027068098763569876,5.066764585424008,False,False,True,"[5.339284901847092, -1.5805100364870275, -5.779200332898233, 0.5218715475242176, -1.5805100364870295, 0.5159358043083404, 0.5218715475242173, -0.47022885709549594]","[2.211604219718967, 3.2330743409711826, 1.0981736442710744e-28, -1.513716758005635, -3.2330743409711853, 0.2137076074583859, 1.51371675800564, -3.304477555778123e-16]"
-1.1910000000000007,119,True,False,,8.43769498715119e-15,4.862811733955296e-06,9.862885890704104e-15,0.19308074359138738,8.398488858420615e-16,-0.689609375,-0.4965286314086126,-0.5033525555278683,0.006823924119255698,0.02704030049322932,5.119625058896641,False,False,True,"[5.3392849018470825, -1.5989869465556452, -5.779200332898224, 0.5170348738109899, -1.598986946555644, 0.521222185433049, 0.5170348738109902, -0.47448607977726065]","[2.211604219718965, 3.252817229439701, 1.1912146938742273e-29, -1.5222112360232496, -3.252817229439699, 0.21589729821611295, 1.5222112360232518, 1.940031221884899e-16]"
-1.2010000000000007,120,True,False,,3.9968028886505635e-15,5.2421736350683e-06,4.572179191876127e-15,0.1914611301384814,2.1842981922829815e-15,-0.689609375,-0.49814824486151854,-0.5048932540973969,0.006745009235878396,0.43403247532476474,5.173590625191031,False,False,True,"[5.339284901847085, -1.6175372977647573, -5.779200332898224, 0.5121445615509557, -1.617537297764757, 0.5265460719441065, 0.5121445615509548, -0.4787509174891781]","[2.211604219718965, 3.2724532841649925, 4.676246136195085e-24, -1.5306431961454026, -3.2724532841649916, -0.21810252421352802, 1.5306431961454017, -4.453976326392173e-17]"
-1.2110000000000007,121,True,False,,5.329070518200751e-15,5.7910864964073225e-06,5.3290702105980275e-14,0.18980231379741003,8.733464858667823e-16,-0.689609375,-0.49980706120258994,-0.5064720573313684,0.006664996128778411,0.026985526501174344,5.228708623611283,False,False,True,"[5.339284901847092, -1.63616068197486, -5.779200332898233, 0.5072012574586505, -1.6361606819748624, 0.5319088913735157, 0.5072012574586476, -0.4830239233646621]","[2.211604219718967, 3.2919824470018444, 1.031282488081329e-28, -1.5390129393356986, -3.291982447001846, -0.2203238767537466, 1.5390129393356942, -5.499954643362504e-16]"
-1.2210000000000008,122,True,False,,3.9968028886505635e-15,8.200555007749178e-06,4.8035595239691146e-15,0.1881045518120863,4.695330811283685e-17,-0.689609375,-0.5015048231879137,-0.5080886648175497,0.006583841629635989,0.44291881156052115,5.285029848139176,False,False,True,"[5.33928490184708, -1.6548566898034929, -5.779200332898224, 0.5022056051346466, -1.6548566898034924, 0.5373121408192741, 0.5022056051346472, -0.48730568691167364]","[2.211604219718959, 3.311404657046706, 2.0626793919741325e-29, -1.5473207811488938, -3.3114046570467046, 0.22256197595506522, 1.5473207811488927, 3.4341889352257684e-16]"
-1.2310000000000008,123,True,False,,6.050715484207103e-15,5.1586215756218925e-06,5.4208000191716945e-15,0.18636810090172318,5.409193594276832e-16,-0.689609375,-0.5032412740982768,-0.5097427704551307,0.006501496356853931,0.026931818012407512,5.342607995350655,False,False,True,"[5.339284901847084, -1.6736249106378864, -5.7792003328982275, 0.49715824477995346, -1.673624910637888, 0.5427573911051901, 0.4971582447799484, -0.491596836233397]","[2.211604219718962, 3.3307198507595484, 1.0272258381902082e-28, -1.555567053399319, -3.3307198507595515, 0.22481747247400952, 1.5555670533993124, -9.61905594335824e-16]"
-1.2410000000000008,124,True,False,,5.329070518200751e-15,5.527000832132454e-06,7.081100724577926e-15,0.18459321738498707,1.298711174843445e-15,-0.689609375,-0.505016157615013,-0.5114340618092913,0.0064179041942783455,0.02690535206765211,5.401500722001964,False,False,True,"[5.339284901847094, -1.692464932647337, -5.779200332898233, 0.49205981283900313, -1.6924649326473324, 0.5482462912414751, 0.49205981283900435, -0.495898040395841]","[2.211604219718966, 3.3499279620817926, 3.1584737685999385e-30, -1.563752105881383, -3.3499279620817872, 0.22709104935296823, 1.5637521058813866, 2.526946768106745e-16]"
-1.2510000000000008,125,True,False,,4.440892098500626e-15,6.961231068902652e-06,5.420808684246037e-15,0.1827801573047847,-9.12984508994179e-16,-0.689609375,-0.5068292176952153,-0.5131622194205187,0.006333001725303378,0.026879139208807835,5.461769474253992,False,False,True,"[5.339284901847089, -1.711376342795265, -5.779200332898224, 0.48691094156904763, -1.7113763427952677, 0.5537805732142057, 0.4869109415690477, -0.5002100119555959]","[2.211604219718965, 3.3690289225503824, 3.947703904825865e-30, -1.571876308147195, -3.3690289225503878, 0.22938342400407105, 1.5718763081471974, -2.3085108387855888e-17]"
-1.2610000000000008,126,True,False,,5.329070518200751e-15,1.2570365225075917e-05,5.329077987958471e-14,0.1809291765540041,4.492137861620522e-16,-0.689609375,-0.5086801984459959,-0.5149269160650066,0.006246717619010744,0.4611125557989358,5.523479845046347,False,False,True,"[5.339284901847094, -1.7303587268511127, -5.779200332898233, 0.4817122585333878, -1.7303587268511154, 0.5593620571349517, 0.4817122585333869, -0.5045335096625295]","[2.211604219718966, 3.3880226614083466, 2.9767883234552787e-19, -1.5799400513466566, -3.3880226614083515, -0.23169535034221037, 1.5799400513466555, -5.272852985234464e-16]"
-1.2710000000000008,127,True,False,,1.7763568394002505e-15,6.765006861090926e-06,1.9860263551432907e-14,0.1790405310025025,1.0398188116962545e-15,-0.689609375,-0.5105688439974975,-0.5167278159622014,0.006158971964703941,0.46575700720909247,5.586702247985757,False,False,True,"[5.339284901847092, -1.7494116694018853, -5.779200332898233, 0.47646438601579594, -1.749411669401888, 0.5649926567854293, 0.47646438601579566, -0.508869341353955]","[2.211604219718967, 3.4069091057116885, 1.4837604992479773e-22, -1.5879437501364266, -3.406909105711691, 0.23402762108173245, 1.587943750136426, -5.2937260626877714e-17]"
-1.2810000000000008,128,True,False,,5.329070518200751e-15,6.386729204745714e-06,5.329076164360848e-14,0.1771144766257186,3.255482309073524e-16,-0.689609375,-0.5124948983742814,-0.5185645739253113,0.006069675551029885,0.4704430028045898,5.651511237911406,False,False,True,"[5.339284901847092, -1.768534753863573, -5.7792003328982275, 0.4711679403530834, -1.768534753863573, 0.5706743855962255, 0.47116794035308573, -0.5132183670588067]","[2.211604219718967, 3.425688180433083, -1.1900093866635293e-27, -1.595887844664787, -3.425688180433083, -0.23638107021289054, 1.5958878446647864, 8.431171694707068e-16]"
-1.2910000000000008,129,True,False,,5.329070518200751e-15,1.5516482013361532e-05,5.3290785071195426e-14,0.17515126963524819,1.4406188961938411e-15,-0.689609375,-0.5144581053647518,-0.5204368344503245,0.0059787290855727315,0.47517225561684945,5.7179875933894175,False,False,True,"[5.339284901847097, -1.787727562492292, -5.779200332898238, 0.46582353118243336, -1.7877275624922895, 0.5764093631031659, 0.4658235311824309, -0.5175815023325832]","[2.2116042197189705, 3.444359808562271, 7.812815739634529e-29, -1.6037728026405162, -3.4443598085622673, 0.23875657567617117, 1.6037728026405158, -1.068478830637926e-15]"
-1.3010000000000008,130,True,False,,7.549516567451064e-15,1.0695626162826066e-05,9.24090709640972e-15,0.1731511666118314,9.741411241436358e-16,-0.689609375,-0.5164582083881686,-0.5223442307387963,0.00588602235062774,0.026751727773730506,5.78621735527706,False,False,True,"[5.339284901847089, -1.8069896763952529, -5.779200332898233, 0.46043176059977214, -1.8069896763952562, 0.5821998219302695, 0.4604317605997662, -0.5219597218464297]","[2.211604219718965, 3.4629239112033527, -1.553886630550626e-28, -1.6115991214949663, -3.462923911203357, 0.2411550622547205, 1.6115991214949588, -1.3468778378822105e-15]"
-1.3110000000000008,131,True,False,,6.439293542825908e-15,7.614869635490483e-06,4.528840316634733e-14,0.171114424641155,1.0321629574252409e-15,-0.689609375,-0.518494950358845,-0.5242863836493921,0.005791433290547099,0.026726948755675023,5.856292059515559,False,False,True,"[5.339284901847084, -1.8263206755415615, -5.779200332898224, 0.4549932222250189, -1.8263206755415615, 0.5880481153542386, 0.45499322222501415, -0.5263540632566406]","[2.211604219718962, 3.4813804076692016, -2.21985263860356e-28, -1.6193673306478407, -3.4813804076692016, 0.2435775047076653, 1.619367330647833, -1.115691636207374e-15]"
-1.3210000000000008,132,True,False,,1.2434497875801753e-14,1.1903188764364875e-05,1.3359625731728384e-14,0.16904130145297203,2.3940876997239145e-16,-0.689609375,-0.5205680735470279,-0.5262629005728819,0.005694827025853999,0.4896380876639909,5.928311155093716,False,False,True,"[5.339284901847092, -1.8457201387727762, -5.7792003328982275, 0.44950850016951277, -1.8457201387727762, 0.5939567255122925, 0.4495085001695123, -0.5307656313842364]","[2.211604219718967, 3.499729215572874, 1.7122696005443464e-28, -1.6270779938886388, -3.499729215572874, -0.2460249311699049, 1.627077993888636, -2.310670373557877e-16]"
-1.3310000000000008,133,True,False,,3.552713678800501e-15,5.327222975676407e-06,3.7221451428753584e-14,0.16693205556406931,1.8827145283489348e-16,-0.689609375,-0.5226773194359307,-0.5282733742250026,0.005596054789071991,0.49455941098708617,6.002379995636478,False,False,True,"[5.339284901847089, -1.865187643813372, -5.779200332898233, 0.4439781679002933, -1.865187643813372, 0.5999282723230536, 0.44397816790029393, -0.5351956027380843]","[2.211604219718965, 3.517970250916396, -1.1854195226452069e-28, -1.6347317118874503, -3.517970250916396, 0.2484984268472675, 1.6347317118874523, 2.1323309959518927e-17]"
-1.3410000000000009,134,True,False,,5.329070518200751e-15,5.787217758988514e-06,5.958080111017462e-15,0.16478694642566105,-2.3714870727331466e-16,-0.689609375,-0.5248224285743389,-0.5303173813513221,0.005494952776983197,0.02665395217327167,6.078612207192401,False,False,True,"[5.339284901847089, -1.8847227672810019, -5.7792003328982275, 0.43840278699534313, -1.8847227672810019, 0.6059655231992833, 0.4384027869953469, -0.5396452304195066]","[2.211604219718965, 3.536103428176863, -1.8092314130995337e-29, -1.6423291248506886, -3.536103428176863, 0.2509991380396499, 1.6423291248506924, 9.486885223787496e-16]"
-1.3510000000000009,135,True,False,,3.774758283725532e-15,7.026093419547453e-06,3.552712720836038e-14,0.16260623457584333,1.9873751058986217e-16,-0.689609375,-0.5270031404241566,-0.5323944813379715,0.005391340913814879,0.02663005528346239,6.157130321112084,False,False,True,"[5.339284901847089, -1.9043250846966342, -5.7792003328982275, 0.4327829057829728, -1.9043250846966342, 0.6120714036415688, 0.43278290578297024, -0.5441158494513091]","[2.211604219718965, 3.5541286603899875, -2.911449382316707e-29, -1.6498709153397242, -3.5541286603899875, 0.2535282765290752, 1.649870915339721, -4.61285228449365e-16]"
-1.3610000000000009,136,True,False,,8.881784197001252e-15,5.537195970905059e-06,8.881788740803317e-14,0.16039018179785547,-8.391875885863153e-16,-0.689609375,-0.5292191932021445,-0.5345042147218791,0.005285021519734645,0.026606370486022064,6.238064692526622,False,False,True,"[5.33928490184709, -1.9239941704945043, -5.779200332898233, 0.4271190578576737, -1.923994170494506, 0.6182490088142583, 0.42711905785767745, -0.5486088825801392]","[2.211604219718962, 3.5720458592311934, 5.618142285429268e-29, -1.6573578112728555, -3.5720458592311966, 0.2560871243745876, 1.6573578112728606, 8.646254204563056e-16]"
-1.3710000000000009,137,True,False,,2.6645352591003757e-15,3.674874288461716e-06,3.768221975998981e-15,0.15813905128490002,-1.0759884842423518e-16,-0.689609375,-0.5314703237151,-0.5366461015939017,0.005175777878801746,0.514802135932373,6.321556979327585,False,False,True,"[5.339284901847089, -1.943729598032026, -5.7792003328982275, 0.42141176046374335, -1.9437295980320286, 0.6245016162186128, 0.42141176046374834, -0.5531258466077468]","[2.211604219718965, 3.589854935094412, -1.6245372769739738e-28, -1.6647905891342598, -3.5898549350944147, -0.2586770391616677, 1.6647905891342596, 1.2143742595132358e-15]"
-1.381000000000001,138,True,False,,1.3322676295501878e-15,4.519901400094512e-06,1.3322683950220261e-14,0.15585310781244543,-4.863282744816191e-16,-0.689609375,-0.5337562671875545,-0.5388196398880861,0.005063372700531588,0.02655962435796824,6.407758809947333,False,False,True,"[5.339284901847089, -1.9635309395994571, -5.7792003328982275, 0.4156615127365516, -1.9635309395994551, 0.6308326995944983, 0.415661512736551, -0.5576683593146815]","[2.211604219718964, 3.6075557971685117, -1.2770877566866716e-29, -1.6721700774168093, -3.607555797168509, -0.2612994597604734, 1.6721700774168082, -1.1783200934190415e-16]"
-1.391000000000001,139,True,False,,6.217248937900877e-15,6.972681601201857e-06,6.217252963831903e-14,0.15353261791896655,-6.341179896032338e-16,-0.689609375,-0.5360767570810334,-0.5410243035501637,0.004947546469130315,0.026536556803454264,6.4968336123423835,False,False,True,"[5.339284901847089, -1.983397766429548, -5.7792003328982275, 0.4098687937900588, -1.9833977664295503, 0.6372459442004801, 0.4098687937900598, -0.5622381470490212]","[2.211604219718965, 3.6251483535116287, -1.9024520584997446e-28, -1.6794971603300635, -3.6251483535116322, -0.2639559126550885, 1.6794971603300708, 3.787582267523813e-16]"
-1.401000000000001,140,True,False,,3.497202527569243e-15,5.266979849300985e-06,2.9587310339981057e-15,0.15117785009626594,8.381307897039239e-16,-0.689609375,-0.538431524903734,-0.5432595405783192,0.004828015674585129,0.5306437348643198,6.5889583053807055,False,False,True,"[5.339284901847094, -2.0033296487070507, -5.779200332898233, 0.4040340606373747, -2.003329648707053, 0.6437452636442503, 0.4040340606373701, -0.5668370530634756]","[2.211604219718966, 3.642632511123367, 8.07139010126298e-29, -1.686772781809234, -3.6426325111233697, 0.2666480189148937, 1.6867727818092306, -1.3175227262357451e-15]"
-1.411000000000001,141,True,False,,1.687538997430238e-14,1.1032965725170148e-05,2.0447387415295556e-14,0.1487890749905938,-3.3124460984093664e-16,-0.689609375,-0.5408203000094062,-0.5455247709293106,0.0047044709199044465,0.026491017675185358,6.684323258173276,False,False,True,"[5.33928490184708, -2.0233261555780895, -5.779200332898224, 0.3981577459291052, -2.023326155578084, 0.6503348184607755, 0.398157745929105, -0.5714670466966287]","[2.211604219718959, 3.660008176014918, -1.6798789863482836e-29, -1.6939979498665587, -3.6600081760149097, 0.2693775018898978, 1.6939979498665543, 2.422735168895085e-16]"
-1.421000000000001,142,True,False,,5.329070518200751e-15,5.015822174778585e-06,6.169484242962725e-15,0.14636656561598138,-4.433393558461282e-16,-0.689609375,-0.5432428093840186,-0.5478193842831547,0.004576574899136099,0.5415649488756713,6.783134035446326,False,False,True,"[5.339284901847089, -2.043386855159482, -5.7792003328982275, 0.392240255491985, -2.043386855159485, 0.6570190366657254, 0.3922402554919833, -0.5761302335087533]","[2.211604219718965, 3.6772752532772977, 2.0709852479718716e-19, -1.7011737413332453, -3.677275253277303, -0.2721461957242483, 1.7011737413332468, -4.1830847354920726e-16]"
-1.431000000000001,143,True,False,,1.021405182655144e-14,6.9750266974104754e-06,1.2442429981029788e-14,0.1439105975814089,-3.9014430754170784e-16,-0.689609375,-0.5456987774185911,-0.5501427376598605,0.004443960241269473,0.5471443043225628,6.885614670632215,False,False,True,"[5.3392849018470825, -2.0635113145479416, -5.779200332898219, 0.3862819656473796, -2.0635113145479416, 0.6638026365471937, 0.38628196564737877, -0.5808288664999491]","[2.211604219718963, 3.694433647147643, -1.0034861233563671e-28, -1.7083013070475368, -3.694433647147643, 0.27495605479686713, 1.708301307047533, -3.969768201408008e-16]"
-1.441000000000001,144,True,False,,8.604228440844963e-15,6.27191351420228e-06,6.107532405795628e-15,0.14142144933354217,1.1291008424008295e-15,-0.689609375,-0.5481879256664578,-0.5524941528821449,0.004306227215687075,0.5528081331769918,6.992006875473616,False,False,True,"[5.339284901847089, -2.0836990998292237, -5.779200332898224, 0.38028322028609485, -2.0836990998292237, 0.6706906520005045, 0.38028322028608874, -0.5855653585586502]","[2.211604219718965, 3.7114832610737265, -1.7492283152920726e-29, -1.715381877553769, -3.7114832610737265, -0.2778091642154597, 1.7153818775537581, -1.4957143089005646e-15]"
-1.451000000000001,145,True,False,,5.662137425588298e-15,3.777871472177637e-06,5.329068358724274e-14,0.138899402417201,-7.007593198419341e-16,-0.689609375,-0.550709972582799,-0.5548729138786852,0.0041629412958862355,0.026402243255823687,7.1025735364842095,False,False,True,"[5.339284901847089, -2.103949776087122, -5.779200332898233, 0.3742443276719157, -2.103949776087124, 0.677688460760837, 0.37424432767192056, -0.5903422963128989]","[2.211604219718965, 3.7284239977766362, -5.541482568799536e-29, -1.7224167693880235, -3.728423997776639, -0.280707751510888, 1.7224167693880301, 1.2696342955890228e-15]"
-1.461000000000001,146,True,False,,4.3298697960381105e-15,5.912237930585163e-06,4.44089247635519e-15,0.1363447417557786,-4.1778752317013545e-17,-0.689609375,-0.5532646332442214,-0.5572782638233577,0.004013630579136285,0.5644067786625049,7.217601009954595,False,False,True,"[5.339284901847092, -2.1242629074124944, -5.7792003328982275, 0.3681655569419079, -2.1242629074124944, 0.6848018159475494, 0.3681655569419025, -0.5951624555855523]","[2.211604219718967, 3.7452557593118785, -2.147471857382324e-29, -1.7294073920388209, -3.7452557593118785, 0.2836541997032006, 1.7294073920388175, -1.2653961709192887e-15]"
-1.471000000000001,147,True,False,,5.329070518200751e-15,9.806989270333571e-06,5.329074873148456e-14,0.13375775595440786,4.771386659985277e-16,-0.689609375,-0.5558516190455921,-0.5597094021070618,0.003857783061469666,0.5703511529141485,7.337401582914838,False,False,True,"[5.339284901847092, -2.144638056912119, -5.7792003328982275, 0.36204713426561497, -2.144638056912119, 0.692036881405056, 0.3620471342656133, -0.6000288186890923]","[2.211604219718967, 3.761978447128725, -1.3252405343352956e-29, -1.7363552556865098, -3.761978447128725, -0.2866510619403546, 1.7363552556865074, -1.4861241990357203e-16]"
-1.481000000000001,148,True,False,,5.773159728050814e-15,1.2102908735542865e-05,5.841066063568424e-14,0.1311387376288884,2.5143087215201735e-16,-0.689609375,-0.5584706373711116,-0.5621654811402282,0.0036948437691166625,0.5763991747595623,7.462316343891638,False,False,True,"[5.339284901847096, -2.1650747867175495, -5.779200332898238, 0.3558892386194038, -2.1650747867175544, 0.6994002714104007, 0.35588923861940225, -0.6049445938372463]","[2.2116042197189647, 3.7785919621280635, 8.190274530952599e-29, -1.7432619798437674, -3.7785919621280692, 0.2897010779456126, 1.743261979843766, -8.243591018766327e-16]"
-1.491000000000001,149,True,False,,5.329070518200751e-15,1.2516517523542502e-05,6.661341411126591e-15,0.12848798376400894,-5.545857812898027e-16,-0.689609375,-0.561121391235991,-0.564645602986004,0.00352421175001294,0.026316396986464364,7.592719294717365,False,False,True,"[5.339284901847076, -2.18557265799387, -5.779200332898219, 0.349691997123593, -2.1855726579938635, 0.7068990954205426, 0.34969199712359506, -0.6099132370005876]","[2.211604219718957, 3.7950962047186394, 1.1153322105129923e-28, -1.7501293030414926, -3.795096204718629, 0.2928071925524612, 1.750129303041493, 2.48939787937612e-16]"
-1.501000000000001,150,True,False,,4.773959005888173e-15,6.897068155669763e-06,4.4408913894383034e-15,0.12580579610527032,9.182903142672201e-16,-0.689609375,-0.5638035788947297,-0.5671488158264378,0.0033452369317081843,0.5888293602300335,7.729020594731267,False,False,True,"[5.339284901847089, -2.2061312309484227, -5.7792003328982275, 0.34345547988119274, -2.2061312309484227, 0.7145410086571735, 0.34345547988118946, -0.6149384765939901]","[2.211604219718965, 3.8114910748719195, -8.799488130066154e-30, -1.7569590937315862, -3.8114910748719195, -0.29597257665755033, 1.7569590937315802, -1.0180503303188272e-15]"
-1.511000000000001,151,True,False,,7.549516567451064e-15,6.3257716281038366e-06,5.420805663100019e-15,0.1230924815889698,3.7373011444657684e-16,-0.689609375,-0.5665168934110302,-0.5696741102668659,0.0031572168558356983,0.595224248344109,7.871673121393194,False,False,True,"[5.339284901847089, -2.226750064839452, -5.779200332898224, 0.3371796942452354, -2.226750064839452, 0.7223342694790975, 0.33717969424523836, -0.6200243414577632]","[2.211604219718965, 3.8277764721754246, 6.129468336112974e-29, -1.763753362610791, -3.8277764721754246, 0.2992006509851009, 1.7637533626108004, 1.8120143272219033e-15]"
-1.521000000000001,152,True,False,,5.329070518200751e-15,2.407724629992623e-06,5.4025809866024744e-14,0.1203483528160656,-6.504949394908571e-16,-0.689609375,-0.5692610221839344,-0.5722204154871466,0.0029593933032122655,0.026253837216256657,8.021175540102043,False,False,True,"[5.339284901847094, -2.2474287179847177, -5.779200332898233, 0.33086457842803785, -2.2474287179847177, 0.7302878046785041, 0.33086457842803835, -0.6251751926848229]","[2.211604219718966, 3.84395229588476, 3.663623660078052e-29, -1.7705142766101882, -3.84395229588476, 0.3024951131335092, 1.770514276610188, 5.112102966604203e-16]"
-1.531000000000001,153,True,False,,3.9968028886505635e-15,4.947875446612064e-06,5.347545387493313e-15,0.11757372857651616,-3.241765911896175e-17,-0.689609375,-0.5720356464234838,-0.5747865952525282,0.002750948829044364,0.6084093163571829,8.178080665444154,False,False,True,"[5.339284901847086, -2.2681667477700476, -5.779200332898224, 0.3245099943485402, -2.268166747770052, 0.7384112840673213, 0.3245099943485406, -0.6303957599578965]","[2.2116042197189674, 3.860018444974246, -6.791266364806941e-19, -1.777244174844115, -3.8600184449742505, -0.3058599684700179, 1.7772441748441135, 5.202241464046564e-16]"
-1.541000000000001,154,True,False,,9.325873406851315e-15,7.618645847528426e-06,8.260534136508916e-15,0.11476893443171665,1.7422660460424297e-16,-0.689609375,-0.5748404405682833,-0.5773714438018094,0.0025310032335260635,0.0262129645679718,8.343004157148368,False,False,True,"[5.339284901847092, -2.2889637106578817, -5.779200332898233, 0.3181157195932498, -2.288963710657884, 0.7467152060043301, 0.3181157195932412, -0.6356911831989263]","[2.211604219718967, 3.875974818186345, -4.9736447346159315e-29, -1.7839455868741936, -3.8759748181863487, -0.3092995655572068, 1.7839455868741834, -3.678380031413667e-15]"
-1.551000000000001,155,True,False,,1.4210854715202004e-14,1.2820880288170373e-05,1.6091728344050288e-14,0.11193430336421706,3.6381461934034253e-16,-0.689609375,-0.5776750716357829,-0.5799736816361515,0.0022986100003685728,0.0261927717308694,8.516631053637926,False,False,True,"[5.3392849018470825, -2.3098191621957067, -5.7792003328982275, 0.31168143834039463, -2.309819162195704, 0.7552109958688463, 0.31168143834040074, -0.6410670605053042]","[2.211604219718963, 3.8918213140797238, 5.092597637310381e-29, -1.7906212537201054, -3.891821314079721, -0.3128186369421711, 1.790621253720115, 2.2269739880132933e-15]"
-1.561000000000001,156,True,False,,1.3322676295501878e-14,7.133553974024251e-06,1.489520035327373e-14,0.10907017650555706,9.812774959136748e-17,-0.689609375,-0.5805391984944429,-0.5825919512385093,0.002052752744066355,0.6293011259961244,8.699729129776472,False,False,True,"[5.339284901847096, -2.330732657024518, -5.779200332898232, 0.3052067310650042, -2.3307326570245204, 0.7639111199323428, 0.3052067310650038, -0.6465295035637723]","[2.2116042197189696, 3.907557831076196, -3.859410669049006e-19, -1.7972741521453945, -3.9075578310761983, 0.31642234632359645, 1.7972741521453952, -3.765447512027667e-16]"
-1.571000000000001,157,True,False,,8.881784197001252e-15,6.039540999106587e-06,8.881791232846107e-14,0.1061769039551601,-1.0179851098222285e-15,-0.689609375,-0.5834324710448399,-0.5852248127612061,0.0017923417163662192,0.6366011592140385,8.89316055258057,False,False,True,"[5.339284901847092, -2.351703748887221, -5.779200332898233, 0.2986910628024259, -2.351703748887225, 0.7728292176424414, 0.29869106280242763, -0.652085202006303]","[2.211604219718967, 3.9231842675064716, -9.13888377024624e-29, -1.8039075228673604, -3.9231842675064774, -0.3201163433456889, 1.8039075228673676, 5.718211159226285e-16]"
-1.581000000000001,158,True,False,,7.105427357601002e-15,6.210226449048169e-06,7.160726180986911e-14,0.10325484570595878,7.376023075806957e-16,-0.689609375,-0.5863545292940412,-0.5878707397277453,0.0015162104337040905,0.02613314167644967,9.097898921176068,False,False,True,"[5.3392849018470825, -2.3727319906370035, -5.7792003328982275, 0.29213376969756993, -2.3727319906370057, 0.7819802560511239, 0.2921337696975685, -0.6577414985202068]","[2.211604219718963, 3.938700521654754, -1.1341031225961734e-28, -1.810524903495481, -3.9387005216547566, -0.32390682756436, 1.810524903495482, -7.188616903654924e-16]"
-1.591000000000001,159,True,False,,5.329070518200751e-15,6.2945336713074885e-06,5.3290660466592785e-14,0.10030437269550196,-1.932463991534276e-16,-0.689609375,-0.589305002304498,-0.5905281148045646,0.00122311250006657,0.6517752452675273,9.315048794734322,False,False,True,"[5.339284901847089, -2.3938169342456797, -5.7792003328982275, 0.28553404350276707, -2.3938169342456797, 0.7913807110390995, 0.28553404350276773, -0.6635064769713364]","[2.211604219718965, 3.9541064918022686, 5.42939354220915e-19, -1.8171301672004814, -3.9541064918022686, 0.3278006235128579, 1.8171301672004825, -9.27354791596557e-18]"
-1.601000000000001,160,True,False,,7.66053886991358e-15,1.8599590605446682e-05,5.68734630608853e-14,0.09732586800560106,2.1180067449752547e-16,-0.689609375,-0.5922835069943989,-0.5931952257090672,0.0009117187146683303,0.6596767431073177,9.545866410861542,False,False,True,"[5.339284901847089, -2.4149581308119736, -5.779200332898233, 0.2788909136053826, -2.4149581308119736, 0.8010487811797715, 0.27889091360538654, -0.6693890663771996]","[2.211604219718965, 3.969402076269665, 6.155567866810861e-29, -1.8237275683736727, -3.969402076269665, -0.3318052692871028, 1.8237275683736829, 2.0662012313635746e-15]"
-1.611000000000001,161,True,False,,3.552713678800501e-15,6.494767379678057e-06,3.972056027332476e-14,0.09431972823858192,-4.140842439731629e-17,-0.689609375,-0.595289646761418,-0.5958702613318742,0.0005806145704561061,0.02607489166552912,9.791792037273645,False,False,True,"[5.339284901847089, -2.4361551305698463, -5.7792003328982275, 0.27220322606004244, -2.4361551305698463, 0.8110046416417339, 0.27220322606004266, -0.6753991643212663]","[2.211604219718965, 3.984587173458482, -1.4811099774375176e-28, -1.8303217968713756, -3.984587173458482, -0.3359291217155383, 1.8303217968713754, 3.930991484093497e-16]"
-1.621000000000001,162,True,False,,8.881784197001252e-15,7.0873711699627224e-06,8.881776510822333e-14,0.09128636510493116,9.83635650608022e-16,-0.689609375,-0.5983230098950688,-0.5985513081637209,0.00022829826865211622,0.6761885398508874,10.054483547610099,False,False,True,"[5.339284901847092, -2.4574074828967443, -5.779200332898233, 0.26546961896249316, -2.4574074828967443, 0.8212707475803195, 0.26546961896249355, -0.6815477843948351]","[2.211604219718967, 3.9996616818915496, 1.872078887211953e-26, -1.8369180428818073, -3.9996616818915496, 0.3401814820280599, 1.8369180428818055, -9.268110594216287e-17]"
-1.6310000000000011,163,True,False,,3.552713678800501e-15,5.032984186236645e-06,4.1895285181907415e-15,0.08822620726553554,6.681504917629897e-16,-0.689609375,-0.6013831677344644,-0.6012363471306034,-0.00014682060386106421,0.026036799120820384,10.335860921278925,False,False,True,"[5.339284901847092, -2.4787147363218316, -5.779200332898233, 0.2586884933200495, -2.4787147363218316, 0.831872199202126, 0.25868849332005006, -0.6878472335781113]","[2.211604219718967, 4.014625500252418, 2.21403027476266e-29, -1.8435220750418257, -4.014625500252418, 0.3445727470706523, 1.8435220750418264, 5.245220478542651e-16]"
-1.6410000000000011,164,True,False,,3.3306690738754696e-15,6.5935994897890375e-06,2.8245774258748134e-14,0.0851397024828604,5.181206834264598e-16,-0.689609375,-0.6044696725171396,-0.6039232509543806,-0.0005464215627589697,0.026017969512794257,10.638162972815131,False,False,True,"[5.339284901847089, -2.5000764385342404, -5.779200332898227, 0.25185797833140944, -2.5000764385342396, 0.8428371843697685, 0.2518579783314107, -0.694311327258037]","[2.2116042197189625, 4.029478527423909, 5.857110157573219e-29, -1.8501403352255337, -4.029478527423906, 0.34911459263831024, 1.8501403352255343, 3.7825774458672146e-16]"
-1.6510000000000011,165,True,False,,4.6629367034256575e-15,6.839779572305594e-06,4.897844512298695e-15,0.08202732014982139,1.215298312066845e-15,-0.689609375,-0.6075820548501786,-0.6066097821697262,-0.0009722726804524129,0.025999281952791723,10.964017791310138,False,False,True,"[5.339284901847092, -2.521492136391242, -5.7792003328982275, 0.24497588966267766, -2.521492136391242, 0.8541975196381915, 0.2449758896626731, -0.7009556520158117]","[2.211604219718967, 4.044220662525659, -9.923998841679017e-29, -1.8567800545113722, -4.044220662525659, 0.35382019757960026, 1.8567800545113688, -1.768547005344851e-15]"
-1.6610000000000011,166,True,False,,4.440892098500626e-15,4.897278106423372e-06,5.178924773215778e-15,0.07888955428448408,1.0641060802219647e-15,-0.689609375,-0.6107198207155159,-0.6092935919415918,-0.0014262287739240653,0.025980734687270638,11.316536126015572,False,False,True,"[5.339284901847086, -2.542961375926496, -5.779200332898224, 0.23803967886108968, -2.5429613759264913, 0.8659893175577301, 0.23803967886109154, -0.7077978896825798]","[2.2116042197189665, 4.058851804950919, -7.360595723880845e-29, -1.8634493963336514, -4.058851804950912, 0.3587045202026324, 1.8634493963336516, 8.134907391330809e-16]"
-1.6710000000000012,167,True,False,,5.329070518200751e-15,5.312203010069153e-06,5.4025803585356996e-14,0.07572692710454931,1.6910808917693137e-16,-0.689609375,-0.6138824478954507,-0.6119722198396086,-0.001910228055842067,0.7225932522896732,11.699427016063337,False,False,True,"[5.339284901847094, -2.564483702358158, -5.7792003328982275, 0.2310463714325967, -2.5644837023581553, 0.8782538178155521, 0.2310463714325969, -0.7148582208801789]","[2.211604219718966, 4.073371854402313, 2.6548977356036763e-18, -1.8701576349270745, -4.07337185440231, -0.36378464254515114, 1.8701576349270759, 3.6365677115079913e-16]"
-1.6810000000000012,168,True,False,,1.1129985821867194e-14,5.271067197599607e-06,9.14122965707493e-15,0.07253999333104133,2.629014120638006e-15,-0.689609375,-0.6170693816689586,-0.6146430947363603,-0.002426286932598387,0.02594405418940621,12.117158391309895,False,False,True,"[5.3392849018470825, -2.586058660097076, -5.779200332898224, 0.22399249024397702, -2.586058660097073, 0.8910384336568417, 0.22399249024396875, -0.7221598329841391]","[2.211604219718963, 4.087780710926921, -2.9494317788306593e-28, -1.8769153801689529, -4.087780710926915, -0.3690802038163345, 1.8769153801689402, -4.369092853234054e-15]"
-1.6910000000000012,169,True,False,,1.3600232051658168e-14,8.241172638678758e-06,9.943275693352705e-15,0.06932934541951585,1.5346982347095846e-15,-0.689609375,-0.6202800295804841,-0.6173035370043237,-0.0029764925761603944,0.7438141425395329,12.575163327568937,False,False,True,"[5.339284901847089, -2.607685792754973, -5.779200332898233, 0.21687395967436066, -2.607685792754973, 0.9043980851291203, 0.21687395967435102, -0.729729567184945]","[2.211604219718965, 4.1020782749505065, 5.639025491008303e-29, -1.8837348642673781, -4.1020782749505065, 0.37461395264474723, 1.8837348642673637, -4.9981411013728525e-15]"
-1.7010000000000012,170,True,False,,5.578870698741412e-15,8.030363643554827e-06,4.440896345295534e-15,0.06609561998604496,4.067979008840003e-16,-0.689609375,-0.623513755013955,-0.6199507621904872,-0.0035629928234678365,0.7551561767501574,13.08012880175208,False,False,True,"[5.339284901847092, -2.6293646431525417, -5.779200332898233, 0.2096859841414571, -2.6293646431525417, 0.9183969203939082, 0.20968598414145503, -0.7375987537102682]","[2.211604219718967, 4.116264447310921, -3.661224706395327e-28, -1.8906303121627823, -4.116264447310921, -0.3804124600688376, 1.8906303121627768, -1.241435494988571e-15]"
-1.7110000000000012,171,True,False,,5.190292640122607e-15,7.394733558371018e-06,4.440893481358451e-15,0.06283950579402742,-1.885869205261257e-15,-0.689609375,-0.6267698692059726,-0.6225818863471174,-0.004187982858855133,0.7670606444299942,13.64038896957758,False,False,True,"[5.339284901847094, -2.6510947533276203, -5.7792003328982275, 0.2024228919531036, -2.6510947533276203, 0.9331105711757868, 0.20242289195310897, -0.7458043059810899]","[2.2116042197189656, 4.130339129290807, 1.8988770689783292e-25, -1.8976184272010965, -4.130339129290807, 0.3865070537747122, 1.897618427201102, 2.2496799638909613e-15]"
-1.7210000000000012,172,True,False,,7.993605777301127e-15,5.592067845975635e-06,9.144352071614784e-15,0.05956175381252793,6.891847990599395e-16,-0.689609375,-0.630047621187472,-0.625193933190602,-0.004853687996870026,0.02587230313536993,14.266479641563215,False,False,True,"[5.339284901847089, -2.6728756645432927, -5.7792003328982275, 0.19507793136645582, -2.67287566454329, 0.9486291577065371, 0.19507793136645676, -0.7543901780268345]","[2.211604219718965, 4.144302222649496, -7.089444471042603e-29, -1.9047190386195978, -4.144302222649492, 0.3929350627846119, 1.9047190386195993, 7.939507019954056e-16]"
-1.7310000000000012,173,True,False,,4.218847493575595e-15,4.399606538564503e-06,4.720733999730183e-15,0.056263190073478686,-6.838191246514169e-16,-0.689609375,-0.6333461849265213,-0.6277838432465924,-0.005562341679928862,0.02585469150395314,14.971945352034092,False,False,True,"[5.339284901847089, -2.694706917296021, -5.7792003328982275, 0.18764299938392512, -2.694706917296018, 0.9650613685313384, 0.1876429993839262, -0.7634093427486801]","[2.211604219718965, 4.15815362965424, 1.6709559544474085e-29, -1.9119559811819615, -4.158153629654237, 0.39974150736802017, 1.9119559811819604, 2.2500605647300516e-16]"
-1.7410000000000012,174,True,False,,5.329070518200751e-15,7.734253828285306e-06,5.402572780222485e-14,0.05294473238828923,-1.9600969102566458e-16,-0.689609375,-0.6366646426117107,-0.6303484851176452,-0.006316157494065555,0.8069122791775615,15.774533848162205,False,False,True,"[5.339284901847089, -2.7165880513237783, -5.7792003328982275, 0.18010827359544246, -2.7165880513237783, 0.9825401206155309, 0.18010827359544207, -0.7729265357935288]","[2.211604219718965, 4.1718932531107455, -3.8894028186813625e-22, -1.919358316259385, -4.1718932531107455, -0.40698144353464644, 1.9193583162593835, -9.803609095651884e-16]"
-1.7510000000000012,175,True,False,,6.217248937900877e-15,9.234816340496073e-06,6.601869915939879e-14,0.049607412512663096,-4.810461811234181e-16,-0.689609375,-0.6400019624873369,-0.6328846689781359,-0.007117293509200984,0.025819848923829783,16.698018536719236,False,False,True,"[5.339284901847089, -2.738518605614148, -5.779200332898224, 0.1724617003664156, -2.738518605614148, 1.0012306104195892, 0.17246170036641054, -0.7830221575420675]","[2.211604219718965, 4.185520996392982, -1.1090658047077867e-29, -1.926962069712622, -4.185520996392982, -0.4147232978988793, 1.9269620697126173, -2.9553661132255253e-15]"
-1.7610000000000012,176,True,False,,1.0658141036401503e-14,7.758479276594998e-06,1.3593758779014368e-14,0.04625240621503046,-3.0318040630927475e-15,-0.689609375,-0.6433569687849695,-0.6353891623598075,-0.007967806425162038,0.025802615034018653,17.77509089133717,False,False,True,"[5.339284901847094, -2.760498118412419, -5.779200332898238, 0.16468826321736943, -2.7604981184124275, 1.0213421053469667, 0.16468826321736976, -0.7937979864423029]","[2.211604219718966, 4.199036763472351, 1.4824323808621073e-28, -1.9348127785566396, -4.199036763472361, -0.4230537518574039, 1.9348127785566391, 1.086732381902423e-16]"
-1.7710000000000012,177,True,False,,1.8735013540549517e-14,7.1710146128997714e-06,2.5665122059699728e-14,0.042881075185987605,-3.019012651028473e-15,-0.689609375,-0.6467282998140124,-0.6378587082394357,-0.008869591574576674,0.8554168214806408,19.052143377051404,False,False,True,"[5.339284901847093, -2.7825261272297626, -5.779200332898232, 0.15676890181680128, -2.782526127229762, 1.0431458220853702, 0.15676890181681927, -0.8053858394144989]","[2.2116042197189656, 4.2124404589462845, 9.810703082995267e-26, -1.9429693543092548, -4.2124404589462845, 0.432085147040567, 1.9429693543092759, 1.2043376101136029e-14]"
-1.7810000000000012,178,True,False,,1.341149413747189e-13,6.598559078075095e-06,6.784754140223621e-13,0.039495027384865544,2.1404980843443342e-14,-0.689609375,-0.6501143476151344,-0.6402900453780844,-0.009824302237049998,0.8743778742989624,20.597588706400497,False,False,True,"[5.339284901847089, -2.804602168851237, -5.779200332898224, 0.14867884958682295, -2.804602168851233, 1.0670031912841738, 0.14867884958652997, -0.8179612599147543]","[2.211604219718965, 4.225731988066048, 1.7831627193666182e-25, -1.9515101939431703, -4.225731988066044, -0.44196719292454295, 1.9515101939430024, -2.6947360419031954e-13]"
-1.7910000000000013,179,True,False,,6.217248937900877e-15,5.623666932636889e-06,8.913556075892693e-15,0.036096207479334286,-1.4320266867249165e-15,-0.689609375,-0.6535131675206657,-0.6426799307900946,-0.010833236730571127,0.8952632674051614,22.517296970689298,False,False,True,"[5.339284901847092, -2.8267257793439984, -5.7792003328982275, 0.14038494787916894, -2.826725779343995, 1.0934129051097916, 0.14038494787916947, -0.8317662962109551]","[2.2116042197189674, 4.238911256764149, -3.586202345340609e-21, -1.9605433570914692, -4.238911256764148, 0.45290645457023865, 1.9605433570914717, 7.998904956672047e-16]"
-1.8010000000000013,180,True,False,,8.881784197001252e-15,8.030498955948879e-06,1.1374232060056142e-14,0.03268703938863604,1.4665812775481533e-17,-0.689609375,-0.6569223356113639,-0.6450251641410044,-0.011897171470359513,0.032127135157865014,24.985613443657794,False,False,True,"[5.339284901847092, -2.8488964940653507, -5.779200332898224, 0.13184102622560084, -2.8488964940653547, 1.1230945077203665, 0.13184102622560231, -0.847149961341278]","[2.211604219718967, 4.251978171680986, -1.4071325656179242e-31, -1.9702246576088334, -4.2519781716809915, 0.46520097692450857, 1.9702246576088331, 1.1172337803371504e-15]"
-1.8110000000000013,181,True,False,,6.217248937900877e-15,1.156467588543492e-05,8.691151471362495e-15,0.029270666198665474,-1.549882591673541e-15,-0.689609375,-0.6603387088013345,-0.6473226137895175,-0.013016095011816997,0.036861592661983605,28.314754485056845,False,False,True,"[5.339284901847092, -2.8711138476708764, -5.779200332898232, 0.1229792740831542, -2.871113847670881, 1.1571501787165406, 0.12297927408315311, -0.8646465196309651]","[2.2116042197189643, 4.264932640190988, -3.839067987290121e-23, -1.9807926972075982, -4.264932640190998, 0.4793072977268421, 1.9807926972075989, -1.117210403078481e-16]"
-1.8210000000000013,182,True,False,,5.140332604014475e-14,6.68740283209624e-06,2.542419669278306e-13,0.025851391859671224,-8.492083260876473e-15,-0.689609375,-0.6637579831403287,-0.6495692441027893,-0.014188739037539477,0.9761245773983548,33.13469746185823,False,False,True,"[5.33928490184708, -2.8933773741225406, -5.7792003328982275, 0.11369218311060215, -2.8933773741225415, 1.197417059122584, 0.1136921831107215, -0.8851459304967467]","[2.211604219718959, 4.277774570428221, -3.2242233522266277e-20, -1.9926452025818104, -4.277774570428221, -0.4959863857057342, 1.9926452025818957, 1.0647018728420884e-13]"
-1.8310000000000013,183,True,False,,3.552713678800501e-15,8.528766175013449e-06,4.170871518069395e-15,0.022435608549757013,1.5770739775593128e-15,-0.689609375,-0.667173766450243,-0.6517621435908303,-0.015411622859412666,1.0139007132396407,40.97694028132495,False,False,True,"[5.339284901847083, -2.9156866066968323, -5.779200332898224, 0.10378775988102878, -2.915686606696825, 1.2473817913767977, 0.10378775988102969, -0.9103361537590655]","[2.211604219718963, 4.29050387131138, -2.1850452415319406e-15, -2.006537291452273, -4.290503871311371, 0.5166824554455163, 2.0065372914522728, 1.4623185793058639e-16]"
-1.8410000000000013,184,True,False,,4.884981308350689e-15,1.1275383089823027e-05,9.402056574417858e-15,0.01903421581264153,2.3382390788072826e-15,-0.689609375,-0.6705751591873584,-0.6538985533294127,-0.016676605857945725,1.0637084124762357,57.088058099805934,False,False,True,"[5.339284901847088, -2.9380410779928416, -5.779200332898227, 0.0928409993499439, -2.938041077992845, 1.31538435512823, 0.09284099934994385, -0.9442522163404814]","[2.2116042197189687, 4.303120452568315, -1.5838955160013201e-24, -2.0242764952734733, -4.303120452568318, -0.5448500396275012, 2.0242764952734738, 2.295089226643525e-16]"
-1.8510000000000013,185,True,False,,7.993605777301127e-15,3.898679502145719e-05,2.7214764149033343e-14,0.01567287211248436,7.747787574156808e-16,-0.689609375,-0.6739365028875156,-0.6559758950766892,-0.017960607810826423,0.13323252453266982,132.59186494779007,False,False,True,"[5.339284901847092, -2.9604403199404454, -5.7792003328982275, 0.07917315436811025, -2.960440319940446, 1.4384751576087689, 0.07917315436811596, -1.0048076118880933]","[2.211604219718967, 4.315624224760022, -2.729262994152676e-29, -2.0539026800914564, -4.31562422476002, -0.5958359194183359, 2.0539026800914577, 3.884122331063583e-15]"
-1.8610000000000013,186,True,False,,1.7763568394002505e-15,2.6032391050700564e-05,1.951029314929082e-14,0.012413107357255537,-9.130620243109899e-05,-0.689609375,-0.6771962676427444,-0.6579917984417619,-0.01920446920098251,0.25725856018124155,88.40419330842624,False,False,True,"[5.339284901847094, -2.982883863808359, -5.779200332898233, 0.017877331299280236, -2.982883863808359, 1.4426073720631034, 0.11257966649824633, -1.0515822059298332]","[2.211604219718966, 4.328015099304058, 3.6275485005804265e-16, -2.0678055095591263, -4.328015099304058, -0.8530612906207677, 2.0865584611528054, 0.10541089060471479]"
-1.8710000000000013,187,True,False,,4.440892098500626e-15,1.0677186456635963e-05,8.819052256276369e-15,0.00909812765404494,-0.00032457147027578626,-0.689609375,-0.680511247345955,-0.6599441264384134,-0.020567120907541647,1.1621510167261793,55.98230447166023,False,False,False,"[5.339284901847094, -3.0053712402123427, -5.7792003328982275, -0.01287637910399483, -3.0053712402123387, 1.6256250684146656, 0.12727963785962174, -1.0327902032301868]","[2.211604219718966, 4.340292988497624, 1.1901052888680483e-15, -2.054825968936916, -4.340292988497617, 0.2945882676067686, 2.0870676835819824, 0.15633845506484936]"
-1.8810000000000013,188,True,False,,1.8596235662471372e-15,1.261355666031137e-05,1.4389648437097632e-14,0.005712117608603684,0.0006239506113603632,-0.689609375,-0.6838972573913963,-0.6618309987578658,-0.02206625863353051,0.5053535871171014,43.89901598486122,False,False,False,"[5.33928490184709, -3.0279019791232846, -5.779200332898229, 0.13468741957887972, -3.027901979123284, 1.6177113235466611, -0.03504674778301323, -1.0163118445129027]","[2.211604219718966, 4.352457805539971, 2.93189132330113e-16, -2.0876975640478133, -4.352457805539971, -0.21070335181145008, 2.0437938740551136, -0.1897261222155746]"
-1.8910000000000013,189,True,False,,4.440892098500626e-15,9.299904875617624e-06,6.996186749796766e-15,0.0022603668239331576,-0.0009673253365362899,-0.689609375,-0.6873490081760668,-0.6636508121232556,-0.023698196052811205,0.40497641375214616,37.205769212922675,False,False,False,"[5.339284901847089, -3.0504756098754062, -5.7792003328982275, -0.05304425407718643, -3.0504756098754093, 1.6064137626251553, 0.1388908833981402, -1.0015591166232514]","[2.211604219718965, 4.364509464554547, 2.0916805443082637e-16, -2.033983146869131, -4.364509464554548, 0.14523028112611538, 2.088631256190559, 0.214981491643324]"
-1.9010000000000014,190,True,False,,1.5987211554602254e-14,9.580944960385617e-06,1.7153593547487645e-14,-0.0012529735353941085,0.001342942430021643,-0.689609375,-0.6908623485353941,-0.6654022571463397,-0.025460091389054362,0.4505354250358109,32.85740558240112,False,False,False,"[5.339284901847073, -3.0730916611743577, -5.779200332898213, 0.14125567388193844, -3.0730916611743573, 1.5937484656386045, -0.06844307183480548, -0.988153148490294]","[2.211604219718959, 4.376447880610494, -1.3672811684232219e-15, -2.0898308173927087, -4.3764478806104945, -0.09110609558293953, 2.025082482765149, -0.23535443767013525]"
-1.9110000000000014,191,True,False,,5.329070518200751e-15,9.61300660435583e-06,5.396398197278549e-14,-0.0048245181628119305,-0.0017433413677416798,-0.689609375,-0.6944338931628119,-0.6670843311926257,-0.02734956197018623,0.487934823973183,29.77149719256653,False,False,False,"[5.339284901847093, -3.0957496611054114, -5.779200332898238, -0.08203034236203274, -3.0957496611054123, 1.5805391132075406, 0.14242516532597527, -0.9758333610963388]","[2.211604219718971, 4.3882729697438405, -1.3218375269538766e-16, -2.01690673774272, -4.388272969743844, 0.04482694759912049, 2.0912416516682018, 0.25242483134845356]"
-1.9210000000000014,192,True,False,,5.329070518200751e-15,6.9103320750542585e-06,7.517508814515395e-15,-0.008451426962547526,0.0021633350899662174,-0.689609375,-0.6980608019625475,-0.6686963468716416,-0.029364455090905905,0.5196467988424963,27.453992633241317,False,False,False,"[5.339284901847089, -3.118449137141603, -5.7792003328982275, 0.14275689500277072, -3.1184491371416008, 1.567176606504168, -0.09426752235842506, -0.9644117278336557]","[2.211604219718965, 4.39998464897818, -2.812440943626719e-15, -2.092816752885725, -4.399984648978183, -0.004351979346274823, 2.009330314474617, -0.26709643081592277]"
-1.9310000000000014,193,True,False,,4.440892098500626e-15,6.467217218377296e-06,5.992484287311597e-15,-0.012131264756103377,-0.002599105683720848,-0.689609375,-0.7017406397561033,-0.670237935899414,-0.031502703856689296,0.5471402787971325,25.64347146504786,False,False,False,"[5.339284901847092, -3.1411896161519395, -5.7792003328982275, -0.10545234074770417, -3.141189616151941, 1.5538620381523924, 0.1424707020430509, -0.9537474852840888]","[2.211604219718967, 4.411582836345005, 1.4878210208802323e-15, -2.002261728698683, -4.411582836345004, -0.031628459141106034, 2.094518715769872, 0.27993991040195987]"
-1.9410000000000014,194,True,False,,5.329070518200751e-15,6.526986528012989e-06,6.936891934573438e-15,-0.01586190715445479,-0.0030477298911267825,-0.689609375,-0.7054712821544548,-0.6717090482239663,-0.033762233930488494,0.034954881088523904,24.18719217528592,False,False,False,"[5.339284901847086, -3.1639706244095565, -5.7792003328982275, -0.11578977952955435, -3.1639706244095476, 1.5407031328563525, 0.14171148838474565, -0.943732131505857]","[2.2116042197189665, 4.42306745090352, 2.132216697278162e-16, -1.9956312518353414, -4.423067450903515, -0.06401189508176401, 2.096318201633605, 0.2913407246547034]"
-1.9510000000000014,195,True,False,,8.881784197001252e-15,8.059441560284009e-06,1.0556176656635878e-14,-0.01964147468304578,-0.0035069034713074987,-0.689609375,-0.7092508496830457,-0.6731099464541693,-0.03614090322887642,0.03215276994245841,22.989314109508665,False,False,False,"[5.3392849018470905, -3.186791687599915, -5.779200332898233, -0.12542780099857495, -3.1867916875999147, 1.5277580408060554, 0.14057978104977087, -0.9342800237880718]","[2.2116042197189705, 4.434438412760184, -3.2387440961643704e-15, -1.989384006810415, -4.434438412760189, -0.09344359919114223, 2.0981921380339954, 0.3015723677489243]"
-1.9610000000000014,196,True,False,,8.881784197001252e-15,1.600085361416343e-05,9.272871595575879e-15,-0.023468285082254514,-0.003974769129939937,-0.689609375,-0.7130776600822545,-0.6744411957795561,-0.0386364643026984,0.02980298971214221,21.986357674060688,False,False,False,"[5.339284901847096, -3.2096523308290044, -5.779200332898233, -0.13447714214246234, -3.209652330828999, 1.5150571609062178, 0.1391481350704815, -0.9253222191898992]","[2.2116042197189625, 4.44569564308774, 2.6610443499021232e-15, -1.9834757469129434, -4.445695643087731, -0.12040479066243956, 2.10012223900469, 0.3108363645203495]"
-1.9710000000000014,197,True,False,,1.0658141036401503e-14,9.085422030312132e-06,1.1546302449787186e-14,-0.02734081778437769,0.00444980314126292,-0.689609375,-0.7169501927843777,-0.6757036497058893,-0.04124654307848841,0.630179691131815,21.134438006779998,False,False,False,"[5.33928490184709, -3.2325520786315467, -5.7792003328982275, 0.13747059841521064, -3.232552078631549, 1.5026147811526138, -0.1430230886858256, -0.9168022897323695]","[2.211604219718962, 4.456839064143926, -1.1870434135187423e-18, -2.102093881097396, -4.456839064143924, 0.14526490711261889, 1.97787010759117, -0.3192857299320103]"
-1.9810000000000014,198,True,False,,5.329070518200751e-15,6.587830965879667e-06,7.33131950227228e-15,-0.031257686827042885,-0.004930737420627718,-0.689609375,-0.7208670618270429,-0.6768984320512925,-0.043968629775750334,0.646376367981487,20.402165137983577,False,False,False,"[5.3392849018470905, -3.255490454979219, -5.779200332898233, -0.15113287393430375, -3.255490454979217, 1.4904356157883345, 0.1355884901845026, -0.9086733910197778]","[2.2116042197189705, 4.467868599289814, -3.804164467138672e-15, -1.9725367319339722, -4.467868599289818, -0.1683143407035841, 2.1040952663638754, 0.3270395210760708]"
-1.9910000000000014,199,True,False,,8.881784197001252e-15,9.840244114615028e-06,9.739628241214684e-15,-0.03521761978010174,0.005416504109054365,-0.689609375,-0.7248269947801017,-0.6780269157449615,-0.04680007903514016,0.6612775332071525,19.76643347079148,False,False,False,"[5.33928490184709, -3.278466983288874, -5.779200332898233, 0.13353409150942605, -3.2784669832888738, 1.478518625370076, -0.15886053687116292, -0.9008961548012164]","[2.211604219718962, 4.4787841730077735, 3.049818026528264e-15, -2.106116799213989, -4.478784173007768, 0.18978586742824505, 1.9674499450746297, -0.3341922767991806]"
-2.0010000000000012,200,True,False,,9.769962616701378e-15,8.344553102109252e-06,1.0252594788520968e-14,-0.03921944106410358,-0.005906195044844187,-0.689609375,-0.7288288160641035,-0.6790906990409211,-0.04973811702318243,0.6750538574154572,19.209828446069167,False,False,False,"[5.33928490184708, -3.301481186430772, -5.779200332898219, -0.1662502288227713, -3.3014811864307747, 1.4668593188326682, 0.13133309269360258, -0.8934371395701205]","[2.211604219718959, 4.489585710919024, 2.0894109686904514e-15, -1.9625877891900219, -4.489585710919021, -0.2098691927663587, 2.1081506192047104, 0.3408203701218016]"
-2.011000000000001,201,True,False,,6.217248937900877e-15,6.952567621639323e-06,6.601860788519103e-14,-0.04326205854410814,-0.006399031415797174,-0.689609375,-0.7328714335441081,-0.6800915798010103,-0.05277985374309779,0.02540842758176435,18.71895026430098,False,False,False,"[5.3392849018470825, -3.3245325867368596, -5.779200332898224, -0.17333853284066225, -3.3245325867368587, 1.455451173742357, 0.12900626727366774, -0.886267669000113]","[2.211604219718963, 4.500273139800952, 9.858621871066195e-16, -1.9579313039858535, -4.500273139800952, -0.22872112879347514, 2.1101902472523313, 0.34698641663267316]"
-2.021000000000001,202,True,False,,4.440892098500626e-15,6.643635667397433e-06,4.7829853660483726e-15,-0.047344452611534305,0.0068943405732107554,-0.689609375,-0.7369538276115343,-0.6810315285142514,-0.05592229909728286,0.6997628975966339,18.283304155065743,False,False,False,"[5.339284901847086, -3.347620706008967, -5.7792003328982275, 0.12657064817453045, -3.3476207060089673, 1.4442865276782852, -0.18015613266509986, -0.8793629460773837]","[2.2116042197189665, 4.510846387603985, 3.918989909476547e-16, -2.112230314821253, -4.510846387603984, 0.2464729005582255, 1.9534639792807056, -0.3527424148829345]"
-2.0310000000000006,203,True,False,,8.881784197001252e-15,8.224302347126306e-06,9.155127350383063e-14,-0.05146566718696821,0.00739153800739778,-0.689609375,-0.7410750421869682,-0.6819126607057959,-0.059162381481172255,0.02537964928072782,17.89455169205854,False,False,False,"[5.339284901847094, -3.3707450655271285, -5.779200332898233, 0.12404037330327726, -3.370745065527134, 1.4333571439707884, -0.18672904036603272, -0.8727013671505621]","[2.211604219718966, 4.521305383468176, 6.384444866746323e-16, -2.1142663543698395, -4.521305383468183, 0.26323550913621874, 1.949171331252504, -0.35813203452102904]"
-2.0410000000000004,204,True,False,,6.192717387214882e-15,6.4421356488329504e-06,7.139436790484342e-15,-0.055624802227526526,-0.007890113121916564,-0.689609375,-0.7452341772275265,-0.6827372093509264,-0.062496967876600085,0.7213530753786485,17.545972046465515,False,False,False,"[5.339284901847088, -3.3939051860578378, -5.7792003328982275, -0.19307951681654023, -3.3939051860578293, 1.422654572555241, 0.12142730584100932, -0.8662639835313776]","[2.2116042197189647, 4.531650057739474, -4.0301807294064826e-15, -1.9450405694364492, -4.531650057739474, -0.279103745008008, 2.116294635491245, 0.36319231655161677]"
-2.051,205,True,False,,4.440892098500626e-15,6.367823033979432e-06,5.1789268191173014e-15,-0.05982100742801899,0.008389617855163067,-0.689609375,-0.749430382428019,-0.6835074978525599,-0.06592288457545903,0.7311738165626036,17.23207948123581,False,False,False,"[5.339284901847086, -3.417100587862306, -5.779200332898224, 0.11874149740600563, -3.4171005878623038, 1.4121703796406024, -0.19922677357124366, -0.8600340737304525]","[2.2116042197189665, 4.541880341985612, -1.8294973869448537e-15, -2.118312035507494, -4.541880341985615, 0.29415924285733575, 1.9410603315512736, -0.3679549587976087]"
-2.061,206,True,False,,4.440892098500626e-15,7.913749347394486e-06,5.178925607414098e-15,-0.06405347688036267,0.008889657471240875,-0.689609375,-0.7536628518803626,-0.6842259140691683,-0.06943693781119431,0.025337171912593097,16.948355516655976,False,False,False,"[5.339284901847084, -3.4403307907048175, -5.7792003328982275, 0.11599153938865991, -3.4403307907048255, 1.4018962922107423, -0.20518751610890731, -0.8539967998363844]","[2.211604219718962, 4.551996169011789, 4.343320358914804e-16, -2.1203159363160156, -4.551996169011795, 0.3084728420103409, 1.9372204698411446, -0.37244730278574983]"
-2.0709999999999997,207,True,False,,4.440892098500626e-15,7.90547709182849e-06,5.974614246495772e-15,-0.06832144451027622,-0.009389883027301982,-0.689609375,-0.7579308195102762,-0.6848948857992465,-0.07303593371102968,0.7491633069870872,16.691037614460775,False,False,False,"[5.33928490184709, -3.463595313860985, -5.779200332898224, -0.2109763699350163, -3.4635953138609903, 1.3918242866590091, 0.11318483324945343, -0.8481389287179346]","[2.211604219718962, 4.56199747287595, 6.310184307594467e-16, -1.933511877104235, -4.561997472875951, -0.32210643502944764, 2.122304141443941, 0.3766931018660005]"
-2.0809999999999995,208,True,False,,1.0658141036401503e-14,8.57891387631816e-06,1.3322671573875955e-14,-0.07262418015058891,0.009889985153436032,-0.689609375,-0.7622335551505889,-0.6855168580432568,-0.07671669710733209,0.7574276034909072,16.456967544165614,False,False,False,"[5.339284901847098, -3.4868936761260976, -5.779200332898238, 0.11032780113630328, -3.486893676126107, 1.3819466405258332, -0.21660621883135794, -0.8424486037528521]","[2.2116042197189674, 4.571884188903813, 3.012500381325175e-15, -2.1242748088079715, -4.571884188903816, 0.33511443305010036, 1.9299263436865703, -0.3807131264763408]"
-2.0909999999999993,209,True,False,,7.993605777301127e-15,6.315043085057475e-06,8.005939848375288e-14,-0.07696098614043834,0.010389688872204594,-0.689609375,-0.7665703611404383,-0.6860942722788317,-0.08047608886160662,0.025295501467372198,16.243472455074706,False,False,False,"[5.339284901847086, -3.510225395823425, -5.779200332898224, 0.10742605190409447, -3.5102253958234217, 1.3722559597947384, -0.22208847628977388, -0.8369151563625852]","[2.2116042197189665, 4.581656253703597, -1.370932526635918e-15, -2.126226395792535, -4.5816562537035965, 0.34754494007354964, 1.9264564389145227, -0.3845256464292205]"
-2.100999999999999,210,True,False,,5.329070518200751e-15,7.641612533075912e-06,6.404744174661239e-15,-0.08133119436247771,0.010888749250317409,-0.689609375,-0.7709405693624777,-0.6866295479036238,-0.08431102145885383,0.02528178665671595,16.048274776134207,False,False,False,"[5.339284901847089, -3.5335899908125845, -5.7792003328982275, 0.10448451336436658, -3.5335899908125827, 1.3627451900212852, -0.2274333054826831, -0.831528949215428]","[2.211604219718965, 4.591313605180485, -4.360845223171493e-16, -2.1281576140725904, -4.591313605180486, 0.35944070340655465, 1.9230954120161383, -0.38814681912197607]"
-2.110999999999999,211,True,False,,7.105427357601002e-15,6.459896037493991e-06,7.160721872523467e-14,-0.08573416364748088,-0.011386947722830165,-0.689609375,-0.7753435386474808,-0.6871250659254435,-0.08821847272203731,0.7797554826066952,15.869419237704228,False,False,False,"[5.3392849018470825, -3.5569869784978576, -5.779200332898224, -0.2326497991362573, -3.556986978497852, 1.353407616843997, 0.10150753865459856, -0.8262812448523132]","[2.211604219718963, 4.600856182550757, 2.403080386624613e-15, -1.919837108731674, -4.600856182550753, -0.37083988991870614, 2.1300673922075957, 0.39159100492795257]"
-2.1209999999999987,212,True,False,,7.105427357601002e-15,7.241691268630298e-06,7.229239935213425e-14,-0.09016927748935188,-0.011884088965616324,-0.689609375,-0.7797786524893519,-0.6875831549132175,-0.09219549757613432,0.0252546150982378,15.70521882422318,False,False,False,"[5.339284901847086, -3.5804158758365823, -5.7792003328982275, -0.23774612783189478, -3.580415875836579, 1.3442368596253607, 0.09849899255359248, -0.821164094891655]","[2.2116042197189665, 4.610283926355694, 1.0163612229170495e-15, -1.9166759006642102, -4.610283926355689, -0.38177672532335183, 2.1319548444798238, 0.3948710256119505]"
-2.1309999999999985,213,True,False,,5.329070518200751e-15,1.1443944177878097e-05,5.4332009325342234e-14,-0.09463594202395509,-0.012379998218501553,-0.689609375,-0.7842453170239551,-0.6880060791661143,-0.09623923785784072,0.025241156745226943,15.554210182240253,False,False,False,"[5.339284901847092, -3.603876199347498, -5.7792003328982275, -0.24272966320755376, -3.6038761993475035, 1.3352268607668587, 0.09546232209988859, -0.8161702460215016]","[2.211604219718967, 4.619596778475191, -9.83150299187822e-16, -1.913606625058287, -4.6195967784752, -0.3922820246882627, 2.1338192447859683, 0.39799837772358454]"
-2.1409999999999982,214,True,False,,7.993605777301127e-15,1.4480637196708212e-05,1.0995144612063908e-14,-0.09913358423350882,-0.012874518981417893,-0.689609375,-0.7887429592335088,-0.6883960290123384,-0.10034693022117036,1.0742741729692744,15.41511467127734,False,False,False,"[5.339284901847093, -3.6273674651191454, -5.779200332898233, -0.2476070810260058, -3.6273674651191485, 0.6533583478583554, 0.0924006148081126, -0.8112930597842058]","[2.2116042197189714, 4.628794682141127, -1.2271962897188356e-15, -1.910624533176934, -4.628794682141132, -1.2224147428802183, 2.1356600046456164, 0.4009834100889036]"
-2.150999999999998,215,True,False,,9.769962616701378e-15,8.915521539308599e-06,1.0731894529447463e-14,-0.10366165034490216,-0.013367511021668221,-0.689609375,-0.7932710253449021,-0.6887551131135529,-0.10451591223134926,0.025214490966978073,15.286814530356315,False,False,False,"[5.3392849018470825, -3.6508891888182537, -5.779200332898224, -0.2523844479609097, -3.6508891888182506, 0.6403273549444731, 0.08931664700161975, -0.8065264437689155]","[2.211604219718965, 4.637877581950473, -2.814096412369718e-15, -1.9077252458169272, -4.637877581950475, -1.2231343977740494, 2.13747665458473, 0.40383547243108575]"
-2.160999999999998,216,True,False,,1.3322676295501878e-14,8.850894892096874e-06,1.4895219767307967e-14,-0.10821960439558875,-0.013858848642079813,-0.689609375,-0.7978289793955887,-0.6890853526250241,-0.1087436267705646,1.0439935891931778,15.168324324591183,False,False,False,"[5.33928490184708, -3.674440885698137, -5.779200332898224, -0.25706729511438964, -3.6744408856981354, 1.3091053959230117, 0.0862129242049277, -0.8018647922984431]","[2.211604219718959, 4.646845423878118, 2.2804515589964442e-15, -1.9049047147875982, -4.646845423878113, -0.42147452838968175, 2.139268828302499, 0.4065630405922848]"
-2.1709999999999976,217,True,False,,1.0658141036401503e-14,9.53200760385226e-06,1.0710854164446378e-13,-0.11280692694497763,-0.014348419169400994,-0.689609375,-0.8024163019449776,-0.6893886770445513,-0.11302762490042628,1.0609539017565988,15.058770284762117,False,False,False,"[5.33928490184708, -3.6980220706071174, -5.779200332898213, -0.26166068064514575, -3.6980220706071183, 0.6153074046027674, 0.08309171510942595, -0.7973029350642532]","[2.211604219718962, 4.655698155289493, 1.3830245887579465e-15, -1.902159189401275, -4.655698155289493, -1.224137302468899, 2.141036249146345, 0.40917382265338914]"
-2.1809999999999974,218,True,False,,4.440892098500626e-15,7.247084741817309e-06,5.68711289168397e-15,-0.11742311391266025,-0.014836121629540705,-0.689609375,-0.8070324889126602,-0.689666921573893,-0.11736556733876724,0.025175108186574244,14.957381225756173,False,False,False,"[5.339284901847086, -3.7216322579969385, -5.779200332898224, -0.26616924340053616, -3.721632257996938, 0.6032832915635634, 0.07995508030091605, -0.7928360924514791]","[2.211604219718959, 4.664435724952921, 1.5464271234803248e-15, -1.899485187198601, -4.664435724952922, -1.224442176301437, 2.1427787185112135, 0.4116748493536229]"
-2.190999999999997,219,True,False,,4.440892098500626e-15,6.383861767126293e-06,5.687113752200104e-15,-0.12206767552781805,-0.015321865582230226,-0.689609375,-0.811677050527818,-0.6899218258135629,-0.12175522471425515,1.0330128370800773,14.863468052339982,False,False,False,"[5.33928490184709, -3.745270961931216, -5.7792003328982275, -0.27059724907067695, -3.7452709619312157, 1.2842407103440878, 0.07680489668974118, -0.7884598365241654]","[2.211604219718962, 4.67305808305175, -5.71329091001714e-16, -1.8968794682708694, -4.6730580830517505, -0.44764586105528725, 2.1444961058510437, 0.4140725515241254]"
-2.200999999999997,220,True,False,,4.440892098500626e-15,8.496968022548157e-06,5.347538796739439e-15,-0.12674013537626294,-0.015805570092211146,-0.689609375,-0.8163495103762629,-0.6901550336143358,-0.12619447676192708,1.0486158670196892,14.776414671877694,False,False,False,"[5.339284901847094, -3.7689376960938623, -5.7792003328982275, -0.27494863009059084, -3.7689376960938628, 0.5801287817599181, 0.07364287839355987, -0.7841700568225792]","[2.2116042197189665, 4.681565181196225, 1.3843496335926534e-15, -1.8943390126523822, -4.681565181196225, -1.2247054653270162, 2.1461883400473774, 0.41637282671668185]"
-2.2109999999999967,221,True,False,,5.329070518200751e-15,6.404713684445017e-06,5.617328456859173e-14,-0.13144002953375367,-0.016287162818082346,-0.689609375,-0.8210494045337536,-0.6903680939153637,-0.13068131061838995,1.0260499288975253,14.69567082903378,False,False,False,"[5.339284901847083, -3.7926319737975733, -5.779200332898226, -0.2792270202869358, -3.792631973797573, 1.2683025491225186, 0.07047059467502946, -0.7799629302702605]","[2.211604219718967, 4.689956972435194, -8.630095374407344e-16, -1.891861000345004, -4.689956972435195, -0.46365663476186614, 2.1478554019254568, 0.41858109679224925]"
-2.2209999999999965,222,True,False,,3.552713678800501e-15,8.09395450319726e-06,4.720732813135356e-15,-0.13616690577564317,-0.016766579202765364,-0.689609375,-0.8257762807756431,-0.6905624624084645,-0.1352138183671786,0.025123716598497162,14.620739461610647,False,False,False,"[5.339284901847089, -3.8163533079922694, -5.7792003328982275, -0.28343578508440126, -3.8163533079922747, 1.2605129497496204, 0.06728948542093738, -0.7758348946061749]","[2.211604219718965, 4.6982334112674975, 3.0348916359412984e-16, -1.889442793609228, -4.698233411267499, -0.47127592536357743, 2.149497317744714, 0.4207023579059766]"
-2.2309999999999963,223,True,False,,4.440892098500626e-15,6.26582332891527e-06,4.440892849373458e-14,-0.14092032285439338,-0.0172437617521847,-0.689609375,-0.8305296978543933,-0.6907395038798932,-0.1397901939745001,1.037115635983445,14.551173344713312,False,False,False,"[5.339284901847085, -3.8401012112735837, -5.779200332898225, -0.2875780479423835, -3.8401012112735833, 0.5474300003507684, 0.06410087455847632, -0.7717826248528447]","[2.211604219718964, 4.706394453653217, -1.0130001162698133e-16, -1.8870819212147725, -4.706394453653218, -1.2243506558372403, 2.1511141535199485, 0.422741224065592]"
-2.240999999999996,224,True,False,,5.329070518200751e-15,5.4296959554715895e-06,5.347849623714907e-14,-0.14569984983757145,-0.01771865939087705,-0.689609375,-0.8353092248375714,-0.6909004950939921,-0.14440872974357932,0.02509848756832981,14.486570410043887,False,False,False,"[5.339284901847089, -3.8638751958913553, -5.779200332898233, -0.2916567135767786, -3.86387519589136, 0.5370252120138115, 0.06090598173204832, -0.7678030124092801]","[2.211604219718965, 4.714440057024705, 1.697184572849646e-16, -1.8847760643917992, -4.7144400570247065, -1.2240590184971039, 2.1527060100534543, 0.4247019652323827]"
-2.250999999999996,225,True,False,,3.9968028886505635e-15,9.234740953618355e-06,4.3737764444578574e-15,-0.1505050654999298,-0.018191226884742923,-0.689609375,-0.8401144404999298,-0.6910466280968349,-0.14906781240309486,1.0128866448211173,14.426563653837174,False,False,False,"[5.339284901847089, -3.887674773758115, -5.779200332898226, -0.29567448842810495, -3.887674773758112, 1.2378191170474409, 0.0577059325066984, -0.7638931464217362]","[2.211604219718965, 4.722370180297311, 3.021370365778839e-16, -1.8825230442634684, -4.722370180297309, -0.4927401701657505, 2.154273018577764, 0.4265885407674715]"
-2.2609999999999957,226,True,False,,4.884981308350689e-15,9.660866086424865e-06,5.420790755707921e-15,-0.1553355577639799,-0.01866142432280024,-0.689609375,-0.8449449327639799,-0.6911790138318138,-0.15376591893216607,0.025073562468957093,14.370819330310338,False,False,False,"[5.339284901847081, -3.911499456457573, -5.779200332898223, -0.29963389876160135, -3.9114994564575727, 1.230468527216129, 0.054501767317837256, -0.7600502971378622]","[2.2116042197189656, 4.730184783880009, 7.071393438323036e-16, -1.8803208105731726, -4.730184783880007, -0.499467159381331, 2.155815336924692, 0.42840462889134395]"
-2.2709999999999955,227,True,False,,4.218847493575595e-15,1.5468580199459855e-05,4.8035550561163214e-15,-0.1601909231841505,0.019129216650772024,-0.689609375,-0.8498002981841505,-0.6912986859726521,-0.1585016122114984,1.0054900825600188,14.319036316718938,False,False,False,"[5.339284901847084, -3.935348755253227, -5.779200332898219, 0.05129444934982749, -3.9353487552532265, 1.2232198388230429, -0.30353730672296, -0.7562719009937557]","[2.211604219718962, 4.737883829685823, -1.014588999896195e-16, -2.1573331461495076, -4.737883829685824, 0.5059967945439867, 1.878167431547102, -0.4301536527152312]"
-2.2809999999999953,228,True,False,,8.881784197001252e-15,8.147200595942341e-06,9.729756510263219e-15,-0.16507076647024288,0.019594573250496766,-0.689609375,-0.8546801414702428,-0.6914066048922652,-0.1632735365779776,0.02504893605514538,14.27093673083545,False,False,False,"[5.3392849018470825, -3.9592221810967785, -5.779200332898224, 0.04808487149573884, -3.9592221810967736, 1.2160701925766066, -0.3073869246226134, -0.7525555472198836]","[2.211604219718965, 4.745467281141935, -4.06021121764332e-15, -2.1588266475498856, -4.7454672811419405, 0.5123380098001935, 1.8760610847554644, -0.43183880331357144]"
-2.290999999999995,229,True,False,,1.4210854715202004e-14,8.60344969134628e-06,1.4483293396010736e-13,-0.1699747000464118,0.0200574675598392,-0.689609375,-0.8595840750464118,-0.6915036616979835,-0.16808041334842827,1.016198079231264,14.226269637542483,False,False,False,"[5.339284901847089, -3.983119244636742, -5.779200332898224, 0.04487386252582899, -3.983119244636745, 0.4882697419462042, -0.31118482767977035, -0.7488989657821866]","[2.211604219718965, 4.752935103199729, -6.855295989061256e-16, -2.1602960600283696, -4.752935103199733, 1.2215382920163622, 1.8740000488547504, -0.43346306023334596]"
-2.300999999999995,230,True,False,,7.105427357601002e-15,1.2397610461776458e-05,9.441482696927914e-15,-0.17490234364227142,0.020517876728585016,-0.689609375,-0.8645117186422714,-0.6915906822748318,-0.1729210363674396,0.025024603225858068,14.184803874939156,False,False,False,"[5.339284901847091, -4.0070394562269644, -5.779200332898232, 0.04166219257219298, -4.00703945622697, 0.4791137214244382, -0.3149329654227852, -0.7453000165003402]","[2.211604219718965, 4.760287262344532, 1.2009918892917637e-15, -2.161741617754541, -4.760287262344535, 1.2208518916770081, 1.8719826961094654, -0.43502920977565307]"
-2.3109999999999946,231,True,False,,5.329070518200751e-15,5.497289670155273e-06,5.6010666221219266e-14,-0.17985332391322828,0.02097578130632552,-0.689609375,-0.8694626989132282,-0.6916684312886782,-0.17779426762455008,0.9947907409084917,14.14632694229877,False,False,False,"[5.339284901847091, -4.030982325935209, -5.779200332898238, 0.03845057802028815, -4.030982325935213, 1.1951887626500055, -0.3186331719135399, -0.741756679206737]","[2.2116042197189674, 4.767523726605276, 1.6799832529460378e-16, -2.1631635680894283, -4.767523726605282, 0.5303121364629668, 1.87000748560538, -0.436539861334603]"
-2.3209999999999944,232,True,False,,9.769962616701378e-15,1.0505841347526182e-05,9.930146623167995e-14,-0.18482727408734334,-0.021431164958876175,-0.689609375,-0.8744366490873433,-0.6917376161101481,-0.18269903297719525,1.0663118975410775,14.1106444921096,False,False,False,"[5.339284901847085, -4.054947363551688, -5.779200332898224, -0.3222871749395943, -4.054947363551687, 1.1884091081605994, 0.03523968588430505, -0.7382670448279298]","[2.2116042197189674, 4.774644465563895, 8.672003985468152e-17, -1.8680729570777548, -4.7746444655638935, -0.5359782082005575, 2.164562169739948, 0.43799746203692547]"
-2.330999999999994,233,True,False,,5.773159728050814e-15,7.253854413236173e-06,5.841083940072374e-14,-0.18982383363643596,-0.021884014210249075,-0.689609375,-0.8794332086364359,-0.6917988906282468,-0.18763431800818908,1.0035361265118792,14.077576366242356,False,False,False,"[5.339284901847085, -4.0789340785976895, -5.779200332898224, -0.32589660429759804, -4.078934078597685, 0.4527061318572939, 0.03203013773192338, -0.734829307285813]","[2.211604219718968, 4.781649450364563, -1.8644120586067926e-15, -1.8661777252879472, -4.7816494503645615, -1.2184925947690197, 2.1659376911156314, 0.4394043098907678]"
-2.340999999999994,234,True,False,,7.105427357601002e-15,5.592076547970297e-06,7.160723296601082e-14,-0.19484264796924045,-0.02233431820744658,-0.689609375,-0.8844520229692404,-0.6918528589296665,-0.1925991640395739,0.9863826638602471,14.046959461679492,False,False,False,"[5.3392849018470825, -4.102941980334095, -5.779200332898224, -0.3294629992744811, -4.102941980334097, 1.1751070921940066, 0.028822513214396592, -0.7314417561290482]","[2.211604219718963, 4.788538653722737, 5.391370761705166e-16, -1.8643204748900328, -4.788538653722734, -0.5468620325782922, 2.167290408863682, 0.4407625656228229]"
-2.3509999999999938,235,True,False,,1.0658141036401503e-14,8.549289243120372e-06,1.075386026084938e-13,-0.1998833681448664,0.022782068505795505,-0.689609375,-0.8894927431448664,-0.6919000788258607,-0.19759266431900568,1.0989730859961162,14.018637874499067,False,False,False,"[5.339284901847086, -4.126970577770072, -5.779200332898235, 0.025617353249970633, -4.126970577770076, 1.1685804138850087, -0.3329878154186463, -0.7281027698164325]","[2.2116042197189665, 4.795312049934076, 9.335065664929195e-16, -2.1686206065615443, -4.795312049934077, 0.5520916726404843, 1.86249995573642, -0.44207426335833666]"
-2.3609999999999935,236,True,False,,5.329070518200751e-15,9.979910277687986e-06,5.353608241167058e-14,-0.20494565060474645,-0.023227258872766998,-0.689609375,-0.8945550256047464,-0.6919410652151908,-0.2026139603895556,1.1092975718549525,13.992472825097241,False,False,False,"[5.339284901847094, -4.151019379671595, -5.7792003328982275, -0.33647243068104304, -4.151019379671594, 1.162133887581804, 0.02241516290189801, -0.7248108095837335]","[2.2116042197189674, 4.801969614883123, 1.4608417342369585e-15, -1.860714978577476, -4.801969614883122, -0.5571871675173525, 2.1699285735489813, 0.4433413202775771]"
-2.3709999999999933,237,True,False,,5.329070518200751e-15,7.795553938191968e-06,5.958082677074347e-15,-0.21002915692165924,0.02366988510840934,-0.689609375,-0.8996385319216592,-0.69197629327188,-0.20766223864977917,1.119358947621778,13.96833296860034,False,False,False,"[5.339284901847092, -4.175087894570062, -5.7792003328982275, 0.01921641398666839, -4.175087894570067, 1.1557655631102557, -0.33991815099583783, -0.721564413833685]","[2.211604219718967, 4.808511326051807, -5.683452359885835e-16, -2.1712146038838807, -4.808511326051809, 0.5621536644298964, 1.8589644111156212, -0.4445655453647513]"
-2.380999999999993,238,True,False,,1.2434497875801753e-14,7.091816487689811e-06,1.3359632594422955e-14,-0.21513355356439146,0.02410994488084267,-0.689609375,-0.9047429285643914,-0.6920062014572238,-0.21273672710716762,0.9888999587984378,13.946097613262644,False,False,False,"[5.33928490184708, -4.199175630771017, -5.779200332898219, 0.01602154744317012, -4.199175630771015, 0.41187381339103324, -0.34332621536139246, -0.7183621929961213]","[2.211604219718962, 4.814937162527917, -1.0701265103527152e-15, -2.1724789954080714, -4.814937162527912, 1.2137272928182972, 1.857247174378916, -0.4457486473501731]"
-2.390999999999993,239,True,False,,8.881784197001252e-15,1.2642719196190583e-05,1.0357843476428934e-14,-0.22025851167684785,0.02454743757532943,-0.689609375,-0.9098678866768478,-0.6920311943515759,-0.21783669232527192,0.9731879749839659,13.925653671221083,False,False,False,"[5.3392849018470825, -4.223282096362664, -5.779200332898221, 0.012830975489662414, -4.2232820963626585, 1.1432560920657793, -0.34669780047468984, -0.7152028248114459]","[2.2116042197189674, 4.821247105013202, -1.8641675000024985e-15, -2.1737220489111237, -4.821247105013197, 0.5717188839217093, 1.85556223938316, -0.4468922419337384]"
-2.4009999999999927,240,True,False,,1.4210854715202004e-14,8.601475019694433e-06,1.4317758731097153e-13,-0.22540370687049016,0.024982364155679726,-0.689609375,-0.9150130818704901,-0.6920516453081388,-0.22296143656235135,0.9833715746798706,13.906897177984247,False,False,False,"[5.339284901847089, -4.247406799224577, -5.779200332898238, 0.009645083591705008, -4.247406799224574, 0.39653474763003105, -0.35003402496591046, -0.7120850499959648]","[2.211604219718965, 4.827441135831467, -2.072911524330416e-15, -2.174944067381544, -4.827441135831469, 1.211583625607354, 1.8539086240550582, -0.44799785836666717]"
-2.4109999999999925,241,True,False,,5.329070518200751e-15,7.782914909923849e-06,5.9580770647421834e-15,-0.23056881902906579,0.02541472703683359,-0.689609375,-0.9201781940290658,-0.6920678989315955,-0.22811029509747027,0.9681701226577246,13.889730786729368,False,False,False,"[5.339284901847092, -4.27154924703632, -5.779200332898224, 0.00646423226136448, -4.2715492470363134, 1.1310378382997892, -0.3533359532741607, -0.7090076682523285]","[2.211604219718967, 4.833519238936441, 6.316670780897899e-16, -2.1761453553360877, -4.833519238936431, 0.5808232937826217, 1.8522853903919763, -0.4490669454589752]"
-2.4209999999999923,242,True,False,,9.769962616701378e-15,6.875031267915501e-06,1.1128842923123772e-14,-0.23575353212476813,0.02584452996759834,-0.689609375,-0.9253629071247681,-0.692080273386218,-0.23328263373855007,0.9780121249271894,13.874064038245834,False,False,False,"[5.339284901847089, -4.295708947286134, -5.779200332898224, 0.0032887587055032766, -4.295708947286136, 0.3817109762875129, -0.3566045992005515, -0.7059695345924247]","[2.211604219718965, 4.839481399919505, 2.7968574763117316e-16, -2.1773262182190103, -4.839481399919502, 1.2093270490390489, 1.8506916418365316, -0.45010087707207574]"
-2.430999999999992,243,True,False,,1.7763568394002505e-14,1.1204282688760478e-05,2.0273074933523156e-14,-0.24095753404489972,0.02627177792266741,-0.689609375,-0.9305669090448997,-0.6920890625392889,-0.23847784650561077,0.9632889610182344,13.859812391905162,False,False,False,"[5.339284901847087, -4.319885407279583, -5.779200332898221, 0.00011897833870051186, -4.3198854072795685, 1.119097670178542, -0.3598409291705515, -0.7029695559436846]","[2.2116042197189674, 4.845327606017272, -1.2532237277772509e-15, -2.1784869618639995, -4.845327606017264, 0.589499261591562, 1.8491265208465593, -0.4511009571487774]"
-2.440999999999992,244,True,False,,1.1546319456101628e-14,1.569097556049708e-05,1.2809478423081995e-14,-0.24618051642838434,0.02669647700303049,-0.689609375,-0.9357898914283843,-0.6920945379465981,-0.24369535348178617,0.024862093334352648,13.846897319418884,False,False,False,"[5.3392849018471, -4.344078134148234, -5.779200332898239, -0.003044813825518701, -4.344078134148243, 1.1132280214301062, -0.36304586523401133, -0.7000066880127505]","[2.2116042197189665, 4.851057846119012, 1.994072262310202e-15, -2.179627892012382, -4.851057846119019, 0.5936858266296752, 1.8475892066430406, -0.45206842432684935]"
-2.4509999999999916,245,True,False,,4.440892098500626e-15,7.531669965271405e-06,5.420799386137218e-15,-0.25142217451134563,0.02711863434413067,-0.689609375,-0.9410315495113456,-0.6920969506874048,-0.24893459882394076,0.9702679699712234,13.83524423038937,False,False,False,"[5.339284901847089, -4.368286634858327, -5.779200332898224, -0.006202341893025182, -4.368286634858329, 0.360375107826188, -0.3662202878278726, -0.6970799323834155]","[2.211604219718965, 4.8566721107738795, 5.228786679035382e-16, -2.1807493138819223, -4.856672110773876, 1.2057580642210972, 1.8460789131204052, -0.45300445617704105]"
-2.4609999999999914,246,True,False,,8.881784197001252e-15,6.169312936806629e-06,1.0357848105462856e-14,-0.2566822069812096,0.027538258031005236,-0.689609375,-0.9462915819812096,-0.6920965330566798,-0.2541950489245297,0.024839941265113658,13.824785666288639,False,False,False,"[5.339284901847097, -4.392510416219509, -5.779200332898233, -0.009353347906384873, -4.39251041621951, 0.35348925349629123, -0.36936503832406575, -0.6941883338279111]","[2.2116042197189705, 4.862170392198101, 1.660306610387598e-15, -2.1818515317811755, -4.862170392198099, 1.2045248956930565, 1.844594886905151, -0.4539101731018342]"
-2.470999999999991,247,True,False,,7.105427357601002e-15,6.253263984981255e-06,7.588602253716256e-15,-0.261960315838623,0.027955357019921967,-0.689609375,-0.951569690838623,-0.6920935001226884,-0.25947619071593453,0.02482896049853006,13.815456395032806,False,False,False,"[5.339284901847089, -4.416748984893471, -5.7792003328982275, -0.012497590751610808, -4.416748984893467, 0.3467111173216366, -0.3724809213823536, -0.6913309778130619]","[2.211604219718965, 4.86755268428189, 2.86382273967479e-17, -2.182934848764869, -4.867552684281886, 1.2032720754011055, 1.8431364055502448, -0.45478664192713064]"
-2.480999999999991,248,True,False,,3.552713678800501e-15,5.8894831375113735e-06,4.189527758847661e-15,-0.2672562062668149,0.028369941065874843,-0.689609375,-0.9568655812668149,-0.6920880511580477,-0.26477753010876715,0.9516393657800661,13.807196212765268,False,False,False,"[5.339284901847085, -4.441001847402698, -5.7792003328982275, -0.015634845146066754, -4.441001847402701, 1.090385853492571, -0.37556870712604057, -0.6885069881843658]","[2.211604219718963, 4.87281898259632, 1.297957084330488e-15, -2.1839995663263214, -4.872818982596321, 0.6094999227336217, 1.8417027758538618, -0.4556348792155801]"
-2.4909999999999908,249,True,False,,7.105427357601002e-15,1.2451841408197361e-05,8.379067711751404e-15,-0.2725695865077409,0.02878202065550778,-0.689609375,-0.9621789615077408,-0.6920803709523763,-0.27009859055536456,0.024807187043985067,13.799948172897636,False,False,False,"[5.339284901847084, -4.465268510139178, -5.779200332898226, -0.018764900699994366, -4.465268510139172, 1.084827793586106, -0.37862913315639085, -0.6857155250130381]","[2.2116042197189634, 4.877969284400021, -9.207489827520123e-16, -2.185045984123292, -4.877969284400019, 0.6132354596207585, 1.84029333229226, -0.4564558543271719]"
-2.5009999999999906,250,True,False,,1.2434497875801753e-14,7.499287702904949e-06,1.6968608969446383e-14,-0.2779001677447379,0.02919160694500661,-0.689609375,-0.9675095427447379,-0.6920706310145083,-0.2754389117302296,0.958075980374588,13.793659328879707,False,False,False,"[5.339284901847098, -4.489548479373101, -5.779200332898238, -0.021887561045064986, -4.489548479373109, 0.3269936669771288, -0.38166290642002615, -0.6829557825923334]","[2.2116042197189674, 4.883003588645698, 1.2377077782732554e-15, -2.1860743997340792, -4.883003588645706, 1.199406953910217, 1.8389074355575021, -0.45725049224997644]"
-2.5109999999999904,251,True,False,,5.329070518200751e-15,8.364849350234306e-06,5.958094755316311e-15,-0.2832476639911077,0.029598711702559316,-0.689609375,-0.9728570389911076,-0.692058990672049,-0.28079804831905864,0.9449988864642124,13.788280159619966,False,False,False,"[5.3392849018470825, -4.513841261261611, -5.779200332898224, -0.025002643024026848, -4.513841261261606, 1.0738859849644486, -0.3846707049421023, -0.6802269875708836]","[2.211604219718965, 4.887921895986581, -1.0164792008689804e-15, -2.1870851084409635, -4.887921895986579, 0.6204641581608187, 1.8375444711916, -0.45801967622153616]"
-2.52099999999999,252,True,False,,8.881784197001252e-15,1.4153493520470016e-05,9.93015051927839e-15,-0.28861179198439224,0.03000334725500467,-0.689609375,-0.9782211669843922,-0.6920455980757781,-0.28617556890861406,0.9534275072907554,13.78376317007797,False,False,False,"[5.339284901847094, -4.538146361857522, -5.779200332898233, -0.028109975936135623, -4.538146361857527, 0.3143355438397404, -0.38765317943682354, -0.6775283972118734]","[2.211604219718966, 4.892724208782695, 1.3737507472609573e-16, -2.188078403038426, -4.892724208782703, 1.196751533561256, 1.8362038483095116, -0.45876425015929945]"
-2.53099999999999,253,True,False,,8.881784197001252e-15,7.800442646844653e-06,1.1304662658992839e-14,-0.29399227108587933,0.030405526438400943,-0.689609375,-0.9836016460858793,-0.6920305911161081,-0.2915710549697712,0.02476437907668545,13.780064825889315,False,False,False,"[5.33928490184708, -4.562463287118056, -5.779200332898224, -0.031209400833585543, -4.562463287118054, 0.30814491476577366, -0.3906109548055789, -0.6748592977680634]","[2.211604219718959, 4.897410531107012, -3.7061314657054145e-16, -2.189054573663811, -4.897410531107015, 1.195403004559092, 1.834884998404033, -0.4594850209166427]"
-2.5409999999999897,254,True,False,,1.4210854715202004e-14,7.695523894093331e-06,1.438010123376893e-13,-0.2993888231851036,0.03080526255209637,-0.689609375,-0.9889981981851036,-0.6920140982584533,-0.2969840999266503,0.9385984888700605,13.7771429424438,False,False,False,"[5.339284901847094, -4.586791542913657, -5.779200332898238, -0.034300769864748434, -4.586791542913659, 1.0578919465098295, -0.3935446315321495, -0.6722190029634016]","[2.211604219718966, 4.901980868751506, 7.444165242758046e-16, -2.190013907648351, -4.901980868751504, 0.6307380492978871, 1.8335873742263125, -0.46018276037932526]"
-2.5509999999999895,255,True,False,,9.769962616701378e-15,1.022730177195018e-05,9.930136270217742e-14,-0.304801172608931,0.031202569316130302,-0.689609375,-0.994410547608931,-0.6919962393040296,-0.30241430830490135,0.946679068257764,13.774958696498945,False,False,False,"[5.339284901847092, -4.6111306350366, -5.779200332898226, -0.03738394566024965, -4.611130635036599, 0.2960287971217082, -0.3964547869833421, -0.6696068525730464]","[2.2116042197189647, 4.906435229232926, -6.822487840195447e-16, -2.190956689386668, -4.906435229232925, 1.192668471932043, 1.8323104487362671, -0.4608582074158362]"
-2.5609999999999893,256,True,False,,6.217248937900877e-15,1.0584403189304042e-05,6.280365640131502e-14,-0.3102290460351149,0.03159746083170831,-0.689609375,-0.9998384210351149,-0.69197712608221,-0.30786129495290493,0.024732905098579054,13.773475246226056,False,False,False,"[5.339284901847088, -4.635480069209911, -5.779200332898227, -0.04045880075858213, -4.63548006920991, 0.29009888468096656, -0.3993419766228372, -0.6670222110940741]","[2.211604219718965, 4.9107736217987155, 4.318253261471298e-17, -2.1918832002230313, -4.910773621798714, 1.1912840064323802, 1.8310537141176544, -0.4615120696936883]"
-2.570999999999989,257,True,False,,3.552713678800501e-15,1.0921426992653711e-05,4.440884900829448e-15,-0.3156721724098679,0.03198995154441045,-0.689609375,-1.0052815474098677,-0.6919568630802114,-0.3133246843296563,0.9324224940005289,13.772657757721817,False,False,False,"[5.339284901847083, -4.659839351096029, -5.779200332898226, -0.04352521706796807, -4.659839351096029, 1.0423748335786787, -0.4022067351450138, -0.6644644665001597]","[2.211604219718965, 4.914996057432544, 4.944469546560288e-17, -2.192793718352852, -4.914996057432542, 0.6403823781644896, 1.8298166808530378, -0.46214502537265484]"
-2.580999999999989,258,True,False,,7.105427357601002e-15,1.049644220109655e-05,7.944113631247208e-15,-0.3211302828693885,0.03238005621006573,-0.689609375,-1.0107396578693884,-0.6919355480155045,-0.31880410985388385,0.9401826783547965,13.772473451858486,False,False,False,"[5.339284901847092, -4.684207986305646, -5.779200332898237, -0.046583085361754886, -4.68420798630564, 0.2784849045665654, -0.4050495775351988, -0.6619330290738018]","[2.211604219718966, 4.9191025488598665, -9.272828801758732e-16, -2.1936885187380075, -4.919102548859866, 1.1884842346038447, 1.8285988768542945, -0.46275772468484666]"
-2.5909999999999886,259,True,False,,4.440892098500626e-15,5.849271425873307e-06,5.687113932118167e-15,-0.32660311066499137,0.03276778986301787,-0.689609375,-1.0162124856649912,-0.6919132723559694,-0.3242992133090218,0.9284228203256384,13.772891043770905,False,False,False,"[5.339284901847089, -4.708585480406383, -5.7792003328982275, -0.04963230480470768, -4.708585480406388, 1.0322819480164664, -0.4078710000619535, -0.6594273303104609]","[2.211604219718965, 4.923093110553266, -1.05428901960626e-15, -2.194567873034755, -4.9230931105532685, 0.6464888927533812, 1.8273998466446784, -0.46335079141062663]"
-2.6009999999999884,260,True,False,,5.329070518200751e-15,1.0161388146202157e-05,6.404751388130245e-15,-0.3320903910917048,0.03315316778660107,-0.689609375,-1.0216997660917047,-0.6918901217924733,-0.3298096442992313,0.024691759649145117,13.773881488993108,False,False,False,"[5.339284901847094, -4.732971338931712, -5.7792003328982275, -0.05267278250795596, -4.732971338931708, 1.0273083086334676, -0.4106714812066785, -0.6569468218892593]","[2.211604219718966, 4.926967758737786, -4.280243689810207e-16, -2.1954320495330446, -4.926967758737781, 0.649450718692438, 1.8262191505887309, -0.46392482425852194]"
-2.610999999999988,261,True,False,,1.4210854715202004e-14,5.700521145377049e-06,1.4464960446029859e-13,-0.3375918614201492,0.03353620548571093,-0.689609375,-1.027201236420149,-0.691866176668193,-0.3353350597519561,0.024681616835719383,13.775417116206022,False,False,False,"[5.339284901847096, -4.7573650673896335, -5.779200332898238, -0.055704433110345786, -4.757365067389638, 1.0223820428655193, -0.4134514825352014, -0.6544909747055596]","[2.2116042197189647, 4.9307265113960455, 2.0609326225618783e-15, -2.1962813131062515, -4.930726511396048, 0.6523538608638282, 1.8250563641667668, -0.4644803981565824]"
-2.620999999999988,262,True,False,,6.217248937900877e-15,6.326229077854749e-06,6.23308229685026e-14,-0.3431072608314176,0.033916918661281825,-0.689609375,-1.0327166358314175,-0.6918415123686764,-0.34087512346274107,0.024671530609141755,13.777471345658327,False,False,False,"[5.339284901847086, -4.781766171271529, -5.7792003328982275, -0.05872717838444419, -4.78176617127153, 1.017502310224981, -0.4162114495157598, -0.6520592779608775]","[2.2116042197189665, 4.934369388273292, 1.0204604819081888e-16, -2.197115925170329, -4.934369388273291, 0.6551999407617682, 1.8239110772907663, -0.46501806546190666]"
-2.630999999999988,263,True,False,,2.6645352591003757e-15,8.453351011199892e-06,2.8086646183206853e-14,-0.3486363303549531,0.03429532318654355,-0.689609375,-1.038245705354953,-0.6918161996763241,-0.34642950567862885,0.02466150056188345,13.780019583211272,False,False,False,"[5.339284901847087, -4.8061741560609255, -5.779200332898229, -0.06174094686526159, -4.8061741560609255, 1.0126682938546754, -0.41895181228724004, -0.6496512383062397]","[2.2116042197189656, 4.937896410882286, -2.1539240394304225e-17, -2.1979361436515537, -4.937896410882287, 0.6579905186552165, 1.8227828936589052, -0.4655383570945547]"
-2.6409999999999876,264,True,False,,8.881784197001252e-15,1.4014895056479096e-05,1.0841601572104756e-14,-0.35417881280911434,0.03467143508493614,-0.689609375,-1.0437881878091142,-0.6917903050926696,-0.3519978827164446,0.9278789094009484,13.783038002483949,False,False,False,"[5.339284901847087, -4.830588527242311, -5.779200332898231, -0.06474567350024672, -4.8305885272423135, 0.24547360615773045, -0.4216729863813796, -0.6472663790351305]","[2.2116042197189656, 4.941307602508133, 1.1458836499229574e-16, -2.1987422229620623, -4.941307602508138, 1.1798828271640511, 1.8216714301460748, -0.4660417836014234]"
-2.6509999999999874,265,True,False,,6.217248937900877e-15,1.0619170254235268e-05,6.466042502874033e-14,-0.3597344527443962,0.03504527050956263,-0.689609375,-1.049343827744396,-0.6917638911315517,-0.3575799366128444,0.024641607399622296,13.786504738469892,False,False,False,"[5.33928490184709, -4.855008790309957, -5.779200332898233, -0.06774129931896417, -4.855008790309966, 0.24022053181435682, -0.42437537340215997, -0.644904239322719]","[2.211604219718962, 4.944602988212988, -1.809698901810965e-17, -2.1995344139824806, -4.944602988212996, 1.1784255367485295, 1.8205763162280049, -0.4665288361552533]"
-2.660999999999987,266,True,False,,7.993605777301127e-15,1.2145234139156087e-05,9.368076476428519e-15,-0.36530299638906083,0.03541684572407541,-0.689609375,-1.0549123713890607,-0.6917370165860174,-0.3631753548030433,0.024631743493777006,13.790398861529065,False,False,False,"[5.339284901847084, -4.8794344507767065, -5.779200332898233, -0.07072777112118842, -4.8794344507767065, 0.2350343201222855, -0.42705936166548536, -0.6425643735081755]","[2.211604219718962, 4.947782594840589, -7.665618173007025e-16, -2.200312964050988, -4.947782594840589, 1.1769627584614408, 1.8194971934367619, -0.4669999874934848]"
-2.670999999999987,267,True,False,,1.1546319456101628e-14,6.23345837587387e-06,1.1957465136805702e-13,-0.3708841915971828,0.03578617708486992,-0.689609375,-1.0604935665971826,-0.6917097367715307,-0.36878382982565194,0.9132857453803833,13.79469936264782,False,False,False,"[5.339284901847094, -4.903865014182811, -5.7792003328982275, -0.07370504118215439, -4.903865014182811, 0.9937738308243925, -0.429725326801903, -0.64024635041718]","[2.211604219718966, 4.950846451020775, -6.062202121521295e-16, -2.201078116958203, -4.950846451020776, 0.6686270351303634, 1.8184337148455894, -0.4674556928012308]"
-2.6809999999999867,268,True,False,,3.552713678800501e-15,7.004261373734314e-06,3.714717055375704e-14,-0.37647778779885765,0.03615328102455714,-0.689609375,-1.0660871627988575,-0.6916821037478427,-0.37440505905101484,0.024612179090881443,13.799388326759253,False,False,False,"[5.339284901847089, -4.928299986104727, -5.779200332898224, -0.07667306697380187, -4.928299986104727, 0.9891569081985169, -0.4323736323248968, -0.6379497527219948]","[2.211604219718965, 4.953794587173807, -8.541650984739158e-16, -2.201830112947388, -4.953794587173807, 0.6711615636665252, 1.8173855445811828, -0.46789639054237386]"
-2.6909999999999865,269,True,False,,6.217248937900877e-15,8.047248532191229e-06,7.160721193831492e-15,-0.3820835359525523,0.036518174036561185,-0.689609375,-1.0716929109525521,-0.6916541665216586,-0.3800387444308936,0.02460247783092001,13.804446984554277,False,False,False,"[5.339284901847089, -4.952738872163977, -5.779200332898224, -0.07963181090105659, -4.952738872163983, 0.9845812485404144, -0.4350046301671965, -0.6356741763365558]","[2.211604219718965, 4.956627035514658, -5.578438409816243e-16, -2.202569188719433, -4.956627035514661, 0.673648821574755, 1.8163523573616616, -0.46832250324235847]"
-2.7009999999999863,270,True,False,,1.0658141036401503e-14,7.100517546451967e-06,1.2338965291808233e-14,-0.387701188499455,0.036880872660802394,-0.689609375,-1.0773105634994549,-0.6916259712320366,-0.38568459226741825,0.024592830030824152,13.809858727371466,False,False,False,"[5.339284901847098, -4.977181178035947, -5.779200332898238, -0.08258124005208901, -4.97718117803595, 0.980046177051007, -0.437618661187146, -0.6334192298444081]","[2.2116042197189674, 4.959343830057141, 2.2025931211660433e-15, -2.2032955774421925, -4.959343830057137, 0.6760900150175585, 1.8153338380586124, -0.46873443822606825]"
-2.710999999999986,271,True,False,,1.0658141036401503e-14,1.0443939548794583e-05,1.0658899323836076e-13,-0.39333049931971864,0.03724139347036237,-0.689609375,-1.0829398743197185,-0.6915975613202671,-0.39134231299945144,0.9145586383217529,13.815607125466522,False,False,False,"[5.33928490184709, -5.001626409458696, -5.7792003328982275, -0.08552132596172544, -5.001626409458697, 0.2100564835364773, -0.44021605564723054, -0.6311845339572884]","[2.211604219718963, 4.961945006617908, 1.875057110089499e-16, -2.2040095087637566, -4.961945006617907, 1.1695810228488455, 1.8143296812816994, -0.46913258831382315]"
-2.720999999999986,272,True,False,,8.881784197001252e-15,7.81129412764568e-06,1.1374233533389632e-14,-0.39897122369056515,0.037599753059122054,-0.689609375,-1.088580598690565,-0.6915689776858231,-0.39701162100474185,0.9044605247515536,13.821676395667932,False,False,False,"[5.339284901847089, -5.026074072241861, -5.7792003328982275, -0.08845204438720218, -5.026074072241868, 0.9710951858256848, -0.4427971336665441, -0.6289697210024366]","[2.211604219718965, 4.9644306028204905, -4.883920286638089e-16, -2.204711208829253, -4.9644306028204985, 0.680838826541002, 1.813339590984456, -0.46951733247831484]"
-2.7309999999999857,273,True,False,,8.881784197001252e-15,4.402818238848689e-06,1.035785225657718e-14,-0.4046231182460289,0.03795596803025253,-0.689609375,-1.0942324932460288,-0.6915402588297984,-0.40269223441623037,0.9109372560151621,13.82805133143,False,False,False,"[5.339284901847092, -5.050523672275448, -5.7792003328982275, -0.09137337509545541, -5.050523672275457, 0.20048552272339057, -0.4453622056489227, -0.6267744344368544]","[2.2116042197189616, 4.966800658099064, 8.885999526733438e-16, -2.205400900300862, -4.9668006580990705, 1.1666036168766147, 1.8123632800899618, -0.4698890364651237]"
-2.7409999999999854,274,True,False,,7.549516567451064e-15,1.1646395294197164e-05,9.780055456672184e-15,-0.41028594093844006,0.038310054985504244,-0.689609375,-1.09989531593844,-0.6915114409871224,-0.40838387495131756,0.024554766087825985,13.834718747350196,False,False,False,"[5.339284901847086, -5.074974715538676, -5.7792003328982275, -0.09428530166129, -5.074974715538676, 0.1957851588908953, -0.4479115726882865, -0.6245983283868051]","[2.2116042197189594, 4.9690552137021875, 1.505534834753293e-16, -2.206078802380708, -4.9690552137021875, 1.1651109589183755, 1.8114004701352056, -0.4702480533791838]"
-2.7509999999999852,275,True,False,,6.217248937900877e-15,7.970303200274868e-06,6.764156788752237e-15,-0.41595945100142195,0.0386620305152775,-0.689609375,-1.1055688260014218,-0.691482558248702,-0.41408626775271984,0.024545380118394505,13.841665480671502,False,False,False,"[5.339284901847097, -5.099426708108798, -5.779200332898233, -0.09718781127578807, -5.0994267081087985, 0.19114001072807535, -0.4504455269527036, -0.6224410672109751]","[2.2116042197189674, 4.971194312696432, 1.4782305139638449e-15, -2.206745130836331, -4.97119431269643, 1.1636160664619724, 1.8104508909330175, -0.47059472423941634]"
-2.760999999999985,276,True,False,,9.769962616701378e-15,9.640925789427774e-06,9.848668169164113e-14,-0.4216434089143686,0.039011911189399257,-0.689609375,-1.1112527839143684,-0.6914536426745234,-0.4197991412398451,0.024536045450843216,13.848878101502338,False,False,False,"[5.339284901847091, -5.1238791561699815, -5.779200332898234, -0.1000808945642968, -5.12387915616998, 0.18654897441950605, -0.4529643520484355, -0.6203023250859341]","[2.2116042197189656, 4.973217999969938, -1.478771629696849e-16, -2.2074000980284794, -4.973217999969937, 1.1621192243416403, 1.8095142802505253, -0.4709293785036247]"
-2.770999999999985,277,True,False,,5.551115123125783e-15,1.0115519826422717e-05,6.280360815054848e-15,-0.4273375763684122,0.03935971354856982,-0.689609375,-1.116946951368412,-0.6914247243986407,-0.4255222269697714,0.024526761740002928,13.856344837829912,False,False,False,"[5.3392849018470825, -5.148331566022185, -5.7792003328982275, -0.10296454541351377, -5.1483315660221765, 0.18201097869403401, -0.45546832336529064, -0.6181817856124449]","[2.211604219718963, 4.975126322235886, -1.1692393601680914e-15, -2.2080439129409717, -4.97512632223588, 1.1606207047535364, 1.8085903835031774, -0.47125233456548526]"
-2.7809999999999846,278,True,False,,4.440892098500626e-15,5.411359305023737e-06,4.78298877164972e-14,-0.4330417162336726,0.03970545409640505,-0.689609375,-1.1226510912336725,-0.6913958317268755,-0.431255259506797,0.024517528644599777,13.864053934759056,False,False,False,"[5.339284901847094, -5.172783444089933, -5.779200332898228, -0.1058387608070905, -5.172783444089932, 0.17752498354430027, -0.4579577084043888, -0.6160791414414699]","[2.211604219718966, 4.976919328035755, -2.3399830377303234e-16, -2.2086767812124033, -4.976919328035757, 1.1591207678663509, 1.8076789534634317, -0.4715639002254533]"
-2.7909999999999844,279,True,False,,8.881784197001252e-15,7.150270670644184e-06,1.1949216609558433e-14,-0.43875559252788054,0.040049149292097436,-0.689609375,-1.1283649675278804,-0.6913669912279657,-0.43699797629991466,0.8928321210147115,13.871994743665903,False,False,False,"[5.339284901847089, -5.197234296931197, -5.7792003328982275, -0.1087035406692898, -5.197234296931205, 0.9409538112291397, -0.4604327670894341, -0.6139940939186427]","[2.211604219718965, 4.978597067742625, -2.619114764835256e-16, -2.2092989051694825, -4.978597067742634, 0.6961676154034042, 1.8067797499832539, -0.471864373137169]"
-2.800999999999984,280,True,False,,7.549516567451064e-15,6.554934035175448e-06,5.391304548400863e-14,-0.444478970386168,0.040390815543580705,-0.689609375,-1.1340883453861679,-0.6913382278188216,-0.4427501175673463,0.8988449607834547,13.880156818730725,False,False,False,"[5.339284901847094, -5.221683631246313, -5.779200332898238, -0.11155888771626962, -5.221683631246313, 0.16870498401582043, -0.4628937520625025, -0.6119263527461573]","[2.211604219718966, 4.980159593564349, 1.5159788541388183e-15, -2.2099104838618286, -4.980159593564348, 1.1561176261583377, 1.8058925397296615, -0.47215404123090704]"
-2.810999999999984,281,True,False,,8.881784197001252e-15,7.974801143946183e-06,8.915427562341095e-14,-0.4502116160321057,0.04073046920122647,-0.689609375,-1.1398209910321055,-0.6913095648444695,-0.44851142618763606,0.8896534347153158,13.888529854798964,False,False,False,"[5.339284901847089, -5.246130953886695, -5.779200332898224, -0.11440480731453065, -5.2461309538867, 0.9326624824826971, -0.4653409089652182, -0.6098756356610484]","[2.211604219718965, 4.981606959546505, -4.3115943063897535e-17, -2.210511713098009, -4.981606959546508, 0.7002095494180909, 1.8050170959325622, -0.47243318311543736]"
-2.8209999999999837,282,True,False,,5.329070518200751e-15,7.682892780463348e-06,5.658509839235899e-14,-0.4559532967498541,0.04106812655201028,-0.689609375,-1.145562671749854,-0.6912810241532067,-0.45428164759664724,0.024481095728159367,13.897104399090393,False,False,False,"[5.339284901847092, -5.270575771863872, -5.7792003328982275, -0.11724130734616713, -5.270575771863872, 0.928567602740764, -0.4677744767062758, -0.6078416681289217]","[2.211604219718967, 4.982939221575523, 1.1389823779046706e-15, -2.2111027854827228, -4.982939221575522, 0.7021785473683249, 1.8041531981442132, -0.47270206845964735]"
-2.8309999999999835,283,True,False,,5.329070518200751e-15,9.47291267635763e-06,5.3891252182052897e-14,-0.46170378085738406,0.04140380381412079,-0.689609375,-1.151313155857384,-0.6912526261674244,-0.4600605296899595,0.8939205271896927,13.905871255755962,False,False,False,"[5.339284901847089, -5.295017592358188, -5.7792003328982275, -0.12006839808053246, -5.2950175923581915, 0.15584065609059797, -0.47019468771599915, -0.6058241830522748]","[2.211604219718965, 4.984156437381401, 4.3231041711652884e-16, -2.211683890454917, -4.984156437381401, 1.151608157932437, 1.8033006320096603, -0.4729609583550981]"
-2.8409999999999833,284,True,False,,8.881784197001252e-15,1.0974946293762468e-05,1.1374226106427853e-14,-0.4674628376807686,0.04173751713198956,-0.689609375,-1.1570722126807684,-0.6912243899505041,-0.46584782273026437,0.8849975048561141,13.914821725413347,False,False,False,"[5.339284901847092, -5.319455922727744, -5.779200332898233, -0.1228860920520082, -5.319455922727748, 0.9204769629151602, -0.47260176818877975, -0.6038229204925438]","[2.211604219718967, 4.985258666540579, 4.82037754637774e-16, -2.2122552143267424, -4.985258666540584, 0.7060165266294676, 1.8024591890475528, -0.4732101056606572]"
-2.850999999999983,285,True,False,,5.329070518200751e-15,9.527241345566344e-06,6.936894061225614e-15,-0.47323023752942817,0.042069282571697064,-0.689609375,-1.162839612529428,-0.6911963332701537,-0.4716432792592743,0.8907177146907221,13.923948172745988,False,False,False,"[5.339284901847084, -5.343890270517251, -5.779200332898229, -0.12569440394350304, -5.343890270517251, 0.14749770218900082, -0.4749959383140451, -0.6018376274051485]","[2.21160421971896, 4.986245970478622, -1.7492524025075095e-15, -2.212816940323204, -4.986245970478623, 1.1486011058356378, 1.8016286664407735, -0.47344975533026906]"
-2.860999999999983,286,True,False,,5.329070518200751e-15,1.1611200674607891e-05,5.492263645868609e-14,-0.4790057516723767,0.04239911611676561,-0.689609375,-1.1686151266723765,-0.6911684726584957,-0.47744665401388087,0.024445446352377193,13.933241805587127,False,False,False,"[5.339284901847097, -5.368320143466855, -5.7792003328982275, -0.12849335047545146, -5.368320143466854, 0.14339364712034833, -0.4773774124964018, -0.5998680573867865]","[2.2116042197189705, 4.98711841247278, 4.1057010042330016e-16, -2.2133692486224095, -4.987118412472775, 1.1470979296524353, 1.8008088668363489, -0.4736801447248198]"
-2.8709999999999827,287,True,False,,6.661338147750939e-15,1.143319937157935e-05,5.958068653252334e-15,-0.48478915231534536,0.042727033664266834,-0.689609375,-1.1743985273153452,-0.6911408234691904,-0.48325770384615485,0.024436654066737028,13.942695446885727,False,False,False,"[5.339284901847089, -5.392745049521042, -5.7792003328982275, -0.13128295029993128, -5.392745049521042, 0.1393334566092675, -0.4797463995656058, -0.5979139704343392]","[2.211604219718965, 4.987876057654552, 6.410269725861202e-16, -2.2139123163962884, -4.987876057654552, 1.1455952218777163, 1.7999995981541894, -0.4739015039090431]"
-2.8809999999999825,288,True,False,,8.881784197001252e-15,1.214498194860773e-05,1.1949237996547833e-14,-0.490580212578811,0.04305305102128429,-0.689609375,-1.1801895875788109,-0.6911133999318421,-0.4890761876469688,0.024427909190048263,13.952301613440055,False,False,False,"[5.339284901847092, -5.417164496837471, -5.779200332898233, -0.1340632238997476, -5.417164496837479, 0.1353163450633577, -0.482103102976873, -0.5959751327147083]","[2.211604219718967, 4.988518973012108, 9.540511375566226e-16, -2.2144463178517118, -4.988518973012117, 1.1440931494403301, 1.7992006734041184, -0.4741140559342808]"
-2.8909999999999823,289,True,False,,1.9539925233402755e-14,1.4076193059739733e-05,2.4693971755397462e-14,-0.4963787064768148,0.04337718390163664,-0.689609375,-1.1859880814768147,-0.6910862152039068,-0.4949018662729079,0.02441921142107637,13.962053647192343,False,False,False,"[5.339284901847083, -5.441577993795849, -5.77920033289822, -0.13683419349214443, -5.4415779937958515, 0.13134154752081695, -0.4844477210021039, -0.5940513163450358]","[2.2116042197189634, 4.989047227392606, -1.4766938017545458e-15, -2.2149714242718965, -4.989047227392616, 1.1425918721166148, 1.7984119105108327, -0.4743180171079243]"
-2.900999999999982,290,True,False,,9.769962616701378e-15,1.0120132154934307e-05,1.262339461259775e-14,-0.5021844088966692,0.04369944792291039,-0.689609375,-1.191793783896669,-0.6910592814202918,-0.5007345024763772,0.8760666955730542,13.971945064925348,False,False,False,"[5.339284901847094, -5.465985049006778, -5.7792003328982275, -0.13959588293696318, -5.465985049006788, 0.8969648541951695, -0.4867804469125032, -0.5921422991827235]","[2.211604219718966, 4.989460891504484, 5.234138303230651e-16, -2.2154878040580366, -4.98946089150449, 0.7167822816077576, 1.7976331321463446, -0.4745135972502639]"
-2.910999999999982,291,True,False,,8.43769498715119e-15,1.658345709276123e-05,9.607116072090355e-15,-0.5079970955793627,0.04401985860374974,-0.689609375,-1.1976064705793625,-0.6910326097408176,-0.5065738608385449,0.8814712425536748,13.981968913342305,False,False,False,"[5.339284901847089, -5.490385171320641, -5.7792003328982275, -0.14234831764897574, -5.49038517132064, 0.12351593344977961, -0.48910146915305375, -0.5902478646247791]","[2.211604219718965, 4.989760037919592, -1.2668254017090582e-15, -2.2159956227710844, -4.989760037919593, 1.1395923080344152, 1.7968641655695348, -0.47470099993946724]"
-2.9209999999999816,292,True,False,,5.329070518200751e-15,5.544453452998333e-06,5.4025755959290705e-14,-0.5138165431007362,0.044338431361378605,-0.689609375,-1.203425918100736,-0.6910062103956898,-0.5124197077050463,0.8731965088134036,13.992119685545111,False,False,False,"[5.33928490184709, -5.514777869836388, -5.7792003328982275, -0.14509152451425272, -5.514777869836384, 0.8893692049803887, -0.49141097150929375, -0.5883678014159099]","[2.211604219718961, 4.989944741075294, 1.5309097378652958e-17, -2.2164950431736057, -4.989944741075289, 0.7201392004171517, 1.7961048424724357, -0.47488042274528924]"
-2.9309999999999814,293,True,False,,4.440892098500626e-15,6.990557505454809e-06,6.280362923152084e-15,-0.519642528853387,0.04465518150937764,-0.689609375,-1.2092519038533869,-0.6909800927291154,-0.5182718111242715,0.024384885513841745,14.002391350207297,False,False,False,"[5.3392849018470905, -5.539162653910518, -5.77920033289823, -0.14782553181030222, -5.539162653910514, 0.8856148677864201, -0.4937091332668097, -0.5865019034650204]","[2.2116042197189656, 4.990015077276512, 1.6712641728321626e-16, -2.2169862252716315, -4.9900150772765075, 0.7217769811644672, 1.7953549988329578, -0.4750520574521984]"
-2.940999999999981,294,True,False,,8.881784197001252e-15,8.589416641373571e-06,9.56597681324638e-15,-0.5254748310292499,0.044970124255663685,-0.689609375,-1.2150842060292497,-0.6909542652411736,-0.5241299407880761,0.8770399542832136,14.012778274913442,False,False,False,"[5.339284901847093, -5.563539033165826, -5.779200332898233, -0.15055036912984307, -5.563539033165826, 0.11207685193161009, -0.495996129363803, -0.5846499696695818]","[2.211604219718971, 4.989971124697601, -4.14964914034809e-17, -2.2174693263565204, -4.989971124697601, 1.1351025422377028, 1.7946144747736656, -0.4752160902723939]"
-2.950999999999981,295,True,False,,2.6645352591003757e-15,9.452231587953403e-06,2.979040875026867e-14,-0.5313132286028388,0.045283274700662596,-0.689609375,-1.2209226036028387,-0.6909287356280487,-0.52999386797479,0.02436799761558523,14.023275804352362,False,False,False,"[5.339284901847089, -5.587906517500325, -5.779200332898233, -0.15326606730801895, -5.587906517500326, 0.10834094236996557, -0.4982721305371205, -0.5828118037475265]","[2.211604219718965, 4.989812963384225, 8.234836948619947e-16, -2.2179445010466616, -4.989812963384224, 1.1336090282701679, 1.793883114426359, -0.4753727020493545]"
-2.9609999999999808,296,True,False,,1.0658141036401503e-14,8.022958982887709e-06,1.1916161119883494e-14,-0.537157501315102,0.04559464783570241,-0.689609375,-1.2267668763151018,-0.6909035108207113,-0.5358633654943905,0.8676070548609262,14.033877679106904,False,False,False,"[5.339284901847089, -5.612264617096086, -5.7792003328982275, -0.1559726583528784, -5.612264617096086, 0.8745212165983327, -0.5005373034620759, -0.5809872140762752]","[2.211604219718965, 4.989540675255109, -1.0199661360861153e-15, -2.218411901329108, -4.989540675255109, 0.7265343557249526, 1.7931607658021627, -0.47552206845234346]"
-2.9709999999999805,297,True,False,,5.329070518200751e-15,8.659148126705002e-06,5.402579169331857e-14,-0.5430074296579246,0.04590425854154501,-0.689609375,-1.2326168046579244,-0.6908785970221305,-0.541738207635794,0.8727288748451547,14.04458008372162,False,False,False,"[5.339284901847083, -5.6366128424280415, -5.779200332898225, -0.1586701753789785, -5.636612842428044, 0.10098093991300522, -0.5027918108863617, -0.5791760135385297]","[2.211604219718966, 4.9891543441036905, -4.908740931410103e-16, -2.2188716766009713, -4.98915434410369, 1.1306273268764895, 1.7924472806668426, -0.4756643601623736]"
-2.9809999999999803,298,True,False,,5.329070518200751e-15,1.1465089362445486e-05,5.3475403567489386e-14,-0.5488627948592164,0.0462121215871204,-0.689609375,-1.2384721698592163,-0.6908539997430845,-0.5476181701161318,0.024343003261074487,14.055378136480527,False,False,False,"[5.339284901847088, -5.660950704272944, -5.7792003328982275, -0.16135865254397752, -5.660950704272943, 0.09735561524093343, -0.5050358117584038, -0.5773780193744731]","[2.2116042197189647, 4.9886540555997865, 3.998984986854859e-16, -2.219323973710639, -4.988654055599786, 1.129139360061156, 1.7917425144211014, -0.47579974305007794]"
-2.99099999999998,299,True,False,,9.769962616701378e-15,1.101534691350092e-05,1.1580420106826587e-14,-0.5547233788685162,0.046518251628399426,-0.689609375,-1.244332753868516,-0.6908297238366381,-0.553503030031878,0.024334760713326582,14.066266696565867,False,False,False,"[5.339284901847089, -5.685277713718141, -5.7792003328982275, -0.16403812498804277, -5.685277713718134, 0.09376594516745475, -0.5072694613503653, -0.5755930530401162]","[2.211604219718965, 4.9880398972910776, 1.1276710852569693e-15, -2.2197689369987184, -4.988039897291069, 1.1276534550922173, 1.7910463259856335, -0.47592837834589513]"
-3.00099999999998,300,True,False,,6.217248937900877e-15,1.3168510299583527e-05,6.310794778791425e-14,-0.5605889643431929,0.04682266320740974,-0.689609375,-1.2501983393431928,-0.6908057735313391,-0.5593925658118537,0.8622095037019039,14.077242105596188,False,False,False,"[5.339284901847084, -5.70959338217037, -5.779200332898218, -0.16670862877596573, -5.709593382170362, 0.8601112967772132, -0.5094929113761189, -0.5738209400714351]","[2.2116042197189625, 4.987311958604506, -4.775429941896681e-16, -2.220206708338699, -4.987311958604501, 0.7325331818335561, 1.7903585776906874, -0.4760504228029616]"
-3.0109999999999797,301,True,False,,5.329070518200751e-15,8.71400158391755e-06,6.404751283220042e-15,-0.5664593346351747,0.04712537075140735,-0.689609375,-1.2560687096351746,-0.6907821524631864,-0.5652865571719882,0.024318407367009076,14.088300230434902,False,False,False,"[5.33928490184709, -5.73389722136475, -5.7792003328982275, -0.1693702008418746, -5.733897221364755, 0.8565746495426204, -0.5117063101044448, -0.5720615099540203]","[2.211604219718962, 4.986470330847769, 1.0906087693930268e-15, -2.2206374271772975, -4.986470330847772, 0.7339746873960986, 1.7896791351699406, -0.4761660288530802]"
-3.0209999999999795,302,True,False,,1.4210854715202004e-14,1.4394771153889055e-05,1.888295655724262e-14,-0.5723342737781341,0.04742638857214648,-0.689609375,-1.261943648778134,-0.6907588637064173,-0.5711847850717167,0.02431029604303098,14.09943661552932,False,False,False,"[5.339284901847084, -5.7581887433735215, -5.7792003328982275, -0.17202287893637055, -5.758188743373522, 0.8530636722978908, -0.5139098024676183, -0.5703145959980293]","[2.211604219718962, 4.985515107210502, -3.114700617129305e-16, -2.2210612305744757, -4.985515107210501, 0.7353938406372613, 1.7890078672584793, -0.476275344756125]"
-3.0309999999999793,303,True,False,,6.661338147750939e-15,5.982895637602831e-06,4.7829904857935486e-14,-0.5782135664752079,0.047725730865312704,-0.689609375,-1.2678229414752078,-0.6907359098031526,-0.5770870316720552,0.8644464958559192,14.110648351176478,False,False,False,"[5.3392849018470905, -5.782467460614917, -5.779200332898228, -0.17466670157604214, -5.782467460614916, 0.07975242453551258, -0.5161035301657088, -0.5685800352180855]","[2.211604219718966, 4.984446382765552, 4.0816981020840114e-17, -2.2214782532430735, -4.98444638276555, 1.1217323687208207, 1.7883446458946983, -0.4763785147431807]"
-3.040999999999979,304,True,False,,4.884981308350689e-15,1.0135658926838095e-05,3.162997903172905e-15,-0.5840969980871744,0.048023411710008096,-0.689609375,-1.2737063730871743,-0.6907132927919428,-0.5829930802952314,0.024294202800803456,14.121931259804844,False,False,False,"[5.339284901847083, -5.806732885861954, -5.779200332898225, -0.1773017079951931, -5.806732885861954, 0.07633260339406799, -0.5182876317667016, -0.5668576682180045]","[2.2116042197189634, 4.983264254470073, -1.8722390340946472e-16, -2.221888627588092, -4.983264254470074, 1.120258174009917, 1.7876893460259298, -0.4764756791537588]"
-3.050999999999979,305,True,False,,2.6645352591003757e-15,1.0471788194577746e-05,3.768220530152749e-15,-0.5899843546210697,0.048319445068406436,-0.689609375,-1.2795937296210695,-0.6906910142352453,-0.5889027153858243,0.8557167396018652,14.13328135570946,False,False,False,"[5.339284901847089, -5.830984532251384, -5.77920033289823, -0.17992793809974056, -5.830984532251378, 0.8426815888759793, -0.5204622428027214, -0.5651473390800259]","[2.211604219718964, 4.981968821166681, 4.922466130015363e-16, -2.222292483745532, -4.981968821166675, 0.7395215578489654, 1.7870418455176547, -0.4765669745673608]"
-3.0609999999999786,306,True,False,,1.1546319456101628e-14,7.166482052009756e-06,1.2809487826555341e-14,-0.5958754227192671,0.048613844785471816,-0.689609375,-1.285484797719267,-0.6906690752458702,-0.5948157224733968,0.024278280407916186,14.144696630988705,False,False,False,"[5.339284901847096, -5.855221913292375, -5.779200332898233, -0.1825454324231335, -5.855221913292386, 0.839270150238455, -0.5226274958624986, -0.5634488952583626]","[2.2116042197189625, 4.980560183584328, 1.4491359588506599e-15, -2.222689949620853, -4.98056018358433, 0.740855617391316, 1.7864020250660884, -0.4766525339296571]"
-3.0709999999999784,307,True,False,,1.4210854715202004e-14,1.409023974741196e-05,1.776360636071776e-14,-0.601769989648945,0.04890662458876091,-0.689609375,-1.2913793646489449,-0.6906474765124243,-0.6007318881365206,0.8591613596536901,14.15617308918297,False,False,False,"[5.339284901847085, -5.879444542875443, -5.779200332898219, -0.18515423208421383, -5.879444542875441, 0.06626538966753706, -0.5247835206802336, -0.5617621874769348]","[2.211604219718968, 4.979038444339304, -2.1008082386349612e-15, -2.223081150926983, -4.979038444339308, 1.1158514601105058, 1.7857697681140596, -0.4767324866735669]"
-3.080999999999978,308,True,False,,1.0658141036401503e-14,1.1056259600079733e-05,1.158045112687998e-14,-0.6076678432920097,0.04919779808833924,-0.689609375,-1.2972772182920096,-0.6906262183237802,-0.6066509999682294,0.851949555142389,14.167707542302663,False,False,False,"[5.339284901847089, -5.903651935281274, -5.7792003328982275, -0.1877543787469745, -5.903651935281274, 0.8325193691573896, -0.5269304442211129, -0.5600870696309693]","[2.211604219718965, 4.97740370793611, -5.62293087329007e-17, -2.223466211221879, -4.97740370793611, 0.7434633783687843, 1.7851449607699623, -0.4768069588354547]"
-3.090999999999978,309,True,False,,5.329070518200751e-15,1.0017531016367673e-05,6.280371474840526e-15,-0.6135687721353609,0.04948737877674897,-0.689609375,-1.3031781471353607,-0.6906053005926014,-0.6125728465427593,0.8565858506388839,14.17929710341453,False,False,False,"[5.339284901847082, -5.927843605189472, -5.779200332898229, -0.19034591458207206, -5.927843605189471, 0.05970922935134283, -0.5290683907635282, -0.5584233986924059]","[2.2116042197189625, 4.9756560807681245, -2.56783314634935e-16, -2.2238452519456438, -4.975656080768126, 1.1129275949415112, 1.7845274917296998, -0.47687607316669195]"
-3.1009999999999778,310,True,False,,7.105427357601002e-15,1.3906591229796156e-05,7.107854304091574e-14,-0.6194725652615567,0.04977538002907869,-0.689609375,-1.3090819402615566,-0.6905847228779483,-0.6184972173836083,0.8494893432160066,14.19093899475554,False,False,False,"[5.339284901847076, -5.952019067687445, -5.77920033289822, -0.19292888223006519, -5.952019067687436, 0.8258628039331498, -0.5311974819782151, -0.5567710346188616]","[2.2116042197189563, 4.973795671118419, 3.4834440504289614e-16, -2.224218392457169, -4.973795671118413, 0.7459932079006103, 1.7839172522014513, -0.4769399492407899]"
-3.1109999999999776,311,True,False,,1.5987211554602254e-14,1.823080640387897e-05,1.6592494340911627e-14,-0.6253790123398915,0.05006181510308794,-0.689609375,-1.3149883873398913,-0.6905644844069888,-0.6244239029329025,0.8540534533328736,14.20263131376383,False,False,False,"[5.3392849018470825, -5.976177838279177, -5.779200332898218, -0.19550332476625104, -5.97617783827918, 0.05327295613265202, -0.5333178370044492, -0.5551298402660306]","[2.2116042197189674, 4.97182258916032, 4.661360012889719e-16, -2.224585750070307, -4.971822589160316, 1.110015498736502, 1.7833141358331785, -0.4769987035563422]"
-3.1209999999999773,312,True,False,,5.329070518200751e-15,9.663927073533012e-06,6.4047508997939515e-15,-0.6312879036177268,0.05034669713938261,-0.689609375,-1.3208972786177267,-0.6905445840958419,-0.6303526945218848,0.024231518605843615,14.214369980654817,False,False,False,"[5.339284901847086, -6.000319432894058, -5.779200332898233, -0.19806928566708182, -6.000319432894058, 0.0500986589384836, -0.5354295725233732, -0.5534996813033475]","[2.2116042197189665, 4.969736946958002, 3.6936554737357753e-16, -2.224947440089571, -4.969736946958004, 1.1085640141097275, 1.78271803864271, -0.47705244963590054]"
-3.130999999999977,313,True,False,,1.0658141036401503e-14,9.415691681876643e-06,1.3322678337844711e-14,-0.6371990299122796,0.050630039161697296,-0.689609375,-1.3268084049122795,-0.6905250205695732,-0.6362833843427063,0.8458733237673232,14.22615315120747,False,False,False,"[5.339284901847098, -6.0244433678957, -5.779200332898233, -0.20062680877809091, -6.024443367895703, 0.8160497736912979, -0.5375328028286877, -0.5518804261327672]","[2.2116042197189674, 4.967538858467001, 2.250801892473159e-15, -2.225303575845329, -4.967538858466996, 0.7496481887828135, 1.7821288589503204, -0.4771012981210662]"
-3.140999999999977,314,True,False,,1.0658141036401503e-14,2.1670021583007433e-05,1.191615001901456e-14,-0.643112182602648,0.05091185407717798,-0.689609375,-1.3327215576026479,-0.6905057921813722,-0.6422157654212757,0.85033322506696,14.237979266287148,False,False,False,"[5.339284901847093, -6.048549160090676, -5.779200332898238, -0.20317593828319205, -6.048549160090677, 0.04383559104561238, -0.5396276398947092, -0.5502719458105458]","[2.211604219718966, 4.9652284395345685, 7.367195948122645e-16, -2.225654268728532, -4.965228439534567, 1.1056704490048856, 1.781546497313701, -0.47714535686388576]"
-3.1509999999999767,315,True,False,,5.329070518200751e-15,9.716933434906428e-06,5.331659749226235e-14,-0.6490271536222281,0.05119215467676161,-0.689609375,-1.338636528622228,-0.6904868970309243,-0.6481496315913037,0.8435107507575986,14.249844832740445,False,False,False,"[5.339284901847089, -6.072636326737363, -5.779200332898233, -0.20571671867538704, -6.072636326737358, 0.8096192042067814, -0.5417141934419906, -0.5486741139718577]","[2.211604219718965, 4.962805807900093, 8.881323809213691e-17, -2.22599962822494, -4.962805807900089, 0.751995676851891, 1.780970856465195, -0.4771847310147699]"
-3.1609999999999765,316,True,False,,6.217248937900877e-15,8.641227527158324e-06,6.60186436334453e-14,-0.6549437354513881,0.05147095363556907,-0.689609375,-1.344553110451388,-0.6904683329820099,-0.654084777469378,0.024201162876296423,14.261747833558458,False,False,False,"[5.3392849018470825, -6.09670438555473, -5.779200332898224, -0.20824919472877046, -6.096704385554727, 0.8064365873004012, -0.5437925710005825, -0.5470868067581538]","[2.211604219718963, 4.960271083195374, -6.268092115805923e-16, -2.226339761948833, -4.960271083195369, 0.7531436530803501, 1.7804018412512423, -0.4772195231070671]"
-3.1709999999999763,317,True,False,,6.217248937900877e-15,7.932558538548795e-06,6.936901842108955e-15,-0.6608617211104821,0.051748263513380896,-0.689609375,-1.350471096110482,-0.6904500976793476,-0.6600209984311344,0.8467038260433687,14.273686889499338,False,False,False,"[5.33928490184709, -6.120752854731106, -5.779200332898233, -0.21077341147176437, -6.120752854731107, 0.034648620694564036, -0.5458628779710428, -0.5455099027471177]","[2.211604219718962, 4.957624386944821, -1.9092751918050918e-16, -2.22667477567626, -4.957624386944821, 1.1013543703750743, 1.7798393585738874, -0.4772498331384543]"
-3.180999999999976,318,True,False,,6.217248937900877e-15,1.2333877262504703e-05,6.22895262158268e-14,-0.6667809041531143,0.052024096755124774,-0.689609375,-1.3563902791531142,-0.6904321885646997,-0.6659580905884145,0.02418622515479744,14.285659101070596,False,False,False,"[5.339284901847093, -6.144781252932952, -5.779200332898239, -0.213289414161575, -6.144781252932954, 0.03164007670101195, -0.5479252176832639, -0.5439432828851395]","[2.2116042197189674, 4.954865842565621, 9.381955437595314e-16, -2.227004773377766, -4.954865842565618, 1.0999223356977474, 1.779283317334321, -0.47727575864927085]"
-3.190999999999976,319,True,False,,9.769962616701378e-15,1.3433194051472424e-05,1.3203711526769965e-14,-0.6727010786597276,0.052298465691410126,-0.689609375,-1.3623104536597275,-0.6904146028922686,-0.6718958507674588,0.024178815554632107,14.297663124386014,False,False,False,"[5.33928490184709, -6.168789099313624, -5.779200332898224, -0.2157972482597722, -6.168789099313624, 0.028657784397749474, -0.5499796914532658, -0.5423868304221757]","[2.211604219718962, 4.951995575367787, -1.2488801937498147e-16, -2.2273298572506177, -4.951995575367787, 1.098493701610065, 1.778733628378351, -0.4772973947979627]"
-3.2009999999999756,320,True,False,,7.993605777301127e-15,8.7615332390436e-06,9.144340074904537e-15,-0.6786220392314384,0.05257138253911063,-0.689609375,-1.3682314142314382,-0.6903973377434013,-0.677834076488037,0.8377659634613861,14.30969613838719,False,False,False,"[5.339284901847084, -6.192775913522189, -5.7792003328982275, -0.21829695940898605, -6.192775913522183, 0.7939181964132173, -0.5520263986380084, -0.5408404308488693]","[2.211604219718967, 4.9490137125542555, -2.4935633081132846e-15, -2.22765012775055, -4.949013712554257, 0.7575709664686536, 1.7781902044436881, -0.4773148344337016]"
-3.2109999999999754,321,True,False,,5.329070518200751e-15,9.77235540178475e-06,5.3550908995686966e-14,-0.6845435809841245,0.05284285940196998,-0.689609375,-1.3741529559841243,-0.6903803900406191,-0.6837725659435052,0.024164113793391912,14.321758262285215,False,False,False,"[5.339284901847092, -6.216741215712104, -5.7792003328982275, -0.2207885934106433, -6.21674121571211, 0.7908404367250519, -0.5540654366882904, -0.5393039718359108]","[2.211604219718967, 4.945920383220757, 4.4233181413411846e-16, -2.2279656836229873, -4.945920383220759, 0.75863811737914, 1.7776529601090467, -0.47732816816639057]"
-3.220999999999975,322,True,False,,8.43769498715119e-15,1.1124293098590575e-05,6.936878039884121e-15,-0.6904654995428157,0.05311290827123695,-0.689609375,-1.3800748745428155,-0.6903637565610018,-0.6897111179818137,0.024156821206018458,14.333845450163988,False,False,False,"[5.339284901847084, -6.240684526550051, -5.779200332898224, -0.22327219620370403, -6.240684526550051, 0.7877829539236394, -0.5560969011998319, -0.537777343175476]","[2.211604219718962, 4.94271571835575, -4.3083251560239133e-16, -2.228276621933809, -4.942715718355747, 0.7596899619229857, 1.7771218117449072, -0.4773374844340637]"
-3.230999999999975,323,True,False,,3.1086244689504383e-15,1.1484909502595355e-05,2.7207719641559794e-14,-0.69638759103624,0.05338154102633269,-0.689609375,-1.38599696603624,-0.6903474339489362,-0.6956495320873037,0.8397040454888217,14.345957643474176,False,False,False,"[5.339284901847095, -6.2646053672246, -5.77920033289823, -0.2257478138443697, -6.2646053672246, 0.016983824168612018, -0.5581208859626509, -0.5362604367246739]","[2.211604219718971, 4.939399850840209, -2.6182879418005864e-16, -2.228583038099582, -4.939399850840212, 1.0928139412147586, 1.7765966774659492, -0.47734286956789357]"
-3.240999999999975,324,True,False,,1.0658141036401503e-14,7.5885169928811236e-06,1.1916173010926198e-14,-0.7023096520917367,0.053648769435542545,-0.689609375,-1.3919190270917365,-0.6903314187282585,-0.701587608363478,0.024142351568224252,14.358092524912992,False,False,False,"[5.33928490184709, -6.288503259455026, -5.779200332898233, -0.2282154924867275, -6.288503259455036, 0.014127373512971596, -0.5601374830087342, -0.5347531463509413]","[2.211604219718962, 4.935972915447438, -7.720676839964322e-16, -2.22888502591732, -4.9359729154474445, 1.0914028718192115, 1.7760774770850174, -0.4773444078548315]"
-3.2509999999999746,325,True,False,,5.773159728050814e-15,1.0698104589073318e-05,4.440897440310592e-14,-0.70823147983028,0.05391460515673731,-0.689609375,-1.3978408548302799,-0.690315707313803,-0.7075251475164769,0.024135174104303523,14.37024883800695,False,False,False,"[5.3392849018470905, -6.3123777254999895, -5.779200332898226, -0.23067527836425056, -6.312377725499996, 0.011295058042395183, -0.5621467826581225, -0.5332553678792744]","[2.2116042197189647, 4.9324350488427005, 1.2332719832951849e-17, -2.2291826775937627, -4.932435048842702, 1.0899954154487772, 1.775564132068627, -0.47734218159801933]"
-3.2609999999999744,326,True,False,,9.769962616701378e-15,8.757463986082209e-06,1.3816815346685895e-14,-0.7141528718618062,0.054179059738108076,-0.689609375,-1.403762246861806,-0.6903002960223795,-0.7134619508394265,0.8311617329409123,14.382424754135613,False,False,False,"[5.339284901847089, -6.336228288166271, -5.779200332898224, -0.2331272177721616, -6.336228288166272, 0.7757514000025098, -0.5641488735634688, -0.5317669990412545]","[2.211604219718965, 4.9287863895828865, 1.497269765875223e-15, -2.229476083774155, -4.928786389582884, 0.7637496069817551, 1.7750565654938915, -0.47733627117506294]"
-3.270999999999974,327,True,False,,1.0658141036401503e-14,1.0577749353815108e-05,1.2338981463020278e-14,-0.7200736262807066,0.054442144618927685,-0.689609375,-1.4096830012807064,-0.6902851810832001,-0.7193978201975063,0.02412093286823176,14.39461916504131,False,False,False,"[5.339284901847086, -6.360054470817488, -5.779200332898224, -0.23557135705061907, -6.360054470817488, 0.7727920398084258, -0.566143842753108, -0.5302879394257624]","[2.2116042197189665, 4.925027078116066, 5.637008886142801e-16, -2.229765333570557, -4.925027078116066, 0.764728865835796, 1.774554702006861, -0.47732675509423506]"
-3.280999999999974,328,True,False,,1.2434497875801753e-14,1.795213566764555e-05,1.3203744979316188e-14,-0.7259935416615875,0.0547038711303241,-0.689609375,-1.4156029166615873,-0.6902703586477714,-0.7253325580138159,0.8341199810509885,14.406830617864841,False,False,False,"[5.339284901847092, -6.383855797382877, -5.779200332898233, -0.23800774256866838, -6.383855797382865, 0.0029396695161824577, -0.568131775672719, -0.5288180904313341]","[2.211604219718967, 4.92115725678105, -5.694653579805745e-16, -2.2300505145896667, -4.9211572567810435, 1.0857950128272158, 1.774058467782187, -0.47731371004871637]"
-3.2909999999999737,329,True,False,,6.217248937900877e-15,6.820001221278069e-06,6.233088589709469e-14,-0.7319124170551756,0.05496425049608007,-0.689609375,-1.4215217920551755,-0.6902558247992718,-0.7312659672559036,0.8279717894188615,14.41905759854269,False,False,False,"[5.339284901847092, -6.407631792365802, -5.779200332898233, -0.24043642070892293, -6.407631792365801, 0.7669301098268484, -0.5701127562256338, -0.5273573552200999]","[2.211604219718967, 4.917177069806684, 1.8676455655151572e-16, -2.2303317129601905, -4.917177069806684, 0.7666463152152933, 1.773567790484071, -0.47729721096895933]"
-3.3009999999999735,330,True,False,,6.217248937900877e-15,1.634496145564233e-05,6.466027590038373e-14,-0.7378300519844618,0.05522329383344375,-0.689609375,-1.4274394269844617,-0.6902415755614323,-0.7371978514230294,0.024099852249736056,14.431299630514419,False,False,False,"[5.3392849018470825, -6.431381980852686, -5.779200332898224, -0.24285743785301395, -6.431381980852686, 0.7640271410134554, -0.5720868668118368, -0.5259056386732052]","[2.211604219718965, 4.913086663311416, -1.1996060290371674e-15, -2.230609013359717, -4.913086663311416, 0.7675849742703236, 1.773082599228472, -0.47727733107321]"
-3.3109999999999733,331,True,False,,1.2434497875801753e-14,1.031907671130742e-05,1.3203723501057945e-14,-0.7437462464410203,0.05548101215394298,-0.689609375,-1.4333556214410201,-0.690227606906939,-0.7431280145340812,0.02409289958858303,14.4435543946599,False,False,False,"[5.339284901847098, -6.4551058885215795, -5.779200332898238, -0.24527084036765792, -6.45510588852158, 0.761142575667036, -0.5740541883656998, -0.5244628473477169]","[2.2116042197189674, 4.908886185302511, 1.6606522154934182e-15, -2.2308824990411535, -4.908886185302507, 0.7685105601371313, 1.7726028245464769, -0.4772541419163265]"
-3.320999999999973,332,True,False,,8.881784197001252e-15,1.1254679433397521e-05,1.0357855253907787e-14,-0.7496608008815251,0.05573741636422348,-0.689609375,-1.439270175881525,-0.6902139147653755,-0.7490562611161494,0.8298062867809354,14.455821592053562,False,False,False,"[5.339284901847085, -6.478803041650741, -5.779200332898217, -0.24767667459143716, -6.478803041650747, -0.007882170480719774, -0.5760148003925388, -0.5230288894348861]","[2.211604219718968, 4.904575785675251, -7.835951666363254e-16, -2.231152251858697, -4.904575785675256, 1.08024668796569, 1.7721283983488372, -0.47722771343689724]"
-3.330999999999973,333,True,False,,3.3306690738754696e-15,9.438702361196945e-06,2.5121459339774287e-15,-0.7555735162244392,0.05599251726689834,-0.689609375,-1.445182891224439,-0.690200495030719,-0.7549823961937201,0.8238292901974344,14.468099376650471,False,False,False,"[5.339284901847089, -6.50247296712756, -5.779200332898226, -0.25007498682218193, -6.50247296712756, 0.7554278921471382, -0.5779687810039897, -0.5216036747197679]","[2.2116042197189634, 4.900155616212326, 8.533277572858053e-16, -2.231418352293339, -4.900155616212324, 0.7703233947490229, 1.7716592538915945, -0.47719811400277695]"
-3.3409999999999727,334,True,False,,5.329070518200751e-15,1.0716456291117261e-05,6.404756811052944e-15,-0.7614841938468775,0.05624632556140234,-0.689609375,-1.4510935688468773,-0.6901873435684126,-0.7609062252784647,0.8276984841474979,14.48038721801897,False,False,False,"[5.339284901847092, -6.526115192456963, -5.7792003328982275, -0.25246582330496226, -6.526115192456963, -0.01316185444465204, -0.5799162069522835, -0.5201871145421315]","[2.211604219718967, 4.895625830582752, -2.7610234472772294e-16, -2.2316808794779446, -4.895625830582753, 1.0774953044250761, 1.7711953257427906, -0.47716541045508604]"
-3.3509999999999724,335,True,False,,1.687538997430238e-14,1.63371090953579e-05,1.6904496651515846e-13,-0.7673926355816469,0.05649885184484785,-0.689609375,-1.4570020105816468,-0.6901744562220254,-0.7668275543596214,0.024065454900573865,14.492684100411152,False,False,False,"[5.339284901847086, -6.549729245770209, -5.77920033289823, -0.2548492302206473, -6.549729245770206, -0.015769877284052682, -0.5818571536634279, -0.518779121758606]","[2.211604219718964, 4.890986584341093, 9.928770948940112e-16, -2.2319399112218767, -4.89098658434109, 1.0761253750536266, 1.7707365497501715, -0.477129668150717]"
-3.3609999999999722,336,True,False,,4.884981308350689e-15,1.574069358934454e-05,5.564422437542949e-15,-0.7732986437144476,0.056750106612917586,-0.689609375,-1.4629080187144474,-0.6901618288195217,-0.7727461898949257,0.0240586842823311,14.504988942655755,False,False,False,"[5.33928490184709, -6.573314655833491, -5.7792003328982275, -0.2572252536750631, -6.573314655833492, -0.018357050471720905, -0.5837916952694017, -0.517379610705993]","[2.211604219718962, 4.886238034926427, 4.455929291472324e-16, -2.2321955240351867, -4.886238034926424, 1.0747593101039339, 1.770282863009895, -0.47709095100343474]"
-3.370999999999972,337,True,False,,5.329070518200751e-15,7.69229176028972e-06,5.812269529407122e-15,-0.7792020209812378,0.05700010026071019,-0.689609375,-1.4688113959812377,-0.6901494571791464,-0.7786619388020912,0.8198083712590303,14.517300202684421,False,False,False,"[5.339284901847089, -6.596870952056559, -5.7792003328982275, -0.2595939396886175, -6.596870952056563, 0.744211138489868, -0.5857199046392992, -0.5159884971657668]","[2.211604219718967, 4.881380341661287, 2.21907814128966e-15, -2.2324477931523736, -4.881380341661285, 0.7738016340592341, 1.7698342038361934, -0.47704932152361446]"
-3.380999999999972,338,True,False,,9.769962616701378e-15,6.507297798166568e-06,1.0555869665774628e-14,-0.7851025705657619,0.057248843083646944,-0.689609375,-1.4747119455657618,-0.6901373371149556,-0.7845746084508062,0.024045250426288384,14.529617720207241,False,False,False,"[5.339284901847094, -6.620397664501379, -5.779200332898233, -0.2619553341865028, -6.620397664501379, 0.7414501998588447, -0.5876418534095847, -0.514605698329629]","[2.211604219718966, 4.876413665750612, 4.2224376112047836e-16, -2.232696792555722, -4.876413665750611, 0.7746416610692954, 1.7693905117319313, -0.47700484085665623]"
-3.3909999999999716,339,True,False,,6.217248937900877e-15,6.572876600738924e-06,6.601860164178719e-14,-0.7910000960972035,0.05749634527835018,-0.689609375,-1.4806094710972033,-0.6901254644419924,-0.7904840066552109,0.024038586828782273,14.541940697000628,False,False,False,"[5.339284901847089, -6.643894323890711, -5.7792003328982275, -0.26430948298933815, -6.643894323890711, 0.7387062140235794, -0.5895576120133653, -0.5132311327661602]","[2.211604219718965, 4.871338170280551, -6.178572493385678e-16, -2.232942594998217, -4.871338170280551, 0.775470263372778, 1.7689517273600612, -0.4769575688201479]"
-3.4009999999999714,340,True,False,,1.3322676295501878e-15,6.495055798351278e-06,8.881782706264406e-15,-0.7968944016480233,0.057742616943543074,-0.689609375,-1.4865037766480231,-0.6901138349811355,-0.7963899416668876,0.8215625952752825,14.554267833295759,False,False,False,"[5.339284901847089, -6.6673604616167435, -5.7792003328982275, -0.26665643180428966, -6.6673604616167435, -0.02850249579686498, -0.591467249708827, -0.5118647203884789]","[2.211604219718965, 4.866154020217251, -3.828912104872845e-16, -2.233185272026046, -4.866154020217251, 1.069333996302017, 1.76851779251593, -0.47690756393983263]"
-3.410999999999971,341,True,False,,1.0658141036401503e-14,7.824513029518253e-06,1.1916156119366343e-14,-0.8027852917318974,0.05798766808092866,-0.689609375,-1.4923946667318972,-0.6901024445636258,-0.8022922221682715,0.8159039103963444,14.566598252491255,False,False,False,"[5.339284901847092, -6.690795609749663, -5.7792003328982275, -0.26899622621668434, -6.690795609749671, 0.7332684276943111, -0.5933708346067819, -0.5105063824228803]","[2.211604219718961, 4.860861382405594, -4.3006409494724195e-16, -2.233424894000698, -4.860861382405601, 0.7770939389460021, 1.768088650100398, -0.4768548834843693]"
-3.420999999999971,342,True,False,,7.105427357601002e-15,1.1354549351099585e-05,1.0048590119424944e-14,-0.8086725713018392,0.058231508596095646,-0.689609375,-1.498281946301839,-0.6900912890352906,-0.8081906572665485,0.8195775427491786,14.578931624473674,False,False,False,"[5.339284901847091, -6.7141993010462455, -5.77920033289823, -0.2713289116819895, -6.714199301046243, -0.03345681267975184, -0.5952684336974183, -0.5091560413784245]","[2.2116042197189643, 4.855460425567853, 5.905145860109617e-16, -2.2336615301206604, -4.8554604255678475, 1.0666448918923133, 1.76766424409375, -0.4767995834990149]"
-3.4309999999999707,343,True,False,,1.1546319456101628e-14,5.976133881763536e-06,1.3557470459556547e-14,-0.8145560457484269,0.05847414829940846,-0.689609375,-1.5041654207484267,-0.6900803642604751,-0.8140850564879516,0.0240122838599007,14.591266817638447,False,False,False,"[5.33928490184709, -6.7375710689584265, -5.7792003328982275, -0.27365453351825014, -6.737571068958438, -0.035905223827247944, -0.5971601128762475, -0.5078136210174514]","[2.211604219718962, 4.849951320302289, 8.104881503776074e-16, -2.2338952484427126, -4.849951320302296, 1.0653062678730847, 1.7672445195303894, -0.47674171883820976]"
-3.4409999999999705,344,True,False,,8.881784197001252e-15,5.803369598968857e-06,5.024293502522029e-15,-0.8204355208981493,0.05871559690691905,-0.689609375,-1.5100448958981492,-0.6900696661256981,-0.8199752297724511,0.8130490939132982,14.603603225521724,False,False,False,"[5.339284901847086, -6.7609104476419235, -5.779200332898224, -0.27597313689892694, -6.7609104476419235, 0.7252347540211032, -0.5990459369692953, -0.5064790463269336]","[2.2116042197189665, 4.8443342390817765, -1.1140502692691984e-16, -2.2341261159028396, -4.844334239081778, 0.7794483254711868, 1.7668294224742327, -0.4766813431971117]"
-3.4509999999999703,345,True,False,,9.769962616701378e-15,1.4916301537303923e-05,9.864730574578188e-14,-0.8263108030119266,0.05895586404124799,-0.689609375,-1.5159201780119265,-0.6900591905430402,-0.8258609874688863,0.023999340812194892,14.615940193491427,False,False,False,"[5.339284901847094, -6.784216971964676, -5.779200332898243, -0.27828476684607656, -6.784216971964687, 0.7225890261345859, -0.6009259697575364, -0.5051522434907397]","[2.211604219718966, 4.838609356252202, 1.0345148147220374e-15, -2.234354198336771, -4.838609356252208, 0.7802121808723286, 1.7664188999948525, -0.4766185091421593]"
-3.46099999999997,346,True,False,,8.881784197001252e-15,1.2883242447189237e-05,9.607126793243245e-15,-0.8321816987836979,0.05919495923248841,-0.689609375,-1.5217910737836977,-0.6900489334532812,-0.8317421403304165,0.81569396649846,14.62827706100274,False,False,False,"[5.339284901847093, -6.807490177515463, -5.779200332898229, -0.28058946822393854, -6.807490177515464, -0.043138268459289385, -0.6028002740006289, -0.5038331398626616]","[2.211604219718967, 4.8327768480309645, 3.7008821036799867e-16, -2.2345795605001166, -4.832776848030962, 1.0613142215905267, 1.7660129001442868, -0.47655326814064675]"
-3.47099999999997,347,True,False,,6.217248937900877e-15,8.255012970410805e-06,1.797299221524108e-15,-0.8380480153391954,0.05943289191910597,-0.689609375,-1.5276573903391952,-0.6900388908287959,-0.8376184995103994,0.02398653492122195,14.640613274250105,False,False,False,"[5.339284901847086, -6.830729600612452, -5.779200332898224, -0.2828872857328548, -6.83072960061245, -0.0455126412953339, -0.6046689114600001, -0.5025216639402402]","[2.2116042197189665, 4.826836892505361, -4.4070145126750766e-16, -2.2348022660881464, -4.826836892505364, 1.0599915084637603, 1.7656113719345126, -0.47648567058937896]"
-3.4809999999999697,348,True,False,,1.0658141036401503e-14,1.8461383810116696e-05,1.280948850254461e-14,-0.8439095602347528,0.05966967144882719,-0.689609375,-1.5335189352347527,-0.6900290586762196,-0.8434898765585331,0.8093370753891003,14.652947849033005,False,False,False,"[5.339284901847094, -6.8539347783116655, -5.7792003328982275, -0.2851782639035186, -6.853934778311667, 0.7147461727248589, -0.6065319429211941, -0.5012177453393819]","[2.211604219718966, 4.820789669630924, 6.011239107632222e-16, -2.2350223777552185, -4.820789669630921, 0.78244324724782, 1.7652142653155731, -0.4764157658424464]"
-3.4909999999999695,349,True,False,,1.0658141036401503e-14,1.0934759719020155e-05,1.2338976166754384e-14,-0.8497661414562998,0.05990530707953605,-0.689609375,-1.5393755164562997,-0.6900194330388972,-0.8493560834174024,0.023973864868454146,14.665280781520309,False,False,False,"[5.339284901847089, -6.877105248415502, -5.7792003328982275, -0.2874624470915505, -6.877105248415503, 0.7121628324776539, -0.6083894282156483, -0.49992131476967705]","[2.211604219718965, 4.814635361229638, 8.37127364059957e-16, -2.235239957133827, -4.814635361229637, 0.7831673003087403, 1.764821531154312, -0.4763436022381209]"
-3.5009999999999692,350,True,False,,8.881784197001252e-15,8.291267912636875e-06,8.989810131080382e-14,-0.855617567418415,0.06013980798016742,-0.689609375,-1.5452269424184149,-0.6900100099991237,-0.8552169324192912,0.8119217743474406,14.67761174637684,False,False,False,"[5.339284901847086, -6.90024054948124, -5.779200332898224, -0.2897398794723979, -6.900240549481241, -0.05252889308295286, -0.6102414262418298, -0.49863230401042313]","[2.2116042197189665, 4.808374150988237, 1.1638335546873464e-15, -2.235455064853306, -4.808374150988233, 1.0560473701537876, 1.764433121213702, -0.4762692271249308]"
-3.510999999999969,351,True,False,,9.769962616701378e-15,9.595520367871767e-06,1.3203683579966504e-14,-0.8614636469635446,0.06037318323157789,-0.689609375,-1.5510730219635445,-0.6900007856801883,-0.8610722362833562,0.023961329360363843,14.689938967449844,False,False,False,"[5.339284901847094, -6.923340220829556, -5.779200332898233, -0.29201060503651194, -6.923340220829556, -0.054832725117569446, -0.612087994985768, -0.4973506458873639]","[2.211604219718966, 4.80200622445634, 3.2015473113002217e-16, -2.235667760558174, -4.802006224456339, 1.0547406758397924, 1.7640489881327746, -0.47619268688693306]"
-3.520999999999969,352,True,False,,1.2434497875801753e-14,1.5394044332673832e-05,1.4782262758326092e-14,-0.8673041893612332,0.0606054418274546,-0.689609375,-1.556913564361233,-0.6899917562482316,-0.8669218081130015,0.02395511166307036,14.702262882020781,False,False,False,"[5.339284901847093, -6.9464038025529335, -5.7792003328982275, -0.29427466758481086, -6.946403802552933, -0.057119440804476986, -0.6139291915410259, -0.4960762742500508]","[2.211604219718966, 4.79553176904455, -8.239693392414424e-16, -2.2358781029261756, -4.79553176904455, 1.053437998288422, 1.763669085407075, -0.47611402696822097]"
-3.5309999999999686,353,True,False,,9.769962616701378e-15,9.49389901755324e-06,1.3203747911526844e-14,-0.8731390043075944,0.06083659267517573,-0.689609375,-1.5627483793075942,-0.6899829179139253,-0.872765461393669,0.8048427867236074,14.714582628221507,False,False,False,"[5.339284901847085, -6.969430835524171, -5.779200332898219, -0.2965321107244228, -6.969430835524159, 0.7019803280387916, -0.6157650721281018, -0.49480912394987275]","[2.211604219718968, 4.788950974022543, -7.344651676096501e-16, -2.2360861496859283, -4.788950974022535, 0.7859693977329208, 1.7632933673696958, -0.4760332918966813]"
-3.5409999999999684,354,True,False,,5.329070518200751e-15,9.573096715067732e-06,5.329068583928375e-14,-0.8789679019246996,0.06106664459669177,-0.689609375,-1.5685772769246995,-0.6899742669339836,-0.8786030099907159,0.023942775600134192,14.72689843394125,False,False,False,"[5.339284901847084, -6.9924208614048045, -5.779200332898224, -0.29878297786468966, -6.992420861404805, 0.6994717147101173, -0.6175956921133336, -0.49354913081866086]","[2.211604219718962, 4.782264030517047, -2.4727844930495184e-16, -2.2362919576342932, -4.782264030517046, 0.7866471226700503, 1.7629217891727924, -0.47595052530703597]"
-3.550999999999968,355,True,False,,1.5987211554602254e-14,8.475435797572263e-06,1.5999599380999055e-13,-0.8847906927602409,0.061295606329404964,-0.689609375,-1.5744000677602408,-0.6899657996125174,-0.8844342681477234,0.8073563077255043,14.739209193848838,False,False,False,"[5.339284901847089, -7.015373422653571, -5.7792003328982435, -0.3010273122134137, -7.0153734226535835, -0.0638788789566677, -0.6194211060272073, -0.4922962316479459]","[2.211604219718964, 4.775471131509808, -1.0168623713479484e-16, -2.236495582653387, -4.775471131509815, 1.0495541000835948, 1.7625543067696394, -0.4758657699631908]"
-3.560999999999968,356,True,False,,5.329070518200751e-15,8.227822237104916e-06,5.4514093593102176e-14,-0.8906071877871415,0.06152348652702809,-0.689609375,-1.5802165627871414,-0.6899575123022361,-0.8902590504849053,0.023930570954074717,14.751514185406172,False,False,False,"[5.339284901847089, -7.038288062534788, -5.779200332898233, -0.3032651567733494, -7.038288062534788, -0.06609910200113112, -0.6212413675822605, -0.49105036416872044]","[2.211604219718965, 4.7685724718354825, -7.760297343579737e-16, -2.2366970797272976, -4.7685724718354825, 1.048267520807551, 1.7621908768971575, -0.4757790677799224]"
-3.5709999999999678,357,True,False,,1.1546319456101628e-14,1.0250077666350034e-05,1.3113774293565925e-14,-0.8964171984033893,0.06175029376045206,-0.689609375,-1.5860265734033892,-0.6899494014055082,-0.896077171997881,0.02392451753332527,14.763813822189752,False,False,False,"[5.3392849018470825, -7.061164325126802, -5.7792003328982275, -0.3054965543389167, -7.061164325126813, -0.06830317889347834, -0.6230565296904069, -0.48981146703183104]","[2.211604219718963, 4.761568248179489, -5.503373320652657e-16, -2.2368965029584733, -4.761568248179496, 1.0469849713255217, 1.7618314570589146, -0.47569045984392005]"
-3.5809999999999675,358,True,False,,1.3322676295501878e-14,1.5799107554041894e-05,1.4043334938354704e-14,-0.9022205364318232,0.06197603651859783,-0.689609375,-1.591829911431823,-0.689941463375288,-0.901888448056535,0.023918496514769103,14.776106876934872,False,False,False,"[5.339284901847092, -7.084001755330397, -5.779200332898233, -0.3077215474931671, -7.084001755330399, -0.07049129421094702, -0.6248666444798882, -0.48857947978881644]","[2.211604219718967, 4.7544586590758255, 5.868791382596167e-16, -2.237093905583805, -4.754458659075824, 1.045706452760925, 1.7614760055085878, -0.4755999864341863]"
-3.5909999999999673,359,True,False,,9.325873406851315e-15,8.103390650758368e-06,3.6826489867617244e-14,-0.9080170141201211,0.06220072320927604,-0.689609375,-1.597626389120121,-0.6899336947159165,-0.9076926944042045,0.02391250775064196,14.788393878854405,False,False,False,"[5.339284901847089, -7.10679989887708, -5.779200332898224, -0.309940178604889, -7.10679989887708, -0.07266362953500795, -0.6266717633116721, -0.48735434287337154]","[2.211604219718965, 4.747243904904729, 9.08555702862278e-17, -2.2372893399904235, -4.74724390490473, 1.0444319657849144, 1.761124481233877, -0.47550768704187857]"
-3.600999999999967,360,True,False,,1.0658141036401503e-14,1.685559510126941e-05,1.0841595036684739e-14,-0.9138064441408016,0.06242436216002997,-0.689609375,-1.6034158191408014,-0.6899260919838007,-0.9134897271570007,0.023906551094653963,14.800673907306582,False,False,False,"[5.33928490184708, -7.129558302337626, -5.779200332898219, -0.31215248982602445, -7.129558302337614, -0.07482036351554797, -0.628471936795505, -0.4861359975831991]","[2.211604219718959, 4.739924187890507, -1.81832423504073e-16, -2.2374828577311674, -4.739924187890502, 1.043161510633093, 1.7607768439408242, -0.4754136003895152]"
-3.610999999999967,361,True,False,,1.1546319456101628e-14,1.0926132583242652e-05,1.3557425103494634e-14,-0.9195886395913142,0.06264696161897197,-0.689609375,-1.609198014591314,-0.6899186517879845,-0.9192793628033296,0.7979705751991343,14.812946146656866,False,False,False,"[5.339284901847089, -7.152276513130241, -5.7792003328982275, -0.31435852308916157, -7.15227651313024, 0.6823109612732191, -0.630267214805464, -0.4849243860624483]","[2.211604219718965, 4.732499712099026, -1.0330244986650773e-15, -2.2376745095398034, -4.7324997120990275, 0.791151201504193, 1.760433054038575, -0.4753177644496772]"
-3.6209999999999667,362,True,False,,1.0658141036401503e-14,1.3270974381835439e-05,1.2809489238174091e-14,-0.9253634139942513,0.06286852975563696,-0.689609375,-1.6149727889942511,-0.68991137079061,-0.9250614182036411,0.023894733528374203,14.825211527942283,False,False,False,"[5.339284901847102, -7.174954079529092, -5.779200332898243, -0.31655832010529567, -7.174954079529104, 0.6799149665126178, -0.6320576464951639, -0.48371945128454263]","[2.2116042197189714, 4.724970683435433, 1.4873961512159867e-16, -2.237864345345921, -4.724970683435439, 0.7917619037289484, 1.7600930726245274, -0.47522021646312934]"
-3.6309999999999665,363,True,False,,1.1546319456101628e-14,1.1904111024822131e-05,1.332268733034581e-14,-0.9311305812975732,0.06308907466178539,-0.689609375,-1.620739956297573,-0.6899042457072839,-0.9308357105902891,0.023888872332104353,14.837468659367515,False,False,False,"[5.3392849018470825, -7.197590550672411, -5.779200332898224, -0.318751922361739, -7.197590550672399, 0.6775324862907117, -0.6338432803124986, -0.48252113703552507]","[2.211604219718963, 4.71733730964154, -8.327118830075343e-16, -2.2380524142895784, -4.717337309641533, 0.7923647908040575, 1.7597568614698698, -0.4751209929564398]"
-3.6409999999999663,364,True,False,,4.884981308350689e-15,6.228471047802526e-06,5.564425089569119e-15,-0.9368899558749728,0.06330860435224421,-0.689609375,-1.6264993308749727,-0.6898972733073485,-0.9366020575676242,0.7995334393469552,14.849718077744145,False,False,False,"[5.339284901847092, -7.220185476571075, -5.7792003328982275, -0.32093937112019977, -7.220185476571071, -0.08329475984504017, -0.63562416401407, -0.4813293878977819]","[2.211604219718967, 4.709599800293495, -1.1490758101819104e-15, -2.23823876473564, -4.709599800293495, 1.0381199986257013, 1.7594243830055045, -0.4750201297590779]"
-3.650999999999966,365,True,False,,7.105427357601002e-15,1.3610962752576968e-05,5.338173545526661e-14,-0.9426413525262607,0.06352712676571586,-0.689609375,-1.6322507275262605,-0.6898904504140657,-0.9423602771121948,0.7946737902488801,14.861958864697607,False,False,False,"[5.3392849018470905, -7.242738408116702, -5.779200332898233, -0.32312070741503224, -7.242738408116701, 0.6728075934013672, -0.6374003446791839, -0.4801441492342481]","[2.21160421971897, 4.701758366799078, -1.9363800032413633e-16, -2.2384234442878803, -4.701758366799079, 0.7935475874183741, 1.7590956003083358, -0.4749176620200393]"
-3.660999999999966,366,True,False,,1.2434497875801753e-14,1.1780190710117383e-05,1.3902184505807222e-14,-0.9483845864778271,0.06374464976559406,-0.689609375,-1.637993961477827,-0.6898837739047213,-0.9481101875731056,0.02387147740331697,14.874190336593417,False,False,False,"[5.339284901847089, -7.26524889709001, -5.779200332898224, -0.3252959720516394, -7.265248897090009, 0.6704649466963059, -0.6391718687235192, -0.47896536717298116]","[2.211604219718965, 4.693813222395125, -6.261431285437736e-16, -2.238606499802791, -4.693813222395127, 0.7941277256667764, 1.7587704770878996, -0.4748136242239987]"
-3.6709999999999656,367,True,False,,1.1546319456101628e-14,1.4672994767622347e-05,1.3113788760772688e-14,-0.9541194733832228,0.06396118114076928,-0.689609375,-1.6437288483832226,-0.6898772407106527,-0.9538516076725699,0.02386574151910109,14.886413554573792,False,False,False,"[5.339284901847086, -7.287716496169103, -5.779200332898224, -0.32746520560501596, -7.287716496169103, 0.6681353463972388, -0.640938781912442, -0.4777929885921572]","[2.2116042197189665, 4.685764582144896, 4.034893520798382e-16, -2.238787977403155, -4.685764582144895, 0.7947005062790312, 1.758448977673359, -0.4747080502069858]"
-3.6809999999999654,368,True,False,,7.993605777301127e-15,8.377814662814028e-06,8.426002425156788e-14,-0.9598458293237222,0.06417672860640962,-0.689609375,-1.649455204323722,-0.6898708478172041,-0.959584356506518,0.796210360170412,14.898627779477321,False,False,False,"[5.339284901847089, -7.3101407589376866, -5.7792003328982275, -0.329628448418458, -7.3101407589376866, -0.09153310551378284, -0.6427011293739615, -0.47662696110544667]","[2.2116042197189603, 4.677612662935304, 7.612392142223597e-17, -2.238967922491342, -4.677612662935306, 1.0331429119324913, 1.7581310670008095, -0.4746009731716462]"
-3.690999999999965,369,True,False,,1.4210854715202004e-14,8.630103002794892e-06,1.4458503380711522e-13,-0.9655634708090339,0.06439129980477443,-0.689609375,-1.6551728458090338,-0.6898645922636181,-0.9653082535454157,0.791465383138927,14.910831942711011,False,False,False,"[5.3392849018470825, -7.332521239893307, -5.779200332898219, -0.33178574060237676, -7.332521239893318, 0.6635148338987178, -0.644458955611392, -0.4754672330477614]","[2.211604219718963, 4.669357683474191, -2.4660671763815546e-16, -2.2391463797623614, -4.669357683474199, 0.7958244299379668, 1.7578167106009361, -0.4744924257020636]"
-3.700999999999965,370,True,False,,1.509903313490213e-14,1.556708855788269e-05,1.2623351763257577e-14,-0.971272214778045,0.06460490230598734,-0.689609375,-1.660881589778045,-0.6898584711428645,-0.9710231186351804,0.7945826512366297,14.923027012847456,False,False,False,"[5.339284901847086, -7.354857494455716, -5.779200332898234, -0.3339371220332842, -7.354857494455716, -0.09556695651009534, -0.6462123045156639, -0.4743137534613604]","[2.211604219718961, 4.660999864287565, 3.507583560385193e-16, -2.2393233932166754, -4.660999864287566, 1.0306784806077012, 1.7575058745869423, -0.47438243977816125]"
-3.7109999999999648,371,True,False,,8.881784197001252e-15,7.227281040151403e-06,8.927155166838232e-14,-0.9769718785995583,0.06481754360879526,-0.689609375,-1.666581253599558,-0.6898524816014122,-0.9767287719981459,0.7898933319292569,14.935211540822758,False,False,False,"[5.33928490184709, -7.377149078974816, -5.779200332898233, -0.33608263235287206, -7.377149078974818, 0.6589451684767974, -0.6479612193773383, -0.4731664720823211]","[2.211604219718962, 4.65253942771659, 1.1978132273237478e-15, -2.2394990061727746, -4.65253942771659, 0.7969202100073502, 1.7571985256428304, -0.47427104678971527]"
-3.7209999999999646,372,True,False,,1.1546319456101628e-14,1.550619512865755e-05,5.420804729977404e-15,-0.9826622800732245,0.06502923114137435,-0.689609375,-1.6722716550732244,-0.6898466208389492,-0.9824250342342752,0.023837524203922954,14.94738638954582,False,False,False,"[5.339284901847089, -7.399395550739094, -5.7792003328982275, -0.33822231096722627, -7.399395550739083, 0.656679132439927, -0.6497057428983474, -0.4720253393273265]","[2.211604219718965, 4.643976597914835, 3.548166947243041e-16, -2.2396732612794885, -4.643976597914827, 0.7974578042016031, 1.7568946310119355, -0.4741582775499828]"
-3.7309999999999643,373,True,False,,1.1546319456101628e-14,1.381680867927708e-05,1.3557472625138455e-14,-0.9883432374304117,0.06523997226205784,-0.689609375,-1.6779526124304116,-0.6898408861080525,-0.9881117263223591,0.02383197223727334,14.959550949547516,False,False,False,"[5.339284901847084, -7.421596467983689, -5.779200332898219, -0.3403561970461338, -7.421596467983689, 0.6544254858148212, -0.6514459172033886, -0.47089030628081147]","[2.211604219718962, 4.63531160084522, 2.998307062983296e-16, -2.2398462005281083, -4.6353116008452195, 0.7979886685226018, 1.7565941584857776, -0.4740441623089485]"
-3.740999999999964,374,True,False,,1.2434497875801753e-14,2.1368675281876667e-05,1.4043419470491155e-14,-0.9940145693352029,0.06544977426012025,-0.689609375,-1.6836239443352028,-0.689835274713814,-0.9937886696213888,0.7913928425593233,14.971705380489967,False,False,False,"[5.339284901847089, -7.443751389898599, -5.7792003328982275, -0.3424843295225442, -7.443751389898587, -0.10347007069272031, -0.6531817838510987, -0.46976132468240084]","[2.211604219718965, 4.626544664277066, 2.6673121101159034e-16, -2.240017865264233, -4.626544664277061, 1.0257977040770543, 1.7562970763931676, -0.4739287307662118]"
-3.750999999999964,375,True,False,,7.105427357601002e-15,6.376985374075629e-06,7.16072333100894e-14,-0.9996760948854,0.06565864435650803,-0.689609375,-1.6892854698853998,-0.6898297840134253,-0.9994556858719745,0.023820958765127687,14.983849149244719,False,False,False,"[5.3392849018470825, -7.46585987663679, -5.7792003328982275, -0.3446067470920995, -7.465859876636791, -0.10541240679052508, -0.6549133838449152, -0.4686383469146736]","[2.211604219718963, 4.617676017783002, -1.2338921510076265e-16, -2.24018829619944, -4.617676017783002, 1.0245875033960201, 1.7560033535895934, -0.47381201208351953]"
-3.7609999999999637,376,True,False,,7.993605777301127e-15,1.3679989311258958e-05,8.199074676315351e-14,-1.0053276336136108,0.06586658970458015,-0.689609375,-1.6949370086136106,-0.6898244114157225,-1.005112597197888,0.7860539691289028,14.995982131889095,False,False,False,"[5.339284901847084, -7.487921489322352, -5.779200332898227, -0.3467234882127619, -7.487921489322337, 0.647737843521946, -0.6566407576436819, -0.4675213259912253]","[2.211604219718957, 4.608705892735868, 1.1575163442273705e-15, -2.240357533422701, -4.608705892735858, 0.7995418572760291, 1.7557129594468692, -0.47369403489697015]"
-3.7709999999999635,377,True,False,,5.329070518200751e-15,7.541369867240588e-06,5.6173342883944967e-14,-1.0109690054883878,0.06607361739085743,-0.689609375,-1.7005783804883876,-0.6898191543806993,-1.0107592261076883,0.7890563514161407,15.00810408493356,False,False,False,"[5.339284901847089, -7.509935790058595, -5.779200332898229, -0.348834591104575, -7.509935790058593, -0.10925793008960054, -0.658363945172009, -0.4664102155450119]","[2.211604219718965, 4.599634522305575, -8.7489771536119485e-16, -2.240525616411597, -4.59963452230558, 1.0221790609155117, 1.7554258638430311, -0.4735748273288816]"
-3.7809999999999633,378,True,False,,7.993605777301127e-15,6.2656289971560834e-06,5.9746048387587396e-15,-1.016600030915395,0.06627973443573443,-0.689609375,-1.706209405915395,-0.6898140104189854,-1.0163953954964096,0.023804662817194417,15.020215137208421,False,False,False,"[5.339284901847094, -7.531902341936142, -5.779200332898233, -0.3509400937494586, -7.531902341936142, -0.11116138958278438, -0.6600829858303666, -0.46530496981699987]","[2.211604219718966, 4.590462141455917, 6.214668623744035e-16, -2.2406925840433276, -4.590462141455917, 1.0209808087059038, 1.7551420371524935, -0.47345441699933505]"
-3.790999999999963,379,True,False,,2.3092638912203256e-14,1.764555217415495e-05,2.7590701643886493e-14,-1.0222205307386751,0.0664849477942114,-0.689609375,-1.711829905738675,-0.6898089770912981,-1.022020928647377,0.7838108006253179,15.032314743133945,False,False,False,"[5.339284901847086, -7.55382070904111, -5.7792003328982275, -0.353040033891165, -7.553820709041085, 0.6411580213327421, -0.6617979185049582, -0.4642055436450529]","[2.2116042197189665, 4.581188986941332, -4.160786162192785e-16, -2.2408584746054947, -4.581188986941319, 0.8010379180805941, 1.7548614502364202, -0.47333283103742296]"
-3.800999999999963,380,True,False,,1.1546319456101628e-14,1.3340340436425231e-05,1.3557459710215142e-14,-1.0278303262418635,0.0666892643565909,-0.689609375,-1.7174397012418634,-0.6898040520078674,-1.027635649233996,0.7867663363562116,15.044403462749605,False,False,False,"[5.33928490184709, -7.575690456462985, -5.779200332898224, -0.3551344490352503, -7.575690456462985, -0.11493037004179277, -0.663508781577344, -0.4631118924531194]","[2.211604219718962, 4.571815297303559, 7.373924081681499e-16, -2.2410233258067107, -4.571815297303559, 1.0185962147554022, 1.7545840744333485, -0.4732100960921884]"
-3.8109999999999626,381,True,False,,1.1546319456101628e-14,1.3632583954024602e-05,1.4043321861756889e-14,-1.0334292391495836,0.06689269094920909,-0.689609375,-1.7230386141495835,-0.6897992328278373,-1.0332393813217462,0.023788633015204216,15.056480578167733,False,False,False,"[5.3392849018470825, -7.59751115030288, -5.7792003328982275, -0.3572233764491653, -7.59751115030288, -0.11679615150495165, -0.6652156129338287, -0.4620239722406626]","[2.211604219718963, 4.562341312868401, -5.564058820445727e-16, -2.2411871747869827, -4.562341312868401, 1.017409861385747, 1.7543098815500393, -0.4730862383432827]"
-3.8209999999999624,382,True,False,,1.2434497875801753e-14,1.834573265032554e-05,1.3203724064050375e-14,-1.039017091628745,0.06709523433511352,-0.689609375,-1.7286264666287448,-0.6897945172586454,-1.0388319493700995,0.023783348326303494,15.068546369485741,False,False,False,"[5.3392849018470825, -7.619282357681359, -5.779200332898219, -0.35930685316239813, -7.619282357681347, -0.11864963097710367, -0.6669184499746418, -0.46094173957235296]","[2.211604219718965, 4.552767275742218, -9.360405660472563e-16, -2.2413500581279213, -4.552767275742212, 1.0162274623572458, 1.754038843852535, -0.4729612835113335]"
-3.830999999999962,383,True,False,,1.1546319456101628e-14,1.5765341513216445e-05,1.4043334814116776e-14,-1.0445937062900192,0.06729690121476266,-0.689609375,-1.734203081290019,-0.689789903055386,-1.044413178234633,0.7808880431057439,15.080600380136518,False,False,False,"[5.339284901847089, -7.641003646746616, -5.779200332898219, -0.3613849159667213, -7.641003646746604, 0.6325480826654415, -0.6686173296229088, -0.4598651515679726]","[2.211604219718965, 4.543093429808608, 7.551818594377199e-16, -2.241512011862739, -4.543093429808601, 0.8029479957325124, 1.7537709340574317, -0.4728352568680497]"
-3.840999999999962,384,True,False,,3.552713678800501e-15,5.591906495177124e-06,3.597323139401367e-14,-1.0501589061892638,0.06749769822669457,-0.689609375,-1.7397682811892636,-0.6897853880201541,-1.0499828931691095,0.7837831918552182,15.092643202169564,False,False,False,"[5.339284901847084, -7.662674586682414, -5.7792003328982275, -0.36345760141648664, -7.662674586682414, -0.12232018448669267, -0.6703122883333907, -0.45879416589260363]","[2.211604219718962, 4.533320020724883, -4.2328144550341177e-16, -2.241673071486083, -4.533320020724883, 1.0138745020836297, 1.753506125323369, -0.4727081832460523]"
-3.850999999999962,385,True,False,,1.1546319456101628e-14,1.4392486324375675e-05,1.355742636829657e-14,-1.055712514828997,0.06769763194824303,-0.689609375,-1.7453218898289968,-0.6897809700013767,-1.05554091982762,0.7794551313632929,15.104673543734242,False,False,False,"[5.339284901847092, -7.684294747716005, -5.7792003328982275, -0.36552494582896944, -7.684294747716003, 0.6283113435796223, -0.6720033621010396, -0.4577287407470054]","[2.211604219718967, 4.523447295918532, -3.038394725204533e-16, -2.2418332719636664, -4.523447295918533, 0.8038682857913563, 1.7532443912427136, -0.4725800870484645]"
-3.8609999999999616,386,True,False,,1.687538997430238e-14,1.724968469002528e-05,1.9069977514441757e-14,-1.0612543561599743,0.06789670889616747,-0.689609375,-1.7508637311599742,-0.6897766468931305,-1.0610870842668438,0.7823209364333203,15.116692800505907,False,False,False,"[5.339284901847082, -7.7058637011261615, -5.779200332898224, -0.3675869852848154, -7.7058637011261615, -0.12594301383035056, -0.6736905864693555, -0.4566688348582381]","[2.2116042197189603, 4.513475504583696, 6.592009312374111e-16, -2.2419926477417222, -4.513475504583695, 1.011537281816223, 1.752985705833439, -0.4724509922582436]"
-3.8709999999999614,387,True,False,,6.217248937900877e-15,9.112756949657369e-06,7.160724160342552e-15,-1.066784254582739,0.06809493552733653,-0.689609375,-1.756393629582739,-0.6897724166344489,-1.0666212129482902,0.7780407785999524,15.128699663225918,False,False,False,"[5.339284901847087, -7.727381019251135, -5.779200332898229, -0.3696437556285336, -7.727381019251133, 0.62411912112307, -0.6753739965385389, -0.45561440747048343]","[2.2116042197189643, 4.503404897677555, -8.87120128559871e-16, -2.2421512327562936, -4.503404897677558, 0.8047662807702906, 1.7527300435311897, -0.47232092244725987]"
-3.880999999999961,388,True,False,,6.217248937900877e-15,9.917494359064878e-06,6.601870265365791e-14,-1.072302034949244,0.06829231823937504,-0.689609375,-1.761911409949244,-0.6897682772086214,-1.0721431327406226,0.023752247036949947,15.140694746830468,False,False,False,"[5.339284901847089, -7.748846275496459, -5.779200332898224, -0.3716952924690077, -7.748846275496459, 0.6220394824870216, -0.6770536269734605, -0.4545654183361133]","[2.211604219718965, 4.493235727916617, -2.8541731730181127e-16, -2.242309060442339, -4.493235727916618, 0.8052071142367299, 1.752477379181551, -0.4721899007851798]"
-3.890999999999961,389,True,False,,7.993605777301127e-15,6.876366187026076e-06,8.747552911066247e-15,-1.0778075225644965,0.06848886337132548,-0.689609375,-1.7674168975644964,-0.6897642266424827,-1.0776526709220136,0.780163271783491,15.152678082880364,False,False,False,"[5.339284901847083, -7.770259044343001, -5.779200332898225, -0.3737416311801353, -7.7702590443429935, -0.1312898578437668, -0.6787295120114729, -0.4535218277069046]","[2.2116042197189616, 4.482968249773097, -5.242931149024766e-16, -2.2424661637426597, -4.4829682497730925, 1.0080608438960594, 1.7522276880324699, -0.47205795004808454]"
-3.9009999999999607,390,True,False,,1.4210854715202004e-14,1.7932903010820586e-05,1.5888208042580383e-14,-1.0833005431882228,0.06868457720426863,-0.689609375,-1.7729099181882226,-0.6897602630056988,-1.083149655182524,0.7759533842254552,15.164648879865751,False,False,False,"[5.339284901847094, -7.791618901354712, -5.779200332898233, -0.3757828069014427, -7.791618901354724, 0.6179127174852475, -0.6804016854700035, -0.4524835963255117]","[2.211604219718966, 4.472602719471088, 1.0482882232801214e-16, -2.242622575116691, -4.4726027194710944, 0.8060728353130996, 1.751980945726872, -0.4719250926268856]"
-3.9109999999999605,391,True,False,,1.2434497875801753e-14,7.178673376926219e-06,1.4567223761144438e-14,-1.0887809230366319,0.06887946596198796,-0.689609375,-1.7783902980366317,-0.6897563844100462,-1.0886339136265857,0.023737081369065514,15.176607654282108,False,False,False,"[5.339284901847089, -7.81292542318669, -5.779200332898233, -0.3778188545388156, -7.812925423186691, 0.6158654210851408, -0.6820701807540206, -0.4514506854170948]","[2.211604219718965, 4.462139394982901, 8.956060710844426e-16, -2.2427783265490855, -4.4621393949828985, 0.8064978721252327, 1.7517371282954433, -0.4717913505355315]"
-3.9209999999999603,392,True,False,,3.552713678800501e-15,1.2028484399935395e-05,3.5545682212021185e-14,-1.0942484887841104,0.06907353581157505,-0.689609375,-1.7838578637841103,-0.6897525890086892,-1.094105274775421,0.02373208243761498,15.1885545452739,False,False,False,"[5.339284901847086, -7.83417818759271, -5.7792003328982275, -0.37984980876521285, -7.834178187592713, 0.6138287370966967, -0.6837350308633002, -0.4504230566811502]","[2.2116042197189665, 4.451578536025036, -3.7661343690493717e-17, -2.2429334495581874, -4.451578536025035, 0.8069177906049807, 1.7514962121495714, -0.4716567454189995]"
-3.93099999999996,393,True,False,,1.2434497875801753e-14,1.1379873446430001e-05,1.3528330750749794e-14,-1.0997030675650468,0.0692667928640516,-0.689609375,-1.7893124425650466,-0.6897488749954546,-1.099563567569592,0.023727111470765606,15.20048930675232,False,False,False,"[5.339284901847089, -7.855376773433395, -5.7792003328982275, -0.38187570402148757, -7.855376773433383, 0.6118025830295138, -0.685396268399539, -0.44940067228352154]","[2.211604219718965, 4.4409204040545065, -7.165237494383378e-16, -2.243087975204304, -4.440920404054501, 0.8073326624146201, 1.7512581740744546, -0.4715212985610858]"
-3.94099999999996,394,True,False,,7.993605777301127e-15,9.589640341096119e-06,8.069386790287424e-14,-1.1051444869756502,0.06945924317500352,-0.689609375,-1.79475386197565,-0.6897452406041054,-1.1050086213715447,0.7766597897965285,15.212411645568935,False,False,False,"[5.3392849018470905, -7.876520760683818, -5.779200332898225, -0.38389657451719994, -7.876520760683819, -0.13997580420300854, -0.687053925573332, -0.44838349484858514]","[2.211604219718966, 4.430165262264807, 4.4300588779774887e-16, -2.243241934097849, -4.430165262264804, 1.0023446763441612, 1.75102299122237, -0.47138503089201206]"
-3.9509999999999597,395,True,False,,1.2434497875801753e-14,1.3584678535599509e-05,1.3902175000309253e-14,-1.1105725750757607,0.06965089274516173,-0.689609375,-1.8001819500757605,-0.6897416841076149,-1.1104402659681456,0.772562987874455,15.224321524481525,False,False,False,"[5.3392849018470825, -7.897609730441334, -5.7792003328982275, -0.385912454231494, -7.897609730441347, 0.6077815395919399, -0.6887080342109586, -0.4473714874516105]","[2.211604219718963, 4.419313375581948, 7.873764805327574e-16, -2.243395356407336, -4.419313375581953, 0.8081475470290537, 1.7507906411060778, -0.47124796299583027]"
-3.9609999999999594,396,True,False,,1.1546319456101628e-14,8.221696372005783e-06,1.404333510591882e-14,-1.115987160390759,0.06984174752103242,-0.689609375,-1.8055965353907588,-0.6897382038174418,-1.115858331573317,0.023712365290778983,15.236219230999518,False,False,False,"[5.339284901847089, -7.918643264933452, -5.779200332898233, -0.3879233769140049, -7.918643264933441, 0.6057864900893255, -0.6903586257610438, -0.44636461361130264]","[2.211604219718965, 4.408365010660544, -1.4487810861328148e-16, -2.2435482718672053, -4.408365010660537, 0.8085476975820576, 1.750561101592399, -0.47111011511765466]"
-3.9709999999999592,397,True,False,,5.995204332975845e-15,1.747933800182594e-05,5.56442410798294e-15,-1.1213880719134366,0.07003181339546229,-0.689609375,-1.8109974469134364,-0.6897347980828065,-1.1212626488306299,0.7746116166223704,15.248105563972757,False,False,False,"[5.339284901847092, -7.939620947525335, -5.779200332898233, -0.38992937608582046, -7.939620947525324, -0.14505689398649133, -0.6920057313010781, -0.4453628372824787]","[2.211604219718967, 4.397320435879594, 1.8217009881660524e-16, -2.2437007097855304, -4.397320435879586, 0.9989613767017513, 1.750334350895916, -0.47097150717070235]"
-3.980999999999959,398,True,False,,6.217248937900877e-15,6.461072946406365e-06,6.601865919041628e-14,-1.1267751391059768,0.07022109620824557,-0.689609375,-1.8163845141059767,-0.6897314652899721,-1.1266530488160047,0.02370267238760221,15.259978749483173,False,False,False,"[5.339284901847089, -7.96054236272782, -5.7792003328982275, -0.3919304850404382, -7.960542362727819, -0.14672947198545258, -0.6936493815437806, -0.4443661228489239]","[2.211604219718965, 4.3861799213385595, 3.984145183494294e-16, -2.2438526990515553, -4.38617992133856, 0.9978412958926907, 1.7501103675728251, -0.47083215874317336]"
-3.990999999999959,399,True,False,,2.398081733190338e-14,8.961376391826257e-06,2.743310186921111e-14,-1.1321481919018463,0.07040960174670274,-0.689609375,-1.8217575669018462,-0.6897282038615269,-1.1320293630403193,0.7699278930034631,15.271839667030138,False,False,False,"[5.33928490184708, -7.981407096204956, -5.779200332898213, -0.3939267368447886, -7.981407096204968, 0.5998622893232848, -0.6952896068433246, -0.4433744351164104]","[2.211604219718962, 4.374943738853138, -4.931696295402619e-16, -2.244004268143125, -4.374943738853145, 0.8097197863020288, 1.749889130514924, -0.47069208910496574]"
-4.000999999999959,400,True,False,,1.2434497875801753e-14,1.536949727265759e-05,1.320373316387299e-13,-1.1375070607078612,0.07059733574625048,-0.689609375,-1.827116435707861,-0.689725012255673,-1.137391423452188,0.02369308882840673,15.283688598738982,False,False,False,"[5.3392849018470905, -8.00221473478181, -5.7792003328982275, -0.3959181643402857, -8.00221473478181, 0.5979076155546856, -0.6969264372014512, -0.4423877393058352]","[2.2116042197189705, 4.363612161951143, 4.924935037220749e-16, -2.2441554451339436, -4.363612161951143, 0.8101012455532708, 1.7496706189437266, -0.47055131721419796]"
-4.010999999999958,401,True,False,,8.881784197001252e-15,1.0490008403434713e-05,8.977055678608733e-14,-1.1428515764061125,0.07078430389096357,-0.689609375,-1.8324609514061123,-0.6897218889655184,-1.1427390624405938,0.7719416089689795,15.295525335723159,False,False,False,"[5.339284901847089, -8.022964866451959, -5.779200332898224, -0.39790480014388774, -8.022964866451959, -0.15168525624317775, -0.6985599022734263, -0.44140600104654104]","[2.211604219718965, 4.352185465868185, -7.385282879521537e-16, -2.2443062577007242, -4.352185465868186, 0.9945039955529624, 1.7494548124047162, -0.47040986172361476]"
-4.020999999999958,402,True,False,,5.329070518200751e-15,5.777303875040485e-06,5.687119282149492e-14,-1.1481815703560638,0.0709705118141546,-0.689609375,-1.8377909453560637,-0.6897188325183761,-1.1480721128376876,0.7679952196513928,15.307349487970153,False,False,False,"[5.33928490184709, -8.043657080385312, -5.7792003328982275, -0.3998866766491798, -8.043657080385312, 0.5940279061070486, -0.7001900313738758, -0.4404291863697623]","[2.211604219718962, 4.340663927543511, 4.607001321657109e-16, -2.2444567331302063, -4.340663927543507, 0.8108506892799303, 1.7492416907617299, -0.47026774098681134]"
-4.030999999999958,403,True,False,,1.2434497875801753e-14,1.1386462736935713e-05,1.3902167851595161e-14,-1.153496874396584,0.07115596509891647,-0.689609375,-1.843106249396584,-0.6897158414750684,-1.1533904079215156,0.7706320823737746,15.319162001879386,False,False,False,"[5.339284901847089, -8.064290966935697, -5.7792003328982275, -0.40186382602753157, -8.064290966935697, -0.1549384620459762, -0.7018168534825208, -0.43945726170220617]","[2.211604219718965, 4.329047825615659, -2.1156396496811573e-16, -2.244606898326029, -4.3290478256156595, 0.9922981631102594, 1.7490312341914376, -0.47012497306430995]"
-4.040999999999958,404,True,False,,1.2434497875801753e-14,8.73906277217347e-06,1.390221893041218e-14,-1.1587973208479987,0.07134066927866718,-0.689609375,-1.8484066958479985,-0.689712914429238,-1.1586937814187606,0.7667270771652591,15.330961640961359,False,False,False,"[5.339284901847092, -8.084866117648353, -5.7792003328982275, -0.40383628022921875, -8.084866117648378, 0.5901872238114051, -0.7034403972497487, -0.43849019385977844]","[2.211604219718967, 4.317337440418095, 2.6306089639188493e-16, -2.2447567798154853, -4.317337440418107, 0.8115825768041843, 1.7488234231779853, -0.4699815757294982]"
-4.0509999999999575,405,True,False,,1.2434497875801753e-14,1.342108736943007e-05,1.3528367658267427e-14,-1.1640827425142835,0.07152462983771299,-0.689609375,-1.8536921175142833,-0.6897100500066669,-1.1639820675076165,0.7693391866098462,15.342749391447375,False,False,False,"[5.339284901847089, -8.105382125267797, -5.779200332898224, -0.4058040709845979, -8.105382125267772, -0.1581520331372702, -0.7050606910021258, -0.4375279500414312]","[2.211604219718965, 4.305533053974917, -2.255970451738486e-16, -2.2449064037561617, -4.305533053974907, 0.9901074786050378, 1.748618238507711, -0.4698375664744246]"
-4.060999999999957,406,True,False,,1.5987211554602254e-14,5.696278966315445e-06,1.7495077637771043e-14,-1.1693529726850738,0.07170785221175312,-0.689609375,-1.8589623476850736,-0.6897072468646015,-1.1692551008204721,0.023664986197238332,15.35452485636993,False,False,False,"[5.339284901847094, -8.125838583744967, -5.779200332898233, -0.4077672298052984, -8.125838583744953, -0.15974418668009807, -0.7066777627477199, -0.4365704978231625]","[2.211604219718966, 4.29363494999626, 9.294102220167302e-17, -2.2450557959424464, -4.293634949996253, 0.9890177951964709, 1.7484156612640114, -0.4696929625154512]"
-4.070999999999957,407,True,False,,1.2434497875801753e-14,1.2374139263649151e-05,1.3528324659816865e-14,-1.1746078451378672,0.0718903417884381,-0.689609375,-1.864217220137867,-0.6897045036910877,-1.1745127164467792,0.7648547083497191,15.366287894466202,False,False,False,"[5.339284901847083, -8.14623508824515, -5.779200332898224, -0.40972578798542036, -8.146235088245149, 0.5844981184859241, -0.7082916401813846, -0.43561780515210996]","[2.2116042197189576, 4.281643413873976, -5.393674887193997e-16, -2.245204981811926, -4.281643413873977, 0.8126485345927607, 1.7482156728222928, -0.46954778079878234]"
-4.080999999999957,408,True,False,,1.021405182655144e-14,8.344190824670947e-06,7.324103746842878e-14,-1.1798471941402155,0.07207210390788701,-0.689609375,-1.8694565691402154,-0.6897018192043115,-1.179754749935904,0.7674304645943109,15.378039315243083,False,False,False,"[5.3392849018470905, -8.166571235155377, -5.77920033289823, -0.4116797766027964, -8.166571235155386, -0.16289968131435456, -0.709902350689894, -0.4346698403407841]","[2.2116042197189634, 4.269558732677099, 5.110927108221641e-16, -2.245353986451648, -4.269558732677101, 0.9868497023303572, 1.7480182548450456, -0.46940203800584485]"
-4.090999999999957,409,True,False,,1.5987211554602254e-14,1.183541150393826e-05,1.6852028836250014e-13,-1.1850708544518422,0.07225314386319139,-0.689609375,-1.874680229451842,-0.6896991921519517,-1.1849810372998903,0.02365129458856454,15.389778334172265,False,False,False,"[5.339284901847089, -8.186846622091858, -5.779200332898233, -0.4136292265201992, -8.18684662209186, -0.16446319953379035, -0.7115099213569802, -0.4337265720614189]","[2.211604219718965, 4.257381195147244, -6.70713227752426e-16, -2.2455028346043, -4.257381195147243, 0.9857712752320281, 1.7478233892770152, -0.46925575055855984]"
-4.1009999999999565,410,True,False,,6.217248937900877e-15,1.5183320005065701e-05,8.18861466944934e-15,-1.190278661326909,0.07243346690095241,-0.689609375,-1.8798880363269088,-0.6896966213105371,-1.1901914150163717,0.7630174398769684,15.401505225252324,False,False,False,"[5.339284901847082, -8.207060847907519, -5.779200332898227, -0.41557416838661015, -8.207060847907519, 0.5788936384335984, -0.713114378968261, -0.43278796934044395]","[2.2116042197189634, 4.245111091694041, -7.499724157225297e-17, -2.245651550674247, -4.245111091694042, 0.8136776233923151, 1.74763105834049, -0.4691089346244939]"
-4.110999999999956,411,True,False,,7.105427357601002e-15,4.512694726020756e-06,7.755682532014872e-15,-1.1954704505161597,0.07261307822175912,-0.689609375,-1.8850798255161596,-0.6896941054848166,-1.195385720031343,0.7655577422623351,15.413220639520603,False,False,False,"[5.339284901847082, -8.227213512699414, -5.779200332898225, -0.41751463263851735, -8.227213512699414, -0.1675622120978479, -0.714715750016091, -0.43185400155305104]","[2.211604219718962, 4.2327487143905005, -2.5746691869268036e-16, -2.2458001587334793, -4.232748714390501, 0.9836256152756523, 1.747441244530665, -0.46896160612186666]"
-4.120999999999956,412,True,False,,1.7319479184152442e-14,9.953994800504931e-06,1.3902189165346042e-14,-1.2006460582692338,0.07279198298071353,-0.689609375,-1.8902554332692336,-0.6896916435071367,-1.2005637897620969,0.023637839387106514,15.4249233654454,False,False,False,"[5.339284901847089, -8.247304217816277, -5.7792003328982275, -0.4194506495011826, -8.247304217816277, -0.16909787685051045, -0.7163140607042828, -0.43092463841788853]","[2.211604219718965, 4.22029435696838, -4.489567611202889e-16, -2.2459486825274353, -4.220294356968381, 0.9825583645275646, 1.7472539306111343, -0.4688137807244647]"
-4.130999999999956,413,True,False,,1.176836406102666e-14,1.1157859508480432e-05,5.343642349470445e-14,-1.2058053213368805,0.07297018628790566,-0.689609375,-1.8954146963368803,-0.689689234236829,-1.2057254621000513,0.761214494962947,15.436614399791145,False,False,False,"[5.33928490184709, -8.267332565865775, -5.779200332898233, -0.4213822489899548, -8.267332565865775, 0.5733719553636843, -0.7179093369527432, -0.4299998499918655]","[2.211604219718962, 4.2077483148134105, 4.8133314683062953e-17, -2.246097145480739, -4.2077483148134105, 0.8146713322900514, 1.7470690996094507, -0.4686654738664349]"
-4.140999999999956,414,True,False,,1.4210854715202004e-14,1.344146590237816e-05,1.4211621140582674e-13,-1.2109480769732297,0.07314769320891756,-0.689609375,-1.9005574519732296,-0.6896868765596067,-1.2108705754136229,0.7637202077777601,15.448293895879257,False,False,False,"[5.3392849018470825, -8.287298160722065, -5.779200332898233, -0.4233094609115843, -8.287298160722065, -0.1721419412370399, -0.7195016044020516, -0.42907960666503375]","[2.211604219718963, 4.195110884960612, -4.1830074251535003e-16, -2.2462455707028153, -4.195110884960612, 0.980434976504667, 1.746886734812795, -0.46851670074696433]"
-4.150999999999955,415,True,False,,1.1546319456101628e-14,9.381573423953417e-06,1.0555861925039586e-14,-1.2160741629380656,0.07332450876530147,-0.689609375,-1.9056835379380654,-0.6896845693869712,-1.2159989685510944,0.02362461812845546,15.459961257290173,False,False,False,"[5.339284901847094, -8.30720060753298, -5.7792003328982275, -0.42523231486552987, -8.30720060753298, -0.17365050488954603, -0.7210908884178641, -0.428163879155615]","[2.211604219718966, 4.18238236608943, -5.119750679233714e-16, -2.246393980993421, -4.182382366089431, 0.9793788211416998, 1.7467068197637334, -0.46836747633485865]"
-4.160999999999955,416,True,False,,1.2434497875801753e-14,1.6157148181078896e-05,1.4782219593261177e-14,-1.221183417499173,0.07350063793504481,-0.689609375,-1.9107927924991728,-0.6896823116556292,-1.2211104808435436,0.023620262612963898,15.47161648664354,False,False,False,"[5.339284901847086, -8.327039512727573, -5.7792003328982275, -0.42715084024532357, -8.327039512727573, -0.17515019714694363, -0.7226772140953316, -0.4272526385050778]","[2.2116042197189665, 4.169563058518999, -1.3702769630184031e-15, -2.2465423988480544, -4.169563058519002, 0.9783263461064295, 1.7465293382560556, -0.468217815373006]"
-4.170999999999955,417,True,False,,1.354472090042691e-14,1.0054017668519167e-05,9.930139650598777e-14,-1.2262756794345862,0.07367608565306494,-0.689609375,-1.915885054434586,-0.6896801023269181,-1.226204952107668,0.7588626686943377,15.483260454725215,False,False,False,"[5.3392849018470985, -8.346814484023243, -5.779200332898228, -0.4290650662398975, -8.346814484023241, 0.5661354593948152, -0.7242606062633509, -0.4263458560733586]","[2.211604219718967, 4.156653264203188, -1.6096011295003013e-15, -2.246690846463291, -4.156653264203189, 0.8159436951139494, 1.7463542743307148, -0.46806773238275795]"
-4.180999999999955,418,True,False,,1.5987211554602254e-14,1.2595828649976713e-05,1.6592565093637872e-13,-1.2313507880349732,0.07385085681165851,-0.689609375,-1.920960163034973,-0.6896779403862436,-1.2312822226487294,0.023611628412998565,15.494892693139033,False,False,False,"[5.339284901847092, -8.366525130433232, -5.779200332898233, -0.43097502183492714, -8.366525130433232, 0.5643483682035274, -0.7258410894887648, -0.42544350353414645]","[2.211604219718967, 4.143653286725752, 2.0446425446665025e-16, -2.2468393457420195, -4.143653286725752, 0.8162527326975054, 1.7461816122718252, -0.46791724166818544]"
-4.1909999999999545,419,True,False,,8.881784197001252e-15,7.29532481316473e-06,9.057677579223314e-14,-1.2364085831058969,0.07402495626096532,-0.689609375,-1.9260179581058967,-0.6896758248425251,-1.2363421332633715,0.7607337316878885,15.506513193419778,False,False,False,"[5.339284901847094, -8.386171062273649, -5.779200332898233, -0.4328807358142048, -8.38617106227365, -0.17959683526319084, -0.7274186880804808, -0.4245455528702712]","[2.211604219718966, 4.130563431295328, 8.992240579751768e-16, -2.246987918298551, -4.130563431295325, 0.9751909117692544, 1.746011336602786, -0.46776635732026917]"
-4.200999999999954,420,True,False,,1.021405182655144e-14,1.5653432528211178e-05,5.024297394741191e-15,-1.241448904970266,0.0741983888094325,-0.689609375,-1.9310582799702658,-0.689673754727652,-1.241384525242614,0.7571369414846646,15.518121934979712,False,False,False,"[5.339284901847086, -8.40575189117103, -5.779200332898224, -0.4347822367610059, -8.405751891171018, 0.5608001938829137, -0.7289934260935046, -0.42365197636918595]","[2.2116042197189665, 4.117384004740545, -1.1891717305194833e-16, -2.2471365854636938, -4.117384004740537, 0.816860284939273, 1.7458434320824334, -0.4676150932209672]"
-4.210999999999954,421,True,False,,1.9539925233402755e-14,8.026737651732886e-06,6.003204411846682e-15,-1.2464715944706466,0.0743711592242529,-0.689609375,-1.9360809694706465,-0.6896717290959509,-1.2464092403746956,0.7595651227864019,15.529719679730544,False,False,False,"[5.339284901847089, -8.425267230069355, -5.7792003328982275, -0.43667955305944606, -8.425267230069355, -0.1825183344919734, -0.7305653273328907, -0.4227627466185189]","[2.211604219718965, 4.104115315504923, 6.861587440146893e-16, -2.247285368289687, -4.10411531550492, 0.9731188563141383, 1.7456778837013018, -0.4674634630472031]"
-4.220999999999954,422,True,False,,1.0658141036401503e-14,1.5996753138368372e-05,1.0661099656627737e-13,-1.2514764929716051,0.0745432722318151,-0.689609375,-1.941085867971605,-0.6896697470236618,-1.251416120947943,0.023594664940669637,15.541305627660694,False,False,False,"[5.339284901847092, -8.444716693237252, -5.779200332898238, -0.4385727128958766, -8.444716693237252, -0.18396643308724614, -0.732134415357608, -0.4218778365017504]","[2.211604219718967, 4.090757673641813, 4.6008120699350116e-17, -2.247434287555079, -4.0907576736418125, 0.9720882712726322, 1.7455146766779694, -0.467311480274776]"
-4.230999999999954,423,True,False,,1.4654943925052066e-14,7.395763627647432e-06,5.564420775424652e-14,-1.2564634423621488,0.07471473251815042,-0.689609375,-1.9460728173621487,-0.689667807608424,-1.2564050097537245,0.023590487108673244,15.552880633281482,False,False,False,"[5.339284901847092, -8.464099896275286, -5.7792003328982275, -0.44046174426023765, -8.464099896275288, -0.18540619633149627, -0.7337007134843699, -0.4209972191939227]","[2.211604219718967, 4.077311390809344, 1.7897755225216796e-17, -2.247583363769502, -4.077311390809343, 0.9710613024169705, 1.7453537964554469, -0.4671591581821688]"
-4.2409999999999535,424,True,False,,3.019806626980426e-14,2.2173776600263253e-05,3.265791842417682e-14,-1.261432285058092,0.07488554472934998,-0.689609375,-1.9510416600580918,-0.689665909968774,-1.261375750089318,0.02358633432590253,15.564443904689284,False,False,False,"[5.339284901847089, -8.483416456123088, -5.7792003328982275, -0.44234667494748126, -8.48341645612307, -0.18683769709644774, -0.7352642447913489, -0.4201208681574691]","[2.211604219718965, 4.063776780265278, -4.684128383162035e-16, -2.2477326171783605, -4.063776780265271, 0.9700379405317385, 1.745195228697665, -0.4670065098542738]"
-4.250999999999953,425,True,False,,5.329070518200751e-15,2.431150951018177e-05,5.335519773346454e-14,-1.2663828640044912,0.07505571347201023,-0.689609375,-1.955992239004491,-0.6896640532436503,-1.2663281857608406,0.7543313404697586,15.575995758748267,False,False,False,"[5.33928490184709, -8.502665991066435, -5.7792003328982275, -0.44422753255892056, -8.502665991066435, 0.5520786886762361, -0.7368250321218205, -0.4192487571381119]","[2.211604219718962, 4.050154156861806, 3.026178982384311e-16, -2.2478820677674483, -4.050154156861806, 0.8183199585667219, 1.745038959286028, -0.46685354818604113]"
-4.260999999999953,426,True,False,,8.881784197001252e-15,6.275170946083598e-06,8.918714688750972e-14,-1.2713150226779995,0.07522524331365582,-0.689609375,-1.9609243976779993,-0.6896622365919112,-1.2712621610860881,0.7567066975245941,15.58753715314296,False,False,False,"[5.3392849018470825, -8.521848120744355, -5.779200332898219, -0.4461043445036413, -8.521848120744355, -0.18967619827655857, -0.7383830980877777, -0.41838086016084225]","[2.211604219718963, 4.036443837040352, -6.380872700643054e-16, -2.2480317352674826, -4.036443837040352, 0.9680020007769494, 1.7448849743160293, -0.46670028588605245]"
-4.270999999999953,427,True,False,,7.105427357601002e-15,1.0949234088824674e-05,5.974615643131141e-15,-1.2762286050893508,0.07539413878315107,-0.689609375,-1.9658379800893506,-0.6896604591918598,-1.2761775208974908,0.753233241975736,15.599066675575049,False,False,False,"[5.339284901847094, -8.540962466156358, -5.7792003328982275, -0.44797713799989175, -8.54096246615636, 0.5486484396798503, -0.7399384650734396, -0.41751715152595725]","[2.211604219718966, 4.022646138826357, 9.641699683044976e-16, -2.248181639158542, -4.022646138826353, 0.8188810907615682, 1.744733260093938, -0.4665467354799988]"
-4.280999999999953,428,True,False,,7.993605777301127e-15,8.194168883762582e-06,9.368072064038755e-15,-1.281123455785755,0.07556240437111697,-0.689609375,-1.9707328307857548,-0.689658720240781,-1.2810741105449739,0.02356997207092775,15.610585693877987,False,False,False,"[5.339284901847092, -8.560008649669285, -5.7792003328982275, -0.44984594007647727, -8.560008649669285, 0.5469455933351076, -0.7414911552386999, -0.4166576058052063]","[2.211604219718967, 4.008761381823938, 7.624445167080927e-16, -2.2483317986744495, -4.008761381823934, 0.8191569584649577, 1.7445838031335572, -0.46639290931410227]"
-4.290999999999952,429,True,False,,6.217248937900877e-15,7.598749187005089e-06,6.764174725778381e-15,-1.2859994198533578,0.07573004453034113,-0.689609375,-1.9756087948533576,-0.689657018954486,-1.2859517758988717,0.023565943328432086,15.622093817733457,False,False,False,"[5.339284901847086, -8.57898629502451, -5.7792003328982275, -0.4517107775741344, -8.578986295024512, 0.5452508588526626, -0.74304119052252, -0.41580219783797634]","[2.211604219718959, 3.994789887210612, -7.152262690200315e-17, -2.2484822328070595, -3.9947898872106116, 0.8194297500679788, 1.7444365901530414, -0.4662388195584494]"
-4.300999999999952,430,True,False,,3.9968028886505635e-15,9.364963608568718e-06,3.580365694032697e-15,-1.290856342919671,0.07589706367618673,-0.689609375,-1.980465717919671,-0.6896553545668686,-1.2908103633528025,0.023561939157748218,15.633590882536566,False,False,False,"[5.33928490184709, -8.59789502734485, -5.7792003328982275, -0.45357167714695906, -8.597895027344851, 0.543564181776534, -0.7445885926462591, -0.41495090272756924]","[2.211604219718962, 3.9807319777319203, 1.3516059659543188e-15, -2.248632960310474, -3.9807319777319163, 0.819699506970131, 1.7442916080717787, -0.46608447821025834]"
-4.310999999999952,431,True,False,,1.2434497875801753e-14,1.2663181551308731e-05,1.352832725966653e-14,-1.2956940711560296,0.07606346618698909,-0.689609375,-1.9853034461560295,-0.6896537263294686,-1.2956497198265609,0.023557959481758376,15.645077481822012,False,False,False,"[5.3392849018470825, -8.616734473141602, -5.7792003328982275, -0.455428665263782, -8.616734473141602, 0.5418855082205186, -0.7461333831169407, -0.41410369583753154]","[2.211604219718963, 3.966587977696025, -6.048023784407831e-16, -2.2487839997051955, -3.966587977696026, 0.8199662700051848, 1.7441488440073292, -0.46592989709707794]"
-4.320999999999952,432,True,False,,1.2434497875801753e-14,1.7758162981949925e-05,1.410643947021098e-14,-1.3005124512800474,0.0762292564044546,-0.689609375,-1.9901218262800473,-0.6896521335110471,-1.300469692769,0.7533919702740091,15.656553566944272,False,False,False,"[5.339284901847086, -8.635504260321524, -5.7792003328982275, -0.4572817682095513, -8.635504260321524, -0.19800071364086305, -0.7476755832304343, -0.41326055278808466]","[2.2116042197189665, 3.9523582129683095, 1.4078204847253345e-16, -2.2489353692821954, -3.95235821296831, 0.9619797889850471, 1.7440082852724412, -0.46577508787991323]"
-4.3309999999999516,433,True,False,,1.1324274851176597e-14,1.3734362302736815e-05,1.4458491529286552e-14,-1.3053113305581139,0.0763944386340389,-0.689609375,-1.9949207055581137,-0.6896505753971689,-1.3052701301609448,0.02355007330876126,15.668018669150808,False,False,False,"[5.339284901847083, -8.654204018193685, -5.779200332898219, -0.4591310120867618, -8.654204018193674, -0.19936099017394304, -0.7492152140746264, -0.4124214494525732]","[2.2116042197189576, 3.9380430109658726, 5.474544031881268e-16, -2.2490870871069117, -3.9380430109658637, 0.9609884745308778, 1.7438699193720997, -0.46562006205628553]"
-4.340999999999951,434,True,False,,1.0658141036401503e-14,1.4809709039004811e-05,1.1724310828060519e-14,-1.3100905568078005,0.07655901714535124,-0.689609375,-1.9996999318078004,-0.689649051289795,-1.3100508805180053,0.7494951016107027,15.679472595482704,False,False,False,"[5.339284901847091, -8.672833377476453, -5.779200332898227, -0.4609764228168002, -8.67283337747647, 0.5368969781969624, -0.7507522965324885, -0.4115863619540234]","[2.2116042197189674, 3.923642700652033, -2.2310841405770967e-16, -2.249239171023187, -3.92364270065204, 0.8207489959637345, 1.743733734000663, -0.4654648309632287]"
-4.350999999999951,435,True,False,,1.0658141036401503e-14,1.3998016419220816e-05,1.1102236246737594e-13,-1.3148499784004102,0.07672299617252704,-0.689609375,-2.00445935340041,-0.6896475605068844,-1.3148117928935257,0.7517802940824081,15.690917596708976,False,False,False,"[5.339284901847089, -8.691391970304442, -5.779200332898224, -0.4628180261413734, -8.691391970304448, -0.20205886685502122, -0.7522868512851172, -0.4107552666617315]","[2.2116042197189687, 3.9091576125308616, -4.647432323040671e-16, -2.249391638657126, -3.9091576125308625, 0.9590163805276326, 1.7435997170390203, -0.46530940578022023]"
-4.360999999999951,436,True,False,,8.881784197001252e-15,1.333246936166032e-05,9.368077684731994e-15,-1.319589444263391,0.07688637991459432,-0.689609375,-2.009198819263391,-0.6896461023820039,-1.319552716881387,0.7484563827760752,15.702351170975659,False,False,False,"[5.339284901847092, -8.709879430235121, -5.779200332898233, -0.46465584762387546, -8.70987943023512, 0.5336103461496793, -0.7538188988146962, -0.40992814018794377]","[2.211604219718967, 3.894588078641464, -1.038185917807674e-15, -2.249544507420891, -3.8945880786414677, 0.8212565679722599, 1.743467856551849, -0.46515379753205865]"
-4.370999999999951,437,True,False,,1.4210854715202004e-14,8.452565623537262e-06,1.551134862533271e-14,-1.3243088038828752,0.07704917253587112,-0.689609375,-2.013918178882875,-0.6896446762639481,-1.324273502618927,0.7507223434361715,15.71377537646919,False,False,False,"[5.339284901847085, -8.728295392255925, -5.779200332898213, -0.46648991265077816, -8.728295392255925, -0.20472693056305127, -0.7553484594074307, -0.40910495938456776]","[2.211604219718968, 3.8799344325525085, -1.317151640035209e-15, -2.249697794516438, -3.8799344325525125, 0.9570582717565863, 1.743338140784875, -0.4649980170916589]"
-4.3809999999999505,438,True,False,,1.2434497875801753e-14,1.3105671137731441e-05,1.281720113918602e-13,-1.3290079073061243,0.07721137816630887,-0.689609375,-2.018617282306124,-0.6896432815163661,-1.3289740007897581,0.023530781264056548,15.725188587802304,False,False,False,"[5.33928490184709, -8.746639492790957, -5.7792003328982275, -0.4683202464330256, -8.746639492790957, -0.20604993813426187, -0.7568755531564022, -0.4082857013399649]","[2.211604219718962, 3.86519700935653, 5.7112664309503905e-16, -2.249851516939177, -3.8651970093565287, 0.9560844388839814, 1.7432105581622281, -0.46484207518281595]"
-4.39099999999995,439,True,False,,4.884981308350689e-15,7.742625096259436e-06,5.420800657509363e-15,-1.3336866051440772,0.07737300090187013,-0.689609375,-2.023295980144077,-0.6896419175173988,-1.3336540626266782,0.7469220943260144,15.736591585688284,False,False,False,"[5.339284901847089, -8.764911369707711, -5.779200332898224, -0.47014687400737964, -8.76491136970771, 0.5287379621956553, -0.7584001999643883, -0.40747034337578536]","[2.211604219718965, 3.8503761456642183, -1.2209016258636669e-15, -2.2500056914815745, -3.850376145664222, 0.8219973160081762, 1.743085097283825, -0.46468598238288433]"
-4.40099999999995,440,True,False,,1.4210854715202004e-14,1.1597184250717044e-05,1.4546884966266867e-13,-1.3383447485737712,0.0775340448048897,-0.689609375,-2.027954123573771,-0.6896405836593223,-1.3383135399144486,0.023523232265379883,15.747985011520004,False,False,False,"[5.339284901847086, -8.783110662323926, -5.779200332898219, -0.4719698202378345, -8.783110662323923, 0.5271289857424136, -0.7599224195466358, -0.40665886304388016]","[2.2116042197189665, 3.835472179598758, -1.6063551775137773e-16, -2.2501603347366967, -3.835472179598761, 0.8222388831080213, 1.742961746922814, -0.46452974912543665]"
-4.41099999999995,441,True,False,,1.2434497875801753e-14,1.535198762793597e-05,1.3902207105179121e-14,-1.3429821893408942,0.0776945139044238,-0.689609375,-2.032591564340894,-0.6896392793482021,-1.342952284992692,0.023519493441192748,15.759369263698375,False,False,False,"[5.339284901847094, -8.801237011414266, -5.779200332898233, -0.47378910981697164, -8.801237011414266, 0.5255275036529229, -0.7614422314335738, -0.40585123812323465]","[2.211604219718966, 3.8204854507900663, -4.339438581121464e-16, -2.2503154631016833, -3.820485450790067, 0.8224778356227657, 1.742840496023058, -0.46437338570282405]"
-4.42099999999995,442,True,False,,1.3766765505351941e-14,8.580267032535204e-06,9.060855581914812e-14,-1.3475987797622686,0.07785441219659849,-0.689609375,-2.0372081547622685,-0.6896380040035534,-1.347570150758715,0.7481339363473699,15.770742756437713,False,False,False,"[5.339284901847089, -8.819290059216943, -5.779200332898233, -0.47560476726731227, -8.819290059216943, -0.21126988800662216, -0.762959654973463, -0.405047446617004]","[2.211604219718965, 3.8054163003689463, 1.2668744849484203e-15, -2.2504710927811775, -3.8054163003689436, 0.9522237039897444, 1.742721333696679, -0.46421690226871726]"
-4.430999999999949,443,True,False,,8.659739592076221e-15,6.8783847612603095e-06,3.6620541000508137e-14,-1.352194372728352,0.07801374364496458,-0.689609375,-2.041803747728352,-0.6896367570580096,-1.3521669906703422,0.7449199204580534,15.78210671103188,False,False,False,"[5.33928490184709, -8.837269449440605, -5.77920033289823, -0.4774168169427121, -8.837269449440605, 0.5223468306527697, -0.764474709335043, -0.4042474667495479]","[2.2116042197189656, 3.7902650709613828, -2.8391973066231434e-16, -2.2506272397906755, -3.790265070961383, 0.8229480372977509, 1.742604249221637, -0.4640603088405777]"
-4.440999999999949,444,True,False,,1.4210854715202004e-14,2.1943667847242907e-05,1.438325904467126e-13,-1.3567688217057636,0.07817251218083814,-0.689609375,-2.0463781967057635,-0.6896355379570003,-1.3567426587487632,0.023508418831565396,15.793461068235326,False,False,False,"[5.339284901847086, -8.855174827270794, -5.7792003328982275, -0.47922528302969813, -8.855174827270794, 0.5207675449932695, -0.765987413510085, -0.4034512769635649]","[2.211604219718959, 3.7750321066826085, 7.140241397068695e-16, -2.250783919959838, -3.775032106682607, 0.8231793555148786, 1.7424892320393643, -0.46390361530208885]"
-4.450999999999949,445,True,False,,2.220446049250313e-15,8.007339853590443e-06,1.9860268419214237e-14,-1.3613219807397279,0.07833072170363632,-0.689609375,-2.0509313557397277,-0.6896343461584341,-1.3612970095812935,0.7466187667966043,15.804806999991056,False,False,False,"[5.339284901847087, -8.873005839376617, -5.779200332898229, -0.48103018954882276, -8.873005839376617, -0.21511081577945293, -0.7674977863159369, -0.40265885591724093]","[2.2116042197189647, 3.7597177531312287, -4.0178823100262736e-16, -2.2509411489357323, -3.7597177531312314, 0.9493642241772234, 1.7423762717524418, -0.4637468314055268]"
-4.460999999999949,446,True,False,,1.199040866595169e-14,6.640061703726687e-06,5.974601551154052e-15,-1.3658537044566508,0.07848837608122096,-0.689609375,-2.0554630794566506,-0.6896331811323924,-1.3658298983242583,0.7434502515341015,15.81614208284894,False,False,False,"[5.339284901847094, -8.890762133917368, -5.7792003328982275, -0.4828315603560253, -8.890762133917368, 0.5176308420402719, -0.7690058463980047, -0.4018701824814739]","[2.211604219718966, 3.7443223573833246, 6.463829655810213e-16, -2.251098942186029, -3.7443223573833246, 0.8236345959994539, 1.742265358122311, -0.4635899667740982]"
-4.470999999999949,447,True,False,,1.0658141036401503e-14,1.884829077322662e-05,1.21212993974088e-14,-1.370363848066603,0.0786454791502206,-0.689609375,-2.059973223066603,-0.6896320423608265,-1.3703411807057764,0.7456240933531777,15.827468755991786,False,False,False,"[5.339284901847088, -8.908443360549096, -5.77920033289823, -0.48462941914396723, -8.908443360549104, -0.21763703873647208, -0.7705116122321843, -0.40108523573713023]","[2.2116042197189674, 3.72884626798649, 6.789265533774756e-17, -2.2512573150021367, -3.7288462679864947, 0.9474749451867197, 1.7421564810670473, -0.4634330309042058]"
-4.480999999999948,448,True,False,,8.881784197001252e-15,1.0569861446629453e-05,8.899648738642288e-14,-1.3748522673658101,0.07880203471635955,-0.689609375,-2.06446164236581,-0.6896309293372666,-1.3748307130285435,0.023493981150528156,15.838786122239968,False,False,False,"[5.339284901847092, -8.926049170431131, -5.779200332898233, -0.48642378944337583, -8.926049170431131, -0.21888999855317592, -0.7720151021272632, -0.4003039949723559]","[2.211604219718967, 3.71328983495385, -6.820694178507839e-16, -2.251416282502289, -3.71328983495385, 0.9465353909198427, 1.7420496306591537, -0.4632760331676939]"
-4.490999999999948,449,True,False,,1.2434497875801753e-14,1.3631860043983981e-05,1.335964160471425e-14,-1.3793188187391436,0.07895804655478489,-0.689609375,-2.0689281937391435,-0.6896298415665334,-1.37929835217261,0.023490429938704892,15.850094135519027,False,False,False,"[5.339284901847094, -8.943579216232548, -5.7792003328982275, -0.4882146946243576, -8.943579216232548, -0.22013626337438089, -0.7735163342272914, -0.39952643967993706]","[2.211604219718966, 3.6976534097579994, -1.2759841719866599e-16, -2.2515758596345785, -3.6976534097580007, 0.9455992148410242, 1.741944797123421, -0.4631189828140442]"
-4.500999999999948,450,True,False,,1.5987211554602254e-14,1.3578084489895089e-05,1.6479224888304065e-13,-1.3837633591627068,0.0791135184103827,-0.689609375,-2.0733727341627066,-0.6896287785644598,-1.3837439555982467,0.023486901879146913,15.861393242043352,False,False,False,"[5.339284901847092, -8.961033152138814, -5.779200332898233, -0.4900021578977631, -8.961033152138798, -0.2213758870277621, -0.7750153265138852, -0.39875254955469386]","[2.211604219718967, 3.6819373453250495, -7.861386283193208e-16, -2.251736061179936, -3.6819373453250464, 0.9446664080067142, 1.741841970834795, -0.46296188897249646]"
-4.510999999999948,451,True,False,,1.021405182655144e-14,1.0318446561255e-05,5.402584354377842e-14,-1.388185746206247,0.07926845399809668,-0.689609375,-2.077795121206247,-0.6896277398576186,-1.3881673813486284,0.7410601531503906,15.872682711898806,False,False,False,"[5.339284901847089, -8.978410633857996, -5.779200332898224, -0.49178620231645986, -8.978410633857996, 0.5099145263051523, -0.7765120968085065, -0.3979823044909337]","[2.211604219718965, 3.6661419960284167, -4.1813176402979124e-16, -2.25189690175506, -3.6661419960284176, 0.8247310839580606, 1.741741142316321, -0.4628047606541855]"
-4.5209999999999475,452,True,False,,1.4210854715202004e-14,1.862591870606582e-05,1.4214030206044608e-13,-1.392585838035707,0.0794228570032432,-0.689609375,-2.082195213035707,-0.6896267249830554,-1.3925684880526514,0.023479914959069446,15.883964037291824,False,False,False,"[5.33928490184708, -8.995711318627421, -5.779200332898213, -0.49356685077669404, -8.995711318627409, 0.5083924114251659, -0.7780066627747142, -0.3972156845799377]","[2.211604219718962, 3.6502677176828007, 2.4427845560360597e-16, -2.252058395815301, -3.6502677176827967, 0.8249435026204185, 1.741642302237099, -0.4626476067541737]"
-4.530999999999947,453,True,False,,1.7319479184152442e-14,6.3570108017709465e-06,1.3709358765088624e-14,-1.3969634934157469,0.07957673108181172,-0.689609375,-2.0865728684157467,-0.689625733488031,-1.3969471349277156,0.7427124567666018,15.895237400968977,False,False,False,"[5.3392849018470825, -9.012934865219991, -5.7792003328982275, -0.49534412601935773, -9.012934865219991, -0.22505544038632375, -0.7794990419203391, -0.39645267010749635]","[2.211604219718963, 3.6343148675380093, 1.354703275715655e-16, -2.2522205576574996, -3.6343148675380084, 0.9418881139088079, 1.7415454414102796, -0.4624904360534834]"
-4.540999999999947,454,True,False,,1.2434497875801753e-14,1.2285824339607124e-05,1.3902148636245029e-14,-1.401318571712185,0.07973007986077382,-0.689609375,-2.090927946712185,-0.6896247649297669,-1.401303181782418,0.7396608960005477,15.906501108862091,False,False,False,"[5.3392849018470825, -9.030080933950522, -5.779200332898224, -0.49711805063132397, -9.030080933950522, 0.5053689826345145, -0.7809892515996791, -0.39569324155148167]","[2.211604219718965, 3.618283804272741, -1.40146759195806e-15, -2.252383401422769, -3.6182838042727443, 0.8253617077726509, 1.7414505507911189, -0.4623332572210763]"
-4.550999999999947,455,True,False,,1.1546319456101628e-14,1.0831629277441416e-05,9.776984484015491e-14,-1.4056509328945523,0.07988290693839155,-0.689609375,-2.095260307894552,-0.6896238188751993,-1.405636489019353,0.023469606625710106,15.917756658219933,False,False,False,"[5.339284901847092, -9.047149186682136, -5.779200332898243, -0.4988886470467227, -9.047149186682136, 0.5038675838070809, -0.7824773090156054, -0.3949373795794615]","[2.211604219718967, 3.60217488798842, 2.0222505019468795e-16, -2.2525469410992285, -3.602174887988421, 0.8255675542123195, 1.7413576214750428, -0.46217607881579265]"
-4.560999999999947,456,True,False,,1.2434497875801753e-14,1.4210048215326936e-05,1.3061032746650832e-13,-1.4099604375385617,0.08003521588450122,-0.689609375,-2.0995698125385616,-0.6896228949007389,-1.4099469176378228,0.7412964193096014,15.92900457271278,False,False,False,"[5.3392849018470905, -9.064139286832527, -5.779200332898233, -0.5006559375482246, -9.064139286832525, -0.2286771048863985, -0.7839632312216525, -0.3941850650463685]","[2.211604219718971, 3.585988480202895, -6.05166065818562e-16, -2.252711190524718, -3.585988480202897, 0.9391398234870407, 1.7412666446957596, -0.4620189092882565]"
-4.570999999999946,457,True,False,,2.4868995751603507e-14,3.071139035717067e-05,2.5864271626370456e-14,-1.4142469468286052,0.08018701024081827,-0.689609375,-2.103856321828605,-0.6896219925920358,-1.414234329236569,0.023462848374765016,15.94024350984043,False,False,False,"[5.33928490184709, -9.081050899380335, -5.7792003328982275, -0.5024199442683441, -9.081050899380335, -0.2298716986291853, -0.7854470351240872, -0.3934362789921741]","[2.211604219718962, 3.569724943844221, 1.0008884689262476e-16, -2.252876163389424, -3.5697249438442213, 0.9382303531006684, 1.741177611823406, -0.46186175698273324]"
-4.580999999999946,458,True,False,,5.329070518200751e-15,6.656298109371817e-06,5.420803768811313e-15,-1.4185103225602766,0.08033829352123234,-0.689609375,-2.1081196975602765,-0.6896211115437507,-1.4184985860165258,0.023459503257215138,15.95147412581851,False,False,False,"[5.339284901847089, -9.09788369087134, -5.7792003328982275, -0.5041806891906936, -9.097883690871338, -0.2310600611087821, -0.7869287374839324, -0.39269100263963774]","[2.211604219718965, 3.5533846432443044, -6.216158475951429e-16, -2.2530418732385016, -3.553384643244306, 0.9373241813544433, 1.7410905143627313, -0.4617046301389736]"
-4.590999999999946,459,True,False,,1.2434497875801753e-14,1.017249332200129e-05,1.3709340332863631e-14,-1.4227504271427946,0.08048906921208417,-0.689609375,-2.1123598021427945,-0.6896202513593331,-1.4227395507834615,0.023456180731349068,15.962697015235616,False,False,False,"[5.3392849018470825, -9.114637329424692, -5.779200332898219, -0.5059381941512663, -9.114637329424692, -0.2322422410938177, -0.7884083549189318, -0.39194921739207733]","[2.211604219718963, 3.5369679441325705, 6.127766526292339e-16, -2.2532083334746336, -3.5369679441325697, 0.9364212995505033, 1.741005343951305, -0.46154753689399286]"
-4.600999999999946,460,True,False,,6.217248937900877e-15,1.7106353581886865e-05,2.6456630953699907e-14,-1.4269671236015675,0.08063934077245345,-0.689609375,-2.1165764986015674,-0.6896194116508024,-1.426957086950765,0.023452880737651432,15.973912135654292,False,False,False,"[5.33928490184708, -9.131311484739166, -5.779200332898219, -0.5076924808396784, -9.131311484739166, -0.23341828682958757, -0.7898859039055426, -0.39121090483116516]","[2.211604219718959, 3.52047521362961, -1.412505305853545e-16, -2.253375557360551, -3.52047521362961, 0.9355216990212946, 1.740922092357762, -0.46139048528383503]"
-4.610999999999946,461,True,False,,7.105427357601002e-15,7.893702755795179e-06,7.160723827712216e-14,-1.4311602755805914,0.08078911163444635,-0.689609375,-2.1207696505805913,-0.6896185920385371,-1.4311510585420542,0.7364944033881401,15.985118109677007,False,False,False,"[5.33928490184709, -9.147905828099296, -5.779200332898224, -0.5094435708004432, -9.147905828099296, 0.49500099822978727, -0.7913614007808305, -0.39047604671479175]","[2.211604219718962, 3.5039068202407555, 6.629238915918292e-16, -2.2535435580215073, -3.5039068202407524, 0.8267588773603903, 1.740840751480086, -0.4612334832453031]"
-4.620999999999945,462,True,False,,1.7763568394002505e-14,2.0917300214156543e-05,2.0062791193213898e-14,-1.4353297473450226,0.08093838520345911,-0.689609375,-2.1249391223450225,-0.6896177921510677,-1.435321330193955,0.023446348111395274,15.99631782242756,False,False,False,"[5.339284901847102, -9.164420032381523, -5.779200332898238, -0.5111914854341972, -9.164420032381523, 0.4935464910540249, -0.7928348617443641, -0.3897446249749305]","[2.2116042197189714, 3.4872631338496465, 6.120214976162753e-17, -2.2537123484477264, -3.487263133849646, 0.8269504015153137, 1.7407613133439148, -0.46107653861763936]"
-4.630999999999945,463,True,False,,9.769962616701378e-15,1.0882903604304215e-05,3.5803640462757e-15,-1.4394754037835575,0.08108716485847342,-0.689609375,-2.1290847787835574,-0.6896170116248762,-1.439467767158681,0.02344311536245358,16.00750915190767,False,False,False,"[5.339284901847086, -9.18085377206028, -5.7792003328982275, -0.5129362459989611, -9.18085377206028, 0.4920985232303764, -0.794306302860096, -0.3890166217155612]","[2.211604219718959, 3.470544525711761, -5.704878521233439e-17, -2.2538819414967994, -3.470544525711761, 0.8271399902324957, 1.7406837701008766, -0.4609196591441937]"
-4.640999999999945,464,True,False,,1.354472090042691e-14,9.984039796748094e-06,4.094301442521081e-14,-1.4435971104109449,0.08123545395231223,-0.689609375,-2.1332064854109447,-0.6896162501041985,-1.4435902353067462,0.7376454981387275,16.01869362856003,False,False,False,"[5.339284901847092, -9.197206723214142, -5.7792003328982275, -0.5146778736113445, -9.197206723214142, -0.23806207427248124, -0.795775740058181, -0.3882920192106141]","[2.211604219718967, 3.453751368447943, 7.102882517012835e-16, -2.2540523498960363, -3.453751368447942, 0.9319559373903649, 1.740608114026967, -0.4607628524740554]"
-4.650999999999945,465,True,False,,1.2434497875801753e-14,1.1191338092024182e-05,1.2932083040872702e-13,-1.4476947333704828,0.08138325581191436,-0.689609375,-2.1373041083704827,-0.6896155072408345,-1.4476886011296481,0.023436716706025273,16.029870361266067,False,False,False,"[5.3392849018470905, -9.213478563531886, -5.7792003328982275, -0.5164163892477931, -9.213478563531874, -0.239208154626189, -0.7972431891367742, -0.3875707999019581]","[2.2116042197189705, 3.436884036037857, 5.401766296455564e-18, -2.2542235862447977, -3.436884036037853, 0.9310726143179138, 1.7405343375209426, -0.4606061261636333]"
-4.6609999999999445,466,True,False,,1.509903313490213e-14,1.2884822766345157e-05,1.5099836156424201e-13,-1.4517681394364033,0.08153057373859618,-0.689609375,-2.141377514436403,-0.6896147826939614,-1.4517627317424417,0.7343145075793902,16.041039108474305,False,False,False,"[5.339284901847097, -9.229668972318414, -5.779200332898243, -0.5181518137457858, -9.229668972318414, 0.4877934704650621, -0.7987086657638143, -0.38685294639740603]","[2.2116042197189705, 3.4199429038134213, 2.105216116433304e-16, -2.254395663016772, -3.4199429038134226, 0.8276974086047335, 1.7404624331027507, -0.4604494876782384]"
-4.670999999999944,467,True,False,,1.4210854715202004e-14,2.518206586995439e-05,1.4888554660553131e-13,-1.4558171960163868,0.08167741100831519,-0.689609375,-2.1454265710163867,-0.6896140761299516,-1.455812494886435,0.023430406794964536,16.05220127365329,False,False,False,"[5.339284901847086, -9.245777630500859, -5.7792003328982275, -0.51988416780506, -9.245777630500845, 0.4863712764671383, -0.800172185478758, -0.38613844146877757]","[2.2116042197189665, 3.4029283484522406, -1.0491420660896772e-15, -2.2545685925622263, -3.4029283484522375, 0.8278795188275833, 1.740392393411986, -0.46029294439361373]"
-4.680999999999944,468,True,False,,1.4210854715202004e-14,1.6931996698593194e-05,1.4888582548284813e-13,-1.4598417711539895,0.08182377087193109,-0.689609375,-2.1494511461539894,-0.6896133872221961,-1.4598377589317932,0.7358862784409393,16.063357272000516,False,False,False,"[5.339284901847095, -9.261804220634502, -5.7792003328982275, -0.5216134719887912, -9.261804220634502, -0.24261144211692318, -0.8016337636943007, -0.3854272680499676]","[2.2116042197189665, 3.385840747970984, 2.2821292526157137e-16, -2.2547423871102206, -3.385840747970983, 0.9284419909702606, 1.7403242112063744, -0.4601365035974421]"
-4.690999999999944,469,True,False,,8.881784197001252e-15,1.307574082001612e-05,1.0841606974406838e-14,-1.4638417335310656,0.08196965655546626,-0.689609375,-2.1534511085310655,-0.6896127156509322,-1.4638383928801333,0.02342418518461793,16.0745050282051,False,False,False,"[5.33928490184708, -9.277748426908726, -5.7792003328982275, -0.5233397467248141, -9.277748426908726, -0.24373436779655513, -0.8030934156980749, -0.3847194092350494]","[2.211604219718959, 3.3686804817187292, -7.615462342277223e-17, -2.254917058770764, -3.3686804817187297, 0.927571537118418, 1.7402578793602808, -0.4599801724908289]"
-4.700999999999944,470,True,False,,1.1324274851176597e-14,1.912316984690394e-05,8.484324899201586e-15,-1.4678169524702511,0.08211507126034967,-0.689609375,-2.157426327470251,-0.689612061103075,-1.467814266367176,0.7326182026769579,16.08564573520858,False,False,False,"[5.339284901847076, -9.2936099351529, -5.779200332898219, -0.5250630123067777, -9.2936099351529, 0.48214264333559564, -0.8045511566542931, -0.3840148482764357]","[2.211604219718957, 3.351447930370299, -7.768588249594208e-16, -2.2550926195369825, -3.351447930370301, 0.8284151172381521, 1.740193390863253, -0.4598239581897514]"
-4.7109999999999435,471,True,False,,1.9539925233402755e-14,2.4939989980369765e-05,2.111180750265757e-14,-1.4717672979373475,0.08226001816367479,-0.689609375,-2.1613766729373474,-0.6896114232720542,-1.4717652496652933,0.02341805143844463,16.09678012733886,False,False,False,"[5.3392849018470825, -9.309388432842365, -5.7792003328982275, -0.5267832888953449, -9.309388432842349, 0.48074562664506854, -0.8060070016054045, -0.3833135685830252]","[2.211604219718963, 3.3341434759195754, -1.5791254524614126e-15, -2.2552690812872, -3.3341434759195745, 0.828590155247288, 1.7401307388185805, -0.4596678677264843]"
-4.720999999999943,472,True,False,,1.2434497875801753e-14,8.728290537490508e-06,1.4106429915933902e-14,-1.4756926405437838,0.08240450041844602,-0.689609375,-2.1653020155437837,-0.6896108018576537,-1.47569121368613,0.023415017380172633,16.107908119793706,False,False,False,"[5.3392849018470825, -9.32508360910403, -5.779200332898219, -0.5285005965193438, -9.32508360910403, 0.47935481368612354, -0.8074609654736892, -0.382615553718419]","[2.211604219718965, 3.316767501672684, -6.705628158651144e-16, -2.25544645578703, -3.316767501672686, 0.828763486440534, 1.7400699164418854, -0.45951190805099884]"
-4.730999999999943,473,True,False,,7.771561172376096e-15,1.2862219447751708e-05,5.538386693727853e-14,-1.4795928515489862,0.08254852115381311,-0.689609375,-2.169202226548986,-0.6896101965658571,-1.479592029983129,0.733747299112408,16.11903031607813,False,False,False,"[5.339284901847089, -9.340695154722466, -5.7792003328982275, -0.5302149550769574, -9.340695154722468, -0.24816970730498716, -0.8089130630628577, -0.38192078739913826]","[2.211604219718965, 3.2993203922413383, 1.000833222431087e-15, -2.255624754691401, -3.299320392241336, 0.9241216025681521, 1.7400109170597355, -0.4593560860323376]"
-4.740999999999943,474,True,False,,1.865174681370263e-14,1.3472079597375651e-05,1.637722265085943e-13,-1.4834678028628403,0.08269208347533273,-0.689609375,-2.17307717786284,-0.6896096071086958,-1.4834675707541445,0.023409014629104323,16.130145095296292,False,False,False,"[5.339284901847089, -9.356222762145507, -5.779200332898224, -0.5319263843368347, -9.356222762145505, -0.24926466278591228, -0.8103633090595953, -0.3812292534928856]","[2.211604219718965, 3.281802533535961, -5.389672902399472e-16, -2.255803989546571, -3.2818025335359615, 0.9232670478926817, 1.7399537341082871, -0.4592004084599535]"
-4.750999999999943,475,True,False,,8.881784197001252e-15,7.21597266682124e-06,8.900565949663056e-14,-1.487317367048064,0.08283519046519437,-0.689609375,-2.176926742048064,-0.6896090332041015,-1.4873177088439622,0.7305557620440516,16.141253213702253,False,False,False,"[5.3392849018470825, -9.37166612549012, -5.779200332898224, -0.5336349039392881, -9.37166612549012, 0.4752192432273133, -0.8118117180351193, -0.38054093601682115]","[2.211604219718963, 3.264214312758926, -3.486886392749184e-17, -2.255984171792099, -3.264214312758926, 0.8292734769232555, 1.739898361131941, -0.45904488204504873]"
-4.760999999999942,476,True,False,,1.4210854715202004e-14,8.709291885837104e-06,1.502702282136705e-13,-1.4911414173226127,0.08297784518245685,-0.689609375,-2.1807507923226126,-0.6896084745757617,-1.491142317746851,0.023403098685514583,16.152355912011227,False,False,False,"[5.339284901847089, -9.387024940548057, -5.7792003328982275, -0.5353405333973794, -9.387024940548057, 0.47385289286305854, -0.813258304446671, -0.3798558191358808]","[2.211604219718965, 3.246556118397667, 3.837098377684552e-17, -2.2561653127627905, -3.246556118397666, 0.829440217267626, 1.7398447917820383, -0.4588895134218529]"
-4.770999999999942,477,True,False,,1.709743457922741e-14,6.23712919896584e-06,1.370936906985392e-14,-1.4949398275620602,0.08312005066329205,-0.689609375,-2.18454920256206,-0.689607930952981,-1.494941271609079,0.023400173138358845,16.163452389316237,False,False,False,"[5.33928490184709, -9.40229890479154, -5.7792003328982275, -0.5370432920980844, -9.40229890479154, 0.4724925716911422, -0.8147030826390179, -0.3791738871611054]","[2.211604219718962, 3.2288283402178157, -6.547728926999102e-16, -2.2563474236906136, -3.228828340217816, 0.8296053676344398, 1.7397930198155627, -0.4587343091489137]"
-4.780999999999942,478,True,False,,7.993605777301127e-15,1.0982992526928188e-05,1.0695076603687022e-14,-1.4987124723019676,0.08326180992120852,-0.689609375,-2.1883218473019674,-0.6896074020705435,-1.4987144452314238,0.731673260151976,16.174543436616432,False,False,False,"[5.339284901847086, -9.41748771737899, -5.7792003328982275, -0.5387431993034094, -9.41748771737899, -0.25359020331838916, -0.816146066845923, -0.3784951245480054]","[2.211604219718959, 3.211031369256291, 6.604459634186514e-16, -2.2565305157065723, -3.211031369256291, 0.9198803002341339, 1.7397430390938753, -0.4585792757103457]"
-4.790999999999942,479,True,False,,1.2434497875801753e-14,1.0732941098718175e-05,1.2716771804952393e-13,-1.5024592267403172,0.0834031259472755,-0.689609375,-2.192068601740317,-0.6896068876685799,-1.5024617140717371,0.023394386641273492,16.185628110103153,False,False,False,"[5.33928490184708, -9.43259107916063, -5.779200332898224, -0.5404402741515001, -9.43259107916063, -0.2546582189167357, -0.8175872711915696, -0.3778195158949534]","[2.211604219718959, 3.1931655978143896, -8.337071628501052e-17, -2.256714599842577, -3.19316559781439, 0.9190414407384712, 1.7396948435814696, -0.45842441951704854]"
-4.8009999999999415,480,True,False,,1.5987211554602254e-14,2.093782275406781e-05,1.7153585913578826e-14,-1.5061799667398041,-0.08354400171036412,-0.689609375,-2.195789341739804,-0.6896063874924387,-1.5061829542473653,1.8372474443128983,16.196705371123194,False,False,False,"[5.339284901847094, -9.447608692684058, -5.779200332898233, -0.8190267096920139, -9.447608692684074, -0.2557209656069718, -0.5421345356577437, -0.37714704594158543]","[2.211604219718966, 3.1752314194507902, -6.257813953216783e-17, -1.73964842734475, -3.1752314194507942, -0.9182056962041205, 2.2568996870332465, 0.4582697469079295]"
-4.810999999999941,481,True,False,,1.1324274851176597e-14,1.8531686994853738e-05,5.3299871440968426e-14,-1.5098745688301989,-0.08368444015734944,-0.689609375,-2.1994839438301987,-0.6896059012925593,-1.5098780425376395,0.7281634612680639,16.207778188062452,False,False,False,"[5.339284901847092, -9.462540262199814, -5.779200332898233, -0.820464396256554, -9.462540262199829, 0.46711090469128014, -0.5438260027158756, -0.37647769956725324]","[2.211604219718967, 3.1572292289745705, -7.968158462647215e-17, -1.7396037845508256, -3.1572292289745745, -0.8302505166692103, 2.2570857881177373, 0.4581152641510757]"
-4.820999999999941,482,True,False,,5.329070518200751e-15,1.074653552903673e-05,5.617343036382087e-14,-1.5135429102107594,-0.08382444421336112,-0.689609375,-2.2031522852107592,-0.6896054288243488,-1.5135468563864105,0.7300595644813488,16.218846033390346,False,False,False,"[5.339284901847087, -9.477385493666947, -5.779200332898227, -0.8219003446891322, -9.477385493666947, -0.257830806906032, -0.545514694099069, -0.37581146178947583]","[2.211604219718964, 3.139159422438212, -4.0597797699559e-16, -1.7395609094663347, -3.1391594224382136, -0.9165435203083009, 2.2572729138414753, 0.4579609774449311]"
-4.830999999999941,483,True,False,,1.4210854715202004e-14,2.0309860086064437e-05,1.427316987157908e-13,-1.5171848687524871,0.0839640167819715,-0.689609375,-2.206794243752487,-0.6896049698480634,-1.5171892739044237,1.8322608927335733,16.229910176766676,False,False,False,"[5.339284901847094, -9.492144094758535, -5.7792003328982275, -0.5472006284610098, -9.492144094758535, -0.2588779778691342, -0.8233345686896849, -0.3751483177624249]","[2.211604219718966, 3.121022397130543, -7.681601309542502e-16, -2.2574610748579245, -3.121022397130546, 0.9157170731864689, 1.73951979645628, -0.45780689291942617]"
-4.840999999999941,484,True,False,,5.773159728050814e-15,1.1248667954520289e-05,5.329080167205647e-14,-1.5208003230005254,0.08410316074543073,-0.689609375,-2.2104096980005252,-0.6896045241286899,-1.5208051738718353,0.7270002552161876,16.240967097367594,False,False,False,"[5.339284901847092, -9.506815774867071, -5.779200332898233, -0.5488838243369791, -9.506815774867071, 0.46313632840848623, -0.824767081855476, -0.3744882527754391]","[2.211604219718967, 3.1028185515696634, -3.0890369197188906e-17, -2.2576502817302893, -3.102818551569664, 0.8307187637041715, 1.7394804399828947, -0.4576530166371096]"
-4.8509999999999405,485,True,False,,1.7985612998927536e-14,1.0524682708495584e-05,1.4888593971342423e-13,-1.524389152176429,0.08424187896487625,-0.689609375,-2.213998527176429,-0.6896040914358341,-1.5243944357405947,0.023377540389782563,16.252018965483774,False,False,False,"[5.339284901847094, -9.521400245110048, -5.779200332898233, -0.55056430014493, -9.521400245110062, 0.4618230445526142, -0.8261978976824415, -0.3738312522515373]","[2.211604219718966, 3.084548285495865, 6.36510124433065e-17, -2.257840544933202, -3.0845482854958695, 0.8308719851113469, 1.7394428346045052, -0.457499354594241]"
-4.86099999999994,486,True,False,,1.5987211554602254e-14,8.737747118344892e-06,1.6085595436991517e-13,-1.5279512361804954,0.0843801742805416,-0.689609375,-2.2175606111804953,-0.6896036715436075,-1.527956939636888,0.023374807024795757,16.263065722486235,False,False,False,"[5.339284901847084, -9.53589721833518, -5.779200332898219, -0.5522420741865113, -9.535897218335203, 0.46051549533681335, -0.8276270295664385, -0.37317730174600794]","[2.211604219718962, 3.0662119998644757, 8.917919776335448e-16, -2.258031874854398, -3.0662119998644775, 0.8310238105602878, 1.7394069749744623, -0.4573459127218974]"
-4.87099999999994,487,True,False,,4.440892098500626e-15,1.1280136008305818e-05,3.2330177380349405e-14,-1.531486455594095,0.0845180495119661,-0.689609375,-2.221095830594095,-0.6896032642305212,-1.5314925663635737,0.023372094775928564,16.27410826033746,False,False,False,"[5.339284901847089, -9.550306409126025, -5.779200332898233, -0.5539171646481611, -9.550306409126025, 0.45921364950345467, -0.8290544908045809, -0.37252638694494444]","[2.211604219718965, 3.0478100968387554, -6.794469945486733e-18, -2.258224281796334, -3.047810096838756, 0.8311742604098665, 1.7393728558400248, -0.45719269688700753]"
-4.88099999999994,488,True,False,,1.4210854715202004e-14,1.523565494377765e-05,1.533880797403245e-14,-1.534994691681888,0.08465550745820358,-0.689609375,-2.224604066681888,-0.6896028692793806,-1.535001197402507,0.7277128399719017,16.28514554974057,False,False,False,"[5.339284901847084, -9.564627533807029, -5.779200332898224, -0.5555895896021226, -9.564627533807029, -0.26403782897431727, -0.8304802945964656, -0.37187849366386544]","[2.211604219718962, 3.029342979782665, 9.789311879091426e-16, -2.2584177759778155, -3.029342979782661, 0.9116309340901008, 1.73934047204132, -0.4570397128934217]"
-4.89099999999994,489,True,False,,1.5987211554602254e-14,1.7518396482557964e-05,1.6716900101905777e-13,-1.5384758263941798,0.08479255089803152,-0.689609375,-2.2280852013941796,-0.689602486477182,-1.5384827149169977,0.023366733443482193,16.296177931295144,False,False,False,"[5.339284901847086, -9.57886031044914, -5.7792003328982275, -0.5572593670074922, -9.578860310449125, -0.26505485396789524, -0.8319044540454249, -0.3712336078463254]","[2.2116042197189665, 3.0108110532537125, -1.0433001570246188e-15, -2.2586123675355756, -3.01081105325371, 0.9108228716281909, 1.7393098185102907, -0.45688696648292637]"
-4.900999999999939,490,True,False,,7.993605777301127e-15,1.1573083445443161e-05,8.084117200398018e-14,-1.5419297423691702,0.08492918259013378,-0.689609375,-2.23153911736917,-0.6896021156150133,-1.5419370017541567,0.7247379827397925,16.30720483817058,False,False,False,"[5.339284901847089, -9.593004458874836, -5.779200332898232, -0.5589265147112366, -9.593004458874837, 0.45534202393473727, -0.8333269821597504, -0.37059171556255727]","[2.2116042197189647, 2.9922147229956857, 1.260839144058773e-16, -2.258808066525841, -2.9922147229956857, 0.8316175565673739, 1.7392808902696704, -0.45673446333625795]"
-4.910999999999939,491,True,False,,1.2434497875801753e-14,1.731848626854144e-05,1.335960269228201e-14,-1.5453563229351879,0.08506540527332598,-0.689609375,-2.2349656979351877,-0.6896017564879566,-1.545363941447231,0.7265719234504733,16.318229220657763,False,False,False,"[5.339284901847089, -9.607059700663577, -5.779200332898233, -0.5605910504492269, -9.607059700663577, -0.26707424431368576, -0.8347478918538931, -0.3699528030081263]","[2.211604219718965, 2.9735543959314303, -5.874717532241781e-16, -2.259004882925875, -2.9735543959314326, 0.9092158511139868, 1.7392536824319749, -0.45658220907409186]"
-4.920999999999939,492,True,False,,1.4210854715202004e-14,2.090959621745826e-05,1.427312979257963e-13,-1.5487554521129745,0.08520122166674123,-0.689609375,-2.2383648271129744,-0.6896014088949937,-1.5487634182179808,0.02335884868355063,16.329248019020575,False,False,False,"[5.339284901847092, -9.621025759156863, -5.779200332898233, -0.5622529918472333, -9.621025759156877, -0.2680766794951697, -0.836167195949671, -0.36931685650261864]","[2.211604219718967, 2.954830480155538, 6.268080056066806e-16, -2.259202826635494, -2.95483048015554, 0.9084168780019393, 1.7392281901985125, -0.4564302092580288]"
-4.930999999999939,493,True,False,,1.4210854715202004e-14,1.6481593162808866e-05,1.4888582463930412e-13,-1.5521270146179162,0.08533663447001388,-0.689609375,-2.241736389617916,-0.6896010726389129,-1.5521353169790033,0.023356262183717755,16.34026291390336,False,False,False,"[5.339284901847092, -9.634902359463522, -5.779200332898238, -0.5639123564219538, -9.634902359463537, -0.26907432066930015, -0.8375849071774141, -0.3686838624883292]","[2.2116042197189616, 2.936043384927063, 6.288594689339379e-16, -2.259401907478557, -2.936043384927067, 0.9076209196794437, 1.7392044088584058, -0.4562784693915367]"
-4.9409999999999386,494,True,False,,1.021405182655144e-14,7.679989627800598e-06,5.97460850939598e-15,-1.5554708958622605,0.08547164636350985,-0.689609375,-2.2450802708622604,-0.6896007475262201,-1.5554795233360403,0.02335369648820832,16.351273622286527,False,False,False,"[5.339284901847094, -9.648689228464834, -5.7792003328982275, -0.5655691615819824, -9.648689228464834, -0.27006720190817596, -0.8390010381771588, -0.3680538075289804]","[2.211604219718966, 2.9171935206621926, 6.468169268721029e-18, -2.259602135204437, -2.9171935206621926, 0.9068279687158072, 1.7391823337876386, -0.45612699492090514]"
-4.950999999999938,495,True,False,,2.831068712794149e-15,1.565749643001117e-05,1.603130488022026e-15,-1.5587869819573505,0.08560626000846105,-0.689609375,-2.2483963569573504,-0.6896004333670501,-1.5587959235903002,0.02335115155418152,16.36228020030876,False,False,False,"[5.339284901847094, -9.66238609481958, -5.779200332898233, -0.567223424628825, -9.662386094819594, -0.2710553569543952, -0.8404156014997275, -0.3674266783084762]","[2.211604219718966, 2.8982812989268636, 6.869686106171159e-16, -2.2598035194894845, -2.898281298926865, 0.9060380177201924, 1.7391619604481137, -0.45597579123615833]"
-4.960999999999938,496,True,False,,1.021405182655144e-14,8.871928947590344e-06,5.1789270272744355e-15,-1.562075159715807,-0.0857404780472124,-0.689609375,-2.2516845347158068,-0.6896001299750816,-1.5620844047407252,1.8112893440535094,16.37328125838316,False,False,False,"[5.339284901847084, -9.675992688969236, -5.7792003328982275, -0.8418286096079126, -9.675992688969236, -0.27203881922518225, -0.5688751627578602, -0.36680246162963415]","[2.2116042197189625, 2.8793071324294104, 6.215175752374155e-16, -1.7391432843867283, -2.8793071324294073, -0.9052510593417089, 2.260006069938443, 0.4558248636719838]"
-4.970999999999938,497,True,False,,1.3766765505351941e-14,6.6692298512829696e-06,4.22666376031045e-15,-1.5653353166537727,-0.08587430310337012,-0.689609375,-2.2549446916537725,-0.6895998371674538,-1.5653448544863187,0.023346123801390287,16.38427994028907,False,False,False,"[5.339284901847089, -9.68950874314292, -5.7792003328982275, -0.843240074877545, -9.68950874314292, -0.2730176218163536, -0.5705243930593311, -0.36618114441298283]","[2.211604219718965, 2.8602714350131375, -5.0969748011944345e-18, -1.7391263012344722, -2.8602714350131375, -0.9044670862694886, 2.2602097960858556, 0.4556742175086124]"
-4.980999999999938,498,True,False,,1.5987211554602254e-14,1.7895784671500773e-05,1.6592545440521294e-13,-1.5685673409930345,0.08600773778200203,-0.689609375,-2.2581767159930344,-0.689599554764685,-1.5685771612283492,1.8081534399297485,16.395277130773373,False,False,False,"[5.339284901847088, -9.702933991362514, -5.779200332898228, -0.5721711325192868, -9.702933991362514, -0.2739917975063228, -0.8446500095985928, -0.36556271369553556]","[2.211604219718962, 2.841174621648918, -3.6539651590724094e-16, -2.2604147073974628, -2.841174621648918, 0.9036860912327683, 1.7391110067055233, -0.45552385797270145]"
-4.9909999999999375,499,True,False,,1.2434497875801753e-14,1.2924304426735272e-05,1.3359616236195678e-14,-1.5717711216632644,0.08614078466982372,-0.689609375,-2.2613804966632642,-0.6895992825905943,-1.57178121407267,0.7214999777273436,16.40626851532317,False,False,False,"[5.339284901847086, -9.716268169447602, -5.7792003328982275, -0.5738153980205866, -9.716268169447602, 0.44402536147882843, -0.8460584259762486, -0.3649471566296104]","[2.2116042197189665, 2.8220171084277164, 7.079475618567037e-16, -2.2606208132715575, -2.8220171084277133, 0.8328794724499904, 1.7390973965963736, -0.45537379023819646]"
-5.000999999999937,500,True,False,,1.0658141036401503e-14,6.900500366373283e-06,5.9746039370355725e-15,-1.5749465483040836,0.08627344633536482,-0.689609375,-2.2645559233040835,-0.6895990204722232,-1.5749569028318602,0.023338736836886097,16.41725676906835,False,False,False,"[5.33928490184709, -9.729511015020295, -5.7792003328982275, -0.5754572063437993, -9.729511015020295, 0.4427949394010716, -0.8474653361319713, -0.36433446048165724]","[2.211604219718962, 2.802799312553079, 7.613320804721792e-16, -2.260828123040348, -2.802799312553076, 0.8330137932911442, 1.7390854667849736, -0.45522401942718993]"
-5.010999999999937,501,True,False,,1.4210854715202004e-14,5.683544164367389e-06,1.4888602723613888e-13,-1.578093511267344,0.0864057253291715,-0.689609375,-2.267702886267344,-0.6895987682397613,-1.5781041180275825,0.023336315595929056,16.428241990386137,False,False,False,"[5.339284901847086, -9.742662267510447, -5.7792003328982275, -0.577096574168177, -9.742662267510447, 0.4415698113584595, -0.8488707521045515, -0.36372461263109745]","[2.2116042197189665, 2.7835216523337194, 1.8887642680929023e-17, -2.261036645971261, -2.7835216523337185, 0.833147001169319, 1.7390752132298786, -0.45507455061074753]"
-5.020999999999937,502,True,False,,7.993605777301127e-15,8.409740992119936e-06,3.2330138896009963e-14,-1.5812119016191275,0.086537624183948,-0.689609375,-2.2708212766191274,-0.689598525726473,-1.5812227508926544,0.722567234538821,16.439224306066503,False,False,False,"[5.339284901847089, -9.755721668160199, -5.7792003328982275, -0.5787335180725967, -9.755721668160199, -0.27784287592925044, -0.8502746858511123, -0.36311760056919523]","[2.211604219718965, 2.7641845471758915, 8.017167528526041e-16, -2.261246391268276, -2.76418454717589, 0.9005917474328731, 1.739066631969416, -0.45492538880973704]"
-5.030999999999937,503,True,False,,1.4210854715202004e-14,2.2572473239933477e-05,1.352839372738872e-14,-1.584301611141985,0.0866691454147763,-0.689609375,-2.273910986141985,-0.6895982927686255,-1.5843126933733593,0.7201188184957958,16.45020198384352,False,False,False,"[5.3392849018470905, -9.768688960029088, -5.779200332898232, -0.5803680545364653, -9.768688960029094, 0.4391353282802745, -0.851677149248165, -0.36251341189792413]","[2.2116042197189634, 2.7447884175759065, -1.3327639164110237e-16, -2.261457368073195, -2.7447884175759096, 0.8334101469736281, 1.739059719120866, -0.4547765389956299]"
-5.040999999999936,504,True,False,,8.881784197001252e-15,5.7634322929330275e-06,8.881793279565984e-14,-1.587362532336961,0.08680029151925409,-0.689609375,-2.2769719073369608,-0.6895980692054199,-1.587373838131541,0.023329174555584222,16.461177996376765,False,False,False,"[5.339284901847084, -9.781563887998738, -5.779200332898224, -0.5820001999406768, -9.781563887998738, 0.4379259192920851, -0.8530781540925934, -0.36191203432886426]","[2.211604219718962, 2.725333685112538, -6.488818638514478e-18, -2.2616695854669175, -2.7253336851125383, 0.8335401189144913, 1.7390544708796603, -0.4546280060913069]"
-5.050999999999936,505,True,False,,1.4210854715202004e-14,1.8622461815876873e-05,1.454688896800229e-13,-1.5903945584257606,0.08693106497768606,-0.689609375,-2.2800039334257605,-0.6895978548789231,-1.5904060785468372,0.721522376102156,16.47215160760171,False,False,False,"[5.3392849018470825, -9.794346198777674, -5.779200332898224, -0.5836299705684874, -9.79434619877766, -0.2806841626041676, -0.8544777121026305, -0.36131345568212375]","[2.211604219718963, 2.7058207724394125, -1.8457439343702018e-17, -2.2618830524707034, -2.7058207724394094, 0.8983019086763717, 1.7390508835185883, -0.45447979497182783]"
-5.060999999999936,506,True,False,,5.329070518200751e-15,9.92369603726619e-06,5.5644176107809034e-14,-1.5933975833527754,0.08706146825323562,-0.689609375,-2.2830069583527752,-0.689597649634001,-1.5934093087187742,0.023324515707258676,16.483122005919476,False,False,False,"[5.33928490184709, -9.80703564090604, -5.7792003328982275, -0.5852573826064553, -9.807035640906024, -0.28162246627610443, -0.855875834918845, -0.3607176638852529]","[2.211604219718962, 2.6862501032773984, -6.586304066702064e-18, -2.262097778047398, -2.686250103277395, 0.8975444810087052, 1.7390489533870213, -0.45433191046520943]"
-5.070999999999936,507,True,False,,1.2434497875801753e-14,1.9230111461428822e-05,1.5280793861458425e-14,-1.5963715017872318,0.08719150379211524,-0.689609375,-2.2859808767872316,-0.6895974533182556,-1.596383423468976,0.02332221672167731,16.494089394043673,False,False,False,"[5.339284901847085, -9.819631964760372, -5.779200332898224, -0.5868824521453249, -9.819631964760372, -0.2825564243926187, -0.8572725341051107, -0.36012464697218505]","[2.211604219718968, 2.666622102406968, -1.954141050885797e-15, -2.2623137711026464, -2.6666221024069734, 0.8967899677538833, 1.7390486769101472, -0.45418435735317597]"
-5.080999999999936,508,True,False,,5.773159728050814e-15,2.074859333887977e-05,2.2204483738449377e-14,-1.5993162091251456,0.08732117402373576,-0.689609375,-2.2889255841251455,-0.6895972657819592,-1.5993283183431863,0.7184410491809406,16.50505341774625,False,False,False,"[5.339284901847092, -9.832134922558266, -5.779200332898238, -0.5885051951809372, -9.832134922558266, 0.433139881825459, -0.8586678211495531, -0.3595343930821986]","[2.211604219718967, 2.6469371956605365, 1.0798053939176392e-17, -2.2625310404861008, -2.6469371956605365, 0.8340497221852657, 1.7390500505882172, -0.4540371403719077]"
-5.090999999999935,509,True,False,,1.8207657603852567e-14,1.9234888377731336e-05,1.5177162634059254e-14,-1.6022316014914963,0.08745048136087541,-0.689609375,-2.291840976491496,-0.6895970868779977,-1.6022438896134985,0.0233176794399474,16.516016215032185,False,False,False,"[5.339284901847092, -9.844544268362919, -5.7792003328982275, -0.5901256276150889, -9.844544268362919, 0.4319561418381132, -0.8600617074654666, -0.3589468904588919]","[2.211604219718967, 2.627195809914731, -1.0451289628341933e-15, -2.262749594992602, -2.6271958099147326, 0.8341746334228978, 1.7390530709958159, -0.45389026421277]"
-5.100999999999935,510,True,False,,1.5987211554602254e-14,1.1201733889081838e-05,1.6997620121846363e-14,-1.6051175757421525,0.08757942819983874,-0.689609375,-2.2947269507421524,-0.6895969164618051,-1.6051300342803474,0.02331544106988082,16.526976418748184,False,False,False,"[5.339284901847084, -9.856859758087907, -5.779200332898224, -0.5917437652564428, -9.856859758087893, 0.43077745829484804, -0.861454204392263, -0.3583621274491619]","[2.211604219718962, 2.6073983730827375, 1.066964526529988e-15, -2.2629694433633465, -2.60739837308273, 0.8342985808573092, 1.7390577347811251, -0.4537437335230387]"
-5.110999999999935,511,True,False,,8.881784197001252e-15,1.1088837000161864e-05,9.607121173188024e-15,-1.6079740294659643,0.08770801692063122,-0.689609375,-2.297583404465964,-0.68959675439131,-1.6079866500746542,0.02331322283172045,16.537934802491677,False,False,False,"[5.339284901847097, -9.869081149501687, -5.779200332898233, -0.5933596238213751, -9.869081149501687, 0.4296038059299594, -0.8628453231963744, -0.3577800925022077]","[2.2116042197189705, 2.5875453141065345, 4.008478391749875e-18, -2.2631905942870323, -2.5875453141065345, 0.8344215802152356, 1.7390640386652194, -0.45359755290660203]"
-5.120999999999935,512,True,False,,2.6645352591003757e-14,1.3439481722352839e-05,2.717300364289943e-13,-1.6108008609867461,0.08783624988709916,-0.689609375,-2.300410235986746,-0.6895966005268761,-1.6108136354598699,0.7191605394582711,16.548891953386562,False,False,False,"[5.339284901847106, -9.881208202232092, -5.779200332898238, -0.5949732189348633, -9.88120820223212, -0.28716206531448424, -0.8642350750721468, -0.3572007741685481]","[2.211604219718967, 2.56763706294914, 1.5884979148787997e-16, -2.263413056400995, -2.567637062949148, 0.8930608787538886, 1.7390719794413612, -0.45345172692466074]"
-5.1309999999999345,513,True,False,,1.7763568394002505e-14,1.7446665743606576e-05,1.7785778917404755e-13,-1.6135979693652338,0.08796412944709947,-0.689609375,-2.3032073443652337,-0.689596454731248,-1.6136108896339856,0.023308846607441133,16.559845924539367,False,False,False,"[5.3392849018470905, -9.893240677770882, -5.7792003328982275, -0.5965845661313276, -9.893240677770882, -0.2880705664868851, -0.8656234711427263, -0.35662416109904516]","[2.2116042197189705, 2.5476740505868327, 8.36231000612588e-19, -2.2636368382923377, -2.5476740505868305, 0.8923237091932785, 1.7390815539743134, -0.4533062600964134]"
-5.140999999999934,514,True,False,,6.772360450213455e-15,1.3749342326393427e-05,5.6871142525252765e-15,-1.616365254401149,0.08809165793265485,-0.689609375,-2.305974629401149,-0.6895963168694957,-1.616378312531653,0.023306688550482662,16.57079820637324,False,False,False,"[5.33928490184709, -9.905178339478248, -5.779200332898224, -0.5981936808554935, -9.90517833947825, -0.28897492505093847, -0.8670105224609547, -0.3560502420439529]","[2.211604219718962, 2.527656709001358, 1.2259340902800532e-15, -2.2638619484990112, -2.527656709001354, 0.891589406830134, 1.7390927591996599, -0.45316115689973663]"
-5.150999999999934,515,True,False,,1.2434497875801753e-14,7.288405932604174e-06,1.306107508114055e-13,-1.6191026166350788,0.08821883766010274,-0.689609375,-2.3087119916350787,-0.689596186808964,-1.6191158048261147,0.716180740951115,16.581748019259557,False,False,False,"[5.339284901847084, -9.917020952587182, -5.779200332898224, -0.5998005784632291, -9.917020952587196, 0.42495901052843277, -0.8683962400102014, -0.3554790058519724]","[2.211604219718962, 2.507585471172099, 6.328658474184648e-16, -2.2640883955109268, -2.507585471172101, 0.8349044058383531, 1.7391055921231464, -0.4530164217718432]"
-5.160999999999934,516,True,False,,7.105427357601002e-15,1.4138574749891649e-05,6.764161960583952e-15,-1.6218099573504858,0.08834567093024799,-0.689609375,-2.3114193323504857,-0.6895960644192187,-1.621823267931267,0.7178577239747667,16.592698274273555,False,False,False,"[5.339284901847086, -9.928768284208001, -5.7792003328982275, -0.6014052742224018, -9.928768284208001, -0.2907713258312603, -0.8697806347052504, -0.3549104414693168]","[2.211604219718959, 2.487460771068265, 6.246407667453592e-16, -2.264316187771008, -2.4874607710682644, 0.8901293774062319, 1.7391200498200194, -0.45287205910994016]"
-5.170999999999934,517,True,False,,2.1760371282653068e-14,8.735599734071167e-06,1.4762220070129622e-13,-1.624487178575599,0.08847216002851616,-0.689609375,-2.314096553575599,-0.6895959495719978,-1.6245006040036012,0.023300334183019893,16.6036457950873,False,False,False,"[5.339284901847084, -9.940420103332498, -5.779200332898224, -0.6030077833136862, -9.940420103332498, -0.29166342315025434, -0.8711637173931092, -0.35434453793880155]","[2.211604219718962, 2.467283043640965, 6.812609332148576e-16, -2.2645453336762693, -2.4672830436409643, 0.8894036373019382, 1.7391361294343897, -0.4527280732718669]"
-5.180999999999933,518,True,False,,4.107825191113079e-15,1.0933223203505856e-05,1.9860285837744946e-14,-1.6271341830854062,-0.08859830722511348,-0.689609375,-2.316743558085406,-0.6895958421411623,-1.6271477159442438,1.7780845973821209,16.61459018270544,False,False,False,"[5.339284901847087, -9.951976180838535, -5.7792003328982275, -0.8725454988538662, -9.951976180838534, -0.29255148807226683, -0.6046081208314004, -0.3537812843989329]","[2.211604219718966, 2.44705272481539, -7.094270156597769e-16, -1.7391538281785963, -2.4470527248153937, -0.8886807383080142, 2.264775841578848, 0.4525844685767392]"
-5.190999999999933,519,True,False,,7.993605777301127e-15,9.340194711254233e-06,5.687107672310338e-15,-1.6297508744034843,-0.08872411477514876,-0.689609375,-2.319360249403484,-0.6895957420026484,-1.6297645074008358,0.7149343813604332,16.62553545023749,False,False,False,"[5.33928490184709, -9.963436289494151, -5.7792003328982275, -0.8739259898014968, -9.963436289494153, 0.42039274851846786, -0.6062063017843388, -0.35322067008301855]","[2.2116042197189625, 2.4267702514828673, -1.2949525228954775e-15, -1.7391731433325874, -2.4267702514828704, -0.8353732795120841, 2.2650077197870377, 0.4524412493055626]"
-5.200999999999933,520,True,False,,6.661338147750939e-15,5.871640985184437e-06,3.6620553007434636e-14,-1.6323371568039349,-0.08884958491879959,-0.689609375,-2.3219465318039347,-0.6895956490344198,-1.632350882769515,0.7165881502569582,16.636479291569973,False,False,False,"[5.339284901847091, -9.974800203961921, -5.779200332898226, -0.8753052008846737, -9.974800203961921, -0.29431562819615603, -0.6078023410965558, -0.352662684318292]","[2.211604219718967, 2.4064360614929474, -8.46071716890665e-17, -1.739194072243312, -2.406436061492948, -0.8872434380103605, 2.2652409765663055, 0.45229841970185025]"
-5.210999999999933,521,True,False,,1.4210854715202004e-14,1.5048071703742555e-05,1.4383280761624328e-13,-1.6348929353132569,-0.08897471988145372,-0.689609375,-2.3245023103132567,-0.6895955631164249,-1.634906747196832,0.02329213997097987,16.647422067266568,False,False,False,"[5.339284901847086, -9.986067700803105, -5.7792003328982275, -0.8766831426875662, -9.986067700803106, -0.29519175652647056, -0.6093962536082026, -0.3521073165250427]","[2.2116042197189665, 2.3860505936454453, 6.5547822142302006e-18, -1.7392166123241215, -2.3860505936454444, -0.8865290239874754, 2.2654756201402995, 0.4521559839722317]"
-5.220999999999933,522,True,False,,1.7763568394002505e-14,7.5848164811719085e-06,1.8033521032270455e-13,-1.6374181157122294,-0.08909952187385099,-0.689609375,-2.3270274907122293,-0.6895954841305488,-1.6374320065816805,0.7140207479173329,16.658363942020035,False,False,False,"[5.339284901847092, -9.997238558481964, -5.7792003328982275, -0.8780598257306359, -9.997238558481982, 0.41701867568340817, -0.6109880540763033, -0.35155455621575765]","[2.2116042197189616, 2.365614287682502, 5.242224659761093e-18, -1.739240761054175, -2.365614287682505, -0.8357163414382819, 2.265711658691826, 0.4520139462870372]"
-5.230999999999932,523,True,False,,5.329070518200751e-15,1.1010764355145165e-05,5.380627145945861e-14,-1.6399126045377201,-0.08922399309222463,-0.689609375,-2.32952197953772,-0.689595411960573,-1.639926567577147,0.023288161534269963,16.66930543830297,False,False,False,"[5.33928490184709, -10.00831255736978, -5.779200332898233, -0.8794352604714096, -10.00831255736978, 0.4159035039652107, -0.6125777571755588, -0.35100439299428343]","[2.211604219718962, 2.3451275842805663, 3.380160890005972e-17, -1.7392665159778633, -2.3451275842805663, -0.8358291342285311, 2.265949100363845, 0.4518723107809009]"
-5.240999999999932,524,True,False,,1.509903313490213e-14,1.0558270328222424e-05,1.5101083087633404e-13,-1.6423763090845647,-0.08934813571843737,-0.689609375,-2.3319856840845645,-0.6895953464921314,-1.6423903375924331,0.7153512081817197,16.680245833560758,False,False,False,"[5.339284901847093, -10.01928947974907, -5.779200332898234, -0.880809457305247, -10.019289479749071, -0.2977966883561926, -0.6141653774991347, -0.3504568165550014]","[2.211604219718967, 2.3245909250424073, 2.462678496655458e-16, -1.7392938747042475, -2.324590925042407, -0.8844026509576927, 2.2661879532604208, 0.4517310815533216]"
-5.250999999999932,525,True,False,,1.9539925233402755e-14,2.246446656921804e-05,1.9665764908945782e-13,-1.64480913740735,0.08947195192012879,-0.689609375,-2.3344185124073498,-0.6895952876126694,-1.6448232247946803,1.7681023226241712,16.69118775973355,False,False,False,"[5.339284901847091, -10.030169109817631, -5.779200332898223, -0.6157509295594408, -10.03016910981763, -0.29865726703768036, -0.8821824265660985, -0.349911816681987]","[2.211604219718967, 2.3040047524890777, -6.261905699028358e-16, -2.266428225447682, -2.3040047524890785, 0.8836994622341111, 1.7393228349064798, -0.451590262669233]"
-5.260999999999932,526,True,False,,1.4210854715202004e-14,6.57935809049821e-06,1.4239816273494154e-13,-1.647210998322251,0.08959544385084317,-0.689609375,-2.336820373322251,-0.6895952352114043,-1.6472251381108465,0.02328234149945619,16.70212776875512,False,False,False,"[5.3392849018470825, -10.040951233692592, -5.779200332898219, -0.6173344277889034, -10.040951233692594, -0.2995140220765425, -0.8835541785272629, -0.34936938324822425]","[2.211604219718963, 2.2833695100518754, 1.4922854379080612e-17, -2.2666699249547446, -2.2833695100518736, 0.88299906439135, 1.7393533943212882, -0.45144985815957894]"
-5.2709999999999315,527,True,False,,1.3322676295501878e-14,8.278206896298651e-06,3.593108643513055e-14,-1.6495818014087824,0.08971861365017443,-0.689609375,-2.3391911764087823,-0.6895951891792844,-1.6495959872294979,0.7125375706049777,16.71306653598828,False,False,False,"[5.339284901847089, -10.05163563941444, -5.779200332898233, -0.6189158865407328, -10.05163563941444, 0.4114898119272882, -0.8849247234021279, -0.3488295062147956]","[2.211604219718965, 2.2626856420642656, -2.3055233904459255e-18, -2.2669130597746663, -2.2626856420642634, 0.8362728666485778, 1.7393855507483984, -0.4513098720218443]"
-5.280999999999931,528,True,False,,1.2434497875801753e-14,1.653880103276188e-05,1.3203700361657002e-13,-1.6519214570116034,0.08984146344388888,-0.689609375,-2.3415308320116033,-0.6895951494089526,-1.6519356826026508,0.023278559529733116,16.72400521742955,False,False,False,"[5.339284901847094, -10.062222116951016, -5.7792003328982275, -0.6204953200897005, -10.062222116951016, 0.4103980270193433, -0.8862940713448844, -0.3482921756301035]","[2.211604219718966, 2.2419535937538138, -1.8249017618124475e-17, -2.2671576378653415, -2.2419535937538138, 0.8363820074211574, 1.739419302050031, -0.45117030822061194]"
-5.290999999999931,529,True,False,,1.7763568394002505e-14,1.9877303502246843e-05,1.811536731198459e-13,-1.654229876242244,0.08996399534408207,-0.689609375,-2.343839251242244,-0.6895951157947072,-1.6542441354475366,0.02327669787044787,16.734944277133668,False,False,False,"[5.339284901847084, -10.07271045820137, -5.779200332898233, -0.6220727426328688, -10.072710458201383, 0.4093108537609097, -0.8876622324512754, -0.3477573816290841]","[2.211604219718962, 2.221173811234064, 5.549187795347955e-18, -2.26740366715041, -2.2211738112340673, 0.8364904577494985, 1.73945464615037, -0.4510311706880899]"
-5.300999999999931,530,True,False,,1.2434497875801753e-14,1.9147469941873876e-05,1.335963385086433e-14,-1.6565069709809137,0.09008621144927656,-0.689609375,-2.3461163459809136,-0.6895950882324656,-1.656521257748448,0.7135557012992125,16.74588416189447,False,False,False,"[5.339284901847094, -10.083100456999828, -5.779200332898234, -0.6236481682903688, -10.083100456999839, -0.3029033035580212, -0.8890292167592815, -0.34722511443245535]","[2.211604219718964, 2.200346741496434, 1.4033148435159533e-15, -2.2676511555201504, -2.2003467414964373, 0.8802252604939509, 1.7394915810350524, -0.4508924633246438]"
-5.310999999999931,531,True,False,,1.532107773982716e-14,1.0275667559228294e-05,7.160733239378032e-14,-1.658752653878139,-0.09020811384458226,-0.689609375,-2.348362028878139,-0.6895950666197291,-1.6587669622584098,1.7597641864320792,16.756821080780284,False,False,False,"[5.3392849018470825, -10.093391909119669, -5.779200332898224, -0.8903950342498487, -10.093391909119669, -0.30374131177672214, -0.6252216111061271, -0.34669536434595294]","[2.211604219718963, 2.179472832402061, -1.5432802065804234e-17, -1.739530104750661, -2.179472832402061, -0.8795387264063332, 2.2679001108323638, 0.4507541899993084]"
-5.3209999999999305,532,True,False,,1.4210854715202004e-14,2.1048000031042472e-05,1.4546833318245904e-13,-1.6609668383565221,-0.090329704601805,-0.689609375,-2.350576213356522,-0.6895950508555478,-1.660981162500974,0.023271229842502784,16.76776044471073,False,False,False,"[5.33928490184709, -10.10358461227709, -5.779200332898233, -0.8917596948475743, -10.10358461227709, -0.3045756433867174, -0.6267930850486048, -0.34616812175959366]","[2.211604219718962, 2.158552532673632, 1.0518085541966346e-17, -1.7395702154042474, -2.1585525326736326, -0.8788549472212704, 2.26815054091324, 0.45061635455031196]"
-5.33099999999993,533,True,False,,8.881784197001252e-15,1.8175092285173143e-05,9.057680014524573e-14,-1.6631494386124324,-0.0904509857795875,-0.689609375,-2.352758813612432,-0.6895950408404861,-1.6631637727719462,0.7108216897878238,16.778701033605895,False,False,False,"[5.339284901847088, -10.113678366134996, -5.779200332898232, -0.8931232084213829, -10.113678366134991, 0.40500785042564397, -0.6283626040115521, -0.3456433771469422]","[2.2116042197189616, 2.137586291887239, -3.8490413604233774e-17, -1.7396119111628205, -2.137586291887237, -0.8369176132351944, 2.2684024535582186, 0.45047896078556277]"
-5.34099999999993,534,True,False,,1.5987211554602254e-14,1.9958310595747964e-05,1.5987214537540448e-13,-1.665300369617679,-0.09057195942353605,-0.689609375,-2.3549097446176788,-0.6895950364765894,-1.6653147081410893,0.7123978181875825,16.789641647747327,False,False,False,"[5.339284901847089, -10.123672972306702, -5.7792003328982275, -0.8944855847852428, -10.123672972306702, -0.3062333715937609, -0.6299301818147018, -0.34512112106436627]","[2.211604219718965, 2.116574560464149, 3.105643307048804e-17, -1.7396551902528894, -2.1165745604641506, -0.8774956301750532, 2.268655856532836, 0.45034201248315786]"
-5.35099999999993,535,True,False,,8.881784197001252e-15,1.1120552305082233e-05,8.954675085248577e-14,-1.667419547121174,0.09069262756632933,-0.689609375,-2.3570289221211738,-0.6895950376673521,-1.6674338844538217,1.75431590415161,16.80058415008118,False,False,False,"[5.339284901847089, -10.133568234359645, -5.779200332898224, -0.6314958322045249, -10.133568234359645, -0.3070568150795652, -0.8958468336987762, -0.34460134415036836]","[2.211604219718965, 2.0955177896626074, 2.6594325643646714e-17, -2.268910757573571, -2.0955177896626074, 0.8768200807219639, 1.7397000509599905, -0.45020551339186643]"
-5.36099999999993,536,True,False,,2.1316282072803006e-14,1.3686325692732826e-05,2.139012956312862e-13,-1.6695068876505808,0.09081299222786299,-0.689609375,-2.3591162626505806,-0.6895950443176848,-1.6695212183328958,0.7099893858500474,16.811524860901006,False,False,False,"[5.339284901847089, -10.14336395781922, -5.779200332898224, -0.6330595688549132, -10.143363957819199, 0.4018279857924268, -0.8972069648679927, -0.344084037124832]","[2.211604219718965, 2.074416431569605, -2.987631979159446e-17, -2.2691671643886617, -2.074416431569601, 0.837231356160497, 1.7397464916282268, -0.45006946723161956]"
-5.370999999999929,537,True,False,,1.6209256159527285e-14,1.7101908718320685e-05,1.454684589045181e-13,-1.6715623085139129,0.09093305541536315,-0.689609375,-2.3611716835139127,-0.6895950563338838,-1.6715766271800288,0.7115495627447126,16.8224684891772,False,False,False,"[5.339284901847086, -10.153059950172189, -5.7792003328982275, -0.634621405367926, -10.153059950172189, -0.3086929765080527, -0.8985659879458873, -0.3435691907883627]","[2.2116042197189665, 2.053270939092611, 3.0280232010944625e-17, -2.2694250846589354, -2.053270939092611, 0.8754771712752544, 1.7397945106598103, -0.4499338776939748]"
-5.380999999999929,538,True,False,,1.1102230246251565e-14,1.817484972303081e-05,5.6871172999954945e-15,-1.6735857278012176,-0.09105281912350634,-0.689609375,-2.3631951028012175,-0.6895950736236011,-1.6736000291776163,1.7502871599116638,16.83340969271994,False,False,False,"[5.339284901847094, -10.162656020870573, -5.7792003328982275, -0.8999239125331151, -10.16265602087059, -0.3095057401252221, -0.6361813552744539, -0.34305679602158357]","[2.211604219718966, 2.0320817659513457, -1.0472106404939703e-16, -1.7398441065146337, -2.032081765951348, -0.8748097999288795, 2.269684526038609, 0.44979874844259055]"
-5.390999999999929,539,True,False,,1.4210854715202004e-14,1.614387189075095e-05,1.4217762729566043e-13,-1.6755770643860792,-0.09117228533453843,-0.689609375,-2.365186439386079,-0.6895950960958136,-1.6755913432902654,0.023259149692271552,16.844354254977343,False,False,False,"[5.3392849018470825, -10.172151981334977, -5.7792003328982275, -0.9012807481786349, -10.172151981334991, -0.3103149891310989, -0.6377394320349614, -0.3425468437844704]","[2.211604219718963, 2.010849366669447, -1.2158464682611802e-15, -1.7398952777098147, -2.0108493666694507, -0.8741451433315663, 2.269945496156084, 0.4496640831136846]"
-5.400999999999929,540,True,False,,1.887379141862766e-14,5.186271527879038e-06,4.8195572203544094e-14,-1.6775362379272671,-0.09129145601840669,-0.689609375,-2.367145612927267,-0.6895951236607949,-1.677550489266472,0.023257501109202206,16.855299684404095,False,False,False,"[5.339284901847086, -10.18154764495831, -5.7792003328982275, -0.9026365043803294, -10.18154764495831, -0.31112074587181227, -0.639295649040142, -0.3420393251156746]","[2.211604219718959, 1.9895741965662093, 6.959910832560347e-16, -1.7399480228192852, -1.9895741965662068, -0.8734831959062122, 2.2702080026147513, 0.44952988531649074]"
-5.4109999999999285,541,True,False,,2.3092638912203256e-14,1.1595732109277585e-05,2.309366050485486e-13,-1.6794631688702708,-0.09141033313285223,-0.689609375,-2.3690725438702707,-0.6895951562300866,-1.679477387640184,0.7086394599233989,16.866246806325428,False,False,False,"[5.339284901847097, -10.19084282710919, -5.779200332898243, -0.9039911905856223, -10.19084282710919, 0.3966168438331429, -0.6408500196116398, -0.34153423113188336]","[2.2116042197189705, 1.9682567117482423, 7.182395196432101e-16, -1.740002340473362, -1.9682567117482388, -0.8377426268124352, 2.270472052993755, 0.44939615863370835]"
-5.420999999999928,542,True,False,,6.661338147750939e-15,1.65011351773878e-05,5.3290862516888974e-14,-1.681357778448831,-0.09152891862356739,-0.689609375,-2.370967153448831,-0.6895951937164703,-1.6813719597323606,0.023254261546020866,16.87719546735031,False,False,False,"[5.339284901847089, -10.200037345135382, -5.7792003328982275, -0.905344816192117, -10.200037345135382, 0.395587731842198, -0.6424025570026931, -0.34103155302715377]","[2.211604219718965, 1.9468973691011293, 3.78524673861275e-17, -1.7400582293583398, -1.9468973691011289, -0.8378432430346571, 2.2707376548487774, 0.4492629066219447]"
-5.430999999999928,543,True,False,,2.1316282072803006e-14,7.729387381178332e-06,2.161031563595295e-13,-1.6832199886865098,-0.09164721442425958,-0.689609375,-2.3728293636865097,-0.689595236033941,-1.6832341276525686,0.023252670515426465,16.88814539264499,False,False,False,"[5.339284901847092, -10.2091310183674, -5.7792003328982275, -0.9066973905482053, -10.209131018367378, 0.39456294667451924, -0.6439532743988626, -0.34053128207227995]","[2.211604219718967, 1.925496626281118, 4.54641367318036e-17, -1.74011568821608, -1.9254966262811144, -0.8379433404554305, 2.2710048157127827, 0.449130132812146]"
-5.440999999999928,544,True,False,,1.4432899320127035e-14,1.0226773821251095e-05,6.764159348971021e-15,-1.6850497223981726,-0.09176522245681447,-0.689609375,-2.3746590973981725,-0.6895952830976806,-1.685063814300492,0.7096361829714434,16.89909739060198,False,False,False,"[5.339284901847086, -10.218123668121706, -5.7792003328982275, -0.9080489229536445, -10.218123668121706, -0.31430929040798694, -0.645502184918662, -0.3400334096141644]","[2.211604219718959, 1.9040549417067059, -8.767784609796015e-18, -1.740174715843618, -1.9040549417067052, -0.8708623877673272, 2.2712735430967887, 0.4489978407100267]"
-5.450999999999928,545,True,False,,7.549516567451064e-15,9.961306810421961e-06,5.841077785208965e-14,-1.6868469031914657,-0.09188294463137262,-0.689609375,-2.3764562781914655,-0.6895953348240311,-1.6868609433674344,0.023249545832428633,16.9100500037239,False,False,False,"[5.339284901847096, -10.227015117704173, -5.779200332898233, -0.9093994226601843, -10.227015117704173, -0.31509791434602435, -0.6470493016142413, -0.3395379270751944]","[2.2116042197189647, 1.8825727745502796, 5.684509521748838e-17, -1.7402353110927706, -1.8825727745502805, -0.8702139039293273, 2.271543844490604, 0.44886603379650275]"
-5.4609999999999275,546,True,False,,1.5987211554602254e-14,1.4347353375699111e-05,1.6286623874779664e-13,-1.688611455468326,0.09200038284646861,-0.689609375,-2.378220830468326,-0.6895953911304692,-1.6886254393378568,1.7397821777760316,16.92100780385568,False,False,False,"[5.339284901847089, -10.235805192413414, -5.779200332898224, -0.6485946374720603, -10.235805192413414, -0.31588317612299976, -0.9107488988721492, -0.339044825952621]","[2.211604219718965, 1.86105058472972, 5.163114701480467e-17, -2.271815727363559, -1.86105058472972, 0.8695680966302406, 1.7402974728697505, -0.44873471552809674]"
-5.470999999999927,547,True,False,,1.5987211554602254e-14,2.020738138899552e-05,1.6245756369583809e-13,-1.6903433044264098,0.09211753898912411,-0.689609375,-2.3799526794264096,-0.6895954519355828,-1.6903572274908267,0.7070798543562872,16.931964082266038,False,False,False,"[5.339284901847089, -10.244493719543938, -5.7792003328982275, -0.6501382054135159, -10.244493719543938, 0.3905066946625439, -0.9120973607470054, -0.3385540978179688]","[2.211604219718965, 1.8394888328999601, 4.721265971858602e-17, -2.2720891991652423, -1.8394888328999603, 0.8383387692585039, 1.7403612001348008, -0.4486038893373636]"
-5.480999999999927,548,True,False,,4.884981308350689e-15,1.729015535028843e-05,4.720728653198624e-15,-1.6920423760605772,0.0922344149349668,-0.689609375,-2.381651751060577,-0.6895955171590455,-1.6920562339015315,0.708583448527427,16.942923951080143,False,False,False,"[5.339284901847092, -10.253080528389537, -5.779200332898233, -0.6516800182956217, -10.253080528389551, -0.3174436971781185, -0.913444817395955, -0.33806573431642345]","[2.2116042197189616, 1.817887980444587, 7.098960663329508e-16, -2.2723642673262168, -1.8178879804445882, 0.8682844904833028, 1.7404264919018142, -0.4484735586332854]"
-5.490999999999927,549,True,False,,1.9539925233402755e-14,8.314442687385217e-06,2.0141273284562626e-13,-1.693708597164246,0.09235101254833425,-0.689609375,-2.383317972164246,-0.6895955867215929,-1.693722385442653,0.7065743556663167,16.953884536750785,False,False,False,"[5.3392849018470825, -10.261565450246419, -5.779200332898219, -0.6532200889116561, -10.261565450246419, 0.3885040405245858, -0.9147912778845022, -0.337579727166245]","[2.211604219718965, 1.7962484894673731, 4.746505994192333e-17, -2.272640939258727, -1.796248489467373, 0.838533663306497, 1.7404933472379733, -0.448343726801673]"
-5.500999999999927,550,True,False,,1.5987211554602254e-14,1.6746608360355143e-05,1.6426837350372482e-13,-1.6953418953308983,0.09246733368238852,-0.689609375,-2.384951270330898,-0.6895956605449998,-1.6953556097858984,0.7080679692519329,16.964849185748044,False,False,False,"[5.339284901847097, -10.269948318416503, -5.779200332898238, -0.6547584299917886, -10.269948318416503, -0.31899101976770056, -0.9161367512330201, -0.33709606815819326]","[2.2116042197189705, 1.7745708227838424, -5.838905175692956e-17, -2.272919222357406, -1.7745708227838428, 0.8670115273866976, 1.7405617652633996, -0.44821439720556694]"
-5.510999999999926,551,True,False,,1.5987211554602254e-14,1.4072119486521356e-05,1.614066682836635e-13,-1.6969421989553233,0.09258338017921772,-0.689609375,-2.386551573955323,-0.6895957385520567,-1.6969558354032666,0.023240629090472618,16.975815363853002,False,False,False,"[5.3392849018470825, -10.27822896821012, -5.7792003328982275, -0.6562950542037057, -10.27822896821012, -0.31975978280720235, -0.9174812464172835, -0.33661474915495676]","[2.211604219718963, 1.75285544391272, -9.877463546994473e-17, -2.27319912399999, -1.752855443912722, 0.8663790240468942, 1.7406317451508064, -0.448085573185631]"
-5.520999999999926,552,True,False,,1.2434497875801753e-14,1.0218939988611424e-05,1.4782229097808618e-14,-1.6985094372351632,0.09269915386994433,-0.689609375,-2.388118812235163,-0.6895958206665485,-1.6985229915686146,0.7058293887412737,16.986783496102905,False,False,False,"[5.339284901847092, -10.28640723694986, -5.779200332898224, -0.657829974153297, -10.286407236949847, 0.38553148777697466, -0.9188247723690688, -0.3361357620905635]","[2.211604219718967, 1.7311028170675709, 3.1593894203182915e-17, -2.2734806515479646, -1.731102817067568, 0.8388227244288898, 1.7407032861251404, -0.44795725806051506]"
-5.530999999999926,553,True,False,,1.0658141036401503e-14,1.0902591939883972e-05,1.0695074759413428e-13,-1.7000435401721141,0.09281465657482503,-0.689609375,-2.389652915172114,-0.6895959068132312,-1.7000570083588826,0.7073082006412427,16.997755332159564,False,False,False,"[5.339284901847094, -10.294482963972849, -5.779200332898238, -0.6593632023852195, -10.294482963972849, -0.3212876132103613, -0.9201673379766496, -0.3356590989698546]","[2.211604219718966, 1.709313407148152, -1.1900952466471126e-17, -2.2737638123472887, -1.7093134071481517, 0.8651219482540624, 1.740776387463273, -0.4478294551272676]"
-5.540999999999926,554,True,False,,1.4210854715202004e-14,1.8786843847174173e-05,1.421778707619052e-13,-1.7015444385733467,0.09292989010336973,-0.689609375,-2.3911538135733466,-0.6895959969178125,-1.701557816655534,0.023236426820582867,17.008729621104933,False,False,False,"[5.33928490184708, -10.302455990634263, -5.779200332898219, -0.6608947513835576, -10.302455990634263, -0.32204672040095816, -0.9215089520853702, -0.3351847518679113]","[2.211604219718962, 1.6874876797319898, 1.1236025163355134e-16, -2.2740486137290508, -1.687487679731988, 0.8644973657053925, 1.7408510484936466, -0.447702167661682]"
-5.5509999999999255,555,True,False,,7.105427357601002e-15,1.0288023692434552e-05,3.1086232392879975e-14,-1.7030120640527997,0.09304485625441987,-0.689609375,-2.3926214390527996,-0.6895960909069284,-1.703025348145871,0.7051001983089894,17.019706071606503,False,False,False,"[5.339284901847091, -10.310326160310206, -5.7792003328982275, -0.6624246335724383, -10.310326160310206, 0.38259622115113284, -0.9228496234981592, -0.3347127129295159]","[2.2116042197189665, 1.6656261010658129, 1.828782426252958e-17, -2.2743350630101262, -1.6656261010658124, 0.8391081046646928, 1.7409272685959656, -0.44757539891867726]"
-5.560999999999925,556,True,False,,1.4210854715202004e-14,2.079472576932895e-05,1.4383255931131062e-13,-1.7044463490324588,0.09315955681627186,-0.689609375,-2.3940557240324587,-0.6895961887081249,-1.7044595353243337,0.023233719758332733,17.03068610729449,False,False,False,"[5.339284901847089, -10.318093318400457, -5.7792003328982275, -0.6639528613166354, -10.31809331840047, 0.38162600305410616, -0.9241893609760659, -0.33424297436862943]","[2.211604219718965, 1.6437291380569898, -8.526911358334543e-16, -2.274623167493861, -1.6437291380569934, 0.8392024620698001, 1.7410050472008798, -0.44744915213266717]"
-5.570999999999925,557,True,False,,1.5987211554602254e-14,2.066723138558842e-05,1.6923497057856012e-14,-1.7058472267436713,0.09327399356677163,-0.689609375,-2.395456601743671,-0.6895962902498366,-1.7058603114938347,0.02323239449966169,17.041669149671176,False,False,False,"[5.3392849018470825, -10.325757312331623, -5.7792003328982275, -0.6654794469221864, -10.325757312331621, 0.38065985831534704, -0.9255281732387858, -0.33377552846783876]","[2.211604219718963, 1.6217972582649847, -8.859456547583389e-16, -2.274912934470704, -1.6217972582649895, 0.8392964518778179, 1.7410843837896626, -0.44732343051790957]"
-5.580999999999925,558,True,False,,1.7763568394002505e-14,1.289986094542719e-05,1.7852171801618045e-13,-1.7072146312283643,0.0933881682734126,-0.689609375,-2.396824006228364,-0.6895963954613673,-1.7072276107669968,0.7060773297787132,17.052656340203256,False,False,False,"[5.3392849018470825, -10.333317991559879, -5.779200332898224, -0.6670044026369978, -10.333317991559861, -0.3250515526823971, -0.9268660689651691, -0.33331036757785637]","[2.211604219718963, 1.5998309298927873, -6.565082570879432e-17, -2.275204371218863, -1.5998309298927855, 0.862025288517879, 1.7411652778939213, -0.4471982372688662]"
-5.590999999999925,559,True,False,,6.217248937900877e-15,1.9956907643269585e-05,6.601862267000691e-14,-1.7085484973403595,0.0935020826934255,-0.689609375,-2.3981578723403594,-0.6895965042728709,-1.7085613680674885,0.7041521817623512,17.063645394088674,False,False,False,"[5.3392849018470825, -10.340775207573817, -5.779200332898224, -0.6685277406514387, -10.340775207573817, 0.37873972102617826, -0.9282030567937362, -0.3328474841169899]","[2.211604219718963, 1.5778306217782916, 1.5561729264541142e-17, -2.2754974850049448, -1.5778306217782934, 0.8394833690712039, 1.7412477290952881, -0.4470735755605547]"
-5.6009999999999245,560,True,False,,5.551115123125783e-15,1.5591231905159898e-05,3.233021491344615e-14,-1.7098487607465067,0.09361573857390298,-0.689609375,-2.3994581357465066,-0.6895966166153323,-1.7098615191311741,0.7055972194922436,17.074639732561064,False,False,False,"[5.33928490184709, -10.348128813897269, -5.779200332898224, -0.6700494730989429, -10.348128813897269, -0.3265352799852378, -0.9295391453231905, -0.3323868705706457]","[2.211604219718962, 1.5557968033857326, 1.5396052715798082e-16, -2.2757922830845856, -1.5557968033857321, 0.8608049333555723, 1.7413317370251322, -0.4469494485488922]"
-5.610999999999924,561,True,False,,1.4210854715202004e-14,1.644425264298031e-05,1.432145394752832e-13,-1.7111153579279623,0.09372913765186494,-0.689609375,-2.400724732927962,-0.6895967324205489,-1.7111280005074132,0.7036884470801218,17.08563580748831,False,False,False,"[5.33928490184709, -10.355378666092001, -5.779200332898233, -0.6715696120565955, -10.355378666092001, 0.37683567489956576, -0.9308743431128936, -0.3319285194908297]","[2.211604219718962, 1.5337299447970314, -9.48938402981803e-18, -2.2760887727030865, -1.5337299447970314, 0.8396689361358278, 1.7414173013642795, -0.4468258593710389]"
-5.620999999999924,562,True,False,,1.4210854715202004e-14,9.068400478670117e-06,1.42955986412429e-13,-1.7123482261813088,0.09384228165438106,-0.689609375,-2.4019576011813086,-0.6895968516211123,-1.7123607495601965,0.7051240247033664,17.09663686681911,False,False,False,"[5.339284901847089, -10.362524621760372, -5.7792003328982275, -0.6730881695457276, -10.362524621760357, -0.3280067492524692, -0.9322086586833972, -0.33147242349563505]","[2.211604219718965, 1.5116305167031825, -4.019257248164418e-17, -2.2763869610960232, -1.511630516703181, 0.8595949826417594, 1.7415044218427163, -0.44670281114573396]"
-5.630999999999924,563,True,False,,5.551115123125783e-15,1.1367250429546346e-05,6.590638213571762e-15,-1.7135473036198157,0.09395517229865519,-0.689609375,-2.4031566786198155,-0.6895969741503907,-1.7135597044694248,0.023224837500347904,17.107641272034655,False,False,False,"[5.339284901847092, -10.369566540548277, -5.779200332898224, -0.6746051575324966, -10.36956654054828, -0.3287379334038678, -0.9335421005169088, -0.3310185752687729]","[2.211604219718967, 1.4894989903956346, 2.1848001804046686e-15, -2.2766868554898645, -1.489498990395629, 0.858993897174581, 1.74159309823933, -0.4465803069736227]"
-5.640999999999924,564,True,False,,1.709743457922741e-14,1.7274000847381533e-05,1.4217814385398438e-13,-1.7147125291745162,0.09406781129211192,-0.689609375,-2.404321904174516,-0.6895970999425112,-1.714724804232005,0.02322364357945913,17.11864954968149,False,False,False,"[5.339284901847092, -10.376504284147497, -5.7792003328982275, -0.6761205879284599, -10.376504284147483, -0.3294661082797752, -0.9348746770577785, -0.33056696755908493]","[2.211604219718967, 1.4673358377575907, 1.7339632603489904e-17, -2.2769884631025907, -1.4673358377575891, 0.8583953987615777, 1.7416833303816315, -0.4464583499375963]"
-5.650999999999923,565,True,False,,1.2878587085651816e-14,1.8721406284861513e-05,1.2560757266226813e-13,-1.715843842595362,0.09418020033250084,-0.689609375,-2.405453217595362,-0.6895972289323429,-1.715855988663019,0.7027812797393915,17.129660579193963,False,False,False,"[5.339284901847081, -10.38333771629834, -5.779200332898225, -0.6776344725911567, -10.383337716298323, 0.37307532953740635, -0.9362063967129831, -0.3301175931800708]","[2.2116042197189616, 1.445141531255369, -3.798729058270582e-16, -2.277291791144287, -1.4451415312553673, 0.8400363328293408, 1.7417751181454928, -0.44633694310310346]"
-5.660999999999923,566,True,False,,1.2434497875801753e-14,1.0199381629917567e-05,1.3130687599973568e-13,-1.7169411844523097,0.0942923411079936,-0.689609375,-2.4065505594523096,-0.6895973610554796,-1.7169531983968298,0.704198180910261,17.140678411636753,False,False,False,"[5.3392849018470905, -10.39006670279242, -5.7792003328982275, -0.6791468233246767, -10.390066702792405, -0.33091350244598206, -0.9375372678526072, -0.3296704450094133]","[2.2116042197189696, 1.4229165439297276, 1.2530260197834562e-16, -2.2775968468177394, -1.4229165439297247, 0.8572061447090658, 1.7418684614548927, -0.44621608951848307]"
-5.670999999999923,567,True,False,,1.2434497875801753e-14,5.97174911219189e-06,1.2817187300577735e-13,-1.71800449613648,0.09440423529726444,-0.689609375,-2.40761387113648,-0.6895974962482242,-1.7180163748882555,0.7023377518403596,17.15169794407487,False,False,False,"[5.339284901847086, -10.39669111147486, -5.779200332898224, -0.6806576518802235, -10.396691111474846, 0.3712187723617705, -0.9388672988103086, -0.3292255159885253]","[2.2116042197189665, 1.4006613493871443, -1.0576500137985486e-15, -2.2779036373190444, -1.4006613493871451, 0.840218315728845, 1.7419633602816553, -0.44609579221527]"
-5.680999999999923,568,True,False,,1.5987211554602254e-14,5.7192611271339826e-06,1.6111626839211528e-13,-1.7190337198611587,0.09451588456958412,-0.689609375,-2.4086430948611586,-0.6895976344475712,-1.7190454604135874,0.7037454339638595,17.162723551355125,False,False,False,"[5.339284901847089, -10.403210812247053, -5.779200332898233, -0.6821669699566757, -10.403210812247053, -0.33234907476193226, -0.9401964978837799, -0.3287827991220889]","[2.211604219718965, 1.3783764217911472, 7.213291595122928e-17, -2.278212169838171, -1.3783764217911467, 0.8560271840848919, 1.742059814645214, -0.44597605420851455]"
-5.690999999999923,569,True,False,,1.3322676295501878e-15,6.818760712475492e-06,8.881790010207794e-15,-1.7200287986628915,0.09462729058491934,-0.689609375,-2.4096381736628913,-0.6895977755911921,-1.7200403980716992,0.7019008658271257,17.17375250707855,False,False,False,"[5.339284901847089, -10.40962567706889, -5.7792003328982275, -0.6836747892011559, -10.40962567706889, 0.3693777903962443, -0.9415248733352128, -0.32834228747760874]","[2.2116042197189643, 1.356062235853566, -1.0174016184555973e-16, -2.2785224515595623, -1.3560622358535661, 0.8403992551067107, 1.7421578246123621, -0.4458568784970893]"
-5.700999999999922,570,True,False,,2.1316282072803006e-14,1.5514620233480285e-05,2.132668519191696e-13,-1.7209896764025139,0.09473845499400728,-0.689609375,-2.4105990514025137,-0.6895979196174186,-1.721001131785095,0.7032994065983168,17.184787396976084,False,False,False,"[5.339284901847092, -10.415935579961404, -5.779200332898238, -0.6851811212095757, -10.415935579961404, -0.33377296591806815, -0.9428524333917596, -0.32790397418496625]","[2.211604219718967, 1.3337192668258404, -3.527198861442698e-17, -2.2788344896627035, -1.333719266825842, 0.8548584810941146, 1.7422573902970144, -0.4457382680639866]"
-5.710999999999922,571,True,False,,1.9539925233402755e-14,2.580874427481938e-05,1.9641866253370965e-13,-1.7219162977661675,0.09484937943845406,-0.689609375,-2.4115256727661674,-0.6895980664652289,-1.7219276063009383,0.023215808395909386,17.195825879775214,False,False,False,"[5.339284901847084, -10.422140397008839, -5.779200332898224, -0.6866859775271968, -10.422140397008839, -0.3344805744039165, -0.9441791862459782, -0.32746785243598514]","[2.211604219718962, 1.3113479904902494, -1.6049026746380383e-17, -2.279148291322692, -1.3113479904902494, 0.8542779651900357, 1.7423585118599807, -0.44562022587663025]"
-5.720999999999922,572,True,False,,1.4210854715202004e-14,2.349492470217549e-05,1.4419328957774453e-13,-1.7228086082662841,0.09496006555082766,-0.689609375,-2.412417983266284,-0.6895982160742303,-1.7228197671920538,0.02321476348876359,17.20686943521504,False,False,False,"[5.3392849018470825, -10.428240006361255, -5.7792003328982275, -0.6881893696491496, -10.428240006361255, -0.335185314330801, -0.9455051400562859, -0.3270339154839943]","[2.211604219718963, 1.2889488831511802, -3.748110512141414e-17, -2.2794638637108067, -1.2889488831511802, 0.8537000005439241, 1.7424611895087379, -0.4455027548871707]"
-5.730999999999922,573,True,False,,1.4654943925052066e-14,1.009031482431646e-05,1.4595928531795682e-13,-1.7236665542426088,0.09507051495472639,-0.689609375,-2.4132759292426087,-0.6895983683846467,-1.723677560857962,0.7010468389620857,17.217917346627917,False,False,False,"[5.339284901847087, -10.434234288236691, -5.7792003328982275, -0.6896913090210199, -10.434234288236704, 0.36574205902083307, -0.946830302947401, -0.32660215664340914]","[2.211604219718966, 1.2665224216263664, -1.4020919900851758e-15, -2.2797812139950637, -1.2665224216263722, 0.8407582964400835, 1.7425654234972083, -0.4453858580327703]"
-5.7409999999999215,574,True,False,,7.993605777301127e-15,1.7155276651236368e-05,8.296269498861634e-14,-1.724490082863074,0.09518072926489116,-0.689609375,-2.414099457863074,-0.6895985233373028,-1.7245009345257711,0.7024273249925598,17.228971562262007,False,False,False,"[5.339284901847097, -10.440123124923415, -5.779200332898241, -0.6911918070393521, -10.440123124923415, -0.33658625618774657, -0.9481546830107755, -0.3261725692893111]","[2.2116042197189674, 1.2440690832381172, -1.5412780729016337e-16, -2.2801003493407874, -1.2440690832381176, 0.852551707841423, 1.7426712141255412, -0.4452695382359056]"
-5.750999999999921,575,True,False,,2.0650148258027912e-14,3.807989102169388e-05,1.5993286740004002e-13,-1.7252791421248297,0.09529071008725887,-0.689609375,-2.4148885171248295,-0.6895986808736101,-1.7252898362512195,0.023211740019674458,17.240030539741184,False,False,False,"[5.3392849018470825, -10.44590640078203, -5.779200332898224, -0.692690875052206, -10.445906400782047, -0.33728249161785356, -0.9494782883050413, -0.3257451468570238]","[2.211604219718963, 1.2215893458045093, 7.40672020338157e-17, -2.280421276911142, -1.2215893458045102, 0.851981371286266, 1.7427785617399025, -0.44515379840464236]"
-5.760999999999921,576,True,False,,8.881784197001252e-15,9.876701066673527e-06,9.036384165172341e-14,-1.726033680855096,0.09540045901907518,-0.689609375,-2.415643055855096,-0.6895988409355528,-1.726044214919543,0.7004234228997795,17.251093493572544,False,False,False,"[5.339284901847086, -10.451584002248033, -5.7792003328982275, -0.6941885243596748, -10.451584002248033, 0.36305523943503276, -0.9508011268564222, -0.32531988284172053]","[2.2116042197189665, 1.1990836876306508, -4.711655315199876e-17, -2.2807440038676936, -1.1990836876306517, 0.8410253770210927, 1.7428874667322696, -0.44503864143292693]"
-5.770999999999921,577,True,False,,7.105427357601002e-15,2.1580811605318772e-05,7.755688707529087e-15,-1.7267536487121191,0.09550997764897538,-0.689609375,-2.416363023712119,-0.6895990034656744,-1.7267640202464447,0.02320981693213235,17.26216297477791,False,False,False,"[5.339284901847098, -10.457155817833447, -5.779200332898238, -0.695684766214424, -10.457155817833447, 0.3621671692325372, -0.9521232066592006, -0.3248967707980059]","[2.2116042197189674, 1.1765525874998284, 5.411365074771114e-16, -2.281068537370944, -1.1765525874998273, 0.8411140316247249, 1.742997929540225, -0.4449240702008644]"
-5.780999999999921,578,True,False,,1.5987211554602254e-14,2.4057555773909208e-05,1.604269525940998e-13,-1.7274389961859988,0.09561926755704851,-0.689609375,-2.4170483711859987,-0.6895991684070637,-1.727449202778935,0.02320888311189236,17.273237731212426,False,False,False,"[5.3392849018470825, -10.462621738129199, -5.779200332898224, -0.6971796118222078, -10.462621738129199, 0.3612828430472936, -0.9534445356760851, -0.32447580433953127]","[2.211604219718963, 1.1539965246647066, 1.5278034204593208e-16, -2.2813948845808834, -1.1539965246647053, 0.841202514492839, 1.743109950646769, -0.4448100875750006]"
-5.79099999999992,579,True,False,,1.4210854715202004e-14,1.2830426273799305e-05,1.4458510215000533e-13,-1.7280896745995697,0.09572833031493583,-0.689609375,-2.4176990495995696,-0.6895993357033414,-1.7280997138962282,0.7013742090980531,17.284319175238412,False,False,False,"[5.339284901847094, -10.467981655807208, -5.779200332898233, -0.6986730723424073, -10.467981655807193, -0.3400395812819062, -0.9547651218386727, -0.3240569771385924]","[2.211604219718966, 1.131415978838522, -7.925089015358066e-16, -2.2817230526575014, -1.1314159788385223, 0.8497253262902115, 1.7432235305801151, -0.4446966964085795]"
-5.80099999999992,580,True,False,,1.7763568394002505e-14,8.579638642726402e-06,1.7901809117685025e-13,-1.7287056361092894,0.09583716748591417,-0.689609375,-2.4183150111092893,-0.6895995052986477,-1.7287155058106416,0.699614734044665,17.295404311934618,False,False,False,"[5.339284901847089, -10.47323546562227, -5.7792003328982275, -0.7001651588885042, -10.473235465622288, 0.3595253656064359, -0.9560849730478441, -0.3236402829257481]","[2.211604219718965, 1.108811430186243, 3.574534466857418e-17, -2.2820530487613393, -1.1088114301862428, 0.8413789991040409, 1.7433386699135125, -0.44458389954183397]"
-5.81099999999992,581,True,False,,2.0650148258027912e-14,6.7923728706474555e-06,9.272861540975092e-15,-1.7292868337059666,0.09594578062496714,-0.689609375,-2.4188962087059664,-0.6895996771376283,-1.7292965315683382,0.7009643299005405,17.306497367406912,False,False,False,"[5.339284901847083, -10.478383064414123, -5.779200332898224, -0.7016558825286632, -10.478383064414123, -0.3414016415135947, -0.957404097174186, -0.32322571548943857]","[2.2116042197189576, 1.0861833593157189, 8.368565003221008e-16, -2.282384880054003, -1.0861833593157157, 0.8486124272449813, 1.7434553692650545, -0.44447169980223905]"
-5.82099999999992,582,True,False,,1.4210854715202004e-14,1.841899568091696e-05,1.445852519380893e-13,-1.7298332212156282,0.09605417127886251,-0.689609375,-2.419442596215628,-0.6895998511654228,-1.7298427450502052,0.6992199537975308,17.31759459520025,False,False,False,"[5.3392849018470825, -10.483424351109338, -5.779200332898233, -0.7031452542861866, -10.483424351109338, 0.35778269403380486, -0.9587225020583732, -0.32281326867560833]","[2.211604219718963, 1.063532247268843, -1.4674603222828082e-16, -2.282718553698687, -1.0635322472688418, 0.8415548983741619, 1.7435736292975073, -0.4443601000047756]"
-5.83099999999992,583,True,False,,1.0658141036401503e-14,9.975563110045359e-06,1.0695075916490089e-13,-1.7303447533002867,0.0961623409862576,-0.689609375,-2.4199541283002866,-0.6896000273276511,-1.7303541009726353,0.7005608830268963,17.32869939262373,False,False,False,"[5.339284901847089, -10.488359226723187, -5.779200332898236, -0.7046332851400473, -10.488359226723176, -0.3427528816082296, -0.9600401955116192, -0.3224029363873382]","[2.211604219718965, 1.0408585755126774, -4.311353250302189e-16, -2.2830540768606946, -1.0408585755126778, 0.8475095677443476, 1.7436934507181343, -0.44424910295221237]"
-5.840999999999919,584,True,False,,1.5987211554602254e-14,1.4387043791918767e-05,1.5988719155276427e-13,-1.7308213854587002,0.09627029127775046,-0.689609375,-2.4204307604587,-0.6896002055704021,-1.730830554888298,0.6988314962750649,17.339808380815516,False,False,False,"[5.3392849018470825, -10.493187594361627, -5.779200332898219, -0.7061199860253761, -10.493187594361627, 0.3560547170950726, -0.9613571853160248, -0.32199471258447204]","[2.211604219718965, 1.0181628259306077, 1.6204906727024735e-16, -2.283391456707955, -1.0181628259306077, 0.8417302788113963, 1.7438148342785218, -0.4441387114353328]"
-5.850999999999919,585,True,False,,5.88418203051333e-15,6.236911525701983e-06,5.024301368863593e-15,-1.7312630740270833,0.09637802367596301,-0.689609375,-2.420872449027083,-0.6896003858402212,-1.731272063186862,0.023202862594484768,17.350924696733923,False,False,False,"[5.3392849018470825, -10.497909359222989, -5.7792003328982275, -0.7076053678339986, -10.497909359222989, 0.3551962048498606, -0.9626734792250168, -0.32158859128326595]","[2.211604219718963, 0.995445480813439, -7.804579441153552e-16, -2.283730700411519, -0.995445480813442, 0.8418177949813821, 1.743937780774423, -0.44402892823321943]"
-5.860999999999919,586,True,False,,1.5987211554602254e-14,1.6561034427006872e-05,1.5987566677132116e-13,-1.7316697761799098,0.09648553969563567,-0.689609375,-2.4212791511799097,-0.6896005680840978,-1.731678583095812,0.023202076111506997,17.362047335665107,False,False,False,"[5.3392849018470825, -10.502524428599845, -5.779200332898219, -0.7090894414148812, -10.502524428599845, 0.35434132537128704, -0.9639890849637043, -0.3211845665560227]","[2.211604219718963, 0.972707022850532, 1.4515350677992576e-16, -2.284071815146088, -0.9727070228505331, 0.8419052059386571, 1.7440622910455874, -0.44391975611348433]"
-5.870999999999919,587,True,False,,1.7763568394002505e-14,9.75727679310078e-06,1.7805478099121325e-13,-1.7320414499305272,0.0965928408436877,-0.689609375,-2.421650824930527,-0.6896007522494544,-1.7320500726810728,0.6997731231421161,17.373178200928116,False,False,False,"[5.33928490184709, -10.507032711880733, -5.779200332898224, -0.7105722175746683, -10.50703271188075, -0.3454233981769125, -0.9653040102292998, -0.3207826325307468]","[2.211604219718962, 0.9499479351208993, 1.6266119510817778e-15, -2.284414808090497, -0.9499479351208958, 0.8453338426331707, 1.744188365975611, -0.44381119783253264]"
-5.8809999999999185,588,True,False,,2.4868995751603507e-14,2.556127959862616e-05,2.497813185198531e-13,-1.732378054131864,0.09669992861929272,-0.689609375,-2.421987429131864,-0.6896009382841345,-1.7323864908477296,0.023200558217089183,17.384314104975527,False,False,False,"[5.33928490184709, -10.511434120551852, -5.7792003328982275, -0.7120537070781563, -10.511434120551852, -0.346084457192585, -0.9666182626914879, -0.3203827833908032]","[2.211604219718962, 0.9271687010842962, 6.395004492681242e-17, -2.284759686428231, -0.9271687010842944, 0.8447961378228858, 1.7443160064917862, -0.4437032561358079]"
-5.890999999999918,589,True,False,,1.5987211554602254e-14,8.192004096619583e-06,1.0126776901487973e-14,-1.7326795484771225,0.0968068045139703,-0.689609375,-2.4222889234771223,-0.6896011261363914,-1.732687797340731,0.023199826782865918,17.39545683197994,False,False,False,"[5.339284901847086, -10.51572856819866, -5.779200332898233, -0.7135339206487794, -10.51572856819866, -0.34674291818040687, -0.9679318499928079, -0.3199850133745647]","[2.211604219718959, 0.9043698045723199, 6.47781299000814e-16, -2.2851064573479043, -0.9043698045723184, 0.8442609161135698, 1.7444452135649477, -0.4435959337580348]"
-5.900999999999918,590,True,False,,1.4210854715202004e-14,8.80222392887359e-06,1.2121288008715409e-14,-1.7329458935003537,0.09691347001164075,-0.689609375,-2.4225552685003535,-0.6896013157548766,-1.732953952745477,0.6977036735153413,17.40660549827224,False,False,False,"[5.339284901847093, -10.519915970507638, -5.7792003328982275, -0.7150128689691101, -10.519915970507638, 0.35095786880083635, -0.9692447797490528, -0.31958931677508046]","[2.2116042197189687, 0.8815517297794973, -3.756447922053181e-17, -2.2854551280437665, -0.8815517297794986, 0.8422539575798987, 1.7445759882093317, -0.443489233423456]"
-5.910999999999918,591,True,False,,1.4210854715202004e-14,1.8684792397540222e-05,1.4295559903712078e-13,-1.733177050577158,0.09701992658872959,-0.689609375,-2.422786425577158,-0.6896015070886291,-1.7331849184885288,0.02319841888555414,17.417761783240756,False,False,False,"[5.339284901847084, -10.52399624526778, -5.779200332898224, -0.7164905626813166, -10.523996245267794, 0.35012095436693275, -0.9705570595496203, -0.3191956879397465]","[2.211604219718962, 0.8587149612543494, 8.746920363591668e-16, -2.285805705716188, -0.8587149612543489, 0.8423409619245543, 1.7447083314824374, -0.44338315784608356]"
-5.920999999999918,592,True,False,,8.770761894538737e-15,9.742459218837973e-06,5.617331861122164e-15,-1.7333729819252248,0.09712617571419695,-0.689609375,-2.4229823569252247,-0.6896017000870643,-1.7333806568381602,0.023197742401363897,17.428925408531555,False,False,False,"[5.3392849018470905, -10.52796931237215, -5.7792003328982275, -0.7179670123876735, -10.52796931237215, 0.3492875939423198, -0.9718686969579038, -0.31880412126997637]","[2.2116042197189705, 0.8358599838904532, -9.368365335708377e-18, -2.2861581975721434, -0.8358599838904534, 0.8424279084382305, 1.7448422444848921, -0.4432777097299228]"
-5.9309999999999174,593,True,False,,5.329070518200751e-15,1.1231905160947834e-05,5.3311695739040477e-14,-1.733533650604926,0.09723221884965084,-0.689609375,-2.423143025604926,-0.6896018946999624,-1.7335411309049635,0.6986387275477497,17.440097418987282,False,False,False,"[5.339284901847086, -10.531835093819373, -5.7792003328982275, -0.7194422286510058, -10.531835093819373, -0.34935107623843004, -0.9731796995116457, -0.31841461122088394]","[2.2116042197189665, 0.8129872829175124, 1.3486909899283675e-16, -2.2865126108257043, -0.812987282917512, 0.8421447872409582, 1.7449777283603214, -0.4431728917692174]"
-5.940999999999917,594,True,False,,3.019806626980426e-14,1.900837718339423e-05,3.0305944410142454e-13,-1.7336590205198732,0.09733805744939994,-0.689609375,-2.423268395519873,-0.6896020908774598,-1.7336663046424132,0.6969827101997558,17.451274602375484,False,False,False,"[5.339284901847097, -10.535593513715186, -5.779200332898235, -0.7209162219951895, -10.535593513715197, 0.3476314842219058, -0.9744900747233216, -0.3180271523009592]","[2.21160421971897, 0.7900973438924107, -2.32004189667211e-16, -2.28686895269851, -0.7900973438924108, 0.8426016587228822, 1.7451147842952186, -0.443068706648676]"
-5.950999999999917,595,True,False,,1.5987211554602254e-14,1.259062502250223e-05,1.615633851056997e-13,-1.7337490564174693,0.0974436929605435,-0.689609375,-2.423358431417469,-0.6896022885700358,-1.7337561428474335,0.6982730422266709,17.462460665598098,False,False,False,"[5.3392849018470825, -10.53924449827367, -5.779200332898224, -0.7223890029055947, -10.53924449827367, -0.3506399466033125, -0.975799830080513, -0.3176417390717537]","[2.211604219718963, 0.7671906526902381, -1.6745376427407065e-15, -2.2872272304202514, -0.767190652690243, 0.84110152746447, 1.7452534135188247, -0.44296515704370415]"
-5.960999999999917,596,True,False,,9.992007221626409e-15,1.0785114478400938e-05,7.640407181810794e-15,-1.7338037238894373,0.09754912682301017,-0.689609375,-2.423413098889437,-0.6896024877285043,-1.7338106111609328,0.6966313961780383,17.473652743505486,False,False,False,"[5.339284901847086, -10.542787975819016, -5.779200332898224, -0.7238605818296061, -10.542787975819016, 0.3459894388872095, -0.9771089730462318, -0.3172583661475764]","[2.2116042197189665, 0.7442676954953753, 5.166580900048668e-17, -2.2875874512291388, -0.7442676954953754, 0.8427752693981413, 1.745393617303005, -0.4428622456206194]"
-5.970999999999917,597,True,False,,3.552713678800501e-14,3.8399239375321895e-05,3.55659714933137e-13,-1.7338229893722463,0.09765436046965723,-0.689609375,-2.423432364372246,-0.6896026883040026,-1.7338296760682437,0.02319463422826193,17.48485373810213,False,False,False,"[5.3392849018470825, -10.546223876786353, -5.779200332898224, -0.7253309691770086, -10.546223876786339, 0.3451736593328144, -0.9784175110593053, -0.31687702819519303]","[2.211604219718963, 0.7213289587924636, -8.813143645043722e-16, -2.2879496223723854, -0.7213289587924645, 0.8428620412026688, 1.7455353969621434, -0.44275997503690473]"
-5.980999999999916,598,True,False,,1.4210854715202004e-14,1.5359677279904462e-05,1.4217748941848596e-13,-1.7338068201476702,0.09775939532633685,-0.689609375,-2.42341619514767,-0.6896028902479812,-1.7338133048996889,0.02319406737814012,17.496061903358857,False,False,False,"[5.339284901847084, -10.5495521337235, -5.779200332898224, -0.7268001753205109, -10.549552133723486, 0.3443613588416417, -0.9797254515347364, -0.31649771993351344]","[2.211604219718962, 0.6983749293574835, 4.144289602065545e-17, -2.2883137511066685, -0.6983749293574821, 0.8429488005859864, 1.745678753853022, -0.4426583479414012]"
-5.990999999999916,599,True,False,,1.4210854715202004e-14,8.750863187312375e-06,1.4254158680067546e-13,-1.7337551843432202,0.09786423281195816,-0.689609375,-2.42336455934322,-0.6896030935121943,-1.7337614658310256,0.697560122749832,17.50727943314611,False,False,False,"[5.339284901847089, -10.552772681292051, -5.779200332898238, -0.7282682105962007, -10.552772681292051, -0.3531878373559287, -0.9810328018640412, -0.31612043613330804]","[2.211604219718965, 0.6754060942487522, -1.5051175413069792e-16, -2.288679844698595, -0.6754060942487523, 0.8390444779963174, 1.7458236893747188, -0.4425573669745437]"
-6.000999999999916,600,True,False,,1.6209256159527285e-14,1.3260139471065709e-05,8.792520846092193e-15,-1.7336680509325184,0.09796887433855822,-0.689609375,-2.4232774259325183,-0.6896032980486895,-1.7336741278838288,0.6959469309138381,17.51850232589652,False,False,False,"[5.3392849018470905, -10.555885456268502, -5.779200332898229, -0.7297350853039624, -10.555885456268511, 0.34274714662000977, -0.9823395694156062, -0.31574517161691257]","[2.2116042197189683, 0.6524229407979377, -6.791232808891896e-17, -2.2890479104251784, -0.6524229407979373, 0.8431223115879176, 1.745970204968502, -0.4424570347685767]"
-6.010999999999916,601,True,False,,1.4210854715202004e-14,1.0539719495581068e-05,1.4211278157626785e-13,-1.7335453897358306,0.09807332131137714,-0.689609375,-2.4231547647358305,-0.6896035038097974,-1.733551260926033,0.697212818332492,17.529735602664772,False,False,False,"[5.33928490184709, -10.558890397545712, -5.779200332898233, -0.7312008097079843, -10.558890397545712, -0.3544470794532304, -0.9836457615350391, -0.31537192125793045]","[2.211604219718962, 0.6294259566010774, 7.586759208355835e-16, -2.2894179555742764, -0.629425956601074, 0.8380306343326092, 1.7461183021177304, -0.44235735394776904]"
-6.0209999999999155,602,True,False,,1.4210854715202004e-14,1.2981228597813068e-05,1.4283977070661026e-13,-1.7333871714203468,0.09817757512891725,-0.689609375,-2.4229965464203467,-0.6896037107481233,-1.7333928356722232,0.02319198230811444,17.540976139776134,False,False,False,"[5.33928490184708, -10.5617874461338, -5.779200332898224, -0.7326653940371577, -10.561787446133787, -0.3550730723434545, -0.9849513855455005, -0.31500067998097453]","[2.211604219718962, 0.6064156295095703, -6.462985331237611e-16, -2.289789987445084, -0.6064156295095703, 0.8375273712433259, 1.7462679823477658, -0.44225832712863444]"
-6.030999999999915,603,True,False,,1.5987211554602254e-14,7.433855073265236e-06,1.599681517757975e-13,-1.7331933675006042,0.09828163718301672,-0.689609375,-2.422802742500604,-0.689603918816536,-1.7331988236840679,0.69544934315447,17.552224015512675,False,False,False,"[5.339284901847089, -10.564576545161366, -5.779200332898233, -0.7341288484855721, -10.564576545161366, 0.34035162120275747, -0.9862564487480651, -0.31463144276135674]","[2.211604219718965, 0.5833924476211844, 9.403332777485035e-17, -2.290164013348558, -0.5833924476211855, 0.8433826680027587, 1.7464192472258664, -0.44215995692013044]"
-6.040999999999915,604,True,False,,5.551115123125783e-15,1.1341189779534437e-05,5.97461025613289e-15,-1.7329639503388243,0.09838550885891258,-0.689609375,-2.422573325338824,-0.6896041279681597,-1.7329691973706645,0.6967032098802244,17.563482289176523,False,False,False,"[5.339284901847094, -10.567257639876532, -5.7792003328982275, -0.735591183212933, -10.56725763987655, -0.35631786872211874, -0.9875609584220398, -0.3142642046248399]","[2.211604219718966, 0.5603568992710469, -6.514837000449101e-16, -2.2905400406078953, -0.5603568992710488, 0.8365281464861978, 1.7465720983611097, -0.4420622459238789]"
-6.050999999999915,605,True,False,,1.5987211554602254e-14,1.3475832543262094e-05,1.6011887179483627e-13,-1.7326988931452725,0.09848919153531319,-0.689609375,-2.4223082681452723,-0.6896043381563628,-1.7327039299889095,0.02319060973864459,17.57474798049022,False,False,False,"[5.339284901847089, -10.569830677648012, -5.7792003328982275, -0.7370524083450191, -10.569830677648028, -0.3569366986696076, -0.9888649218253184, -0.3138989606473524]","[2.211604219718965, 0.537309473022623, 1.0590994338748989e-15, -2.290918076558974, -0.5373094730226222, 0.836032178499399, 1.7467265374043062, -0.4419651967343733]"
-6.060999999999915,606,True,False,,5.773159728050814e-15,8.002485834800764e-06,5.841082426403595e-14,-1.73239816997852,0.09859268658446199,-0.689609375,-2.42200754497852,-0.6896045493347508,-1.7324029956437692,0.023190188603365806,17.586022206914105,False,False,False,"[5.339284901847085, -10.57229560796606, -5.779200332898224, -0.7385125339741138, -10.57229560796606, -0.35755316726019437, -0.9901683461947132, -0.3135357059547234]","[2.211604219718968, 0.514250657658714, -8.954670703043953e-16, -2.2912981285508076, -0.5142506576587164, 0.8355386359535345, 1.7468825660479144, -0.44186881193918176]"
-6.0709999999999145,607,True,False,,1.4210854715202004e-14,8.051721849635168e-06,1.4583374322713856e-13,-1.7320617557457751,0.09869599537219394,-0.689609375,-2.421671130745775,-0.6896047614571557,-1.7320663692886193,0.6948067011658741,17.59730458937356,False,False,False,"[5.339284901847086, -10.574652382443428, -5.779200332898233, -0.7399715701594584, -10.574652382443428, 0.3372052432485534, -0.9914712387462715, -0.3131744357224239]","[2.211604219718959, 0.4911809421724253, -8.995939662701427e-17, -2.2916802039459956, -0.4911809421724262, 0.8437302787901526, 1.7470401860259692, -0.44177309411915155]"
-6.080999999999914,608,True,False,,1.4210854715202004e-14,2.0132212515243443e-05,1.4419310364183467e-13,-1.7316896262030959,0.09879911925801768,-0.689609375,-2.4212990012030957,-0.6896049744776259,-1.73169402672547,0.6960447421531091,17.608597491251967,False,False,False,"[5.33928490184709, -10.576900954816233, -5.7792003328982275, -0.741429526927683, -10.576900954816233, -0.3587790721851794, -0.9927736066756309, -0.3128151451753066]","[2.211604219718962, 0.46810081575814166, -3.878873887336721e-18, -2.2920643101211677, -0.4681008157581418, 0.8345588149360922, 1.7471993991140056, -0.44167804584861386]"
-6.090999999999914,609,True,False,,2.842170943040401e-14,2.3816516500556128e-05,2.843566725735438e-13,-1.7312817579557205,0.09890205959516951,-0.689609375,-2.4208911329557203,-0.6896051883504192,-1.7312859446053013,0.6944942281229286,17.619897526558788,False,False,False,"[5.339284901847085, -10.579041280944962, -5.779200332898222, -0.7428864142732324, -10.579041280944958, 0.3356522726676167, -0.9940754571583247, -0.3124578295873475]","[2.21160421971896, 0.44501076780250404, 6.739365638776078e-17, -2.2924504544674282, -0.44501076780250237, 0.8439044118672274, 1.7473602071289878, -0.44158366969558177]"
-6.100999999999914,610,True,False,,2.2426505097428162e-14,3.607093624524143e-05,1.4226363739341863e-13,-1.7308381284582168,0.09900481773066679,-0.689609375,-2.4204475034582167,-0.6896054030299926,-1.730842100428224,0.023188685836208714,17.631208015040507,False,False,False,"[5.339284901847083, -10.581073318815196, -5.7792003328982275, -0.7443422421588225, -10.581073318815196, 0.33488080283437976, -0.9953767973501207, -0.31210248428139636]","[2.2116042197189576, 0.4219112878753646, -5.143580599608507e-17, -2.292838644390801, -0.42191128787536375, 0.8439915845735981, 1.7475226119292426, -0.4414899682219454]"
-6.110999999999914,611,True,False,,5.88418203051333e-15,1.727707556488138e-05,5.42080348428468e-15,-1.7303587160146918,0.0991073950054117,-0.689609375,-2.4199680910146917,-0.6896056184709933,-1.7303624725436983,0.02318835555994705,17.64252691422377,False,False,False,"[5.339284901847089, -10.582997028538378, -5.779200332898224, -0.7457970205158316, -10.582997028538363, 0.3341126619776093, -0.9966776343873429, -0.31174910462893485]","[2.211604219718965, 0.398802865720759, 1.1909453409258176e-16, -2.293228887312679, -0.3988028657207582, 0.8440788371788545, 1.747686615414402, -0.44139694398368895]"
-6.120999999999913,612,True,False,,1.709743457922741e-14,9.021870137633562e-06,1.0126802709840066e-14,-1.729843499779033,0.09920979275418847,-0.689609375,-2.419452874779033,-0.6896058346282499,-1.729847040150783,0.695410052714872,17.653856797920103,False,False,False,"[5.339284901847092, -10.584812372352584, -5.779200332898233, -0.7472507592447744, -10.584812372352584, -0.3612031102262626, -0.9979779753871678, -0.3113976860498268]","[2.211604219718967, 0.37568599124785756, -4.0984083292243326e-16, -2.293621190670245, -0.37568599124785834, 0.8326281454340592, 1.7478522195253396, -0.44130459953105106]"
-6.130999999999913,613,True,False,,1.5987211554602254e-14,8.09821705170807e-06,1.6235916747266511e-13,-1.7292924597550154,0.09931201230579448,-0.689609375,-2.4189018347550153,-0.6896060514567641,-1.7292957832982512,0.6938868280356462,17.665193765692646,False,False,False,"[5.33928490184709, -10.586519314623345, -5.779200332898224, -0.7487034682157019, -10.586519314623361, 0.3325863237620296, -0.9992778274479979, -0.3110482240120745]","[2.211604219718962, 0.3525611545219265, 1.0690791399829693e-16, -2.294015561916922, -0.35256115452192766, 0.8442536091915029, 1.7480194262441098, -0.44121293740874784]"
-6.140999999999913,614,True,False,,1.9539925233402755e-14,6.507348053800671e-06,1.9578044789625547e-13,-1.7287055767964183,0.0994140549830575,-0.689609375,-2.418314951796418,-0.6896062689117012,-1.728708682884717,0.6951015480800894,17.676542372171685,False,False,False,"[5.339284901847092, -10.588117821844088, -5.779200332898233, -0.7501551572686249, -10.588117821844108, -0.3624014440020116, -1.0005771976497149, -0.3107007140315965]","[2.2116042197189616, 0.3294288457552716, 1.0872987184118542e-15, -2.294412008522812, -0.32942884575527004, 0.8316772503507238, 1.7481882375939073, -0.4411219601561534]"
-6.150999999999913,615,True,False,,1.5987211554602254e-14,1.6305666836648448e-05,1.4328396951008057e-13,-1.728082832607253,0.09951592210291832,-0.689609375,-2.417692207607253,-0.6896064869483817,-1.7280857206588713,0.023187215969617325,17.687899675487895,False,False,False,"[5.339284901847089, -10.589607862637038, -5.779200332898233, -0.7516058362139301, -10.589607862637038, -0.36299723272874157, -1.0018760930540307, -0.3103551516719851]","[2.211604219718965, 0.30628955529819357, -2.0366594573975925e-16, -2.2948105379751325, -0.3062895552981942, 0.831205402808874, 1.7483586556390123, -0.44103167030749424]"
-6.1609999999999125,616,True,False,,1.4210854715202004e-14,1.6572722178434868e-05,1.421131843089236e-13,-1.7274242097417272,0.09961761497647718,-0.689609375,-2.417033584741727,-0.6896067055222722,-1.727426879219455,0.02318697642953624,17.69926692456184,False,False,False,"[5.33928490184709, -10.59098940775361, -5.779200332898233, -0.7530555148328474, -10.590989407753597, -0.36359078553859897, -1.0031745207048073, -0.3100115325442696]","[2.211604219718962, 0.2831437736299341, -4.5408110113738596e-17, -2.295211157778631, -0.2831437736299337, 0.8307359515823112, 1.7485306824847335, -0.4409420703920241]"
-6.170999999999912,617,True,False,,1.4210854715202004e-14,6.515031036097253e-06,1.4419244842831124e-13,-1.7267296916043868,0.09971913490907117,-0.689609375,-2.4163390666043867,-0.6896069245889783,-1.7267321420154085,0.02318675502493091,17.710643733251352,False,False,False,"[5.339284901847092, -10.592262430074943, -5.779200332898233, -0.7545042028777861, -10.592262430074971, -0.364182114460286, -1.0044724876283335, -0.3096698523067171]","[2.211604219718967, 0.25999199134960954, -6.885725128397547e-16, -2.2956138754560445, -0.2599919913496135, 0.8302688939512755, 1.7487043202773962, -0.44085316293423843]"
-6.180999999999912,618,True,False,,1.4210854715202004e-14,1.2034160351325678e-05,1.4219440762571255e-13,-1.725999262450209,0.09982048320032902,-0.689609375,-2.415608637450209,-0.6896071441042341,-1.7260014933459749,0.023186551752511685,17.722030492223894,False,False,False,"[5.339284901847086, -10.593426904612697, -5.779200332898219, -0.7559519100728169, -10.593426904612697, -0.364771231432115, -1.0057700008336619, -0.3093301066645791]","[2.2116042197189665, 0.2368346991671711, -6.592557106194799e-16, -2.2960186985485103, -0.2368346991671743, 0.8298042272308873, 1.7488795712042695, -0.44076495045403125]"
-6.190999999999912,619,True,False,,1.9539925233402755e-14,8.83647464324231e-06,8.894953062179498e-14,-1.7252329073845587,0.09992166114421533,-0.689609375,-2.4148422823845586,-0.6896073640238948,-1.725234918360664,0.0231863666092602,17.733428330894956,False,False,False,"[5.339284901847089, -10.59448280850909, -5.779200332898233, -0.7573986461140689, -10.59448280850909, -0.3653581483027665, -1.0070670673128992, -0.30899229136990247]","[2.211604219718965, 0.2136723878943202, -3.1431018419385233e-16, -2.2964256346160075, -0.21367238789431992, 0.8293419487711218, 1.7490564374935518, -0.44067743546689275]"
-6.200999999999912,620,True,False,,7.466249840604178e-15,1.8706242521089653e-05,7.466249490809379e-14,-1.724430612363232,0.100022670029118,-0.689609375,-2.414039987363232,-0.6896075843039279,-1.724432403059304,0.023186199592427695,17.744835257729726,False,False,False,"[5.339284901847086, -10.595430121037689, -5.779200332898224, -0.7588444206701224, -10.595430121037673, -0.36594287683210786, -1.0083636940415264, -0.30865640222128965]","[2.2116042197189665, 0.19050554843545023, -1.1282239338569866e-15, -2.2968346912377764, -0.19050554843545564, 0.8288820559567707, 1.7492349214143348, -0.4405906204840951]"
-6.2109999999999115,621,True,False,,1.4210854715202004e-14,1.1373973854867966e-05,1.4301742242141641e-13,-1.7235923641924558,0.10012351113788065,-0.689609375,-2.4132017391924556,-0.6896078049004047,-1.723593934292051,0.6927414136543146,17.75625192913082,False,False,False,"[5.33928490184709, -10.596268823603598, -5.779200332898224, -0.7602892433824524, -10.596268823603614, 0.3266119982192723, -1.0096598879786833, -0.30832243506370904]","[2.211604219718962, 0.1673346717786076, 1.141450860442836e-15, -2.297245876012751, -0.1673346717786057, 0.8449572304300209, 1.7494150252765752, -0.4405045080128665]"
-6.220999999999911,622,True,False,,1.6431300764452317e-14,1.807581469673923e-05,1.6181188218170935e-13,-1.7227181505288272,0.100224185747887,-0.689609375,-2.412327525528827,-0.6896080257694925,-1.7227194997593345,0.023185919928348928,17.767679897580145,False,False,False,"[5.3392849018470825, -10.596998899743893, -5.779200332898224, -0.7617331238657936, -10.596998899743877, 0.3258797778301932, -1.0109556560674868, -0.30799038578827126]","[2.211604219718963, 0.14416024898637436, 1.2497009614040442e-15, -2.2976591965599904, -0.1441602489863725, 0.8450458008893219, 1.7495967514310637, -0.44041910055657685]"
-6.230999999999911,623,True,False,,1.5987211554602254e-14,2.7785054457346973e-05,1.7967802123029304e-14,-1.7218079598793175,0.10032469513108991,-0.689609375,-2.4114173348793173,-0.6896082468674447,-1.7218090880118726,0.6937853068397163,17.779119605576582,False,False,False,"[5.339284901847099, -10.597620335127926, -5.779200332898238, -0.7631760717086029, -10.597620335127957, -0.3676840486545392, -1.0122510052353177, -0.30766025033203587]","[2.211604219718972, 0.12098277118684604, -2.1190749499108073e-16, -2.2980746605190863, -0.12098277118684743, 0.8275166657556281, 1.7497801022694108, -0.44033440061490603]"
-6.240999999999911,624,True,False,,5.329070518200751e-15,6.753985671464553e-06,5.564413929270654e-14,-1.7208617816011262,0.10042504055409981,-0.689609375,-2.410471156601126,-0.6896084681505942,-1.720862688450532,0.692335454634097,17.79056796974003,False,False,False,"[5.339284901847091, -10.598133117557577, -5.7792003328982275, -0.7646180964734003, -10.598133117557577, 0.32442494019688195, -1.0135459423941184, -0.30733202467780346]","[2.21160421971897, 0.09780272956453463, 2.590515615005493e-17, -2.298492275550616, -0.09780272956453492, 0.8452234241959832, 1.7499650802240239, -0.4402504106840325]"
-6.250999999999911,625,True,False,,8.215650382226158e-15,2.3033501860170064e-05,2.1830177014100117e-15,-1.7198796059016388,0.10052522327821861,-0.689609375,-2.4094889809016387,-0.6896086895753444,-1.7198802913262943,0.023185636327103132,17.802028163896434,False,False,False,"[5.3392849018470825, -10.598537236967411, -5.779200332898224, -0.7660592076972184, -10.598537236967411, 0.3237023033960497, -1.0148404744406954, -0.3070057048539245]","[2.211604219718963, 0.0746206153513084, 9.292399326338862e-16, -2.2989120493365367, -0.07462061535130408, 0.8453124896449367, 1.750151687768097, -0.440167133256806]"
-6.26099999999991,626,True,False,,2.1316282072803006e-14,8.889098044767645e-06,2.1393673161758576e-13,-1.718861423838277,0.10062524455950542,-0.689609375,-2.4084707988382767,-0.6896089110981604,-1.7188618877401165,0.6933724618537115,17.81350053131824,False,False,False,"[5.339284901847096, -10.598832685425121, -5.779200332898235, -0.7674994148920012, -10.598832685425101, -0.36940594039269925, -1.016134608257017, -0.3066812869340934]","[2.211604219718967, 0.05143691981730804, -1.3644771996107328e-15, -2.2993339895806244, -0.05143691981730821, 0.8261726555507583, 1.7503399274155853, -0.4400845708229094]"
-6.27099999999991,627,True,False,,8.881784197001252e-15,1.1487891017360433e-05,8.884996500912163e-14,-1.7178072273183638,0.10072510564884574,-0.689609375,-2.4074166023183636,-0.6896091326755615,-1.717807469642802,0.6919422175459832,17.824981821018593,False,False,False,"[5.3392849018470825, -10.599019457131229, -5.779200332898224, -0.7689387275449671, -10.59901945713123, 0.32226654556615175, -1.0174283507104889, -0.30635876703718284]","[2.2116042197189634, 0.02825213426188563, 2.355527977026881e-17, -2.2997581040088932, -0.028252134261885508, 0.8454911593736678, 1.7505298017212232, -0.44000272586906636]"
-6.28099999999991,628,True,False,,1.5987211554602254e-14,2.2313744327076016e-05,1.613216822616843e-13,-1.7167170090989963,0.10082480779198101,-0.689609375,-2.406326384098996,-0.6896093542641114,-1.7167170298348848,0.6931043498904677,17.83647567614604,False,False,False,"[5.33928490184709, -10.59909754841971, -5.779200332898233, -0.7703771551190534, -10.59909754841971, -0.37054330725175455, -1.018721708654263, -0.3060381413270187]","[2.211604219718962, 0.005066750004528948, 7.138044895616259e-18, -2.3001844003700156, -0.005066750004528696, 0.8252884943138616, 1.7507213132804822, -0.4399216008791594]"
-6.283185307179586,629,True,False,,2.7977620220553945e-14,1.4115634231766716e-05,1.6034430408631237e-13,-1.7164739662387447,0.10084657473254965,-0.689609375,-2.4060833412387446,-0.6896094026852271,-1.7164739385535175,0.005066750669107883,17.838988959037223,False,False,False,"[5.339284901847084, -10.59910014351491, -5.779200332898224, -0.7706913788171572, -10.59910014351491, -0.3706670747136341, -1.019004296573107, -0.30596832658429757]","[2.211604219718962, 8.488281167936602e-16, 9.771174955673535e-17, -2.3002778504941572, -5.383077755355145e-16, 0.8251924594235699, 1.750763382686991, -0.43990396867952625]"
